# Blender 5.1.2
# www.blender.org
mtllib Building_PAC3.mtl
o PAC3
v -7.537433 2.948139 -1.602872
v -7.542986 4.043615 -1.453046
v -4.988916 6.736460 -4.101812
v -7.430958 4.161730 -1.569228
v -4.876888 6.854575 -4.217994
v 8.982531 2.754689 -3.954733
v 8.982531 2.754689 -2.504733
v 8.809599 3.739623 -3.954733
v 8.982531 2.754689 -5.204733
v -8.838730 4.043615 -2.702465
v 8.809599 3.739623 -2.504733
v 8.809599 3.739623 -5.204733
v -8.726702 4.161730 -2.818647
v 8.982531 2.754689 -3.754733
v 8.809599 3.739623 -3.754733
v -8.149311 2.948139 -2.192876
v -6.284661 6.736460 -5.351231
v -6.805107 2.591050 -2.218284
v -6.693078 2.709165 -2.334466
v -8.497755 3.634073 -1.831514
v -8.100851 2.591050 -3.467703
v -6.172632 6.854575 -5.467413
v -7.988822 2.709166 -3.583885
v -4.788455 6.491608 -5.678342
v -4.251037 5.283895 -4.867050
v -6.918086 2.671748 -2.245183
v -7.885876 3.634073 -1.241510
v -8.725751 3.962917 -2.675566
v -8.069859 2.671748 -3.355777
v -8.689205 2.948139 -2.713467
v -4.139009 5.402011 -4.983232
v -7.573978 3.962917 -1.564971
v -5.546781 5.283895 -6.116469
v -7.461950 4.081032 -1.681153
v -7.957829 2.789864 -3.471959
v -5.136899 7.177542 -5.316979
v -5.434752 5.402011 -6.232652
v -8.613722 4.081032 -2.791748
v -5.328349 6.491608 -6.198934
v -6.806057 2.789864 -2.361365
v -4.176577 6.491608 -5.088339
v -4.364016 5.364594 -4.893950
v -6.171681 6.655762 -5.324332
v -7.841862 2.342904 -2.511725
v -5.515789 5.364594 -6.004544
v -9.037648 3.634073 -2.352105
v -5.019909 6.655762 -4.213737
v -4.481006 5.886373 -5.997191
v -4.525020 7.177542 -4.726976
v -4.907881 6.773877 -4.329920
v -5.403760 5.482709 -6.120727
v -8.381755 2.342904 -3.032316
v -5.676792 7.177542 -5.837571
v -6.059653 6.773877 -5.440515
v -4.251987 5.482709 -5.010132
v -5.020899 5.886373 -6.517783
v -8.077326 2.948139 -2.123464
v -8.190305 3.028837 -2.150363
v -8.425769 3.634073 -1.762101
v -4.829449 6.572306 -5.635829
v -4.716470 6.491608 -5.608930
v -8.730198 3.028837 -2.670954
v -5.064913 7.177542 -5.247567
v -5.369342 6.572306 -6.156420
v -7.229983 2.342904 -1.921721
v -7.578426 3.028837 -1.560359
v -3.869127 5.886373 -5.407188
v -4.217570 6.572306 -5.045825
v -7.769876 2.342904 -2.442313
v -8.118319 3.028837 -2.080950
v -4.409020 5.886373 -5.927779
v -4.757463 6.572306 -5.566417
v -4.559438 6.087944 -4.691282
v -4.671466 5.969829 -4.575100
v -4.903909 5.364594 -5.414541
v -4.791881 5.482709 -5.530723
v -5.447774 6.773877 -4.850511
v -5.559803 6.655762 -4.734329
v -4.600431 6.168642 -4.648769
v -4.712460 6.050527 -4.532587
v -5.864232 6.050527 -5.643182
v -5.752203 6.168642 -5.759364
v -5.519760 6.773877 -4.919923
v -5.631788 6.655762 -4.803741
v -5.823238 5.969829 -5.685695
v -5.711210 6.087944 -5.801877
v -4.975895 5.364594 -5.483953
v -4.863867 5.482709 -5.600135
v -7.113507 3.395099 -2.042516
v -7.225535 3.276983 -1.926333
v -7.457979 2.671748 -2.765774
v -7.345951 2.789864 -2.881956
v -8.001843 4.081032 -2.201745
v -8.113872 3.962917 -2.085563
v -7.154500 3.475797 -2.000003
v -7.266529 3.357682 -1.883820
v -8.418301 3.357682 -2.994415
v -8.306273 3.475797 -3.110597
v -8.073829 4.081032 -2.271157
v -8.185858 3.962917 -2.154975
v -8.377308 3.276983 -3.036928
v -8.265280 3.395099 -3.153110
v -7.529964 2.671748 -2.835186
v -7.417936 2.789864 -2.951368
v -8.638182 2.036031 -2.854733
v -8.638182 2.236031 -2.854733
v -8.638182 2.036031 -4.854733
v -8.638182 2.236031 -4.854733
v -0.638181 2.353354 -2.854733
v -0.638181 2.553354 -2.854733
v -0.638181 2.353354 -4.854733
v -0.638181 2.553354 -4.854733
v -2.183073 2.353354 -4.854733
v -2.183073 2.553354 -2.854733
v -2.183073 2.553354 -4.854733
v -2.183073 2.353354 -2.854733
v -2.435107 2.036031 -2.854733
v -2.435108 2.036031 -4.854733
v -2.435107 2.236031 -4.854733
v -2.435108 2.236031 -2.854733
v -4.699853 1.050002 -3.054734
v -4.699853 2.050002 -3.054734
v -4.699853 1.050002 -4.654734
v -4.699853 2.050002 -4.654734
v -2.699853 1.050002 -3.054734
v -2.699853 2.050002 -3.054734
v -2.699853 1.050002 -4.654734
v -2.699853 2.050002 -4.654734
v -8.037460 1.050002 -3.404733
v -8.037460 2.050002 -3.404733
v -8.037460 1.050002 -4.304733
v -8.037460 2.050002 -4.304733
v -3.037460 1.050002 -3.404733
v -3.037460 2.050002 -3.404733
v -3.037460 1.050002 -4.304733
v -3.037460 2.050002 -4.304733
v -5.797460 2.000002 -5.300871
v -5.797460 2.000002 -4.336779
v -5.602369 1.980787 -5.300871
v -5.602369 1.980787 -4.336779
v -5.414776 1.923881 -5.300871
v -5.414776 1.923881 -4.336779
v -5.241889 1.831471 -5.300871
v -5.241889 1.831471 -4.336779
v -5.090353 1.707108 -5.300871
v -5.090353 1.707108 -4.336779
v -4.965990 1.555572 -5.300871
v -4.965990 1.555572 -4.336779
v -4.873580 1.382685 -5.300871
v -4.873580 1.382685 -4.336779
v -4.816675 1.195092 -5.300871
v -4.816675 1.195092 -4.336779
v -4.797460 1.000002 -5.300871
v -4.797460 1.000002 -4.336779
v -4.816675 0.804911 -5.300871
v -4.816675 0.804911 -4.336779
v -4.873580 0.617318 -5.300871
v -4.873580 0.617318 -4.336779
v -4.965990 0.444432 -5.300871
v -4.965990 0.444432 -4.336779
v -5.090353 0.292895 -5.300871
v -5.090353 0.292895 -4.336779
v -5.241889 0.168532 -5.300871
v -5.241889 0.168532 -4.336779
v -5.414776 0.076122 -5.300871
v -5.414776 0.076122 -4.336779
v -5.602369 0.019217 -5.300871
v -5.602369 0.019217 -4.336779
v -5.797460 0.000002 -5.300871
v -5.797460 0.000002 -4.336779
v -5.992550 0.019217 -5.300871
v -5.992550 0.019217 -4.336779
v -6.180143 0.076122 -5.300871
v -6.180143 0.076122 -4.336779
v -6.353030 0.168532 -5.300871
v -6.353030 0.168532 -4.336779
v -6.504567 0.292895 -5.300871
v -6.504567 0.292895 -4.336779
v -6.628930 0.444431 -5.300871
v -6.628930 0.444431 -4.336779
v -6.721339 0.617318 -5.300871
v -6.721339 0.617318 -4.336779
v -6.778245 0.804911 -5.300871
v -6.778245 0.804911 -4.336779
v -6.797460 1.000002 -5.300871
v -6.797460 1.000002 -4.336779
v -6.778245 1.195092 -5.300871
v -6.778245 1.195092 -4.336779
v -6.721339 1.382685 -5.300871
v -6.721339 1.382685 -4.336779
v -6.628929 1.555572 -5.300871
v -6.628929 1.555572 -4.336779
v -6.504567 1.707108 -5.300871
v -6.504567 1.707108 -4.336779
v -6.353030 1.831471 -5.300871
v -6.353030 1.831471 -4.336779
v -6.180143 1.923881 -5.300871
v -6.180143 1.923881 -4.336779
v -5.992550 1.980787 -5.300871
v -5.992550 1.980787 -4.336779
v -5.797460 2.000002 -3.372687
v -5.797460 2.000002 -2.408595
v -5.602369 1.980787 -3.372687
v -5.602369 1.980787 -2.408595
v -5.414776 1.923881 -3.372687
v -5.414776 1.923881 -2.408595
v -5.241889 1.831471 -3.372687
v -5.241889 1.831471 -2.408595
v -5.090353 1.707108 -3.372687
v -5.090353 1.707108 -2.408595
v -4.965990 1.555572 -3.372687
v -4.965990 1.555572 -2.408595
v -4.873580 1.382685 -3.372687
v -4.873580 1.382685 -2.408595
v -4.816675 1.195092 -3.372687
v -4.816675 1.195092 -2.408595
v -4.797460 1.000002 -3.372687
v -4.797460 1.000002 -2.408595
v -4.816675 0.804911 -3.372687
v -4.816675 0.804911 -2.408595
v -4.873580 0.617318 -3.372687
v -4.873580 0.617318 -2.408595
v -4.965990 0.444432 -3.372687
v -4.965990 0.444432 -2.408595
v -5.090353 0.292895 -3.372687
v -5.090353 0.292895 -2.408595
v -5.241889 0.168532 -3.372687
v -5.241889 0.168532 -2.408595
v -5.414776 0.076122 -3.372687
v -5.414776 0.076122 -2.408595
v -5.602369 0.019217 -3.372687
v -5.602369 0.019217 -2.408595
v -5.797460 0.000002 -3.372687
v -5.797460 0.000002 -2.408595
v -5.992550 0.019217 -3.372687
v -5.992550 0.019217 -2.408595
v -6.180143 0.076122 -3.372687
v -6.180143 0.076122 -2.408595
v -6.353030 0.168532 -3.372687
v -6.353030 0.168532 -2.408595
v -6.504567 0.292895 -3.372687
v -6.504567 0.292895 -2.408595
v -6.628930 0.444431 -3.372687
v -6.628930 0.444431 -2.408595
v -6.721339 0.617318 -3.372687
v -6.721339 0.617318 -2.408595
v -6.778245 0.804911 -3.372687
v -6.778245 0.804911 -2.408595
v -6.797460 1.000002 -3.372687
v -6.797460 1.000002 -2.408595
v -6.778245 1.195092 -3.372687
v -6.778245 1.195092 -2.408595
v -6.721339 1.382685 -3.372687
v -6.721339 1.382685 -2.408595
v -6.628929 1.555572 -3.372687
v -6.628929 1.555572 -2.408595
v -6.504567 1.707108 -3.372687
v -6.504567 1.707108 -2.408595
v -6.353030 1.831471 -3.372687
v -6.353030 1.831471 -2.408595
v -6.180143 1.923881 -3.372687
v -6.180143 1.923881 -2.408595
v -5.992550 1.980787 -3.372687
v -5.992550 1.980787 -2.408595
v -7.861724 2.000002 -3.372687
v -7.861724 2.000002 -2.408595
v -7.666634 1.980787 -3.372687
v -7.666634 1.980787 -2.408595
v -7.479040 1.923881 -3.372687
v -7.479040 1.923881 -2.408595
v -7.306153 1.831471 -3.372687
v -7.306153 1.831471 -2.408595
v -7.154617 1.707108 -3.372687
v -7.154617 1.707108 -2.408595
v -7.030254 1.555572 -3.372687
v -7.030254 1.555572 -2.408595
v -6.937844 1.382685 -3.372687
v -6.937844 1.382685 -2.408595
v -6.880939 1.195092 -3.372687
v -6.880939 1.195092 -2.408595
v -6.861724 1.000002 -3.372687
v -6.861724 1.000002 -2.408595
v -6.880939 0.804911 -3.372687
v -6.880939 0.804911 -2.408595
v -6.937844 0.617318 -3.372687
v -6.937844 0.617318 -2.408595
v -7.030254 0.444431 -3.372687
v -7.030254 0.444431 -2.408595
v -7.154617 0.292895 -3.372687
v -7.154617 0.292895 -2.408595
v -7.306153 0.168532 -3.372687
v -7.306153 0.168532 -2.408595
v -7.479040 0.076122 -3.372687
v -7.479040 0.076122 -2.408595
v -7.666634 0.019216 -3.372687
v -7.666634 0.019216 -2.408595
v -7.861724 0.000001 -3.372687
v -7.861724 0.000001 -2.408595
v -8.056814 0.019216 -3.372687
v -8.056814 0.019216 -2.408595
v -8.244408 0.076122 -3.372687
v -8.244408 0.076122 -2.408595
v -8.417294 0.168532 -3.372687
v -8.417294 0.168532 -2.408595
v -8.568830 0.292895 -3.372687
v -8.568830 0.292895 -2.408595
v -8.693193 0.444432 -3.372687
v -8.693193 0.444432 -2.408595
v -8.785603 0.617318 -3.372687
v -8.785603 0.617318 -2.408595
v -8.842508 0.804911 -3.372687
v -8.842508 0.804911 -2.408595
v -8.861724 1.000002 -3.372687
v -8.861724 1.000002 -2.408595
v -8.842508 1.195092 -3.372687
v -8.842508 1.195092 -2.408595
v -8.785603 1.382685 -3.372687
v -8.785603 1.382685 -2.408595
v -8.693193 1.555572 -3.372687
v -8.693193 1.555572 -2.408595
v -8.568830 1.707108 -3.372687
v -8.568830 1.707108 -2.408595
v -8.417294 1.831471 -3.372687
v -8.417294 1.831471 -2.408595
v -8.244408 1.923881 -3.372687
v -8.244408 1.923881 -2.408595
v -8.056814 1.980787 -3.372687
v -8.056814 1.980787 -2.408595
v -7.861724 2.000002 -5.300871
v -7.861724 2.000002 -4.336779
v -7.666634 1.980787 -5.300871
v -7.666634 1.980787 -4.336779
v -7.479040 1.923881 -5.300871
v -7.479040 1.923881 -4.336779
v -7.306153 1.831471 -5.300871
v -7.306153 1.831471 -4.336779
v -7.154617 1.707108 -5.300871
v -7.154617 1.707108 -4.336779
v -7.030254 1.555572 -5.300871
v -7.030254 1.555572 -4.336779
v -6.937844 1.382685 -5.300871
v -6.937844 1.382685 -4.336779
v -6.880939 1.195092 -5.300871
v -6.880939 1.195092 -4.336779
v -6.861724 1.000002 -5.300871
v -6.861724 1.000002 -4.336779
v -6.880939 0.804911 -5.300871
v -6.880939 0.804911 -4.336779
v -6.937844 0.617318 -5.300871
v -6.937844 0.617318 -4.336779
v -7.030254 0.444431 -5.300871
v -7.030254 0.444431 -4.336779
v -7.154617 0.292895 -5.300871
v -7.154617 0.292895 -4.336779
v -7.306153 0.168532 -5.300871
v -7.306153 0.168532 -4.336779
v -7.479040 0.076122 -5.300871
v -7.479040 0.076122 -4.336779
v -7.666634 0.019216 -5.300871
v -7.666634 0.019216 -4.336779
v -7.861724 0.000001 -5.300871
v -7.861724 0.000001 -4.336779
v -8.056814 0.019216 -5.300871
v -8.056814 0.019216 -4.336779
v -8.244408 0.076122 -5.300871
v -8.244408 0.076122 -4.336779
v -8.417294 0.168532 -5.300871
v -8.417294 0.168532 -4.336779
v -8.568830 0.292895 -5.300871
v -8.568830 0.292895 -4.336779
v -8.693193 0.444432 -5.300871
v -8.693193 0.444432 -4.336779
v -8.785603 0.617318 -5.300871
v -8.785603 0.617318 -4.336779
v -8.842508 0.804911 -5.300871
v -8.842508 0.804911 -4.336779
v -8.861724 1.000002 -5.300871
v -8.861724 1.000002 -4.336779
v -8.842508 1.195092 -5.300871
v -8.842508 1.195092 -4.336779
v -8.785603 1.382685 -5.300871
v -8.785603 1.382685 -4.336779
v -8.693193 1.555572 -5.300871
v -8.693193 1.555572 -4.336779
v -8.568830 1.707108 -5.300871
v -8.568830 1.707108 -4.336779
v -8.417294 1.831471 -5.300871
v -8.417294 1.831471 -4.336779
v -8.244408 1.923881 -5.300871
v -8.244408 1.923881 -4.336779
v -8.056814 1.980787 -5.300871
v -8.056814 1.980787 -4.336779
v -2.070516 1.050002 -3.404733
v -2.070516 2.050002 -3.404733
v -2.070516 1.050002 -4.304733
v -2.070516 2.050002 -4.304733
v 7.179852 1.050002 -3.404733
v 7.179852 2.050002 -3.404733
v 7.179852 1.050002 -4.304733
v 7.179852 2.050002 -4.304733
v -1.346873 2.000002 -3.372687
v -1.346873 2.000002 -2.408595
v -1.151783 1.980787 -3.372687
v -1.151783 1.980787 -2.408595
v -0.964190 1.923881 -3.372687
v -0.964190 1.923881 -2.408595
v -0.791303 1.831471 -3.372687
v -0.791303 1.831471 -2.408595
v -0.639766 1.707108 -3.372687
v -0.639766 1.707108 -2.408595
v -0.515403 1.555572 -3.372687
v -0.515403 1.555572 -2.408595
v -0.422993 1.382685 -3.372687
v -0.422993 1.382685 -2.408595
v -0.366087 1.195092 -3.372687
v -0.366087 1.195092 -2.408595
v -0.346873 1.000002 -3.372687
v -0.346873 1.000002 -2.408595
v -0.366087 0.804911 -3.372687
v -0.366087 0.804911 -2.408595
v -0.422993 0.617318 -3.372687
v -0.422993 0.617318 -2.408595
v -0.515403 0.444432 -3.372687
v -0.515403 0.444432 -2.408595
v -0.639766 0.292895 -3.372687
v -0.639766 0.292895 -2.408595
v -0.791303 0.168532 -3.372687
v -0.791303 0.168532 -2.408595
v -0.964190 0.076122 -3.372687
v -0.964190 0.076122 -2.408595
v -1.151783 0.019216 -3.372687
v -1.151783 0.019216 -2.408595
v -1.346873 0.000002 -3.372687
v -1.346873 0.000002 -2.408595
v -1.541963 0.019216 -3.372687
v -1.541963 0.019216 -2.408595
v -1.729556 0.076122 -3.372687
v -1.729556 0.076122 -2.408595
v -1.902443 0.168532 -3.372687
v -1.902443 0.168532 -2.408595
v -2.053979 0.292895 -3.372687
v -2.053979 0.292895 -2.408595
v -2.178342 0.444431 -3.372687
v -2.178342 0.444431 -2.408595
v -2.270752 0.617318 -3.372687
v -2.270752 0.617318 -2.408595
v -2.327658 0.804911 -3.372687
v -2.327658 0.804911 -2.408595
v -2.346873 1.000002 -3.372687
v -2.346873 1.000002 -2.408595
v -2.327658 1.195092 -3.372687
v -2.327658 1.195092 -2.408595
v -2.270752 1.382685 -3.372687
v -2.270752 1.382685 -2.408595
v -2.178342 1.555572 -3.372687
v -2.178342 1.555572 -2.408595
v -2.053980 1.707108 -3.372687
v -2.053980 1.707108 -2.408595
v -1.902443 1.831471 -3.372687
v -1.902443 1.831471 -2.408595
v -1.729556 1.923881 -3.372687
v -1.729556 1.923881 -2.408595
v -1.541963 1.980787 -3.372687
v -1.541963 1.980787 -2.408595
v -1.346873 2.000002 -5.300871
v -1.346873 2.000002 -4.336779
v -1.151783 1.980787 -5.300871
v -1.151783 1.980787 -4.336779
v -0.964190 1.923881 -5.300871
v -0.964190 1.923881 -4.336779
v -0.791303 1.831471 -5.300871
v -0.791303 1.831471 -4.336779
v -0.639766 1.707108 -5.300871
v -0.639766 1.707108 -4.336779
v -0.515403 1.555572 -5.300871
v -0.515403 1.555572 -4.336779
v -0.422993 1.382685 -5.300871
v -0.422993 1.382685 -4.336779
v -0.366087 1.195092 -5.300871
v -0.366087 1.195092 -4.336779
v -0.346873 1.000002 -5.300871
v -0.346873 1.000002 -4.336779
v -0.366087 0.804911 -5.300871
v -0.366087 0.804911 -4.336779
v -0.422993 0.617318 -5.300871
v -0.422993 0.617318 -4.336779
v -0.515403 0.444432 -5.300871
v -0.515403 0.444432 -4.336779
v -0.639766 0.292895 -5.300871
v -0.639766 0.292895 -4.336779
v -0.791303 0.168532 -5.300871
v -0.791303 0.168532 -4.336779
v -0.964190 0.076122 -5.300871
v -0.964190 0.076122 -4.336779
v -1.151783 0.019216 -5.300871
v -1.151783 0.019216 -4.336779
v -1.346873 0.000002 -5.300871
v -1.346873 0.000002 -4.336779
v -1.541963 0.019216 -5.300871
v -1.541963 0.019216 -4.336779
v -1.729556 0.076122 -5.300871
v -1.729556 0.076122 -4.336779
v -1.902443 0.168532 -5.300871
v -1.902443 0.168532 -4.336779
v -2.053979 0.292895 -5.300871
v -2.053979 0.292895 -4.336779
v -2.178342 0.444431 -5.300871
v -2.178342 0.444431 -4.336779
v -2.270752 0.617318 -5.300871
v -2.270752 0.617318 -4.336779
v -2.327658 0.804911 -5.300871
v -2.327658 0.804911 -4.336779
v -2.346873 1.000002 -5.300871
v -2.346873 1.000002 -4.336779
v -2.327658 1.195092 -5.300871
v -2.327658 1.195092 -4.336779
v -2.270752 1.382685 -5.300871
v -2.270752 1.382685 -4.336779
v -2.178342 1.555572 -5.300871
v -2.178342 1.555572 -4.336779
v -2.053980 1.707108 -5.300871
v -2.053980 1.707108 -4.336779
v -1.902443 1.831471 -5.300871
v -1.902443 1.831471 -4.336779
v -1.729556 1.923881 -5.300871
v -1.729556 1.923881 -4.336779
v -1.541963 1.980787 -5.300871
v -1.541963 1.980787 -4.336779
v 0.787352 2.000002 -5.300871
v 0.787352 2.000002 -4.336779
v 0.982442 1.980787 -5.300871
v 0.982442 1.980787 -4.336779
v 1.170035 1.923881 -5.300871
v 1.170035 1.923881 -4.336779
v 1.342922 1.831471 -5.300871
v 1.342922 1.831471 -4.336779
v 1.494459 1.707108 -5.300871
v 1.494459 1.707108 -4.336779
v 1.618822 1.555572 -5.300871
v 1.618822 1.555572 -4.336779
v 1.711232 1.382685 -5.300871
v 1.711232 1.382685 -4.336779
v 1.768137 1.195092 -5.300871
v 1.768137 1.195092 -4.336779
v 1.787352 1.000002 -5.300871
v 1.787352 1.000002 -4.336779
v 1.768137 0.804911 -5.300871
v 1.768137 0.804911 -4.336779
v 1.711232 0.617318 -5.300871
v 1.711232 0.617318 -4.336779
v 1.618822 0.444432 -5.300871
v 1.618822 0.444432 -4.336779
v 1.494459 0.292895 -5.300871
v 1.494459 0.292895 -4.336779
v 1.342922 0.168532 -5.300871
v 1.342922 0.168532 -4.336779
v 1.170035 0.076122 -5.300871
v 1.170035 0.076122 -4.336779
v 0.982442 0.019216 -5.300871
v 0.982442 0.019216 -4.336779
v 0.787352 0.000002 -5.300871
v 0.787352 0.000002 -4.336779
v 0.592262 0.019216 -5.300871
v 0.592262 0.019216 -4.336779
v 0.404669 0.076122 -5.300871
v 0.404669 0.076122 -4.336779
v 0.231782 0.168532 -5.300871
v 0.231782 0.168532 -4.336779
v 0.080245 0.292895 -5.300871
v 0.080245 0.292895 -4.336779
v -0.044117 0.444431 -5.300871
v -0.044117 0.444431 -4.336779
v -0.136528 0.617318 -5.300871
v -0.136528 0.617318 -4.336779
v -0.193433 0.804911 -5.300871
v -0.193433 0.804911 -4.336779
v -0.212648 1.000002 -5.300871
v -0.212648 1.000002 -4.336779
v -0.193433 1.195092 -5.300871
v -0.193433 1.195092 -4.336779
v -0.136528 1.382685 -5.300871
v -0.136528 1.382685 -4.336779
v -0.044117 1.555572 -5.300871
v -0.044117 1.555572 -4.336779
v 0.080245 1.707108 -5.300871
v 0.080245 1.707108 -4.336779
v 0.231782 1.831471 -5.300871
v 0.231782 1.831471 -4.336779
v 0.404669 1.923881 -5.300871
v 0.404669 1.923881 -4.336779
v 0.592262 1.980787 -5.300871
v 0.592262 1.980787 -4.336779
v 0.787352 2.000002 -3.372687
v 0.787352 2.000002 -2.408595
v 0.982442 1.980787 -3.372687
v 0.982442 1.980787 -2.408595
v 1.170035 1.923881 -3.372687
v 1.170035 1.923881 -2.408595
v 1.342922 1.831471 -3.372687
v 1.342922 1.831471 -2.408595
v 1.494459 1.707108 -3.372687
v 1.494459 1.707108 -2.408595
v 1.618822 1.555572 -3.372687
v 1.618822 1.555572 -2.408595
v 1.711232 1.382685 -3.372687
v 1.711232 1.382685 -2.408595
v 1.768137 1.195092 -3.372687
v 1.768137 1.195092 -2.408595
v 1.787352 1.000002 -3.372687
v 1.787352 1.000002 -2.408595
v 1.768137 0.804911 -3.372687
v 1.768137 0.804911 -2.408595
v 1.711232 0.617318 -3.372687
v 1.711232 0.617318 -2.408595
v 1.618822 0.444432 -3.372687
v 1.618822 0.444432 -2.408595
v 1.494459 0.292895 -3.372687
v 1.494459 0.292895 -2.408595
v 1.342922 0.168532 -3.372687
v 1.342922 0.168532 -2.408595
v 1.170035 0.076122 -3.372687
v 1.170035 0.076122 -2.408595
v 0.982442 0.019216 -3.372687
v 0.982442 0.019216 -2.408595
v 0.787352 0.000002 -3.372687
v 0.787352 0.000002 -2.408595
v 0.592262 0.019216 -3.372687
v 0.592262 0.019216 -2.408595
v 0.404669 0.076122 -3.372687
v 0.404669 0.076122 -2.408595
v 0.231782 0.168532 -3.372687
v 0.231782 0.168532 -2.408595
v 0.080245 0.292895 -3.372687
v 0.080245 0.292895 -2.408595
v -0.044117 0.444431 -3.372687
v -0.044117 0.444431 -2.408595
v -0.136528 0.617318 -3.372687
v -0.136528 0.617318 -2.408595
v -0.193433 0.804911 -3.372687
v -0.193433 0.804911 -2.408595
v -0.212648 1.000002 -3.372687
v -0.212648 1.000002 -2.408595
v -0.193433 1.195092 -3.372687
v -0.193433 1.195092 -2.408595
v -0.136528 1.382685 -3.372687
v -0.136528 1.382685 -2.408595
v -0.044117 1.555572 -3.372687
v -0.044117 1.555572 -2.408595
v 0.080245 1.707108 -3.372687
v 0.080245 1.707108 -2.408595
v 0.231782 1.831471 -3.372687
v 0.231782 1.831471 -2.408595
v 0.404669 1.923881 -3.372687
v 0.404669 1.923881 -2.408595
v 0.592262 1.980787 -3.372687
v 0.592262 1.980787 -2.408595
v -2.189610 2.036031 -2.854733
v -2.189610 2.236031 -2.854733
v -2.189610 2.036031 -4.854733
v -2.189610 2.236031 -4.854733
v 7.871997 2.028189 -2.854733
v 7.871997 2.228189 -2.854733
v 7.871997 2.028189 -4.854733
v 7.871997 2.228189 -4.854733
v 2.110076 1.432072 -4.854733
v 2.110076 1.632072 -2.854733
v 2.110076 1.632072 -4.854733
v 2.110076 1.432072 -2.854733
v 1.580520 2.036031 -2.854733
v 1.580519 2.036031 -4.854733
v 1.580520 2.236031 -4.854733
v 1.580519 2.236031 -2.854733
v 3.488539 1.432072 -4.854733
v 3.490165 1.632072 -2.854733
v 3.490164 1.632072 -4.854733
v 3.488539 1.432072 -2.854733
v 4.012117 2.028189 -4.854733
v 4.012117 2.228189 -2.854733
v 4.012117 2.228189 -4.854733
v 4.012117 2.028189 -2.854733
v 6.712410 2.000002 -3.372687
v 6.712410 2.000002 -2.408595
v 6.907501 1.980787 -3.372687
v 6.907501 1.980787 -2.408595
v 7.095094 1.923881 -3.372687
v 7.095094 1.923881 -2.408595
v 7.267981 1.831471 -3.372687
v 7.267981 1.831471 -2.408595
v 7.419517 1.707108 -3.372687
v 7.419517 1.707108 -2.408595
v 7.543880 1.555572 -3.372687
v 7.543880 1.555572 -2.408595
v 7.636290 1.382685 -3.372687
v 7.636290 1.382685 -2.408595
v 7.693196 1.195092 -3.372687
v 7.693196 1.195092 -2.408595
v 7.712410 1.000002 -3.372687
v 7.712410 1.000002 -2.408595
v 7.693196 0.804911 -3.372687
v 7.693196 0.804911 -2.408595
v 7.636290 0.617318 -3.372687
v 7.636290 0.617318 -2.408595
v 7.543880 0.444432 -3.372687
v 7.543880 0.444432 -2.408595
v 7.419517 0.292895 -3.372687
v 7.419517 0.292895 -2.408595
v 7.267981 0.168532 -3.372687
v 7.267981 0.168532 -2.408595
v 7.095094 0.076122 -3.372687
v 7.095094 0.076122 -2.408595
v 6.907501 0.019217 -3.372687
v 6.907501 0.019217 -2.408595
v 6.712410 0.000002 -3.372687
v 6.712410 0.000002 -2.408595
v 6.517320 0.019217 -3.372687
v 6.517320 0.019217 -2.408595
v 6.329727 0.076122 -3.372687
v 6.329727 0.076122 -2.408595
v 6.156840 0.168532 -3.372687
v 6.156840 0.168532 -2.408595
v 6.005304 0.292895 -3.372687
v 6.005304 0.292895 -2.408595
v 5.880941 0.444431 -3.372687
v 5.880941 0.444431 -2.408595
v 5.788531 0.617318 -3.372687
v 5.788531 0.617318 -2.408595
v 5.731625 0.804911 -3.372687
v 5.731625 0.804911 -2.408595
v 5.712410 1.000002 -3.372687
v 5.712410 1.000002 -2.408595
v 5.731625 1.195092 -3.372687
v 5.731625 1.195092 -2.408595
v 5.788531 1.382685 -3.372687
v 5.788531 1.382685 -2.408595
v 5.880941 1.555572 -3.372687
v 5.880941 1.555572 -2.408595
v 6.005304 1.707108 -3.372687
v 6.005304 1.707108 -2.408595
v 6.156840 1.831471 -3.372687
v 6.156840 1.831471 -2.408595
v 6.329727 1.923881 -3.372687
v 6.329727 1.923881 -2.408595
v 6.517320 1.980787 -3.372687
v 6.517320 1.980787 -2.408595
v 6.712410 2.000002 -5.300871
v 6.712410 2.000002 -4.336779
v 6.907501 1.980787 -5.300871
v 6.907501 1.980787 -4.336779
v 7.095094 1.923881 -5.300871
v 7.095094 1.923881 -4.336779
v 7.267981 1.831471 -5.300871
v 7.267981 1.831471 -4.336779
v 7.419517 1.707108 -5.300871
v 7.419517 1.707108 -4.336779
v 7.543880 1.555572 -5.300871
v 7.543880 1.555572 -4.336779
v 7.636290 1.382685 -5.300871
v 7.636290 1.382685 -4.336779
v 7.693196 1.195092 -5.300871
v 7.693196 1.195092 -4.336779
v 7.712410 1.000002 -5.300871
v 7.712410 1.000002 -4.336779
v 7.693196 0.804911 -5.300871
v 7.693196 0.804911 -4.336779
v 7.636290 0.617318 -5.300871
v 7.636290 0.617318 -4.336779
v 7.543880 0.444432 -5.300871
v 7.543880 0.444432 -4.336779
v 7.419517 0.292895 -5.300871
v 7.419517 0.292895 -4.336779
v 7.267981 0.168532 -5.300871
v 7.267981 0.168532 -4.336779
v 7.095094 0.076122 -5.300871
v 7.095094 0.076122 -4.336779
v 6.907501 0.019217 -5.300871
v 6.907501 0.019217 -4.336779
v 6.712410 0.000002 -5.300871
v 6.712410 0.000002 -4.336779
v 6.517320 0.019217 -5.300871
v 6.517320 0.019217 -4.336779
v 6.329727 0.076122 -5.300871
v 6.329727 0.076122 -4.336779
v 6.156840 0.168532 -5.300871
v 6.156840 0.168532 -4.336779
v 6.005304 0.292895 -5.300871
v 6.005304 0.292895 -4.336779
v 5.880941 0.444431 -5.300871
v 5.880941 0.444431 -4.336779
v 5.788531 0.617318 -5.300871
v 5.788531 0.617318 -4.336779
v 5.731625 0.804911 -5.300871
v 5.731625 0.804911 -4.336779
v 5.712410 1.000002 -5.300871
v 5.712410 1.000002 -4.336779
v 5.731625 1.195092 -5.300871
v 5.731625 1.195092 -4.336779
v 5.788531 1.382685 -5.300871
v 5.788531 1.382685 -4.336779
v 5.880941 1.555572 -5.300871
v 5.880941 1.555572 -4.336779
v 6.005304 1.707108 -5.300871
v 6.005304 1.707108 -4.336779
v 6.156840 1.831471 -5.300871
v 6.156840 1.831471 -4.336779
v 6.329727 1.923881 -5.300871
v 6.329727 1.923881 -4.336779
v 6.517320 1.980787 -5.300871
v 6.517320 1.980787 -4.336779
v 4.578187 2.000002 -5.300871
v 4.578187 2.000002 -4.336779
v 4.773277 1.980787 -5.300871
v 4.773277 1.980787 -4.336779
v 4.960870 1.923881 -5.300871
v 4.960870 1.923881 -4.336779
v 5.133757 1.831471 -5.300871
v 5.133757 1.831471 -4.336779
v 5.285293 1.707108 -5.300871
v 5.285293 1.707108 -4.336779
v 5.409656 1.555572 -5.300871
v 5.409656 1.555572 -4.336779
v 5.502066 1.382685 -5.300871
v 5.502066 1.382685 -4.336779
v 5.558972 1.195092 -5.300871
v 5.558972 1.195092 -4.336779
v 5.578187 1.000002 -5.300871
v 5.578187 1.000002 -4.336779
v 5.558972 0.804911 -5.300871
v 5.558972 0.804911 -4.336779
v 5.502066 0.617318 -5.300871
v 5.502066 0.617318 -4.336779
v 5.409656 0.444432 -5.300871
v 5.409656 0.444432 -4.336779
v 5.285293 0.292895 -5.300871
v 5.285293 0.292895 -4.336779
v 5.133757 0.168532 -5.300871
v 5.133757 0.168532 -4.336779
v 4.960870 0.076122 -5.300871
v 4.960870 0.076122 -4.336779
v 4.773277 0.019217 -5.300871
v 4.773277 0.019217 -4.336779
v 4.578187 0.000002 -5.300871
v 4.578187 0.000002 -4.336779
v 4.383096 0.019217 -5.300871
v 4.383096 0.019217 -4.336779
v 4.195503 0.076122 -5.300871
v 4.195503 0.076122 -4.336779
v 4.022616 0.168532 -5.300871
v 4.022616 0.168532 -4.336779
v 3.871080 0.292895 -5.300871
v 3.871080 0.292895 -4.336779
v 3.746717 0.444431 -5.300871
v 3.746717 0.444431 -4.336779
v 3.654307 0.617318 -5.300871
v 3.654307 0.617318 -4.336779
v 3.597401 0.804911 -5.300871
v 3.597401 0.804911 -4.336779
v 3.578187 1.000002 -5.300871
v 3.578187 1.000002 -4.336779
v 3.597401 1.195092 -5.300871
v 3.597401 1.195092 -4.336779
v 3.654307 1.382685 -5.300871
v 3.654307 1.382685 -4.336779
v 3.746717 1.555572 -5.300871
v 3.746717 1.555572 -4.336779
v 3.871080 1.707108 -5.300871
v 3.871080 1.707108 -4.336779
v 4.022616 1.831471 -5.300871
v 4.022616 1.831471 -4.336779
v 4.195503 1.923881 -5.300871
v 4.195503 1.923881 -4.336779
v 4.383096 1.980787 -5.300871
v 4.383096 1.980787 -4.336779
v 4.578187 2.000002 -3.372687
v 4.578187 2.000002 -2.408595
v 4.773277 1.980787 -3.372687
v 4.773277 1.980787 -2.408595
v 4.960870 1.923881 -3.372687
v 4.960870 1.923881 -2.408595
v 5.133757 1.831471 -3.372687
v 5.133757 1.831471 -2.408595
v 5.285293 1.707108 -3.372687
v 5.285293 1.707108 -2.408595
v 5.409656 1.555572 -3.372687
v 5.409656 1.555572 -2.408595
v 5.502066 1.382685 -3.372687
v 5.502066 1.382685 -2.408595
v 5.558972 1.195092 -3.372687
v 5.558972 1.195092 -2.408595
v 5.578187 1.000002 -3.372687
v 5.578187 1.000002 -2.408595
v 5.558972 0.804911 -3.372687
v 5.558972 0.804911 -2.408595
v 5.502066 0.617318 -3.372687
v 5.502066 0.617318 -2.408595
v 5.409656 0.444432 -3.372687
v 5.409656 0.444432 -2.408595
v 5.285293 0.292895 -3.372687
v 5.285293 0.292895 -2.408595
v 5.133757 0.168532 -3.372687
v 5.133757 0.168532 -2.408595
v 4.960870 0.076122 -3.372687
v 4.960870 0.076122 -2.408595
v 4.773277 0.019217 -3.372687
v 4.773277 0.019217 -2.408595
v 4.578187 0.000002 -3.372687
v 4.578187 0.000002 -2.408595
v 4.383096 0.019217 -3.372687
v 4.383096 0.019217 -2.408595
v 4.195503 0.076122 -3.372687
v 4.195503 0.076122 -2.408595
v 4.022616 0.168532 -3.372687
v 4.022616 0.168532 -2.408595
v 3.871080 0.292895 -3.372687
v 3.871080 0.292895 -2.408595
v 3.746717 0.444431 -3.372687
v 3.746717 0.444431 -2.408595
v 3.654307 0.617318 -3.372687
v 3.654307 0.617318 -2.408595
v 3.597401 0.804911 -3.372687
v 3.597401 0.804911 -2.408595
v 3.578187 1.000002 -3.372687
v 3.578187 1.000002 -2.408595
v 3.597401 1.195092 -3.372687
v 3.597401 1.195092 -2.408595
v 3.654307 1.382685 -3.372687
v 3.654307 1.382685 -2.408595
v 3.746717 1.555572 -3.372687
v 3.746717 1.555572 -2.408595
v 3.871080 1.707108 -3.372687
v 3.871080 1.707108 -2.408595
v 4.022616 1.831471 -3.372687
v 4.022616 1.831471 -2.408595
v 4.195503 1.923881 -3.372687
v 4.195503 1.923881 -2.408595
v 4.383096 1.980787 -3.372687
v 4.383096 1.980787 -2.408595
v 2.170681 1.876509 -4.804733
v 3.374680 1.876509 -4.804733
v 2.170681 1.827737 -4.799930
v 3.374680 1.827737 -4.799930
v 2.170681 1.780839 -4.785703
v 3.374680 1.780839 -4.785703
v 2.170681 1.737617 -4.762601
v 3.374680 1.737617 -4.762601
v 2.170681 1.699733 -4.731510
v 3.374680 1.699733 -4.731510
v 2.170681 1.668642 -4.693626
v 3.374680 1.668642 -4.693626
v 2.170681 1.645540 -4.650404
v 3.374680 1.645540 -4.650404
v 2.170681 1.631313 -4.603506
v 3.374680 1.631313 -4.603506
v 2.170681 1.626510 -4.554733
v 3.374680 1.626510 -4.554733
v 2.170681 1.631313 -4.505960
v 3.374680 1.631313 -4.505960
v 2.170681 1.645540 -4.459063
v 3.374680 1.645540 -4.459063
v 2.170681 1.668642 -4.415841
v 3.374680 1.668642 -4.415841
v 2.170681 1.699733 -4.377956
v 3.374680 1.699733 -4.377956
v 2.170681 1.737617 -4.346866
v 3.374680 1.737617 -4.346866
v 2.170681 1.780839 -4.323763
v 3.374680 1.780839 -4.323763
v 2.170681 1.827737 -4.309537
v 3.374680 1.827737 -4.309537
v 2.170681 1.876509 -4.304733
v 3.374680 1.876509 -4.304733
v 2.170681 1.925282 -4.309537
v 3.374680 1.925282 -4.309537
v 2.170681 1.972180 -4.323763
v 3.374680 1.972180 -4.323763
v 2.170681 2.015402 -4.346866
v 3.374680 2.015402 -4.346866
v 2.170681 2.053286 -4.377956
v 3.374680 2.053286 -4.377956
v 2.170681 2.084377 -4.415841
v 3.374680 2.084377 -4.415841
v 2.170681 2.107479 -4.459063
v 3.374680 2.107479 -4.459063
v 2.170681 2.121706 -4.505960
v 3.374680 2.121706 -4.505960
v 2.170681 2.126509 -4.554733
v 3.374680 2.126509 -4.554733
v 2.170681 2.121706 -4.603506
v 3.374680 2.121706 -4.603506
v 2.170681 2.107479 -4.650404
v 3.374680 2.107479 -4.650404
v 2.170681 2.084377 -4.693626
v 3.374680 2.084377 -4.693626
v 2.170681 2.053286 -4.731510
v 3.374680 2.053286 -4.731510
v 2.170681 2.015402 -4.762601
v 3.374680 2.015402 -4.762601
v 2.170681 1.972180 -4.785703
v 3.374680 1.972180 -4.785703
v 2.170681 1.925282 -4.799930
v 3.374680 1.925282 -4.799930
v 2.170681 1.876509 -3.404733
v 3.374680 1.876509 -3.404733
v 2.170681 1.827737 -3.399930
v 3.374680 1.827737 -3.399930
v 2.170681 1.780839 -3.385703
v 3.374680 1.780839 -3.385703
v 2.170681 1.737617 -3.362601
v 3.374680 1.737617 -3.362601
v 2.170681 1.699733 -3.331510
v 3.374680 1.699733 -3.331510
v 2.170681 1.668642 -3.293626
v 3.374680 1.668642 -3.293626
v 2.170681 1.645540 -3.250404
v 3.374680 1.645540 -3.250404
v 2.170681 1.631313 -3.203506
v 3.374680 1.631313 -3.203506
v 2.170681 1.626510 -3.154733
v 3.374680 1.626510 -3.154733
v 2.170681 1.631313 -3.105961
v 3.374680 1.631313 -3.105961
v 2.170681 1.645540 -3.059062
v 3.374680 1.645540 -3.059062
v 2.170681 1.668642 -3.015841
v 3.374680 1.668642 -3.015841
v 2.170681 1.699733 -2.977957
v 3.374680 1.699733 -2.977957
v 2.170681 1.737617 -2.946866
v 3.374680 1.737617 -2.946866
v 2.170681 1.780839 -2.923763
v 3.374680 1.780839 -2.923763
v 2.170681 1.827737 -2.909537
v 3.374680 1.827737 -2.909537
v 2.170681 1.876509 -2.904733
v 3.374680 1.876509 -2.904733
v 2.170681 1.925282 -2.909537
v 3.374680 1.925282 -2.909537
v 2.170681 1.972180 -2.923763
v 3.374680 1.972180 -2.923763
v 2.170681 2.015402 -2.946866
v 3.374680 2.015402 -2.946866
v 2.170681 2.053286 -2.977957
v 3.374680 2.053286 -2.977957
v 2.170681 2.084377 -3.015841
v 3.374680 2.084377 -3.015841
v 2.170681 2.107479 -3.059062
v 3.374680 2.107479 -3.059062
v 2.170681 2.121706 -3.105961
v 3.374680 2.121706 -3.105961
v 2.170681 2.126509 -3.154733
v 3.374680 2.126509 -3.154733
v 2.170681 2.121706 -3.203506
v 3.374680 2.121706 -3.203506
v 2.170681 2.107479 -3.250404
v 3.374680 2.107479 -3.250404
v 2.170681 2.084377 -3.293626
v 3.374680 2.084377 -3.293626
v 2.170681 2.053286 -3.331510
v 3.374680 2.053286 -3.331510
v 2.170681 2.015402 -3.362601
v 3.374680 2.015402 -3.362601
v 2.170681 1.972180 -3.385703
v 3.374680 1.972180 -3.385703
v 2.170681 1.925282 -3.399930
v 3.374680 1.925282 -3.399930
v 4.029415 2.114260 -2.354733
v 4.029415 4.114260 -2.354733
v 4.029415 2.114260 -5.354733
v 4.029415 4.114260 -5.354733
v 9.029415 2.208427 -2.354733
v 8.744482 3.848109 -2.354733
v 9.029415 2.208427 -5.354733
v 8.744482 3.848109 -5.354733
v 7.356438 2.114260 -5.354733
v 7.356438 2.114260 -2.354733
v 7.954305 1.537729 -2.354733
v 7.954305 1.537729 -5.354733
v 6.529415 4.114260 -5.354733
v 6.529415 4.114260 -2.354733
v 8.140100 4.114260 -5.354733
v 8.140100 4.114260 -2.354733
v 8.764704 3.731741 -3.754733
v 8.764704 3.731741 -2.504733
v 8.935911 2.746504 -3.754733
v 8.935911 2.746504 -2.504733
v 8.764704 3.731741 -3.954733
v 8.764704 3.731741 -5.204733
v 8.935911 2.746504 -3.954733
v 8.935911 2.746504 -5.204733
v -2.187460 0.010375 -2.079733
v -2.187460 2.010375 -2.029733
v -2.158197 0.010375 -2.076851
v -2.167951 2.010375 -2.027812
v -2.130058 0.010375 -2.068315
v -2.149192 2.010375 -2.022121
v -2.104125 0.010375 -2.054454
v -2.131903 2.010375 -2.012880
v -2.081394 0.010375 -2.035800
v -2.116749 2.010375 -2.000444
v -2.062740 0.010375 -2.013069
v -2.104313 2.010375 -1.985290
v -2.048878 0.010375 -1.987136
v -2.095072 2.010375 -1.968002
v -2.040342 0.010375 -1.958997
v -2.089381 2.010375 -1.949242
v -2.037460 0.010375 -1.929733
v -2.087460 2.010375 -1.929733
v -2.040342 0.010375 -1.900470
v -2.089381 2.010375 -1.910224
v -2.048878 0.010375 -1.872331
v -2.095072 2.010375 -1.891465
v -2.062740 0.010375 -1.846398
v -2.104313 2.010375 -1.874176
v -2.081394 0.010375 -1.823667
v -2.116749 2.010375 -1.859023
v -2.104125 0.010375 -1.805013
v -2.131903 2.010375 -1.846586
v -2.130058 0.010375 -1.791152
v -2.149192 2.010375 -1.837345
v -2.158197 0.010375 -1.782616
v -2.167951 2.010375 -1.831655
v -2.187460 0.010375 -1.779733
v -2.187460 2.010375 -1.829733
v -2.216724 0.010375 -1.782616
v -2.206969 2.010375 -1.831655
v -2.244863 0.010375 -1.791152
v -2.225728 2.010375 -1.837345
v -2.270796 0.010375 -1.805013
v -2.243017 2.010375 -1.846586
v -2.293526 0.010375 -1.823667
v -2.258171 2.010375 -1.859023
v -2.312181 0.010375 -1.846398
v -2.270607 2.010375 -1.874176
v -2.326042 0.010375 -1.872331
v -2.279848 2.010375 -1.891465
v -2.334578 0.010375 -1.900470
v -2.285538 2.010375 -1.910224
v -2.337460 0.010375 -1.929733
v -2.287460 2.010375 -1.929733
v -2.334578 0.010375 -1.958997
v -2.285538 2.010375 -1.949242
v -2.326042 0.010375 -1.987136
v -2.279848 2.010375 -1.968002
v -2.312181 0.010375 -2.013069
v -2.270607 2.010375 -1.985290
v -2.293526 0.010375 -2.035800
v -2.258171 2.010375 -2.000444
v -2.270796 0.010375 -2.054454
v -2.243017 2.010375 -2.012880
v -2.244863 0.010375 -2.068315
v -2.225728 2.010375 -2.022121
v -2.216724 0.010375 -2.076851
v -2.206969 2.010375 -2.027812
v -2.131903 0.129983 -1.846586
v -2.279848 0.129801 -1.968002
v -2.089381 0.130035 -1.910224
v -2.187460 0.129915 -2.029733
v -2.104313 0.130017 -1.985290
v -2.225728 0.129868 -1.837345
v -2.167951 0.129939 -2.027812
v -2.279848 0.129801 -1.891465
v -2.149192 0.129962 -1.837345
v -2.206969 0.129891 -2.027812
v -2.270607 0.129812 -1.985290
v -2.095072 0.130028 -1.891465
v -2.285538 0.129794 -1.910224
v -2.095072 0.130028 -1.968002
v -2.243017 0.129846 -1.846586
v -2.149192 0.129962 -2.022121
v -2.167951 0.129939 -1.831655
v -2.258171 0.129828 -2.000444
v -2.104313 0.130017 -1.874176
v -2.287460 0.129791 -1.929733
v -2.089381 0.130035 -1.949242
v -2.258171 0.129828 -1.859023
v -2.131903 0.129983 -2.012880
v -2.187460 0.129915 -1.829733
v -2.243017 0.129846 -2.012880
v -2.116749 0.130002 -1.859023
v -2.285538 0.129794 -1.949242
v -2.087460 0.130038 -1.929733
v -2.270607 0.129812 -1.874176
v -2.116749 0.130002 -2.000444
v -2.206969 0.129891 -1.831655
v -2.225728 0.129868 -2.022121
v -2.131903 0.023473 -1.846586
v -2.279848 0.023473 -1.968002
v -2.089382 0.023473 -1.910224
v -2.279848 0.023473 -1.891465
v -2.104313 0.023473 -1.985290
v -2.225729 0.023473 -1.837345
v -2.167951 0.023473 -2.027812
v -2.206969 0.023473 -2.027812
v -2.149192 0.023473 -1.837345
v -2.270607 0.023473 -1.985290
v -2.095072 0.023473 -1.891465
v -2.285539 0.023473 -1.910224
v -2.095072 0.023473 -1.968002
v -2.243017 0.023473 -1.846586
v -2.149192 0.023473 -2.022121
v -2.167951 0.023473 -1.831655
v -2.258171 0.023473 -2.000444
v -2.104313 0.023473 -1.874176
v -2.287460 0.023473 -1.929733
v -2.089382 0.023473 -1.949242
v -2.258171 0.023473 -1.859023
v -2.131903 0.023473 -2.012880
v -2.187460 0.023473 -2.029733
v -2.187460 0.023473 -1.829733
v -2.243017 0.023473 -2.012880
v -2.116750 0.023473 -1.859023
v -2.285539 0.023473 -1.949242
v -2.087460 0.023473 -1.929733
v -2.270607 0.023473 -1.874176
v -2.116750 0.023473 -2.000444
v -2.206969 0.023473 -1.831655
v -2.225729 0.023473 -2.022121
v -2.187460 0.010375 -5.929733
v -2.187460 2.010375 -5.879733
v -2.158197 0.010375 -5.926850
v -2.167951 2.010375 -5.877811
v -2.130058 0.010375 -5.918315
v -2.149192 2.010375 -5.872121
v -2.104125 0.010375 -5.904453
v -2.131903 2.010375 -5.862880
v -2.081394 0.010375 -5.885798
v -2.116749 2.010375 -5.850444
v -2.062740 0.010375 -5.863069
v -2.104313 2.010375 -5.835290
v -2.048878 0.010375 -5.837135
v -2.095072 2.010375 -5.818002
v -2.040342 0.010375 -5.808996
v -2.089381 2.010375 -5.799242
v -2.037460 0.010375 -5.779733
v -2.087460 2.010375 -5.779733
v -2.040342 0.010375 -5.750469
v -2.089381 2.010375 -5.760224
v -2.048878 0.010375 -5.722330
v -2.095072 2.010375 -5.741465
v -2.062740 0.010375 -5.696397
v -2.104313 2.010375 -5.724176
v -2.081394 0.010375 -5.673667
v -2.116749 2.010375 -5.709023
v -2.104125 0.010375 -5.655012
v -2.131903 2.010375 -5.696586
v -2.130058 0.010375 -5.641150
v -2.149192 2.010375 -5.687346
v -2.158197 0.010375 -5.632615
v -2.167951 2.010375 -5.681655
v -2.187460 0.010375 -5.629733
v -2.187460 2.010375 -5.679733
v -2.216724 0.010375 -5.632615
v -2.206969 2.010375 -5.681655
v -2.244863 0.010375 -5.641150
v -2.225728 2.010375 -5.687346
v -2.270796 0.010375 -5.655012
v -2.243017 2.010375 -5.696586
v -2.293526 0.010375 -5.673667
v -2.258171 2.010375 -5.709023
v -2.312181 0.010375 -5.696397
v -2.270607 2.010375 -5.724176
v -2.326042 0.010375 -5.722330
v -2.279848 2.010375 -5.741465
v -2.334578 0.010375 -5.750469
v -2.285538 2.010375 -5.760224
v -2.337460 0.010375 -5.779733
v -2.287460 2.010375 -5.779733
v -2.334578 0.010375 -5.808996
v -2.285538 2.010375 -5.799242
v -2.326042 0.010375 -5.837135
v -2.279848 2.010375 -5.818002
v -2.312181 0.010375 -5.863069
v -2.270607 2.010375 -5.835290
v -2.293526 0.010375 -5.885798
v -2.258171 2.010375 -5.850444
v -2.270796 0.010375 -5.904453
v -2.243017 2.010375 -5.862880
v -2.244863 0.010375 -5.918315
v -2.225728 2.010375 -5.872121
v -2.216724 0.010375 -5.926850
v -2.206969 2.010375 -5.877811
v -2.258171 0.129828 -5.850444
v -2.104313 0.130018 -5.724176
v -2.287460 0.129792 -5.779733
v -2.089381 0.130036 -5.799242
v -2.258171 0.129828 -5.709023
v -2.131903 0.129984 -5.862880
v -2.187460 0.129915 -5.679733
v -2.243017 0.129847 -5.862880
v -2.116749 0.130002 -5.709023
v -2.285538 0.129795 -5.799242
v -2.087460 0.130038 -5.779733
v -2.270607 0.129813 -5.724176
v -2.116749 0.130002 -5.850444
v -2.206969 0.129891 -5.681655
v -2.225728 0.129868 -5.872121
v -2.131903 0.129984 -5.696586
v -2.279848 0.129802 -5.818002
v -2.089381 0.130036 -5.760224
v -2.279848 0.129802 -5.741465
v -2.104313 0.130018 -5.835290
v -2.225728 0.129868 -5.687346
v -2.167951 0.129939 -5.877811
v -2.206969 0.129891 -5.877811
v -2.149192 0.129962 -5.687346
v -2.270607 0.129813 -5.835290
v -2.095072 0.130029 -5.741465
v -2.187460 0.129915 -5.879733
v -2.285538 0.129795 -5.760224
v -2.095072 0.130029 -5.818002
v -2.243017 0.129847 -5.696586
v -2.149192 0.129962 -5.872121
v -2.167951 0.129939 -5.681655
v -2.258171 0.023474 -5.850444
v -2.104313 0.023474 -5.724176
v -2.287460 0.023474 -5.779733
v -2.089382 0.023474 -5.799242
v -2.258171 0.023474 -5.709023
v -2.131903 0.023474 -5.862880
v -2.187460 0.023474 -5.679733
v -2.243017 0.023474 -5.862880
v -2.116750 0.023474 -5.709023
v -2.285539 0.023474 -5.799242
v -2.087460 0.023474 -5.779733
v -2.270607 0.023474 -5.724176
v -2.116750 0.023474 -5.850444
v -2.206969 0.023474 -5.681655
v -2.225729 0.023474 -5.872121
v -2.131903 0.023474 -5.696586
v -2.279848 0.023474 -5.818002
v -2.089382 0.023474 -5.760224
v -2.279848 0.023474 -5.741465
v -2.104313 0.023474 -5.835290
v -2.225729 0.023474 -5.687346
v -2.167951 0.023474 -5.877811
v -2.206969 0.023474 -5.877811
v -2.149192 0.023474 -5.687346
v -2.270607 0.023474 -5.835290
v -2.095072 0.023474 -5.741465
v -2.285539 0.023474 -5.760224
v -2.095072 0.023474 -5.818002
v -2.243017 0.023474 -5.696586
v -2.149192 0.023474 -5.872121
v -2.167951 0.023474 -5.681655
v -2.187460 0.023474 -5.879733
v -2.122778 2.515455 -3.354733
v -2.122778 3.915455 -3.354733
v -2.122778 2.515455 -4.354733
v -2.122778 3.915455 -4.354733
v -0.722778 2.515455 -3.354733
v -0.722778 3.915455 -3.354733
v -0.722778 2.515455 -4.354733
v -0.722778 3.915455 -4.354733
v -8.887460 0.010376 -5.929733
v -8.887460 2.010375 -5.879733
v -8.858196 0.010376 -5.926850
v -8.867950 2.010375 -5.877811
v -8.830057 0.010376 -5.918315
v -8.849192 2.010375 -5.872121
v -8.804125 0.010376 -5.904453
v -8.831903 2.010375 -5.862880
v -8.781394 0.010376 -5.885798
v -8.816750 2.010375 -5.850444
v -8.762739 0.010376 -5.863069
v -8.804313 2.010375 -5.835290
v -8.748878 0.010376 -5.837135
v -8.795072 2.010375 -5.818002
v -8.740342 0.010376 -5.808996
v -8.789381 2.010375 -5.799242
v -8.737460 0.010376 -5.779733
v -8.787460 2.010375 -5.779733
v -8.740342 0.010376 -5.750469
v -8.789381 2.010375 -5.760224
v -8.748878 0.010376 -5.722330
v -8.795072 2.010375 -5.741465
v -8.762739 0.010376 -5.696397
v -8.804313 2.010375 -5.724176
v -8.781394 0.010376 -5.673667
v -8.816750 2.010375 -5.709023
v -8.804125 0.010376 -5.655012
v -8.831903 2.010375 -5.696586
v -8.830057 0.010376 -5.641150
v -8.849192 2.010375 -5.687346
v -8.858196 0.010376 -5.632615
v -8.867950 2.010375 -5.681655
v -8.887460 0.010376 -5.629733
v -8.887460 2.010375 -5.679733
v -8.916723 0.010376 -5.632615
v -8.906969 2.010375 -5.681655
v -8.944862 0.010376 -5.641150
v -8.925728 2.010375 -5.687346
v -8.970796 0.010376 -5.655012
v -8.943017 2.010375 -5.696586
v -8.993526 0.010376 -5.673667
v -8.958170 2.010376 -5.709023
v -9.012180 0.010376 -5.696397
v -8.970607 2.010376 -5.724176
v -9.026042 0.010376 -5.722330
v -8.979848 2.010376 -5.741465
v -9.034578 0.010376 -5.750469
v -8.985538 2.010376 -5.760224
v -9.037460 0.010376 -5.779733
v -8.987460 2.010376 -5.779733
v -9.034578 0.010376 -5.808996
v -8.985538 2.010376 -5.799242
v -9.026042 0.010376 -5.837135
v -8.979848 2.010376 -5.818002
v -9.012180 0.010376 -5.863069
v -8.970607 2.010376 -5.835290
v -8.993526 0.010376 -5.885798
v -8.958170 2.010376 -5.850444
v -8.970796 0.010376 -5.904453
v -8.943017 2.010375 -5.862880
v -8.944862 0.010376 -5.918315
v -8.925728 2.010375 -5.872121
v -8.916723 0.010376 -5.926850
v -8.906969 2.010375 -5.877811
v -8.804313 0.121777 -5.835290
v -8.925728 0.121628 -5.687346
v -8.867950 0.121699 -5.877811
v -8.906969 0.121650 -5.877811
v -8.849192 0.121722 -5.687346
v -8.970607 0.121572 -5.835290
v -8.795072 0.121788 -5.741465
v -8.985538 0.121554 -5.760224
v -8.795072 0.121788 -5.818002
v -8.943017 0.121606 -5.696586
v -8.849192 0.121722 -5.872121
v -8.867950 0.121699 -5.681655
v -8.958170 0.121588 -5.850444
v -8.804313 0.121777 -5.724176
v -8.987459 0.121552 -5.779733
v -8.789381 0.121795 -5.799242
v -8.958170 0.121588 -5.709023
v -8.831903 0.121743 -5.862880
v -8.887460 0.121675 -5.879733
v -8.887460 0.121675 -5.679733
v -8.943017 0.121606 -5.862880
v -8.816750 0.121762 -5.709023
v -8.985538 0.121554 -5.799242
v -8.787459 0.121798 -5.779733
v -8.970607 0.121572 -5.724176
v -8.816750 0.121762 -5.850444
v -8.906969 0.121650 -5.681655
v -8.925728 0.121628 -5.872121
v -8.831903 0.121743 -5.696586
v -8.979848 0.121561 -5.818002
v -8.789381 0.121795 -5.760224
v -8.979848 0.121561 -5.741465
v -8.804313 0.023474 -5.835290
v -8.925728 0.023474 -5.687346
v -8.867950 0.023474 -5.877811
v -8.906969 0.023474 -5.877811
v -8.849192 0.023474 -5.687346
v -8.970607 0.023474 -5.835290
v -8.795073 0.023474 -5.741465
v -8.985538 0.023474 -5.760224
v -8.795073 0.023474 -5.818002
v -8.943017 0.023474 -5.696586
v -8.849192 0.023474 -5.872121
v -8.867950 0.023474 -5.681655
v -8.958171 0.023474 -5.850444
v -8.804313 0.023474 -5.724176
v -8.987460 0.023474 -5.779733
v -8.789381 0.023474 -5.799242
v -8.958171 0.023474 -5.709023
v -8.831903 0.023474 -5.862880
v -8.887460 0.023474 -5.679733
v -8.943017 0.023474 -5.862880
v -8.816750 0.023474 -5.709023
v -8.985538 0.023474 -5.799242
v -8.787460 0.023474 -5.779733
v -8.887460 0.023474 -5.879733
v -8.970607 0.023474 -5.724176
v -8.816750 0.023474 -5.850444
v -8.906969 0.023474 -5.681655
v -8.925728 0.023474 -5.872121
v -8.831903 0.023474 -5.696586
v -8.979848 0.023474 -5.818002
v -8.789381 0.023474 -5.760224
v -8.979848 0.023474 -5.741465
v -8.887460 0.010376 -2.079733
v -8.887460 2.010375 -2.029733
v -8.858196 0.010376 -2.076851
v -8.867950 2.010375 -2.027812
v -8.830057 0.010376 -2.068315
v -8.849192 2.010375 -2.022121
v -8.804125 0.010376 -2.054454
v -8.831903 2.010375 -2.012880
v -8.781394 0.010376 -2.035800
v -8.816750 2.010375 -2.000444
v -8.762739 0.010376 -2.013069
v -8.804313 2.010375 -1.985290
v -8.748878 0.010376 -1.987136
v -8.795072 2.010375 -1.968002
v -8.740342 0.010376 -1.958997
v -8.789381 2.010375 -1.949242
v -8.737460 0.010376 -1.929733
v -8.787460 2.010375 -1.929733
v -8.740342 0.010376 -1.900470
v -8.789381 2.010375 -1.910224
v -8.748878 0.010376 -1.872331
v -8.795072 2.010375 -1.891465
v -8.762739 0.010376 -1.846398
v -8.804313 2.010375 -1.874176
v -8.781394 0.010376 -1.823667
v -8.816750 2.010375 -1.859023
v -8.804125 0.010376 -1.805013
v -8.831903 2.010375 -1.846586
v -8.830057 0.010376 -1.791152
v -8.849192 2.010375 -1.837345
v -8.858196 0.010376 -1.782616
v -8.867950 2.010375 -1.831655
v -8.887460 0.010376 -1.779733
v -8.887460 2.010375 -1.829733
v -8.916723 0.010376 -1.782616
v -8.906969 2.010375 -1.831655
v -8.944862 0.010376 -1.791152
v -8.925728 2.010375 -1.837345
v -8.970796 0.010376 -1.805013
v -8.943017 2.010375 -1.846586
v -8.993526 0.010376 -1.823667
v -8.958170 2.010376 -1.859023
v -9.012180 0.010376 -1.846398
v -8.970607 2.010376 -1.874176
v -9.026042 0.010376 -1.872331
v -8.979848 2.010376 -1.891465
v -9.034578 0.010376 -1.900470
v -8.985538 2.010376 -1.910224
v -9.037460 0.010376 -1.929733
v -8.987460 2.010376 -1.929733
v -9.034578 0.010376 -1.958997
v -8.985538 2.010376 -1.949242
v -9.026042 0.010376 -1.987136
v -8.979848 2.010376 -1.968002
v -9.012180 0.010376 -2.013069
v -8.970607 2.010376 -1.985290
v -8.993526 0.010376 -2.035800
v -8.958170 2.010376 -2.000444
v -8.970796 0.010376 -2.054454
v -8.943017 2.010375 -2.012880
v -8.944862 0.010376 -2.068315
v -8.925728 2.010375 -2.022121
v -8.916723 0.010376 -2.076851
v -8.906969 2.010375 -2.027812
v -8.943017 0.121606 -1.846586
v -8.849192 0.121721 -2.022121
v -8.867950 0.121698 -1.831655
v -8.958170 0.121587 -2.000444
v -8.804313 0.121776 -1.874176
v -8.887460 0.121674 -2.029733
v -8.987459 0.121551 -1.929733
v -8.789381 0.121794 -1.949242
v -8.958170 0.121587 -1.859023
v -8.831903 0.121742 -2.012880
v -8.887460 0.121674 -1.829733
v -8.943017 0.121606 -2.012880
v -8.816750 0.121761 -1.859023
v -8.985538 0.121554 -1.949242
v -8.787459 0.121797 -1.929733
v -8.970607 0.121572 -1.874176
v -8.816750 0.121761 -2.000444
v -8.906969 0.121650 -1.831655
v -8.925728 0.121627 -2.022121
v -8.831903 0.121742 -1.846586
v -8.979848 0.121560 -1.968002
v -8.789381 0.121794 -1.910224
v -8.979848 0.121560 -1.891465
v -8.804313 0.121776 -1.985290
v -8.925728 0.121627 -1.837345
v -8.867950 0.121698 -2.027812
v -8.906969 0.121650 -2.027812
v -8.849192 0.121721 -1.837345
v -8.970607 0.121572 -1.985290
v -8.795072 0.121788 -1.891465
v -8.985538 0.121553 -1.910224
v -8.795072 0.121788 -1.968002
v -8.943017 0.023473 -1.846586
v -8.849192 0.023473 -2.022121
v -8.867950 0.023473 -1.831655
v -8.958171 0.023473 -2.000444
v -8.804313 0.023473 -1.874176
v -8.987460 0.023473 -1.929733
v -8.789381 0.023473 -1.949242
v -8.958171 0.023473 -1.859023
v -8.831903 0.023473 -2.012880
v -8.887460 0.023473 -1.829733
v -8.943017 0.023473 -2.012880
v -8.816750 0.023473 -1.859023
v -8.985538 0.023473 -1.949242
v -8.787460 0.023473 -1.929733
v -8.887460 0.023473 -2.029733
v -8.970607 0.023473 -1.874176
v -8.816750 0.023473 -2.000444
v -8.906969 0.023473 -1.831655
v -8.925728 0.023473 -2.022121
v -8.831903 0.023473 -1.846586
v -8.979848 0.023473 -1.968002
v -8.789381 0.023473 -1.910224
v -8.979848 0.023473 -1.891465
v -8.804313 0.023473 -1.985290
v -8.925728 0.023473 -1.837345
v -8.867950 0.023473 -2.027812
v -8.906969 0.023473 -2.027812
v -8.849192 0.023473 -1.837345
v -8.970607 0.023473 -1.985290
v -8.795073 0.023473 -1.891465
v -8.985538 0.023473 -1.910224
v -8.795073 0.023473 -1.968002
v -2.487460 1.968390 -1.604733
v -2.487460 2.168390 -1.604733
v -2.487460 1.968390 -6.104733
v -2.487460 2.168390 -6.104733
v -1.887460 1.968390 -1.604733
v -1.887460 2.168390 -1.604733
v -1.887460 1.968390 -6.104733
v -1.887460 2.168390 -6.104733
v -3.139693 1.968390 -3.854733
v -2.487460 2.068390 -1.604733
v -3.139693 2.168390 -3.854733
v -2.487460 2.068390 -6.104733
v -2.187460 1.968390 -6.104733
v -2.187460 2.168390 -6.104733
v -1.887460 2.068390 -6.104733
v -2.539693 1.968390 -3.854733
v -2.539693 2.168390 -3.854733
v -1.887460 2.068390 -1.604733
v -2.187460 1.968390 -1.604733
v -2.187460 2.168390 -1.604733
v -2.839693 2.168390 -3.854733
v -2.839693 1.968390 -3.854733
v -2.187460 2.068390 -1.604733
v -2.539693 2.068390 -3.854733
v -2.187460 2.068390 -6.104733
v -3.139693 2.068390 -3.854733
v -3.139693 1.968390 -2.729733
v -2.487460 2.118390 -1.604733
v -3.139693 2.168390 -4.979733
v -2.487460 2.018390 -6.104733
v -2.337460 1.968390 -6.104733
v -2.037460 2.168390 -6.104733
v -1.887460 2.018390 -6.104733
v -2.539693 1.968390 -4.979733
v -2.539693 2.168390 -2.729733
v -1.887460 2.018390 -1.604733
v -2.037460 1.968390 -1.604733
v -2.337460 2.168390 -1.604733
v -3.139693 1.968390 -4.979733
v -2.487460 2.018390 -1.604733
v -3.139693 2.168390 -2.729733
v -2.487460 2.118390 -6.104733
v -2.037460 1.968390 -6.104733
v -2.337460 2.168390 -6.104733
v -1.887460 2.118390 -6.104733
v -2.539693 1.968390 -2.729733
v -2.539693 2.168390 -4.979733
v -1.887460 2.118390 -1.604733
v -2.337460 1.968390 -1.604733
v -2.037460 2.168390 -1.604733
v -2.839693 2.168390 -2.729733
v -2.839693 2.168390 -4.979733
v -2.689693 2.168390 -3.854733
v -2.989693 2.168390 -3.854733
v -2.839693 1.968390 -2.729733
v -2.839693 1.968390 -4.979733
v -2.989693 1.968390 -3.854733
v -2.689693 1.968390 -3.854733
v -2.337460 2.068390 -1.604733
v -2.037460 2.068390 -1.604733
v -2.187460 2.018390 -1.604733
v -2.187460 2.118390 -1.604733
v -2.539693 2.068390 -2.729733
v -2.539693 2.068390 -4.979733
v -2.539693 2.018390 -3.854733
v -2.539693 2.118390 -3.854733
v -2.037460 2.068390 -6.104733
v -2.337460 2.068390 -6.104733
v -2.187460 2.018390 -6.104733
v -2.187460 2.118390 -6.104733
v -3.139693 2.068390 -4.979733
v -3.139693 2.068390 -2.729733
v -3.139693 2.018390 -3.854733
v -3.139693 2.118390 -3.854733
v -3.139693 2.118390 -2.729733
v -3.139693 2.018390 -2.729733
v -3.139693 2.018390 -4.979733
v -2.337460 2.118390 -6.104733
v -2.337460 2.018390 -6.104733
v -2.037460 2.018390 -6.104733
v -2.539693 2.118390 -4.979733
v -2.539693 2.018390 -4.979733
v -2.539693 2.018390 -2.729733
v -2.037460 2.118390 -1.604733
v -2.037460 2.018390 -1.604733
v -2.337460 2.018390 -1.604733
v -2.689693 1.968390 -4.979733
v -2.989693 1.968390 -4.979733
v -2.989693 1.968390 -2.729733
v -2.989693 2.168390 -4.979733
v -2.689693 2.168390 -4.979733
v -2.689693 2.168390 -2.729733
v -2.989693 2.168390 -2.729733
v -2.689693 1.968390 -2.729733
v -2.337460 2.118390 -1.604733
v -2.539693 2.118390 -2.729733
v -2.037460 2.118390 -6.104733
v -3.139693 2.118390 -4.979733
v -2.487460 1.968390 -2.167233
v -2.487460 2.168390 -5.542233
v -1.887460 1.968390 -5.542233
v -1.887460 2.168390 -2.167233
v -2.187460 2.168390 -2.167233
v -2.187460 1.968390 -2.167233
v -1.887460 2.068390 -2.167233
v -2.487460 2.068390 -5.542233
v -2.487460 1.968390 -5.542233
v -2.487460 2.168390 -2.167233
v -1.887460 1.968390 -2.167233
v -1.887460 2.168390 -5.542233
v -2.187460 2.168390 -5.542233
v -2.187460 1.968390 -5.542233
v -1.887460 2.068390 -5.542233
v -2.487460 2.068390 -2.167233
v -2.487460 2.118390 -2.167233
v -2.487460 2.018390 -2.167233
v -2.487460 2.018390 -5.542233
v -1.887460 2.118390 -5.542233
v -1.887460 2.018390 -5.542233
v -1.887460 2.018390 -2.167233
v -2.037460 1.968390 -5.542233
v -2.337460 1.968390 -5.542233
v -2.337460 1.968390 -2.167233
v -2.337460 2.168390 -5.542233
v -2.037460 2.168390 -5.542233
v -2.037460 2.168390 -2.167233
v -2.337460 2.168390 -2.167233
v -2.037460 1.968390 -2.167233
v -1.887460 2.118390 -2.167233
v -2.487460 2.118390 -5.542233
v -9.187460 1.968390 -1.604733
v -9.187460 2.168390 -1.604733
v -9.187460 1.968390 -6.104733
v -9.187460 2.168390 -6.104733
v -8.587460 1.968390 -1.604733
v -8.587460 2.168390 -1.604733
v -8.587460 1.968390 -6.104733
v -8.587460 2.168390 -6.104733
v -8.693106 2.042062 -3.854733
v -9.187460 2.068390 -1.604733
v -8.693106 2.242062 -3.854733
v -9.187460 2.068390 -6.104733
v -8.887460 1.968390 -6.104733
v -8.887460 2.168390 -6.104733
v -8.587460 2.068390 -6.104733
v -8.093106 2.042062 -3.854733
v -8.093106 2.242062 -3.854733
v -8.587460 2.068390 -1.604733
v -8.887460 1.968390 -1.604733
v -8.887460 2.168390 -1.604733
v -8.393106 2.242062 -3.854733
v -8.393106 2.042062 -3.854733
v -8.887460 2.068390 -1.604733
v -8.093106 2.142062 -3.854733
v -8.887460 2.068390 -6.104733
v -8.693106 2.142062 -3.854733
v -8.693106 2.042062 -2.729733
v -9.187460 2.118390 -1.604733
v -8.693106 2.242062 -4.979733
v -9.187460 2.018390 -6.104733
v -9.037460 1.968390 -6.104733
v -8.737459 2.168390 -6.104733
v -8.587460 2.018390 -6.104733
v -8.093106 2.042062 -4.979733
v -8.093106 2.242062 -2.729733
v -8.587460 2.018390 -1.604733
v -8.737459 1.968390 -1.604733
v -9.037460 2.168390 -1.604733
v -8.693106 2.042062 -4.979733
v -9.187460 2.018390 -1.604733
v -8.693106 2.242062 -2.729733
v -9.187460 2.118390 -6.104733
v -8.737459 1.968390 -6.104733
v -9.037460 2.168390 -6.104733
v -8.587460 2.118390 -6.104733
v -8.093106 2.042062 -2.729733
v -8.093106 2.242062 -4.979733
v -8.587460 2.118390 -1.604733
v -9.037460 1.968390 -1.604733
v -8.737459 2.168390 -1.604733
v -8.393106 2.242062 -2.729733
v -8.393106 2.242062 -4.979733
v -8.243107 2.242062 -3.854733
v -8.543106 2.242062 -3.854733
v -8.393106 2.042062 -2.729733
v -8.393106 2.042062 -4.979733
v -8.543106 2.042062 -3.854733
v -8.243107 2.042062 -3.854733
v -9.037460 2.068390 -1.604733
v -8.737459 2.068390 -1.604733
v -8.887460 2.018390 -1.604733
v -8.887460 2.118390 -1.604733
v -8.093106 2.142062 -2.729733
v -8.093106 2.142062 -4.979733
v -8.093106 2.092062 -3.854733
v -8.093106 2.192062 -3.854733
v -8.737459 2.068390 -6.104733
v -9.037460 2.068390 -6.104733
v -8.887460 2.018390 -6.104733
v -8.887460 2.118390 -6.104733
v -8.693106 2.142062 -4.979733
v -8.693106 2.142062 -2.729733
v -8.693106 2.092062 -3.854733
v -8.693106 2.192062 -3.854733
v -8.693106 2.192062 -2.729733
v -8.693106 2.092062 -2.729733
v -8.693106 2.092062 -4.979733
v -9.037460 2.118390 -6.104733
v -9.037460 2.018390 -6.104733
v -8.737459 2.018390 -6.104733
v -8.093106 2.192062 -4.979733
v -8.093106 2.092062 -4.979733
v -8.093106 2.092062 -2.729733
v -8.737459 2.118390 -1.604733
v -8.737459 2.018390 -1.604733
v -9.037460 2.018390 -1.604733
v -8.243107 2.042062 -4.979733
v -8.543106 2.042062 -4.979733
v -8.543106 2.042062 -2.729733
v -8.543106 2.242062 -4.979733
v -8.243107 2.242062 -4.979733
v -8.243107 2.242062 -2.729733
v -8.543106 2.242062 -2.729733
v -8.243107 2.042062 -2.729733
v -9.037460 2.118390 -1.604733
v -8.093106 2.192062 -2.729733
v -8.737459 2.118390 -6.104733
v -8.693106 2.192062 -4.979733
v -9.187460 1.968390 -2.167233
v -9.187460 2.168390 -5.542233
v -8.587460 1.968390 -5.542233
v -8.587460 2.168390 -2.167233
v -8.887460 2.168390 -2.167233
v -8.887460 1.968390 -2.167233
v -8.587460 2.068390 -2.167233
v -9.187460 2.068390 -5.542233
v -9.187460 1.968390 -5.542233
v -9.187460 2.168390 -2.167233
v -8.587460 1.968390 -2.167233
v -8.587460 2.168390 -5.542233
v -8.887460 2.168390 -5.542233
v -8.887460 1.968390 -5.542233
v -8.587460 2.068390 -5.542233
v -9.187460 2.068390 -2.167233
v -9.187460 2.118390 -2.167233
v -9.187460 2.018390 -2.167233
v -9.187460 2.018390 -5.542233
v -8.587460 2.118390 -5.542233
v -8.587460 2.018390 -5.542233
v -8.587460 2.018390 -2.167233
v -8.737459 1.968390 -5.542233
v -9.037460 1.968390 -5.542233
v -9.037460 1.968390 -2.167233
v -9.037460 2.168390 -5.542233
v -8.737459 2.168390 -5.542233
v -8.737459 2.168390 -2.167233
v -9.037460 2.168390 -2.167233
v -8.737459 1.968390 -2.167233
v -8.587460 2.118390 -2.167233
v -9.187460 2.118390 -5.542233
v -7.150194 2.188598 -1.716334
v -7.150194 2.388598 -1.716334
v -8.589910 2.188598 -3.104578
v -8.589910 2.388598 -3.104578
v -4.373707 2.188598 -4.595765
v -4.373707 2.388598 -4.595765
v -5.813423 2.188598 -5.984009
v -5.813423 2.388598 -5.984009
v -5.392424 2.357129 -4.559307
v -5.935150 4.164998 -3.898203
v -5.373559 2.362013 -4.557176
v -5.916285 4.169882 -3.896071
v -5.355117 2.365474 -4.551500
v -5.897842 4.173343 -3.890396
v -5.337807 2.367378 -4.542498
v -5.880533 4.175247 -3.881394
v -5.322294 2.367654 -4.530516
v -5.865020 4.175523 -3.869412
v -5.309175 2.366289 -4.516013
v -5.851901 4.174158 -3.854909
v -5.298953 2.363336 -4.499548
v -5.841679 4.171206 -3.838444
v -5.292022 2.358910 -4.481753
v -5.834748 4.166779 -3.820650
v -5.288647 2.353179 -4.463313
v -5.831373 4.161048 -3.802209
v -5.288959 2.346365 -4.444934
v -5.831685 4.154234 -3.783830
v -5.292945 2.338729 -4.427325
v -5.835671 4.146598 -3.766221
v -5.300453 2.330564 -4.411161
v -5.843179 4.138433 -3.750057
v -5.311193 2.322185 -4.397064
v -5.853919 4.130054 -3.735960
v -5.324754 2.313913 -4.385575
v -5.867479 4.121782 -3.724471
v -5.340613 2.306067 -4.377137
v -5.883338 4.113935 -3.716033
v -5.358161 2.298946 -4.372072
v -5.900887 4.106815 -3.710968
v -5.376725 2.292827 -4.370577
v -5.919451 4.100696 -3.709473
v -5.395590 2.287943 -4.372708
v -5.938316 4.095812 -3.711604
v -5.414032 2.284482 -4.378384
v -5.956758 4.092351 -3.717280
v -5.431342 2.282577 -4.387385
v -5.974068 4.090446 -3.726282
v -5.446855 2.282302 -4.399368
v -5.989581 4.090171 -3.738264
v -5.459974 2.283667 -4.413870
v -6.002700 4.091536 -3.752766
v -5.470196 2.286619 -4.430335
v -6.012921 4.094488 -3.769231
v -5.477127 2.291046 -4.448130
v -6.019853 4.098915 -3.787026
v -5.480502 2.296776 -4.466571
v -6.023227 4.104645 -3.805467
v -5.480190 2.303590 -4.484950
v -6.022915 4.111459 -3.823845
v -5.476203 2.311226 -4.502559
v -6.018929 4.119095 -3.841455
v -5.468696 2.319391 -4.518723
v -6.011422 4.127260 -3.857619
v -5.457955 2.327770 -4.532820
v -6.000681 4.135639 -3.871716
v -5.444395 2.336042 -4.544309
v -5.987121 4.143911 -3.883204
v -5.428536 2.343889 -4.552747
v -5.971262 4.151758 -3.891643
v -5.410987 2.351009 -4.557811
v -5.953713 4.158878 -3.896707
v -5.987763 2.337289 -5.121030
v -6.530489 4.145158 -4.459927
v -5.968898 2.342173 -5.118899
v -6.511624 4.150042 -4.457795
v -5.950456 2.345634 -5.113224
v -6.493182 4.153503 -4.452120
v -5.933146 2.347539 -5.104222
v -6.475872 4.155408 -4.443118
v -5.917634 2.347814 -5.092239
v -6.460360 4.155683 -4.431136
v -5.904514 2.346449 -5.077737
v -6.447240 4.154318 -4.416633
v -5.894293 2.343497 -5.061272
v -6.437018 4.151366 -4.400168
v -5.887362 2.339070 -5.043477
v -6.430087 4.146939 -4.382373
v -5.883987 2.333340 -5.025036
v -6.426713 4.141209 -4.363933
v -5.884299 2.326526 -5.006658
v -6.427025 4.134395 -4.345554
v -5.888285 2.318889 -4.989048
v -6.431011 4.126759 -4.327945
v -5.895792 2.310725 -4.972885
v -6.438519 4.118594 -4.311781
v -5.906533 2.302346 -4.958787
v -6.449259 4.110214 -4.297684
v -5.920093 2.294074 -4.947299
v -6.462819 4.101943 -4.286195
v -5.935952 2.286227 -4.938860
v -6.478678 4.094096 -4.277757
v -5.953501 2.279107 -4.933796
v -6.496227 4.086976 -4.272692
v -5.972064 2.272987 -4.932301
v -6.514791 4.080856 -4.271197
v -5.990930 2.268103 -4.934432
v -6.533656 4.075972 -4.273328
v -6.009372 2.264642 -4.940107
v -6.552098 4.072511 -4.279004
v -6.026682 2.262738 -4.949109
v -6.569407 4.070606 -4.288005
v -6.042194 2.262462 -4.961092
v -6.584920 4.070331 -4.299988
v -6.055314 2.263827 -4.975594
v -6.598040 4.071696 -4.314490
v -6.065536 2.266779 -4.992059
v -6.608261 4.074648 -4.330955
v -6.072467 2.271206 -5.009854
v -6.615192 4.079075 -4.348750
v -6.075841 2.276936 -5.028295
v -6.618567 4.084805 -4.367191
v -6.075529 2.283751 -5.046673
v -6.618255 4.091619 -4.385569
v -6.071543 2.291387 -5.064282
v -6.614269 4.099256 -4.403179
v -6.064035 2.299551 -5.080446
v -6.606761 4.107420 -4.419343
v -6.053295 2.307931 -5.094543
v -6.596021 4.115799 -4.433440
v -6.039735 2.316203 -5.106032
v -6.582460 4.124072 -4.444928
v -6.023876 2.324049 -5.114470
v -6.566602 4.131918 -4.453367
v -6.006327 2.331169 -5.119535
v -6.549053 4.139038 -4.458431
v 12.642826 2.036030 3.707933
v 12.642826 2.236030 3.707933
v 11.314878 2.036030 2.212421
v 11.314878 2.236030 2.212421
v 18.624874 2.353354 -1.603854
v 18.624874 2.553354 -1.603854
v 17.296928 2.353354 -3.099366
v 17.296928 2.553354 -3.099366
v 16.141726 2.353354 -2.073600
v 17.469673 2.553354 -0.578087
v 16.141726 2.553354 -2.073600
v 17.469673 2.353354 -0.578087
v 17.281212 2.036031 -0.410743
v 15.953264 2.036031 -1.906255
v 15.953266 2.236031 -1.906256
v 17.281212 2.236031 -0.410742
v 15.454941 1.050002 0.943438
v 15.454941 2.050002 0.943438
v 14.392582 1.050002 -0.252973
v 14.392582 2.050002 -0.252973
v 16.950451 1.050002 -0.384510
v 16.950451 2.050002 -0.384510
v 15.888096 1.050002 -1.580919
v 15.888096 2.050002 -1.580919
v 12.726833 1.050001 2.897804
v 12.726833 2.050001 2.897804
v 12.129257 1.050001 2.224824
v 12.129257 2.050001 2.224824
v 16.465614 1.050002 -0.422063
v 16.465614 2.050002 -0.422063
v 15.868038 1.050002 -1.095043
v 15.868038 2.050002 -1.095043
v 13.142822 2.000002 -0.007345
v 13.782953 2.000002 0.713561
v 13.288702 1.980787 -0.136880
v 13.928833 1.980787 0.584026
v 13.428976 1.923881 -0.261436
v 14.069107 1.923881 0.459470
v 13.558254 1.831471 -0.376228
v 14.198383 1.831471 0.344677
v 13.671566 1.707108 -0.476845
v 14.311697 1.707108 0.244061
v 13.764557 1.555572 -0.559419
v 14.404690 1.555572 0.161488
v 13.833658 1.382685 -0.620776
v 14.473789 1.382685 0.100130
v 13.876209 1.195092 -0.658560
v 14.516342 1.195092 0.062346
v 13.890579 1.000002 -0.671318
v 14.530708 1.000002 0.049587
v 13.876209 0.804911 -0.658560
v 14.516342 0.804911 0.062346
v 13.833658 0.617318 -0.620776
v 14.473789 0.617318 0.100130
v 13.764559 0.444431 -0.559419
v 14.404690 0.444432 0.161488
v 13.671566 0.292895 -0.476845
v 14.311697 0.292895 0.244061
v 13.558254 0.168532 -0.376228
v 14.198383 0.168532 0.344677
v 13.428976 0.076122 -0.261436
v 14.069107 0.076122 0.459470
v 13.288702 0.019217 -0.136880
v 13.928833 0.019217 0.584026
v 13.142822 0.000002 -0.007345
v 13.782953 0.000002 0.713561
v 12.996941 0.019217 0.122190
v 13.637074 0.019217 0.843096
v 12.856668 0.076122 0.246747
v 13.496799 0.076123 0.967652
v 12.727390 0.168532 0.361539
v 13.367523 0.168532 1.082445
v 12.614079 0.292895 0.462155
v 13.254211 0.292895 1.183062
v 12.521084 0.444431 0.544729
v 13.161217 0.444432 1.265635
v 12.451984 0.617318 0.606087
v 13.092117 0.617318 1.326992
v 12.409433 0.804911 0.643870
v 13.049564 0.804911 1.364777
v 12.395065 1.000002 0.656629
v 13.035198 1.000001 1.377535
v 12.409433 1.195092 0.643870
v 13.049564 1.195092 1.364777
v 12.451984 1.382685 0.606087
v 13.092117 1.382685 1.326993
v 12.521084 1.555572 0.544729
v 13.161217 1.555572 1.265635
v 12.614079 1.707108 0.462155
v 13.254211 1.707108 1.183062
v 12.727390 1.831471 0.361539
v 13.367523 1.831471 1.082445
v 12.856667 1.923881 0.246747
v 13.496799 1.923881 0.967653
v 12.996941 1.980787 0.122190
v 13.637074 1.980787 0.843096
v 14.423084 2.000002 1.434466
v 15.063217 2.000002 2.155373
v 14.568966 1.980787 1.304932
v 15.209095 1.980787 2.025838
v 14.709240 1.923881 1.180375
v 15.349369 1.923881 1.901281
v 14.838516 1.831471 1.065583
v 15.478647 1.831471 1.786489
v 14.951828 1.707108 0.964967
v 15.591961 1.707109 1.685873
v 15.044823 1.555572 0.882393
v 15.684952 1.555572 1.603299
v 15.113922 1.382685 0.821035
v 15.754053 1.382685 1.541941
v 15.156473 1.195092 0.783252
v 15.796604 1.195092 1.504157
v 15.170841 1.000002 0.770494
v 15.810974 1.000002 1.491399
v 15.156473 0.804911 0.783252
v 15.796604 0.804912 1.504157
v 15.113922 0.617318 0.821035
v 15.754053 0.617318 1.541941
v 15.044823 0.444432 0.882393
v 15.684952 0.444432 1.603299
v 14.951828 0.292895 0.964967
v 15.591961 0.292895 1.685872
v 14.838516 0.168532 1.065583
v 15.478649 0.168532 1.786489
v 14.709240 0.076122 1.180375
v 15.349371 0.076122 1.901281
v 14.568966 0.019217 1.304932
v 15.209097 0.019217 2.025838
v 14.423084 0.000002 1.434466
v 15.063217 0.000002 2.155373
v 14.277206 0.019217 1.564001
v 14.917336 0.019217 2.284907
v 14.136932 0.076122 1.688559
v 14.777061 0.076122 2.409464
v 14.007654 0.168532 1.803350
v 14.647785 0.168532 2.524257
v 13.894341 0.292895 1.903967
v 14.534473 0.292895 2.624872
v 13.801350 0.444431 1.986541
v 14.441479 0.444431 2.707446
v 13.732248 0.617318 2.047898
v 14.372379 0.617318 2.768805
v 13.689697 0.804911 2.085682
v 14.329828 0.804911 2.806588
v 13.675327 1.000002 2.098440
v 14.315460 1.000002 2.819346
v 13.689697 1.195092 2.085682
v 14.329828 1.195092 2.806588
v 13.732248 1.382685 2.047898
v 14.372379 1.382685 2.768805
v 13.801350 1.555572 1.986541
v 14.441479 1.555572 2.707446
v 13.894341 1.707108 1.903967
v 14.534473 1.707108 2.624873
v 14.007652 1.831471 1.803350
v 14.647785 1.831471 2.524257
v 14.136930 1.923881 1.688559
v 14.777061 1.923881 2.409464
v 14.277205 1.980787 1.564002
v 14.917336 1.980787 2.284907
v 12.879519 2.000001 2.805083
v 13.519650 2.000001 3.525990
v 13.025398 1.980787 2.675549
v 13.665531 1.980787 3.396454
v 13.165672 1.923881 2.550992
v 13.805805 1.923881 3.271897
v 13.294949 1.831471 2.436199
v 13.935081 1.831471 3.157105
v 13.408262 1.707108 2.335583
v 14.048393 1.707108 3.056489
v 13.501255 1.555572 2.253010
v 14.141388 1.555572 2.973915
v 13.570354 1.382685 2.191651
v 14.210487 1.382685 2.912558
v 13.612907 1.195092 2.153868
v 14.253038 1.195092 2.874774
v 13.627274 1.000002 2.141109
v 14.267406 1.000002 2.862016
v 13.612907 0.804911 2.153868
v 14.253038 0.804911 2.874774
v 13.570354 0.617318 2.191651
v 14.210487 0.617318 2.912558
v 13.501255 0.444431 2.253010
v 14.141388 0.444431 2.973915
v 13.408262 0.292895 2.335583
v 14.048393 0.292895 3.056489
v 13.294949 0.168532 2.436199
v 13.935081 0.168532 3.157105
v 13.165672 0.076122 2.550991
v 13.805805 0.076122 3.271897
v 13.025398 0.019216 2.675549
v 13.665531 0.019216 3.396454
v 12.879519 0.000001 2.805083
v 13.519650 0.000001 3.525990
v 12.733639 0.019216 2.934618
v 13.373772 0.019216 3.655523
v 12.593365 0.076122 3.059175
v 13.233498 0.076122 3.780081
v 12.464088 0.168532 3.173967
v 13.104219 0.168532 3.894873
v 12.350777 0.292895 3.274584
v 12.990906 0.292895 3.995489
v 12.257782 0.444431 3.357157
v 12.897915 0.444431 4.078063
v 12.188683 0.617318 3.418514
v 12.828814 0.617318 4.139421
v 12.146130 0.804911 3.456299
v 12.786263 0.804911 4.177204
v 12.131763 1.000002 3.469057
v 12.771894 1.000001 4.189962
v 12.146130 1.195092 3.456299
v 12.786263 1.195092 4.177204
v 12.188683 1.382685 3.418514
v 12.828814 1.382685 4.139421
v 12.257782 1.555572 3.357157
v 12.897915 1.555572 4.078063
v 12.350775 1.707108 3.274584
v 12.990906 1.707108 3.995489
v 12.464088 1.831471 3.173967
v 13.104219 1.831471 3.894873
v 12.593365 1.923881 3.059175
v 13.233498 1.923881 3.780081
v 12.733639 1.980787 2.934618
v 13.373772 1.980787 3.655523
v 11.599255 2.000001 1.363272
v 12.239388 2.000001 2.084178
v 11.745136 1.980787 1.233737
v 12.385267 1.980787 1.954643
v 11.885410 1.923881 1.109180
v 12.525541 1.923881 1.830086
v 12.014687 1.831471 0.994388
v 12.654819 1.831471 1.715294
v 12.127998 1.707108 0.893771
v 12.768131 1.707108 1.614677
v 12.220993 1.555572 0.811198
v 12.861124 1.555572 1.532104
v 12.290092 1.382685 0.749840
v 12.930225 1.382685 1.470746
v 12.332645 1.195092 0.712056
v 12.972775 1.195092 1.432962
v 12.347012 1.000002 0.699298
v 12.987144 1.000001 1.420204
v 12.332645 0.804911 0.712056
v 12.972775 0.804911 1.432962
v 12.290092 0.617318 0.749840
v 12.930225 0.617318 1.470746
v 12.220993 0.444431 0.811198
v 12.861124 0.444431 1.532104
v 12.127998 0.292895 0.893771
v 12.768131 0.292895 1.614677
v 12.014687 0.168532 0.994388
v 12.654819 0.168532 1.715294
v 11.885410 0.076122 1.109179
v 12.525541 0.076122 1.830086
v 11.745136 0.019216 1.233737
v 12.385267 0.019216 1.954642
v 11.599257 0.000001 1.363272
v 12.239388 0.000001 2.084178
v 11.453377 0.019216 1.492806
v 12.093508 0.019216 2.213713
v 11.313103 0.076122 1.617363
v 11.953234 0.076122 2.338269
v 11.183825 0.168532 1.732155
v 11.823956 0.168532 2.453061
v 11.070513 0.292895 1.832771
v 11.710644 0.292895 2.553678
v 10.977520 0.444431 1.915345
v 11.617651 0.444431 2.636251
v 10.908419 0.617318 1.976703
v 11.548550 0.617318 2.697609
v 10.865868 0.804911 2.014486
v 11.506001 0.804911 2.735393
v 10.851500 1.000001 2.027245
v 11.491631 1.000001 2.748151
v 10.865868 1.195092 2.014486
v 11.506001 1.195092 2.735393
v 10.908419 1.382685 1.976703
v 11.548550 1.382685 2.697609
v 10.977520 1.555572 1.915345
v 11.617651 1.555572 2.636251
v 11.070511 1.707108 1.832771
v 11.710644 1.707108 2.553678
v 11.183825 1.831471 1.732156
v 11.823956 1.831471 2.453062
v 11.313103 1.923881 1.617363
v 11.953234 1.923881 2.338269
v 11.453377 1.980787 1.492806
v 12.093506 1.980787 2.213713
v 17.980972 0.010376 0.004337
v 18.014172 2.010376 0.041725
v 18.004768 0.010376 -0.012938
v 18.030033 2.010376 0.030209
v 18.031475 0.010376 -0.025239
v 18.047840 2.010376 0.022008
v 18.060070 0.010376 -0.032093
v 18.066902 2.010376 0.017439
v 18.089455 0.010376 -0.033236
v 18.086491 2.010376 0.016676
v 18.118496 0.010376 -0.028625
v 18.105854 2.010376 0.019750
v 18.146080 0.010376 -0.018437
v 18.124241 2.010376 0.026542
v 18.171146 0.010376 -0.003064
v 18.140953 2.010376 0.036791
v 18.192730 0.010376 0.016905
v 18.155342 2.010376 0.050103
v 18.210007 0.010376 0.040700
v 18.166859 2.010376 0.065968
v 18.222307 0.010376 0.067409
v 18.175060 2.010376 0.083773
v 18.229160 0.010376 0.096004
v 18.179630 2.010376 0.102837
v 18.230305 0.010376 0.125387
v 18.180393 2.010376 0.122425
v 18.225693 0.010376 0.154428
v 18.177319 2.010376 0.141786
v 18.215506 0.010376 0.182013
v 18.170525 2.010376 0.160175
v 18.200130 0.010376 0.207078
v 18.160278 2.010376 0.176886
v 18.180164 0.010376 0.228663
v 18.146965 2.010376 0.191277
v 18.156368 0.010376 0.245939
v 18.131100 2.010376 0.202793
v 18.129660 0.010376 0.258240
v 18.113297 2.010376 0.210993
v 18.101063 0.010376 0.265094
v 18.094231 2.010376 0.215563
v 18.071682 0.010376 0.266237
v 18.074642 2.010376 0.216325
v 18.042641 0.010376 0.261626
v 18.055283 2.010376 0.213251
v 18.015057 0.010376 0.251438
v 18.036892 2.010376 0.206459
v 17.989990 0.010376 0.236065
v 18.020184 2.010376 0.196210
v 17.968405 0.010376 0.216097
v 18.005791 2.010376 0.182898
v 17.951130 0.010376 0.192301
v 17.994274 2.010376 0.167034
v 17.938828 0.010376 0.165592
v 17.986076 2.010376 0.149228
v 17.931974 0.010376 0.136997
v 17.981506 2.010376 0.130165
v 17.930832 0.010376 0.107614
v 17.980743 2.010376 0.110577
v 17.935442 0.010376 0.078572
v 17.983818 2.010376 0.091215
v 17.945629 0.010376 0.050989
v 17.990608 2.010376 0.072826
v 17.961002 0.010376 0.025923
v 18.000858 2.010376 0.056115
v 18.177319 0.129984 0.141786
v 17.986076 0.129802 0.149228
v 18.166859 0.130036 0.065968
v 18.014172 0.129915 0.041725
v 18.105854 0.130018 0.019750
v 18.113297 0.129869 0.210993
v 18.030033 0.129939 0.030209
v 18.036892 0.129802 0.206459
v 18.170527 0.129962 0.160175
v 18.000858 0.129891 0.056115
v 17.981506 0.129813 0.130165
v 18.175060 0.130029 0.083773
v 18.020184 0.129795 0.196210
v 18.124241 0.130029 0.026542
v 18.094231 0.129847 0.215563
v 18.047840 0.129962 0.022008
v 18.160278 0.129940 0.176886
v 17.980743 0.129828 0.110577
v 18.179630 0.130018 0.102837
v 18.005791 0.129792 0.182898
v 18.140953 0.130036 0.036791
v 18.074642 0.129828 0.216325
v 18.066902 0.129984 0.017439
v 18.146965 0.129915 0.191277
v 17.983818 0.129847 0.091215
v 18.180393 0.130002 0.122425
v 17.994274 0.129795 0.167034
v 18.155342 0.130038 0.050103
v 18.055283 0.129813 0.213251
v 18.086491 0.130002 0.016676
v 18.131100 0.129891 0.202793
v 17.990608 0.129868 0.072826
v 18.177319 0.023474 0.141786
v 17.986076 0.023474 0.149228
v 18.166859 0.023474 0.065968
v 18.036892 0.023474 0.206459
v 18.105854 0.023474 0.019750
v 18.113297 0.023474 0.210993
v 18.030033 0.023474 0.030209
v 18.000858 0.023474 0.056115
v 18.170527 0.023474 0.160175
v 17.981506 0.023474 0.130165
v 18.175060 0.023474 0.083773
v 18.020184 0.023474 0.196210
v 18.124241 0.023474 0.026542
v 18.094231 0.023474 0.215563
v 18.047840 0.023474 0.022008
v 18.160278 0.023474 0.176886
v 17.980743 0.023474 0.110577
v 18.179630 0.023474 0.102837
v 18.005791 0.023474 0.182898
v 18.140953 0.023474 0.036791
v 18.074642 0.023474 0.216325
v 18.066902 0.023474 0.017439
v 18.014172 0.023474 0.041725
v 18.146965 0.023474 0.191277
v 17.983818 0.023474 0.091215
v 18.180393 0.023474 0.122425
v 17.994274 0.023474 0.167034
v 18.155342 0.023474 0.050103
v 18.055283 0.023474 0.213251
v 18.086493 0.023474 0.016676
v 18.131100 0.023474 0.202793
v 17.990608 0.023474 0.072826
v 15.424675 0.010376 -2.874524
v 15.457872 2.010376 -2.837136
v 15.448471 0.010376 -2.891799
v 15.473736 2.010376 -2.848653
v 15.475178 0.010376 -2.904099
v 15.491543 2.010376 -2.856853
v 15.503775 0.010376 -2.910954
v 15.510605 2.010376 -2.861423
v 15.533157 0.010376 -2.912097
v 15.530193 2.010376 -2.862185
v 15.562199 0.010376 -2.907486
v 15.549555 2.010376 -2.859111
v 15.589783 0.010376 -2.897298
v 15.567944 2.010376 -2.852319
v 15.614849 0.010376 -2.881925
v 15.584656 2.010376 -2.842070
v 15.636433 0.010376 -2.861957
v 15.599045 2.010376 -2.828758
v 15.653709 0.010376 -2.838161
v 15.610561 2.010376 -2.812894
v 15.666010 0.010376 -2.811452
v 15.618763 2.010376 -2.795088
v 15.672863 0.010376 -2.782857
v 15.623333 2.010376 -2.776025
v 15.674007 0.010376 -2.753474
v 15.624094 2.010376 -2.756436
v 15.669395 0.010376 -2.724432
v 15.621021 2.010376 -2.737075
v 15.659208 0.010376 -2.696848
v 15.614227 2.010376 -2.718686
v 15.643835 0.010376 -2.671782
v 15.603979 2.010376 -2.701975
v 15.623867 0.010376 -2.650197
v 15.590668 2.010376 -2.687585
v 15.600071 0.010376 -2.632922
v 15.574802 2.010376 -2.676068
v 15.573362 0.010376 -2.620621
v 15.556997 2.010376 -2.667868
v 15.544767 0.010376 -2.613768
v 15.537933 2.010376 -2.663299
v 15.515385 0.010376 -2.612624
v 15.518345 2.010376 -2.662537
v 15.486343 0.010376 -2.617235
v 15.498985 2.010376 -2.665610
v 15.458759 0.010376 -2.627422
v 15.480595 2.010376 -2.672402
v 15.433693 0.010376 -2.642796
v 15.463884 2.010376 -2.682651
v 15.412107 0.010376 -2.662765
v 15.449493 2.010376 -2.695963
v 15.394833 0.010376 -2.686560
v 15.437977 2.010376 -2.711827
v 15.382530 0.010376 -2.713269
v 15.429777 2.010376 -2.729633
v 15.375677 0.010376 -2.741864
v 15.425209 2.010376 -2.748696
v 15.374535 0.010376 -2.771247
v 15.424446 2.010376 -2.768285
v 15.379145 0.010376 -2.800288
v 15.427519 2.010376 -2.787646
v 15.389332 0.010376 -2.827872
v 15.434311 2.010376 -2.806035
v 15.404705 0.010376 -2.852939
v 15.444561 2.010376 -2.822746
v 15.424446 0.129828 -2.768285
v 15.623333 0.130018 -2.776025
v 15.449493 0.129792 -2.695963
v 15.584656 0.130036 -2.842070
v 15.518345 0.129828 -2.662537
v 15.510605 0.129984 -2.861423
v 15.590668 0.129915 -2.687585
v 15.427521 0.129847 -2.787646
v 15.624096 0.130002 -2.756436
v 15.437977 0.129795 -2.711827
v 15.599045 0.130038 -2.828758
v 15.498985 0.129813 -2.665610
v 15.530193 0.130002 -2.862185
v 15.574802 0.129891 -2.676068
v 15.434311 0.129869 -2.806035
v 15.621021 0.129984 -2.737075
v 15.429777 0.129802 -2.729633
v 15.610561 0.130036 -2.812894
v 15.480595 0.129802 -2.672402
v 15.549557 0.130018 -2.859111
v 15.556999 0.129869 -2.667868
v 15.473736 0.129940 -2.848653
v 15.444561 0.129891 -2.822746
v 15.614227 0.129962 -2.718686
v 15.425209 0.129813 -2.748696
v 15.618763 0.130029 -2.795088
v 15.457874 0.129916 -2.837136
v 15.463886 0.129795 -2.682651
v 15.567944 0.130029 -2.852319
v 15.537933 0.129847 -2.663299
v 15.491543 0.129962 -2.856853
v 15.603981 0.129940 -2.701975
v 15.424446 0.023474 -2.768285
v 15.623333 0.023474 -2.776025
v 15.449493 0.023474 -2.695963
v 15.584656 0.023474 -2.842070
v 15.518345 0.023474 -2.662537
v 15.510605 0.023474 -2.861423
v 15.590668 0.023474 -2.687585
v 15.427521 0.023474 -2.787646
v 15.624096 0.023474 -2.756436
v 15.437977 0.023474 -2.711827
v 15.599045 0.023474 -2.828758
v 15.498985 0.023474 -2.665610
v 15.530193 0.023474 -2.862185
v 15.574802 0.023474 -2.676068
v 15.434311 0.023474 -2.806035
v 15.621021 0.023474 -2.737075
v 15.429777 0.023474 -2.729633
v 15.610561 0.023474 -2.812894
v 15.480595 0.023474 -2.672402
v 15.549557 0.023474 -2.859111
v 15.556999 0.023474 -2.667868
v 15.473736 0.023474 -2.848653
v 15.444561 0.023474 -2.822746
v 15.614227 0.023474 -2.718686
v 15.425209 0.023474 -2.748696
v 15.618763 0.023474 -2.795088
v 15.463886 0.023474 -2.682651
v 15.567944 0.023474 -2.852319
v 15.537933 0.023474 -2.663299
v 15.491543 0.023474 -2.856853
v 15.603981 0.023474 -2.701975
v 15.457874 0.023474 -2.837136
v 12.712801 2.155687 3.926299
v 12.712799 4.275222 3.926299
v 11.106323 2.155687 2.117109
v 11.106323 4.275222 2.117109
v 15.753201 2.155688 1.226562
v 15.753201 4.275223 1.226562
v 14.146723 2.155688 -0.582628
v 14.146721 4.275223 -0.582627
v 10.414709 0.010375 1.574099
v 10.447906 2.010375 1.611485
v 10.438503 0.010375 1.556823
v 10.463770 2.010375 1.599969
v 10.465212 0.010375 1.544522
v 10.481575 2.010375 1.591768
v 10.493809 0.010375 1.537668
v 10.500639 2.010375 1.587199
v 10.523190 0.010375 1.536526
v 10.520227 2.010375 1.586437
v 10.552231 0.010375 1.541136
v 10.539589 2.010375 1.589511
v 10.579815 0.010375 1.551324
v 10.557978 2.010375 1.596303
v 10.604881 0.010375 1.566698
v 10.574688 2.010375 1.606552
v 10.626469 0.010375 1.586666
v 10.589079 2.010375 1.619864
v 10.643742 0.010375 1.610461
v 10.600595 2.010375 1.635728
v 10.656044 0.010375 1.637170
v 10.608795 2.010375 1.653534
v 10.662897 0.010375 1.665766
v 10.613365 2.010375 1.672597
v 10.664040 0.010375 1.695148
v 10.614128 2.010375 1.692185
v 10.659430 0.010375 1.724190
v 10.611053 2.010375 1.711547
v 10.649242 0.010375 1.751774
v 10.604263 2.010375 1.729936
v 10.633869 0.010375 1.776839
v 10.594013 2.010375 1.746647
v 10.613899 0.010375 1.798426
v 10.580700 2.010375 1.761037
v 10.590105 0.010375 1.815701
v 10.564838 2.010375 1.772553
v 10.563396 0.010375 1.828001
v 10.547031 2.010375 1.780754
v 10.534801 0.010375 1.834854
v 10.527967 2.010375 1.785323
v 10.505417 0.010375 1.835999
v 10.508379 2.010375 1.786085
v 10.476376 0.010375 1.831388
v 10.489017 2.010375 1.783011
v 10.448793 0.010375 1.821199
v 10.470629 2.010375 1.776219
v 10.423727 0.010375 1.805826
v 10.453918 2.010375 1.765971
v 10.402142 0.010375 1.785858
v 10.439528 2.010375 1.752659
v 10.384867 0.010375 1.762062
v 10.428011 2.010375 1.736794
v 10.372564 0.010375 1.735353
v 10.419811 2.010375 1.718989
v 10.365711 0.010375 1.706758
v 10.415241 2.010375 1.699925
v 10.364569 0.010375 1.677375
v 10.414480 2.010375 1.680337
v 10.369179 0.010375 1.648334
v 10.417553 2.010375 1.660976
v 10.379366 0.010375 1.620749
v 10.424345 2.010375 1.642587
v 10.394739 0.010375 1.595684
v 10.434595 2.010375 1.625875
v 10.539589 0.121776 1.589511
v 10.547031 0.121627 1.780754
v 10.463770 0.121698 1.599969
v 10.434595 0.121650 1.625875
v 10.604263 0.121721 1.729936
v 10.415241 0.121572 1.699925
v 10.608797 0.121788 1.653534
v 10.453918 0.121554 1.765971
v 10.557980 0.121788 1.596303
v 10.527969 0.121606 1.785323
v 10.481575 0.121721 1.591768
v 10.594013 0.121698 1.746647
v 10.414480 0.121587 1.680337
v 10.613365 0.121776 1.672597
v 10.439529 0.121551 1.752659
v 10.574688 0.121794 1.606552
v 10.508379 0.121587 1.786085
v 10.500639 0.121742 1.587199
v 10.447906 0.121674 1.611485
v 10.580700 0.121674 1.761037
v 10.417553 0.121606 1.660976
v 10.614128 0.121761 1.692185
v 10.428011 0.121554 1.736794
v 10.589079 0.121797 1.619864
v 10.489017 0.121572 1.783011
v 10.520229 0.121761 1.586437
v 10.564838 0.121650 1.772553
v 10.424345 0.121627 1.642587
v 10.611053 0.121742 1.711547
v 10.419811 0.121560 1.718989
v 10.600595 0.121794 1.635728
v 10.470629 0.121560 1.776219
v 10.539589 0.023473 1.589511
v 10.547031 0.023473 1.780754
v 10.463770 0.023473 1.599969
v 10.434595 0.023473 1.625875
v 10.604263 0.023473 1.729936
v 10.415241 0.023473 1.699925
v 10.608797 0.023473 1.653534
v 10.453918 0.023473 1.765971
v 10.557980 0.023473 1.596303
v 10.527969 0.023473 1.785323
v 10.481575 0.023473 1.591768
v 10.594013 0.023473 1.746647
v 10.414480 0.023473 1.680337
v 10.613365 0.023473 1.672597
v 10.439529 0.023473 1.752659
v 10.574688 0.023473 1.606552
v 10.508379 0.023473 1.786085
v 10.500639 0.023473 1.587199
v 10.580700 0.023473 1.761037
v 10.417553 0.023473 1.660976
v 10.614128 0.023473 1.692185
v 10.428011 0.023473 1.736794
v 10.589079 0.023473 1.619864
v 10.447906 0.023473 1.611485
v 10.489017 0.023473 1.783011
v 10.520229 0.023473 1.586437
v 10.564838 0.023473 1.772553
v 10.424345 0.023473 1.642587
v 10.611053 0.023473 1.711547
v 10.419811 0.023473 1.718989
v 10.600595 0.023473 1.635728
v 10.470629 0.023473 1.776219
v 12.971004 0.010375 4.452959
v 13.004204 2.010375 4.490347
v 12.994801 0.010375 4.435684
v 13.020069 2.010375 4.478830
v 13.021511 0.010375 4.423384
v 13.037872 2.010375 4.470630
v 13.050106 0.010375 4.416530
v 13.056938 2.010375 4.466061
v 13.079487 0.010375 4.415386
v 13.076527 2.010375 4.465298
v 13.108528 0.010375 4.419996
v 13.095886 2.010375 4.468372
v 13.136112 0.010375 4.430185
v 13.114277 2.010375 4.475164
v 13.161179 0.010375 4.445559
v 13.130985 2.010375 4.485413
v 13.182766 0.010375 4.465527
v 13.145378 2.010375 4.498725
v 13.200039 0.010376 4.489323
v 13.156895 2.010375 4.514589
v 13.212341 0.010376 4.516031
v 13.165094 2.010375 4.532394
v 13.219194 0.010376 4.544626
v 13.169662 2.010375 4.551458
v 13.220337 0.010376 4.574009
v 13.170425 2.010375 4.571047
v 13.215727 0.010376 4.603050
v 13.167351 2.010375 4.590407
v 13.205540 0.010376 4.630634
v 13.160561 2.010375 4.608797
v 13.190166 0.010376 4.655701
v 13.150311 2.010375 4.625507
v 13.170197 0.010376 4.677286
v 13.136997 2.010375 4.639898
v 13.146400 0.010376 4.694561
v 13.121136 2.010375 4.651415
v 13.119694 0.010376 4.706861
v 13.103329 2.010375 4.659616
v 13.091099 0.010376 4.713716
v 13.084267 2.010375 4.664185
v 13.061714 0.010376 4.714859
v 13.064678 2.010375 4.664947
v 13.032673 0.010376 4.710249
v 13.045315 2.010375 4.661873
v 13.005089 0.010376 4.700060
v 13.026928 2.010375 4.655081
v 12.980022 0.010376 4.684687
v 13.010216 2.010375 4.644833
v 12.958439 0.010375 4.664719
v 12.995827 2.010375 4.631520
v 12.941162 0.010375 4.640923
v 12.984310 2.010375 4.615656
v 12.928864 0.010375 4.614214
v 12.976109 2.010375 4.597851
v 12.922009 0.010375 4.585619
v 12.971539 2.010375 4.578787
v 12.920864 0.010375 4.556236
v 12.970776 2.010375 4.559198
v 12.925476 0.010375 4.527195
v 12.973850 2.010375 4.539837
v 12.935663 0.010375 4.499611
v 12.980644 2.010375 4.521448
v 12.951038 0.010375 4.474545
v 12.990891 2.010375 4.504737
v 13.084267 0.121606 4.664185
v 13.037872 0.121721 4.470630
v 13.150311 0.121698 4.625507
v 12.970778 0.121587 4.559198
v 13.169662 0.121776 4.551458
v 13.004204 0.121674 4.490347
v 12.995827 0.121551 4.631519
v 13.130985 0.121794 4.485413
v 13.064678 0.121587 4.664947
v 13.056938 0.121742 4.466061
v 13.136999 0.121674 4.639898
v 12.973850 0.121605 4.539837
v 13.170425 0.121761 4.571047
v 12.984310 0.121553 4.615656
v 13.145378 0.121797 4.498725
v 13.045317 0.121572 4.661873
v 13.076527 0.121761 4.465298
v 13.121136 0.121650 4.651415
v 12.980644 0.121627 4.521448
v 13.167351 0.121742 4.590407
v 12.976109 0.121560 4.597851
v 13.156895 0.121794 4.514589
v 13.026928 0.121560 4.655081
v 13.095886 0.121776 4.468372
v 13.103329 0.121627 4.659616
v 13.020069 0.121698 4.478830
v 12.990892 0.121650 4.504737
v 13.160561 0.121721 4.608797
v 12.971539 0.121572 4.578787
v 13.165094 0.121788 4.532394
v 13.010216 0.121553 4.644833
v 13.114277 0.121788 4.475164
v 13.084267 0.023473 4.664185
v 13.037874 0.023473 4.470630
v 13.150311 0.023473 4.625507
v 12.970778 0.023473 4.559198
v 13.169662 0.023473 4.551458
v 12.995827 0.023473 4.631519
v 13.130985 0.023473 4.485413
v 13.064678 0.023473 4.664947
v 13.056938 0.023473 4.466061
v 13.136999 0.023473 4.639898
v 12.973850 0.023473 4.539837
v 13.170425 0.023473 4.571047
v 12.984310 0.023473 4.615656
v 13.145378 0.023473 4.498725
v 13.004204 0.023473 4.490347
v 13.045317 0.023473 4.661873
v 13.076527 0.023473 4.465298
v 13.121136 0.023473 4.651415
v 12.980644 0.023473 4.521448
v 13.167351 0.023473 4.590407
v 12.976109 0.023473 4.597851
v 13.156895 0.023473 4.514589
v 13.026928 0.023473 4.655081
v 13.095886 0.023473 4.468372
v 13.103329 0.023473 4.659616
v 13.020069 0.023473 4.478830
v 12.990892 0.023473 4.504737
v 13.160561 0.023473 4.608797
v 12.971539 0.023473 4.578787
v 13.165094 0.023473 4.532394
v 13.010216 0.023473 4.644833
v 13.114277 0.023473 4.475164
v 18.072033 1.968390 0.558713
v 18.072033 2.168390 0.558713
v 15.084152 1.968390 -2.806190
v 15.084152 2.168390 -2.806190
v 18.520687 1.968390 0.160329
v 18.520687 2.168390 0.160329
v 15.532806 1.968390 -3.204574
v 15.532806 2.168390 -3.204574
v 16.090382 1.968390 -0.690673
v 18.072033 2.068390 0.558713
v 16.090382 2.168390 -0.690673
v 15.084152 2.068390 -2.806190
v 15.308479 1.968390 -3.005382
v 15.308479 2.168390 -3.005382
v 15.532806 2.068390 -3.204574
v 16.539034 1.968390 -1.089057
v 16.539034 2.168390 -1.089057
v 18.520687 2.068390 0.160329
v 18.296360 1.968390 0.359521
v 18.296360 2.168391 0.359521
v 16.314709 2.168390 -0.889865
v 16.314709 1.968390 -0.889865
v 18.296360 2.068390 0.359521
v 16.539034 2.068390 -1.089057
v 15.308479 2.068390 -3.005382
v 16.090382 2.068390 -0.690673
v 16.837351 1.968390 0.150553
v 18.072033 2.118391 0.558713
v 15.343410 2.168390 -1.531898
v 15.084152 2.018390 -2.806190
v 15.196316 1.968390 -2.905786
v 15.420643 2.168390 -3.104978
v 15.532806 2.018390 -3.204574
v 15.792065 1.968390 -1.930283
v 17.286003 2.168390 -0.247831
v 18.520687 2.018390 0.160329
v 18.408524 1.968390 0.259925
v 18.184196 2.168391 0.459117
v 15.343410 1.968390 -1.531898
v 18.072033 2.018390 0.558713
v 16.837351 2.168390 0.150553
v 15.084152 2.118390 -2.806190
v 15.420643 1.968390 -3.104978
v 15.196316 2.168390 -2.905786
v 15.532806 2.118390 -3.204574
v 17.286003 1.968390 -0.247831
v 15.792065 2.168390 -1.930283
v 18.520687 2.118390 0.160329
v 18.184196 1.968390 0.459117
v 18.408524 2.168390 0.259925
v 17.061676 2.168390 -0.048639
v 15.567738 2.168390 -1.731091
v 16.426872 2.168390 -0.989461
v 16.202545 2.168390 -0.790269
v 17.061676 1.968390 -0.048639
v 15.567738 1.968390 -1.731091
v 16.202545 1.968390 -0.790269
v 16.426872 1.968390 -0.989461
v 18.184196 2.068390 0.459117
v 18.408524 2.068390 0.259925
v 18.296360 2.018390 0.359521
v 18.296360 2.118391 0.359521
v 17.286003 2.068390 -0.247831
v 15.792065 2.068390 -1.930283
v 16.539034 2.018390 -1.089057
v 16.539034 2.118390 -1.089057
v 15.420643 2.068390 -3.104978
v 15.196316 2.068390 -2.905786
v 15.308479 2.018390 -3.005382
v 15.308479 2.118390 -3.005382
v 15.343410 2.068390 -1.531898
v 16.837351 2.068390 0.150553
v 16.090382 2.018390 -0.690673
v 16.090382 2.118390 -0.690673
v 16.837351 2.118390 0.150553
v 16.837351 2.018390 0.150553
v 15.343410 2.018390 -1.531898
v 15.196316 2.118390 -2.905786
v 15.196316 2.018390 -2.905786
v 15.420643 2.018390 -3.104978
v 15.792065 2.118390 -1.930283
v 15.792065 2.018390 -1.930283
v 17.286003 2.018390 -0.247831
v 18.408524 2.118390 0.259925
v 18.408524 2.018390 0.259925
v 18.184196 2.018390 0.459117
v 15.679901 1.968390 -1.830687
v 15.455574 1.968390 -1.631495
v 16.949514 1.968390 0.050957
v 15.455574 2.168390 -1.631495
v 15.679901 2.168390 -1.830687
v 17.173840 2.168390 -0.148235
v 16.949514 2.168390 0.050957
v 17.173840 1.968390 -0.148235
v 18.184196 2.118391 0.459117
v 17.286003 2.118390 -0.247831
v 15.420643 2.118390 -3.104978
v 15.343410 2.118390 -1.531898
v 17.698547 1.968390 0.138100
v 15.457638 2.168390 -2.385577
v 15.906290 1.968390 -2.783961
v 18.147202 2.168391 -0.260283
v 17.922874 2.168391 -0.061092
v 17.922874 1.968390 -0.061092
v 18.147202 2.068390 -0.260283
v 15.457638 2.068390 -2.385577
v 15.457638 1.968390 -2.385577
v 17.698547 2.168390 0.138100
v 18.147202 1.968390 -0.260283
v 15.906290 2.168390 -2.783961
v 15.681965 2.168390 -2.584769
v 15.681965 1.968390 -2.584769
v 15.906290 2.068390 -2.783961
v 17.698547 2.068390 0.138100
v 17.698547 2.118391 0.138100
v 17.698547 2.018390 0.138100
v 15.457638 2.018390 -2.385577
v 15.906290 2.118390 -2.783961
v 15.906290 2.018390 -2.783961
v 18.147202 2.018390 -0.260283
v 15.794128 1.968390 -2.684365
v 15.569801 1.968390 -2.485173
v 17.810711 1.968390 0.038505
v 15.569801 2.168390 -2.485173
v 15.794128 2.168390 -2.684365
v 18.035038 2.168391 -0.160688
v 17.810711 2.168391 0.038505
v 18.035038 1.968390 -0.160688
v 18.147202 2.118391 -0.260283
v 15.457638 2.118390 -2.385577
v 13.062065 1.968390 5.007336
v 13.062065 2.168390 5.007336
v 10.074186 1.968390 1.642432
v 10.074186 2.168390 1.642432
v 13.510719 1.968390 4.608952
v 13.510719 2.168390 4.608952
v 10.522839 1.968390 1.244048
v 10.522839 2.168390 1.244048
v 11.937782 2.042062 2.996646
v 13.062065 2.068390 5.007336
v 11.937782 2.242062 2.996646
v 10.074186 2.068390 1.642432
v 10.298512 1.968390 1.443240
v 10.298512 2.168390 1.443240
v 10.522839 2.068389 1.244048
v 12.386436 2.042062 2.598262
v 12.386436 2.242062 2.598262
v 13.510719 2.068390 4.608952
v 13.286392 1.968390 4.808144
v 13.286392 2.168390 4.808144
v 12.162109 2.242062 2.797454
v 12.162109 2.042062 2.797454
v 13.286392 2.068390 4.808144
v 12.386436 2.142062 2.598262
v 10.298512 2.068389 1.443240
v 11.937782 2.142062 2.996646
v 12.684752 2.042062 3.837872
v 13.062065 2.118390 5.007336
v 11.190811 2.242062 2.155420
v 10.074186 2.018390 1.642432
v 10.186348 1.968390 1.542836
v 10.410675 2.168390 1.343644
v 10.522839 2.018389 1.244048
v 11.639465 2.042062 1.757036
v 13.133404 2.242062 3.439487
v 13.510719 2.018390 4.608952
v 13.398556 1.968390 4.708548
v 13.174229 2.168390 4.907740
v 11.190811 2.042062 2.155420
v 13.062065 2.018390 5.007336
v 12.684752 2.242062 3.837872
v 10.074186 2.118390 1.642432
v 10.410675 1.968390 1.343644
v 10.186348 2.168390 1.542836
v 10.522839 2.118390 1.244048
v 13.133404 2.042062 3.439487
v 11.639465 2.242062 1.757036
v 13.510719 2.118390 4.608952
v 13.174229 1.968390 4.907740
v 13.398556 2.168390 4.708548
v 12.909077 2.242062 3.638680
v 11.415138 2.242062 1.956228
v 12.274273 2.242062 2.697858
v 12.049946 2.242062 2.897050
v 12.909079 2.042062 3.638680
v 11.415138 2.042062 1.956228
v 12.049946 2.042062 2.897050
v 12.274273 2.042062 2.697858
v 13.174229 2.068390 4.907740
v 13.398556 2.068390 4.708548
v 13.286392 2.018390 4.808144
v 13.286392 2.118390 4.808144
v 13.133404 2.142062 3.439487
v 11.639465 2.142062 1.757036
v 12.386436 2.092062 2.598262
v 12.386436 2.192062 2.598262
v 10.410675 2.068389 1.343644
v 10.186348 2.068389 1.542836
v 10.298512 2.018389 1.443240
v 10.298512 2.118390 1.443240
v 11.190811 2.142062 2.155420
v 12.684752 2.142062 3.837872
v 11.937782 2.092062 2.996646
v 11.937782 2.192062 2.996646
v 12.684752 2.192062 3.837872
v 12.684752 2.092062 3.837872
v 11.190811 2.092062 2.155420
v 10.186348 2.118390 1.542836
v 10.186348 2.018389 1.542836
v 10.410675 2.018389 1.343644
v 11.639465 2.192062 1.757036
v 11.639465 2.092062 1.757036
v 13.133404 2.092062 3.439487
v 13.398556 2.118390 4.708548
v 13.398556 2.018390 4.708548
v 13.174229 2.018390 4.907740
v 11.527302 2.042062 1.856632
v 11.302975 2.042062 2.055824
v 12.796915 2.042062 3.738276
v 11.302975 2.242062 2.055824
v 11.527302 2.242062 1.856632
v 13.021240 2.242062 3.539083
v 12.796915 2.242062 3.738276
v 13.021242 2.042062 3.539083
v 13.174229 2.118390 4.907740
v 13.133404 2.192062 3.439487
v 10.410675 2.118390 1.343644
v 11.190811 2.192062 2.155420
v 12.688580 1.968390 4.586722
v 10.447670 2.168390 2.063046
v 10.896324 1.968390 1.664661
v 13.137234 2.168390 4.188338
v 12.912907 2.168390 4.387530
v 12.912907 1.968390 4.387530
v 13.137234 2.068390 4.188338
v 10.447670 2.068390 2.063046
v 10.447670 1.968390 2.063046
v 12.688580 2.168390 4.586722
v 13.137234 1.968390 4.188338
v 10.896324 2.168390 1.664661
v 10.671997 2.168390 1.863853
v 10.671997 1.968390 1.863853
v 10.896324 2.068390 1.664661
v 12.688580 2.068390 4.586722
v 12.688580 2.118390 4.586722
v 12.688580 2.018390 4.586722
v 10.447670 2.018390 2.063046
v 10.896324 2.118390 1.664661
v 10.896324 2.018390 1.664661
v 13.137234 2.018390 4.188338
v 10.784161 1.968390 1.764257
v 10.559834 1.968390 1.963449
v 12.800743 1.968390 4.487126
v 10.559834 2.168390 1.963449
v 10.784161 2.168390 1.764257
v 13.025070 2.168390 4.287934
v 12.800743 2.168390 4.487126
v 13.025070 1.968390 4.287934
v 13.137234 2.118390 4.188338
v 10.447670 2.118390 2.063046
v 12.712801 3.215455 3.926299
v 11.106323 3.215454 2.117109
v 12.626522 2.155687 0.767241
v 12.626522 4.275222 0.767241
v 14.146723 3.215455 -0.582627
v 15.753201 3.215455 1.226562
v 14.233002 2.155688 2.576430
v 14.233002 4.275222 2.576431
v 14.233002 3.215455 2.576431
v 12.626522 3.215455 0.767241
v 11.909561 2.155687 3.021704
v 12.712801 3.745338 3.926299
v 11.909561 4.275222 3.021705
v 11.106323 2.685571 2.117109
v 11.866423 2.155687 1.442175
v 13.386621 4.275222 0.092307
v 14.146723 2.685571 -0.582627
v 14.949963 2.155688 0.321967
v 14.949961 4.275223 0.321968
v 15.753201 2.685572 1.226562
v 14.993101 2.155688 1.901496
v 13.472900 4.275222 3.251365
v 12.712801 2.685571 3.926299
v 11.106323 3.745338 2.117109
v 13.386623 2.155688 0.092306
v 11.866423 4.275222 1.442175
v 14.146721 3.745339 -0.582627
v 15.753201 3.745339 1.226562
v 13.472900 2.155687 3.251365
v 14.993099 4.275223 1.901497
v 13.429760 4.275222 1.671836
v 13.429762 2.155687 1.671836
v 13.472900 3.215455 3.251365
v 14.993101 3.215455 1.901497
v 14.233002 2.685571 2.576430
v 14.233002 3.745339 2.576431
v 14.949963 3.215455 0.321967
v 13.386623 3.215455 0.092307
v 11.866423 3.215455 1.442175
v 12.626522 2.685571 0.767241
v 12.626522 3.745338 0.767241
v 11.909561 3.215455 3.021704
v 11.909561 2.685571 3.021704
v 11.866423 3.745338 1.442175
v 11.866423 2.685571 1.442175
v 13.386623 2.685571 0.092306
v 14.949963 2.685571 0.321967
v 14.993099 3.745339 1.901497
v 14.993101 2.685571 1.901497
v 13.472900 2.685571 3.251365
v 12.669662 2.155687 2.346769
v 14.189861 4.275223 0.996902
v 12.669662 4.275222 2.346770
v 14.189861 2.155688 0.996902
v 13.472900 3.745338 3.251365
v 14.949963 3.745339 0.321968
v 13.386623 3.745339 0.092307
v 11.909561 3.745338 3.021704
v 11.866423 3.215455 1.442175
v 12.626522 3.215455 0.767241
v 12.626522 3.745338 0.767241
v 12.626522 2.685571 0.767241
v 11.866423 3.745338 1.442175
v 11.866423 2.685571 1.442175
v 11.800026 3.215455 1.367399
v 12.560125 3.215455 0.692465
v 12.560123 3.745338 0.692466
v 12.560125 2.685571 0.692465
v 11.800026 3.745338 1.367399
v 11.800026 2.685571 1.367399
v 14.299397 3.745338 2.651207
v 14.299398 3.215455 2.651206
v 13.539299 3.215455 3.326140
v 14.299398 2.685571 2.651206
v 13.539299 2.685571 3.326140
v 13.539299 3.745338 3.326140
v 15.059498 3.215455 1.976273
v 14.299398 3.215455 2.651206
v 14.299397 3.745338 2.651207
v 14.299398 2.685571 2.651206
v 15.059498 3.745339 1.976273
v 15.059498 2.685571 1.976273
v 12.560123 3.745338 0.692466
v 12.560125 3.215455 0.692465
v 13.320225 3.215455 0.017531
v 12.560125 2.685571 0.692465
v 13.320225 2.685571 0.017530
v 13.320225 3.745339 0.017531
v 14.146721 3.480397 -0.582627
v 13.766672 3.215455 -0.245160
v 14.146723 2.950513 -0.582627
v 13.766674 2.685571 -0.245161
v 13.386623 2.950513 0.092306
v 13.766672 3.745339 -0.245160
v 13.386623 3.480397 0.092307
v 13.766672 3.480397 -0.245160
v 13.766672 2.950513 -0.245160
v 13.353424 3.480397 0.054919
v 13.353424 3.215455 0.054919
v 13.733475 3.215455 -0.282548
v 13.353424 2.950513 0.054918
v 13.353424 3.745339 0.054919
v 13.733475 3.745339 -0.282548
v 13.733475 3.480397 -0.282548
v 13.733475 2.950513 -0.282548
v 15.753201 3.480397 1.226562
v 15.753201 2.950513 1.226562
v 15.373150 3.215455 1.564030
v 15.373150 3.745339 1.564030
v 14.993099 3.480397 1.901497
v 15.373150 2.685571 1.564030
v 14.993101 2.950513 1.901497
v 15.373150 2.950513 1.564030
v 15.373150 3.480397 1.564030
v 15.406349 3.215455 1.601418
v 15.026299 3.215455 1.938885
v 15.406349 3.745339 1.601418
v 15.026299 3.745339 1.938885
v 15.026299 3.480397 1.938885
v 15.026299 2.950513 1.938885
v 15.406349 2.950513 1.601418
v 15.406349 3.480397 1.601418
v 11.800026 4.275222 1.367399
v 12.560123 4.275222 0.692466
v 13.320225 4.275222 0.017531
v 12.560123 3.745338 0.692466
v 11.800026 3.745338 1.367399
v 13.320225 3.745339 0.017531
v 15.059498 4.275223 1.976273
v 14.299397 4.275222 2.651207
v 13.539299 4.275222 3.326140
v 14.299397 3.745338 2.651207
v 15.059498 3.745339 1.976273
v 13.539299 3.745338 3.326140
v 17.414188 2.559262 -0.194486
v 16.440407 6.341336 0.670189
v 15.754255 2.559262 -2.063876
v 14.780472 6.341336 -1.199202
v 17.696997 2.689489 -0.445605
v 16.723213 6.471563 0.419069
v 16.037064 2.689489 -2.314996
v 15.063280 6.471563 -1.450321
v 15.550171 4.580526 -1.882658
v 17.210106 4.580526 -0.013268
v 15.125717 6.500314 -1.505762
v 16.785648 6.500314 0.363628
v 15.612606 4.609277 -1.938099
v 17.272541 4.609277 -0.068708
v 15.722443 2.263900 1.307710
v 15.722441 4.263900 1.307710
v 14.062508 2.263900 -0.561681
v 14.062508 4.263900 -0.561681
v 17.217953 2.263900 -0.020237
v 17.217953 4.263900 -0.020237
v 15.558020 2.263900 -1.889627
v 15.558020 4.263900 -1.889627
v 15.544987 5.555017 -1.409986
v 15.633362 5.595714 -1.488461
v 15.599213 5.389002 -1.435011
v 15.687590 5.429698 -1.513486
v 15.674320 5.229366 -1.433210
v 15.762695 5.270062 -1.511686
v 15.767422 5.082246 -1.404656
v 15.855797 5.122942 -1.483131
v 15.874939 4.953293 -1.350444
v 15.963318 4.993989 -1.428919
v 15.992741 4.847465 -1.272657
v 16.081120 4.888161 -1.351133
v 16.116302 4.768826 -1.174287
v 16.204679 4.809523 -1.252762
v 16.240871 4.720402 -1.059112
v 16.329248 4.761098 -1.137587
v 16.361664 4.704051 -0.931559
v 16.450039 4.744747 -1.010033
v 16.474033 4.720402 -0.796528
v 16.562412 4.761098 -0.875003
v 16.573666 4.768827 -0.659210
v 16.662045 4.809523 -0.737685
v 16.656733 4.847465 -0.524882
v 16.745110 4.888161 -0.603357
v 16.720039 4.953293 -0.398706
v 16.808416 4.993989 -0.477180
v 16.761154 5.082246 -0.285530
v 16.849531 5.122942 -0.364005
v 16.778496 5.229366 -0.189705
v 16.866875 5.270062 -0.268180
v 16.771400 5.389002 -0.114912
v 16.859776 5.429698 -0.193387
v 16.740139 5.555017 -0.064026
v 16.828514 5.595714 -0.142501
v 16.685909 5.721033 -0.039001
v 16.774288 5.761729 -0.117476
v 16.610804 5.880669 -0.040802
v 16.699181 5.921365 -0.119276
v 16.517700 6.027789 -0.069356
v 16.606079 6.068485 -0.147831
v 16.410183 6.156742 -0.123569
v 16.498562 6.197438 -0.202044
v 16.292381 6.262570 -0.201355
v 16.380758 6.303267 -0.279829
v 16.168819 6.341208 -0.299726
v 16.257198 6.381905 -0.378201
v 16.044250 6.389633 -0.414901
v 16.132629 6.430329 -0.493376
v 15.923460 6.405984 -0.542455
v 16.011837 6.446680 -0.620930
v 15.811089 6.389633 -0.677485
v 15.899467 6.430329 -0.755960
v 15.711456 6.341208 -0.814802
v 15.799833 6.381905 -0.893277
v 15.628391 6.262570 -0.949131
v 15.716766 6.303267 -1.027605
v 15.565083 6.156742 -1.075306
v 15.653461 6.197438 -1.153782
v 15.523968 6.027789 -1.188482
v 15.612347 6.068485 -1.266956
v 15.506626 5.880669 -1.284307
v 15.595005 5.921365 -1.362782
v 15.513723 5.721033 -1.359100
v 15.602100 5.761729 -1.437575
v -16.974848 2.948139 6.156420
v -16.980402 4.043615 6.306247
v -14.426332 6.736460 3.657480
v -16.868372 4.161730 6.190064
v -14.314304 6.854575 3.541298
v -0.454885 2.754689 3.804559
v -0.454885 2.754689 5.254560
v -0.627817 3.739623 3.804559
v -0.454885 2.754689 2.554559
v -18.276146 4.043615 5.056828
v -0.627817 3.739623 5.254560
v -0.627817 3.739623 2.554559
v -18.164116 4.161731 4.940645
v -0.454885 2.754689 4.004560
v -0.627817 3.739623 4.004560
v -17.586727 2.948139 5.566417
v -15.722076 6.736460 2.408062
v -16.242521 2.591050 5.541009
v -16.130493 2.709165 5.424827
v -17.935169 3.634073 5.927779
v -17.538265 2.591050 4.291590
v -15.610048 6.854575 2.291879
v -17.426237 2.709166 4.175407
v -14.225870 6.491608 2.080950
v -13.688452 5.283895 2.892242
v -16.355501 2.671748 5.514110
v -17.323292 3.634073 6.517782
v -18.163166 3.962917 5.083727
v -17.507273 2.671748 4.403515
v -18.126619 2.948139 5.045825
v -13.576424 5.402010 2.776060
v -17.011395 3.962917 6.194322
v -14.984196 5.283895 1.642823
v -16.899364 4.081032 6.078139
v -17.395245 2.789864 4.287333
v -14.574314 7.177542 2.442313
v -14.872168 5.402011 1.526641
v -18.051138 4.081032 4.967545
v -14.765764 6.491608 1.560359
v -16.243473 2.789864 5.397928
v -13.613993 6.491608 2.670954
v -13.801432 5.364594 2.865343
v -15.609097 6.655762 2.434960
v -17.279278 2.342904 5.247568
v -14.953203 5.364594 1.754748
v -18.475063 3.634073 5.407187
v -14.457325 6.655762 3.545555
v -13.918421 5.886373 1.762101
v -13.962435 7.177542 3.032316
v -14.345297 6.773877 3.429373
v -14.841175 5.482709 1.638566
v -17.819170 2.342904 4.726976
v -15.114208 7.177542 1.921721
v -15.497068 6.773877 2.318778
v -13.689404 5.482708 2.749161
v -14.458315 5.886373 1.241510
v -17.514742 2.948139 5.635829
v -17.627720 3.028837 5.608930
v -17.863184 3.634073 5.997191
v -14.266865 6.572306 2.123464
v -14.153885 6.491608 2.150362
v -18.167614 3.028837 5.088339
v -14.502329 7.177542 2.511725
v -14.806757 6.572306 1.602872
v -16.667398 2.342904 5.837571
v -17.015841 3.028837 6.198934
v -13.306541 5.886373 2.352105
v -13.654985 6.572306 2.713467
v -17.207291 2.342904 5.316980
v -17.555735 3.028837 5.678342
v -13.846436 5.886373 1.831513
v -14.194878 6.572306 2.192876
v -13.996853 6.087944 3.068010
v -14.108881 5.969829 3.184193
v -14.341324 5.364594 2.344752
v -14.229296 5.482709 2.228570
v -14.885189 6.773877 2.908782
v -14.997217 6.655762 3.024963
v -14.037846 6.168642 3.110524
v -14.149876 6.050527 3.226706
v -15.301647 6.050527 2.116111
v -15.189619 6.168642 1.999929
v -14.957174 6.773877 2.839369
v -15.069204 6.655762 2.955551
v -15.260654 5.969829 2.073598
v -15.148624 6.087944 1.957416
v -14.413311 5.364594 2.275340
v -14.301283 5.482709 2.159158
v -16.550922 3.395099 5.716777
v -16.662951 3.276983 5.832959
v -16.895393 2.671748 4.993519
v -16.783365 2.789864 4.877337
v -17.439259 4.081032 5.557548
v -17.551287 3.962917 5.673730
v -16.591915 3.475797 5.759290
v -16.703943 3.357682 5.875472
v -17.855717 3.357682 4.764877
v -17.743689 3.475797 4.648695
v -17.511244 4.081032 5.488135
v -17.623272 3.962917 5.604318
v -17.814724 3.276983 4.722364
v -17.702694 3.395099 4.606182
v -16.967381 2.671748 4.924107
v -16.855352 2.789864 4.807924
v -18.075596 2.036031 4.904559
v -18.075596 2.236031 4.904559
v -18.075596 2.036031 2.904559
v -18.075596 2.236031 2.904559
v -10.075596 2.353354 4.904559
v -10.075596 2.553354 4.904559
v -10.075596 2.353354 2.904559
v -10.075596 2.553354 2.904559
v -11.620487 2.353354 2.904559
v -11.620487 2.553354 4.904559
v -11.620487 2.553354 2.904559
v -11.620487 2.353354 4.904559
v -11.872522 2.036031 4.904559
v -11.872523 2.036031 2.904559
v -11.872522 2.236031 2.904559
v -11.872523 2.236031 4.904559
v -14.137268 1.050002 4.704559
v -14.137268 2.050002 4.704559
v -14.137268 1.050002 3.104559
v -14.137268 2.050002 3.104559
v -12.137268 1.050002 4.704559
v -12.137268 2.050002 4.704559
v -12.137268 1.050002 3.104559
v -12.137268 2.050002 3.104559
v -17.474874 1.050002 4.354559
v -17.474874 2.050002 4.354559
v -17.474874 1.050002 3.454559
v -17.474874 2.050002 3.454559
v -12.474874 1.050002 4.354559
v -12.474874 2.050002 4.354559
v -12.474874 1.050002 3.454559
v -12.474874 2.050002 3.454559
v -15.234875 2.000002 2.458421
v -15.234875 2.000002 3.422513
v -15.039785 1.980787 2.458421
v -15.039785 1.980787 3.422513
v -14.852192 1.923881 2.458421
v -14.852192 1.923881 3.422513
v -14.679304 1.831471 2.458421
v -14.679304 1.831471 3.422513
v -14.527769 1.707108 2.458421
v -14.527769 1.707108 3.422513
v -14.403406 1.555572 2.458421
v -14.403406 1.555572 3.422513
v -14.310995 1.382685 2.458421
v -14.310995 1.382685 3.422513
v -14.254089 1.195092 2.458421
v -14.254089 1.195092 3.422513
v -14.234875 1.000002 2.458421
v -14.234875 1.000002 3.422513
v -14.254089 0.804911 2.458421
v -14.254089 0.804911 3.422513
v -14.310995 0.617318 2.458421
v -14.310995 0.617318 3.422513
v -14.403406 0.444432 2.458421
v -14.403406 0.444432 3.422513
v -14.527767 0.292895 2.458421
v -14.527767 0.292895 3.422513
v -14.679304 0.168532 2.458421
v -14.679304 0.168532 3.422513
v -14.852192 0.076122 2.458421
v -14.852192 0.076122 3.422513
v -15.039785 0.019217 2.458421
v -15.039785 0.019217 3.422513
v -15.234875 0.000002 2.458421
v -15.234875 0.000002 3.422513
v -15.429966 0.019217 2.458421
v -15.429966 0.019217 3.422513
v -15.617558 0.076122 2.458421
v -15.617558 0.076122 3.422513
v -15.790445 0.168532 2.458421
v -15.790445 0.168532 3.422513
v -15.941982 0.292895 2.458421
v -15.941982 0.292895 3.422513
v -16.066345 0.444431 2.458421
v -16.066345 0.444431 3.422513
v -16.158754 0.617318 2.458421
v -16.158754 0.617318 3.422513
v -16.215660 0.804911 2.458421
v -16.215660 0.804911 3.422513
v -16.234875 1.000002 2.458421
v -16.234875 1.000002 3.422513
v -16.215660 1.195092 2.458421
v -16.215660 1.195092 3.422513
v -16.158754 1.382685 2.458421
v -16.158754 1.382685 3.422513
v -16.066345 1.555572 2.458421
v -16.066345 1.555572 3.422513
v -15.941982 1.707108 2.458421
v -15.941982 1.707108 3.422513
v -15.790445 1.831471 2.458421
v -15.790445 1.831471 3.422513
v -15.617558 1.923881 2.458421
v -15.617558 1.923881 3.422513
v -15.429966 1.980787 2.458421
v -15.429966 1.980787 3.422513
v -15.234875 2.000002 4.386605
v -15.234875 2.000002 5.350698
v -15.039785 1.980787 4.386605
v -15.039785 1.980787 5.350698
v -14.852192 1.923881 4.386605
v -14.852192 1.923881 5.350698
v -14.679304 1.831471 4.386605
v -14.679304 1.831471 5.350698
v -14.527769 1.707108 4.386605
v -14.527769 1.707108 5.350698
v -14.403406 1.555572 4.386605
v -14.403406 1.555572 5.350698
v -14.310995 1.382685 4.386605
v -14.310995 1.382685 5.350698
v -14.254089 1.195092 4.386605
v -14.254089 1.195092 5.350698
v -14.234875 1.000002 4.386605
v -14.234875 1.000002 5.350698
v -14.254089 0.804911 4.386605
v -14.254089 0.804911 5.350698
v -14.310995 0.617318 4.386605
v -14.310995 0.617318 5.350698
v -14.403406 0.444432 4.386605
v -14.403406 0.444432 5.350698
v -14.527767 0.292895 4.386605
v -14.527767 0.292895 5.350698
v -14.679304 0.168532 4.386605
v -14.679304 0.168532 5.350698
v -14.852192 0.076122 4.386605
v -14.852192 0.076122 5.350698
v -15.039785 0.019217 4.386605
v -15.039785 0.019217 5.350698
v -15.234875 0.000002 4.386605
v -15.234875 0.000002 5.350698
v -15.429966 0.019217 4.386605
v -15.429966 0.019217 5.350698
v -15.617558 0.076122 4.386605
v -15.617558 0.076122 5.350698
v -15.790445 0.168532 4.386605
v -15.790445 0.168532 5.350698
v -15.941982 0.292895 4.386605
v -15.941982 0.292895 5.350698
v -16.066345 0.444431 4.386605
v -16.066345 0.444431 5.350698
v -16.158754 0.617318 4.386605
v -16.158754 0.617318 5.350698
v -16.215660 0.804911 4.386605
v -16.215660 0.804911 5.350698
v -16.234875 1.000002 4.386605
v -16.234875 1.000002 5.350698
v -16.215660 1.195092 4.386605
v -16.215660 1.195092 5.350698
v -16.158754 1.382685 4.386605
v -16.158754 1.382685 5.350698
v -16.066345 1.555572 4.386605
v -16.066345 1.555572 5.350698
v -15.941982 1.707108 4.386605
v -15.941982 1.707108 5.350698
v -15.790445 1.831471 4.386605
v -15.790445 1.831471 5.350698
v -15.617558 1.923881 4.386605
v -15.617558 1.923881 5.350698
v -15.429966 1.980787 4.386605
v -15.429966 1.980787 5.350698
v -17.299139 2.000002 4.386605
v -17.299139 2.000002 5.350698
v -17.104048 1.980787 4.386605
v -17.104048 1.980787 5.350698
v -16.916456 1.923881 4.386605
v -16.916456 1.923881 5.350698
v -16.743568 1.831471 4.386605
v -16.743568 1.831471 5.350698
v -16.592031 1.707108 4.386605
v -16.592031 1.707108 5.350698
v -16.467669 1.555572 4.386605
v -16.467669 1.555572 5.350698
v -16.375259 1.382685 4.386605
v -16.375259 1.382685 5.350698
v -16.318354 1.195092 4.386605
v -16.318354 1.195092 5.350698
v -16.299139 1.000002 4.386605
v -16.299139 1.000002 5.350698
v -16.318354 0.804911 4.386605
v -16.318354 0.804911 5.350698
v -16.375259 0.617318 4.386605
v -16.375259 0.617318 5.350698
v -16.467669 0.444431 4.386605
v -16.467669 0.444431 5.350698
v -16.592031 0.292895 4.386605
v -16.592031 0.292895 5.350698
v -16.743568 0.168532 4.386605
v -16.743568 0.168532 5.350698
v -16.916456 0.076122 4.386605
v -16.916456 0.076122 5.350698
v -17.104048 0.019216 4.386605
v -17.104048 0.019216 5.350698
v -17.299139 0.000001 4.386605
v -17.299139 0.000001 5.350698
v -17.494228 0.019216 4.386605
v -17.494228 0.019216 5.350698
v -17.681822 0.076122 4.386605
v -17.681822 0.076122 5.350698
v -17.854710 0.168532 4.386605
v -17.854710 0.168532 5.350698
v -18.006247 0.292895 4.386605
v -18.006247 0.292895 5.350698
v -18.130608 0.444431 4.386605
v -18.130608 0.444431 5.350698
v -18.223019 0.617318 4.386605
v -18.223019 0.617318 5.350698
v -18.279924 0.804911 4.386605
v -18.279924 0.804911 5.350698
v -18.299139 1.000002 4.386605
v -18.299139 1.000002 5.350698
v -18.279924 1.195092 4.386605
v -18.279924 1.195092 5.350698
v -18.223019 1.382685 4.386605
v -18.223019 1.382685 5.350698
v -18.130608 1.555572 4.386605
v -18.130608 1.555572 5.350698
v -18.006247 1.707108 4.386605
v -18.006247 1.707108 5.350698
v -17.854710 1.831471 4.386605
v -17.854710 1.831471 5.350698
v -17.681822 1.923881 4.386605
v -17.681822 1.923881 5.350698
v -17.494228 1.980787 4.386605
v -17.494228 1.980787 5.350698
v -17.299139 2.000002 2.458421
v -17.299139 2.000002 3.422513
v -17.104048 1.980787 2.458421
v -17.104048 1.980787 3.422513
v -16.916456 1.923881 2.458421
v -16.916456 1.923881 3.422513
v -16.743568 1.831471 2.458421
v -16.743568 1.831471 3.422513
v -16.592031 1.707108 2.458421
v -16.592031 1.707108 3.422513
v -16.467669 1.555572 2.458421
v -16.467669 1.555572 3.422513
v -16.375259 1.382685 2.458421
v -16.375259 1.382685 3.422513
v -16.318354 1.195092 2.458421
v -16.318354 1.195092 3.422513
v -16.299139 1.000002 2.458421
v -16.299139 1.000002 3.422513
v -16.318354 0.804911 2.458421
v -16.318354 0.804911 3.422513
v -16.375259 0.617318 2.458421
v -16.375259 0.617318 3.422513
v -16.467669 0.444431 2.458421
v -16.467669 0.444431 3.422513
v -16.592031 0.292895 2.458421
v -16.592031 0.292895 3.422513
v -16.743568 0.168532 2.458421
v -16.743568 0.168532 3.422513
v -16.916456 0.076122 2.458421
v -16.916456 0.076122 3.422513
v -17.104048 0.019216 2.458421
v -17.104048 0.019216 3.422513
v -17.299139 0.000001 2.458421
v -17.299139 0.000001 3.422513
v -17.494228 0.019216 2.458421
v -17.494228 0.019216 3.422513
v -17.681822 0.076122 2.458421
v -17.681822 0.076122 3.422513
v -17.854710 0.168532 2.458421
v -17.854710 0.168532 3.422513
v -18.006247 0.292895 2.458421
v -18.006247 0.292895 3.422513
v -18.130608 0.444431 2.458421
v -18.130608 0.444431 3.422513
v -18.223019 0.617318 2.458421
v -18.223019 0.617318 3.422513
v -18.279924 0.804911 2.458421
v -18.279924 0.804911 3.422513
v -18.299139 1.000002 2.458421
v -18.299139 1.000002 3.422513
v -18.279924 1.195092 2.458421
v -18.279924 1.195092 3.422513
v -18.223019 1.382685 2.458421
v -18.223019 1.382685 3.422513
v -18.130608 1.555572 2.458421
v -18.130608 1.555572 3.422513
v -18.006247 1.707108 2.458421
v -18.006247 1.707108 3.422513
v -17.854710 1.831471 2.458421
v -17.854710 1.831471 3.422513
v -17.681822 1.923881 2.458421
v -17.681822 1.923881 3.422513
v -17.494228 1.980787 2.458421
v -17.494228 1.980787 3.422513
v -11.507931 1.050002 4.354559
v -11.507931 2.050002 4.354559
v -11.507931 1.050002 3.454559
v -11.507931 2.050002 3.454559
v -2.257563 1.050002 4.354559
v -2.257563 2.050002 4.354559
v -2.257563 1.050002 3.454559
v -2.257563 2.050002 3.454559
v -10.784288 2.000002 4.386605
v -10.784288 2.000002 5.350698
v -10.589197 1.980787 4.386605
v -10.589197 1.980787 5.350698
v -10.401605 1.923881 4.386605
v -10.401605 1.923881 5.350698
v -10.228718 1.831471 4.386605
v -10.228718 1.831471 5.350698
v -10.077181 1.707109 4.386605
v -10.077181 1.707109 5.350698
v -9.952818 1.555572 4.386605
v -9.952818 1.555572 5.350698
v -9.860409 1.382685 4.386605
v -9.860409 1.382685 5.350698
v -9.803503 1.195092 4.386605
v -9.803503 1.195092 5.350698
v -9.784288 1.000002 4.386605
v -9.784288 1.000002 5.350698
v -9.803503 0.804911 4.386605
v -9.803503 0.804911 5.350698
v -9.860409 0.617318 4.386605
v -9.860409 0.617318 5.350698
v -9.952818 0.444432 4.386605
v -9.952818 0.444432 5.350698
v -10.077181 0.292895 4.386605
v -10.077181 0.292895 5.350698
v -10.228718 0.168532 4.386605
v -10.228718 0.168532 5.350698
v -10.401605 0.076122 4.386605
v -10.401605 0.076122 5.350698
v -10.589197 0.019216 4.386605
v -10.589197 0.019216 5.350698
v -10.784288 0.000002 4.386605
v -10.784288 0.000002 5.350698
v -10.979378 0.019216 4.386605
v -10.979378 0.019216 5.350698
v -11.166971 0.076122 4.386605
v -11.166971 0.076122 5.350698
v -11.339858 0.168532 4.386605
v -11.339858 0.168532 5.350698
v -11.491394 0.292895 4.386605
v -11.491394 0.292895 5.350698
v -11.615757 0.444431 4.386605
v -11.615757 0.444431 5.350698
v -11.708168 0.617318 4.386605
v -11.708168 0.617318 5.350698
v -11.765074 0.804911 4.386605
v -11.765074 0.804911 5.350698
v -11.784288 1.000002 4.386605
v -11.784288 1.000002 5.350698
v -11.765074 1.195092 4.386605
v -11.765074 1.195092 5.350698
v -11.708168 1.382685 4.386605
v -11.708168 1.382685 5.350698
v -11.615757 1.555572 4.386605
v -11.615757 1.555572 5.350698
v -11.491394 1.707108 4.386605
v -11.491394 1.707108 5.350698
v -11.339859 1.831471 4.386605
v -11.339859 1.831471 5.350698
v -11.166971 1.923881 4.386605
v -11.166971 1.923881 5.350698
v -10.979378 1.980787 4.386605
v -10.979378 1.980787 5.350698
v -10.784288 2.000002 2.458421
v -10.784288 2.000002 3.422513
v -10.589197 1.980787 2.458421
v -10.589197 1.980787 3.422513
v -10.401605 1.923881 2.458421
v -10.401605 1.923881 3.422513
v -10.228718 1.831471 2.458421
v -10.228718 1.831471 3.422513
v -10.077181 1.707109 2.458421
v -10.077181 1.707109 3.422513
v -9.952818 1.555572 2.458421
v -9.952818 1.555572 3.422513
v -9.860409 1.382685 2.458421
v -9.860409 1.382685 3.422513
v -9.803503 1.195092 2.458421
v -9.803503 1.195092 3.422513
v -9.784288 1.000002 2.458421
v -9.784288 1.000002 3.422513
v -9.803503 0.804911 2.458421
v -9.803503 0.804911 3.422513
v -9.860409 0.617318 2.458421
v -9.860409 0.617318 3.422513
v -9.952818 0.444432 2.458421
v -9.952818 0.444432 3.422513
v -10.077181 0.292895 2.458421
v -10.077181 0.292895 3.422513
v -10.228718 0.168532 2.458421
v -10.228718 0.168532 3.422513
v -10.401605 0.076122 2.458421
v -10.401605 0.076122 3.422513
v -10.589197 0.019216 2.458421
v -10.589197 0.019216 3.422513
v -10.784288 0.000002 2.458421
v -10.784288 0.000002 3.422513
v -10.979378 0.019216 2.458421
v -10.979378 0.019216 3.422513
v -11.166971 0.076122 2.458421
v -11.166971 0.076122 3.422513
v -11.339858 0.168532 2.458421
v -11.339858 0.168532 3.422513
v -11.491394 0.292895 2.458421
v -11.491394 0.292895 3.422513
v -11.615757 0.444431 2.458421
v -11.615757 0.444431 3.422513
v -11.708168 0.617318 2.458421
v -11.708168 0.617318 3.422513
v -11.765074 0.804911 2.458421
v -11.765074 0.804911 3.422513
v -11.784288 1.000002 2.458421
v -11.784288 1.000002 3.422513
v -11.765074 1.195092 2.458421
v -11.765074 1.195092 3.422513
v -11.708168 1.382685 2.458421
v -11.708168 1.382685 3.422513
v -11.615757 1.555572 2.458421
v -11.615757 1.555572 3.422513
v -11.491394 1.707108 2.458421
v -11.491394 1.707108 3.422513
v -11.339859 1.831471 2.458421
v -11.339859 1.831471 3.422513
v -11.166971 1.923881 2.458421
v -11.166971 1.923881 3.422513
v -10.979378 1.980787 2.458421
v -10.979378 1.980787 3.422513
v -8.650063 2.000002 2.458421
v -8.650063 2.000002 3.422513
v -8.454973 1.980787 2.458421
v -8.454973 1.980787 3.422513
v -8.267380 1.923881 2.458421
v -8.267380 1.923881 3.422513
v -8.094493 1.831471 2.458421
v -8.094493 1.831471 3.422513
v -7.942956 1.707108 2.458421
v -7.942956 1.707108 3.422513
v -7.818594 1.555572 2.458421
v -7.818594 1.555572 3.422513
v -7.726183 1.382685 2.458421
v -7.726183 1.382685 3.422513
v -7.669278 1.195092 2.458421
v -7.669278 1.195092 3.422513
v -7.650063 1.000002 2.458421
v -7.650063 1.000002 3.422513
v -7.669278 0.804911 2.458421
v -7.669278 0.804911 3.422513
v -7.726183 0.617318 2.458421
v -7.726183 0.617318 3.422513
v -7.818594 0.444431 2.458421
v -7.818594 0.444431 3.422513
v -7.942956 0.292895 2.458421
v -7.942956 0.292895 3.422513
v -8.094493 0.168532 2.458421
v -8.094493 0.168532 3.422513
v -8.267380 0.076122 2.458421
v -8.267380 0.076122 3.422513
v -8.454973 0.019216 2.458421
v -8.454973 0.019216 3.422513
v -8.650064 0.000002 2.458421
v -8.650064 0.000002 3.422513
v -8.845154 0.019216 2.458421
v -8.845154 0.019216 3.422513
v -9.032746 0.076122 2.458421
v -9.032746 0.076122 3.422513
v -9.205633 0.168532 2.458421
v -9.205633 0.168532 3.422513
v -9.357170 0.292895 2.458421
v -9.357170 0.292895 3.422513
v -9.481533 0.444431 2.458421
v -9.481533 0.444431 3.422513
v -9.573942 0.617318 2.458421
v -9.573942 0.617318 3.422513
v -9.630848 0.804911 2.458421
v -9.630848 0.804911 3.422513
v -9.650063 1.000002 2.458421
v -9.650063 1.000002 3.422513
v -9.630848 1.195092 2.458421
v -9.630848 1.195092 3.422513
v -9.573942 1.382685 2.458421
v -9.573942 1.382685 3.422513
v -9.481533 1.555572 2.458421
v -9.481533 1.555572 3.422513
v -9.357170 1.707108 2.458421
v -9.357170 1.707108 3.422513
v -9.205633 1.831471 2.458421
v -9.205633 1.831471 3.422513
v -9.032746 1.923881 2.458421
v -9.032746 1.923881 3.422513
v -8.845154 1.980787 2.458421
v -8.845154 1.980787 3.422513
v -8.650063 2.000002 4.386605
v -8.650063 2.000002 5.350698
v -8.454973 1.980787 4.386605
v -8.454973 1.980787 5.350698
v -8.267380 1.923881 4.386605
v -8.267380 1.923881 5.350698
v -8.094493 1.831471 4.386605
v -8.094493 1.831471 5.350698
v -7.942956 1.707108 4.386605
v -7.942956 1.707108 5.350698
v -7.818594 1.555572 4.386605
v -7.818594 1.555572 5.350698
v -7.726183 1.382685 4.386605
v -7.726183 1.382685 5.350698
v -7.669278 1.195092 4.386605
v -7.669278 1.195092 5.350698
v -7.650063 1.000002 4.386605
v -7.650063 1.000002 5.350698
v -7.669278 0.804911 4.386605
v -7.669278 0.804911 5.350698
v -7.726183 0.617318 4.386605
v -7.726183 0.617318 5.350698
v -7.818594 0.444431 4.386605
v -7.818594 0.444431 5.350698
v -7.942956 0.292895 4.386605
v -7.942956 0.292895 5.350698
v -8.094493 0.168532 4.386605
v -8.094493 0.168532 5.350698
v -8.267380 0.076122 4.386605
v -8.267380 0.076122 5.350698
v -8.454973 0.019216 4.386605
v -8.454973 0.019216 5.350698
v -8.650064 0.000002 4.386605
v -8.650064 0.000002 5.350698
v -8.845154 0.019216 4.386605
v -8.845154 0.019216 5.350698
v -9.032746 0.076122 4.386605
v -9.032746 0.076122 5.350698
v -9.205633 0.168532 4.386605
v -9.205633 0.168532 5.350698
v -9.357170 0.292895 4.386605
v -9.357170 0.292895 5.350698
v -9.481533 0.444431 4.386605
v -9.481533 0.444431 5.350698
v -9.573942 0.617318 4.386605
v -9.573942 0.617318 5.350698
v -9.630848 0.804911 4.386605
v -9.630848 0.804911 5.350698
v -9.650063 1.000002 4.386605
v -9.650063 1.000002 5.350698
v -9.630848 1.195092 4.386605
v -9.630848 1.195092 5.350698
v -9.573942 1.382685 4.386605
v -9.573942 1.382685 5.350698
v -9.481533 1.555572 4.386605
v -9.481533 1.555572 5.350698
v -9.357170 1.707108 4.386605
v -9.357170 1.707108 5.350698
v -9.205633 1.831471 4.386605
v -9.205633 1.831471 5.350698
v -9.032746 1.923881 4.386605
v -9.032746 1.923881 5.350698
v -8.845154 1.980787 4.386605
v -8.845154 1.980787 5.350698
v -11.627026 2.036031 4.904559
v -11.627026 2.236031 4.904559
v -11.627026 2.036031 2.904559
v -11.627026 2.236031 2.904559
v -1.565418 2.028189 4.904559
v -1.565418 2.228189 4.904559
v -1.565418 2.028189 2.904559
v -1.565418 2.228189 2.904559
v -7.327339 1.432072 2.904559
v -7.327339 1.632072 4.904559
v -7.327339 1.632072 2.904559
v -7.327339 1.432072 4.904559
v -7.856895 2.036031 4.904559
v -7.856896 2.036031 2.904559
v -7.856895 2.236031 2.904559
v -7.856896 2.236031 4.904559
v -5.948876 1.432072 2.904559
v -5.947250 1.632072 4.904559
v -5.947251 1.632072 2.904559
v -5.948876 1.432072 4.904559
v -5.425298 2.028189 2.904559
v -5.425298 2.228189 4.904559
v -5.425298 2.228189 2.904559
v -5.425298 2.028189 4.904559
v -2.725005 2.000002 4.386605
v -2.725005 2.000002 5.350698
v -2.529914 1.980787 4.386605
v -2.529914 1.980787 5.350698
v -2.342321 1.923881 4.386605
v -2.342321 1.923881 5.350698
v -2.169434 1.831471 4.386605
v -2.169434 1.831471 5.350698
v -2.017898 1.707108 4.386605
v -2.017898 1.707108 5.350698
v -1.893535 1.555572 4.386605
v -1.893535 1.555572 5.350698
v -1.801125 1.382685 4.386605
v -1.801125 1.382685 5.350698
v -1.744219 1.195092 4.386605
v -1.744219 1.195092 5.350698
v -1.725005 1.000002 4.386605
v -1.725005 1.000002 5.350698
v -1.744219 0.804911 4.386605
v -1.744219 0.804911 5.350698
v -1.801125 0.617318 4.386605
v -1.801125 0.617318 5.350698
v -1.893535 0.444431 4.386605
v -1.893535 0.444431 5.350698
v -2.017898 0.292895 4.386605
v -2.017898 0.292895 5.350698
v -2.169434 0.168532 4.386605
v -2.169434 0.168532 5.350698
v -2.342321 0.076122 4.386605
v -2.342321 0.076122 5.350698
v -2.529915 0.019216 4.386605
v -2.529915 0.019216 5.350698
v -2.725005 0.000001 4.386605
v -2.725005 0.000001 5.350698
v -2.920095 0.019217 4.386605
v -2.920095 0.019217 5.350698
v -3.107688 0.076122 4.386605
v -3.107688 0.076122 5.350698
v -3.280575 0.168532 4.386605
v -3.280575 0.168532 5.350698
v -3.432111 0.292895 4.386605
v -3.432111 0.292895 5.350698
v -3.556474 0.444431 4.386605
v -3.556474 0.444431 5.350698
v -3.648884 0.617318 4.386605
v -3.648884 0.617318 5.350698
v -3.705790 0.804911 4.386605
v -3.705790 0.804911 5.350698
v -3.725005 1.000002 4.386605
v -3.725005 1.000002 5.350698
v -3.705790 1.195092 4.386605
v -3.705790 1.195092 5.350698
v -3.648884 1.382685 4.386605
v -3.648884 1.382685 5.350698
v -3.556474 1.555572 4.386605
v -3.556474 1.555572 5.350698
v -3.432111 1.707108 4.386605
v -3.432111 1.707108 5.350698
v -3.280575 1.831471 4.386605
v -3.280575 1.831471 5.350698
v -3.107688 1.923881 4.386605
v -3.107688 1.923881 5.350698
v -2.920095 1.980787 4.386605
v -2.920095 1.980787 5.350698
v -2.725005 2.000002 2.458421
v -2.725005 2.000002 3.422513
v -2.529914 1.980787 2.458421
v -2.529914 1.980787 3.422513
v -2.342321 1.923881 2.458421
v -2.342321 1.923881 3.422513
v -2.169434 1.831471 2.458421
v -2.169434 1.831471 3.422513
v -2.017898 1.707108 2.458421
v -2.017898 1.707108 3.422513
v -1.893535 1.555572 2.458421
v -1.893535 1.555572 3.422513
v -1.801125 1.382685 2.458421
v -1.801125 1.382685 3.422513
v -1.744219 1.195092 2.458421
v -1.744219 1.195092 3.422513
v -1.725005 1.000002 2.458421
v -1.725005 1.000002 3.422513
v -1.744219 0.804911 2.458421
v -1.744219 0.804911 3.422513
v -1.801125 0.617318 2.458421
v -1.801125 0.617318 3.422513
v -1.893535 0.444431 2.458421
v -1.893535 0.444431 3.422513
v -2.017898 0.292895 2.458421
v -2.017898 0.292895 3.422513
v -2.169434 0.168532 2.458421
v -2.169434 0.168532 3.422513
v -2.342321 0.076122 2.458421
v -2.342321 0.076122 3.422513
v -2.529915 0.019216 2.458421
v -2.529915 0.019216 3.422513
v -2.725005 0.000001 2.458421
v -2.725005 0.000001 3.422513
v -2.920095 0.019217 2.458421
v -2.920095 0.019217 3.422513
v -3.107688 0.076122 2.458421
v -3.107688 0.076122 3.422513
v -3.280575 0.168532 2.458421
v -3.280575 0.168532 3.422513
v -3.432111 0.292895 2.458421
v -3.432111 0.292895 3.422513
v -3.556474 0.444431 2.458421
v -3.556474 0.444431 3.422513
v -3.648884 0.617318 2.458421
v -3.648884 0.617318 3.422513
v -3.705790 0.804911 2.458421
v -3.705790 0.804911 3.422513
v -3.725005 1.000002 2.458421
v -3.725005 1.000002 3.422513
v -3.705790 1.195092 2.458421
v -3.705790 1.195092 3.422513
v -3.648884 1.382685 2.458421
v -3.648884 1.382685 3.422513
v -3.556474 1.555572 2.458421
v -3.556474 1.555572 3.422513
v -3.432111 1.707108 2.458421
v -3.432111 1.707108 3.422513
v -3.280575 1.831471 2.458421
v -3.280575 1.831471 3.422513
v -3.107688 1.923881 2.458421
v -3.107688 1.923881 3.422513
v -2.920095 1.980787 2.458421
v -2.920095 1.980787 3.422513
v -4.859229 2.000002 2.458421
v -4.859229 2.000002 3.422513
v -4.664138 1.980787 2.458421
v -4.664138 1.980787 3.422513
v -4.476545 1.923881 2.458421
v -4.476545 1.923881 3.422513
v -4.303658 1.831471 2.458421
v -4.303658 1.831471 3.422513
v -4.152122 1.707108 2.458421
v -4.152122 1.707108 3.422513
v -4.027759 1.555572 2.458421
v -4.027759 1.555572 3.422513
v -3.935349 1.382685 2.458421
v -3.935349 1.382685 3.422513
v -3.878443 1.195092 2.458421
v -3.878443 1.195092 3.422513
v -3.859229 1.000002 2.458421
v -3.859229 1.000002 3.422513
v -3.878443 0.804911 2.458421
v -3.878443 0.804911 3.422513
v -3.935349 0.617318 2.458421
v -3.935349 0.617318 3.422513
v -4.027759 0.444432 2.458421
v -4.027759 0.444432 3.422513
v -4.152122 0.292895 2.458421
v -4.152122 0.292895 3.422513
v -4.303658 0.168532 2.458421
v -4.303658 0.168532 3.422513
v -4.476545 0.076122 2.458421
v -4.476545 0.076122 3.422513
v -4.664138 0.019217 2.458421
v -4.664138 0.019217 3.422513
v -4.859229 0.000002 2.458421
v -4.859229 0.000002 3.422513
v -5.054319 0.019217 2.458421
v -5.054319 0.019217 3.422513
v -5.241912 0.076122 2.458421
v -5.241912 0.076122 3.422513
v -5.414799 0.168532 2.458421
v -5.414799 0.168532 3.422513
v -5.566335 0.292895 2.458421
v -5.566335 0.292895 3.422513
v -5.690698 0.444431 2.458421
v -5.690698 0.444431 3.422513
v -5.783108 0.617318 2.458421
v -5.783108 0.617318 3.422513
v -5.840014 0.804911 2.458421
v -5.840014 0.804911 3.422513
v -5.859229 1.000002 2.458421
v -5.859229 1.000002 3.422513
v -5.840014 1.195092 2.458421
v -5.840014 1.195092 3.422513
v -5.783108 1.382685 2.458421
v -5.783108 1.382685 3.422513
v -5.690698 1.555572 2.458421
v -5.690698 1.555572 3.422513
v -5.566335 1.707108 2.458421
v -5.566335 1.707108 3.422513
v -5.414799 1.831471 2.458421
v -5.414799 1.831471 3.422513
v -5.241912 1.923881 2.458421
v -5.241912 1.923881 3.422513
v -5.054319 1.980787 2.458421
v -5.054319 1.980787 3.422513
v -4.859229 2.000002 4.386605
v -4.859229 2.000002 5.350698
v -4.664138 1.980787 4.386605
v -4.664138 1.980787 5.350698
v -4.476545 1.923881 4.386605
v -4.476545 1.923881 5.350698
v -4.303658 1.831471 4.386605
v -4.303658 1.831471 5.350698
v -4.152122 1.707108 4.386605
v -4.152122 1.707108 5.350698
v -4.027759 1.555572 4.386605
v -4.027759 1.555572 5.350698
v -3.935349 1.382685 4.386605
v -3.935349 1.382685 5.350698
v -3.878443 1.195092 4.386605
v -3.878443 1.195092 5.350698
v -3.859229 1.000002 4.386605
v -3.859229 1.000002 5.350698
v -3.878443 0.804911 4.386605
v -3.878443 0.804911 5.350698
v -3.935349 0.617318 4.386605
v -3.935349 0.617318 5.350698
v -4.027759 0.444432 4.386605
v -4.027759 0.444432 5.350698
v -4.152122 0.292895 4.386605
v -4.152122 0.292895 5.350698
v -4.303658 0.168532 4.386605
v -4.303658 0.168532 5.350698
v -4.476545 0.076122 4.386605
v -4.476545 0.076122 5.350698
v -4.664138 0.019217 4.386605
v -4.664138 0.019217 5.350698
v -4.859229 0.000002 4.386605
v -4.859229 0.000002 5.350698
v -5.054319 0.019217 4.386605
v -5.054319 0.019217 5.350698
v -5.241912 0.076122 4.386605
v -5.241912 0.076122 5.350698
v -5.414799 0.168532 4.386605
v -5.414799 0.168532 5.350698
v -5.566335 0.292895 4.386605
v -5.566335 0.292895 5.350698
v -5.690698 0.444431 4.386605
v -5.690698 0.444431 5.350698
v -5.783108 0.617318 4.386605
v -5.783108 0.617318 5.350698
v -5.840014 0.804911 4.386605
v -5.840014 0.804911 5.350698
v -5.859229 1.000002 4.386605
v -5.859229 1.000002 5.350698
v -5.840014 1.195092 4.386605
v -5.840014 1.195092 5.350698
v -5.783108 1.382685 4.386605
v -5.783108 1.382685 5.350698
v -5.690698 1.555572 4.386605
v -5.690698 1.555572 5.350698
v -5.566335 1.707108 4.386605
v -5.566335 1.707108 5.350698
v -5.414799 1.831471 4.386605
v -5.414799 1.831471 5.350698
v -5.241912 1.923881 4.386605
v -5.241912 1.923881 5.350698
v -5.054319 1.980787 4.386605
v -5.054319 1.980787 5.350698
v -7.266734 1.876509 2.954559
v -6.062735 1.876509 2.954559
v -7.266734 1.827737 2.959363
v -6.062735 1.827737 2.959363
v -7.266734 1.780839 2.973589
v -6.062735 1.780839 2.973589
v -7.266734 1.737617 2.996692
v -6.062735 1.737617 2.996692
v -7.266734 1.699733 3.027782
v -6.062735 1.699733 3.027782
v -7.266734 1.668642 3.065667
v -6.062735 1.668642 3.065667
v -7.266734 1.645540 3.108889
v -6.062735 1.645540 3.108889
v -7.266734 1.631313 3.155787
v -6.062735 1.631313 3.155787
v -7.266734 1.626510 3.204559
v -6.062735 1.626510 3.204559
v -7.266734 1.631313 3.253332
v -6.062735 1.631313 3.253332
v -7.266734 1.645540 3.300230
v -6.062735 1.645540 3.300230
v -7.266734 1.668642 3.343452
v -6.062735 1.668642 3.343452
v -7.266734 1.699733 3.381336
v -6.062735 1.699733 3.381336
v -7.266734 1.737617 3.412427
v -6.062735 1.737617 3.412427
v -7.266734 1.780839 3.435529
v -6.062735 1.780839 3.435529
v -7.266734 1.827737 3.449756
v -6.062735 1.827737 3.449756
v -7.266734 1.876509 3.454559
v -6.062735 1.876509 3.454559
v -7.266734 1.925282 3.449756
v -6.062735 1.925282 3.449756
v -7.266734 1.972180 3.435529
v -6.062735 1.972180 3.435529
v -7.266734 2.015402 3.412427
v -6.062735 2.015402 3.412427
v -7.266734 2.053286 3.381336
v -6.062735 2.053286 3.381336
v -7.266734 2.084377 3.343452
v -6.062735 2.084377 3.343452
v -7.266734 2.107479 3.300230
v -6.062735 2.107479 3.300230
v -7.266734 2.121706 3.253332
v -6.062735 2.121706 3.253332
v -7.266734 2.126509 3.204559
v -6.062735 2.126509 3.204559
v -7.266734 2.121706 3.155787
v -6.062735 2.121706 3.155787
v -7.266734 2.107479 3.108889
v -6.062735 2.107479 3.108889
v -7.266734 2.084377 3.065667
v -6.062735 2.084377 3.065667
v -7.266734 2.053286 3.027782
v -6.062735 2.053286 3.027782
v -7.266734 2.015402 2.996692
v -6.062735 2.015402 2.996692
v -7.266734 1.972180 2.973589
v -6.062735 1.972180 2.973589
v -7.266734 1.925282 2.959363
v -6.062735 1.925282 2.959363
v -7.266734 1.876509 4.354559
v -6.062735 1.876509 4.354559
v -7.266734 1.827737 4.359363
v -6.062735 1.827737 4.359363
v -7.266734 1.780839 4.373590
v -6.062735 1.780839 4.373590
v -7.266734 1.737617 4.396692
v -6.062735 1.737617 4.396692
v -7.266734 1.699733 4.427783
v -6.062735 1.699733 4.427783
v -7.266734 1.668642 4.465667
v -6.062735 1.668642 4.465667
v -7.266734 1.645540 4.508889
v -6.062735 1.645540 4.508889
v -7.266734 1.631313 4.555787
v -6.062735 1.631313 4.555787
v -7.266734 1.626510 4.604559
v -6.062735 1.626510 4.604559
v -7.266734 1.631313 4.653332
v -6.062735 1.631313 4.653332
v -7.266734 1.645540 4.700231
v -6.062735 1.645540 4.700231
v -7.266734 1.668642 4.743452
v -6.062735 1.668642 4.743452
v -7.266734 1.699733 4.781336
v -6.062735 1.699733 4.781336
v -7.266734 1.737617 4.812427
v -6.062735 1.737617 4.812427
v -7.266734 1.780839 4.835529
v -6.062735 1.780839 4.835529
v -7.266734 1.827737 4.849756
v -6.062735 1.827737 4.849756
v -7.266734 1.876509 4.854559
v -6.062735 1.876509 4.854559
v -7.266734 1.925282 4.849756
v -6.062735 1.925282 4.849756
v -7.266734 1.972180 4.835529
v -6.062735 1.972180 4.835529
v -7.266734 2.015402 4.812427
v -6.062735 2.015402 4.812427
v -7.266734 2.053286 4.781336
v -6.062735 2.053286 4.781336
v -7.266734 2.084377 4.743452
v -6.062735 2.084377 4.743452
v -7.266734 2.107479 4.700231
v -6.062735 2.107479 4.700231
v -7.266734 2.121706 4.653332
v -6.062735 2.121706 4.653332
v -7.266734 2.126509 4.604559
v -6.062735 2.126509 4.604559
v -7.266734 2.121706 4.555787
v -6.062735 2.121706 4.555787
v -7.266734 2.107479 4.508889
v -6.062735 2.107479 4.508889
v -7.266734 2.084377 4.465667
v -6.062735 2.084377 4.465667
v -7.266734 2.053286 4.427783
v -6.062735 2.053286 4.427783
v -7.266734 2.015402 4.396692
v -6.062735 2.015402 4.396692
v -7.266734 1.972180 4.373590
v -6.062735 1.972180 4.373590
v -7.266734 1.925282 4.359363
v -6.062735 1.925282 4.359363
v -5.408000 2.114260 5.404559
v -5.408000 4.114260 5.404559
v -5.408000 2.114260 2.404559
v -5.408000 4.114260 2.404559
v -0.408000 2.208427 5.404559
v -0.692934 3.848109 5.404559
v -0.408000 2.208427 2.404559
v -0.692934 3.848109 2.404559
v -2.080977 2.114260 2.404559
v -2.080977 2.114260 5.404559
v -1.483110 1.537729 5.404559
v -1.483110 1.537729 2.404559
v -2.908000 4.114260 2.404559
v -2.908000 4.114260 5.404559
v -1.297315 4.114260 2.404559
v -1.297315 4.114260 5.404559
v -0.672712 3.731740 4.004560
v -0.672712 3.731740 5.254560
v -0.501503 2.746504 4.004560
v -0.501503 2.746504 5.254560
v -0.672712 3.731740 3.804559
v -0.672712 3.731740 2.554559
v -0.501503 2.746504 3.804559
v -0.501503 2.746504 2.554559
v -11.624875 0.010375 5.679560
v -11.624875 2.010375 5.729559
v -11.595612 0.010375 5.682442
v -11.605366 2.010375 5.731481
v -11.567472 0.010375 5.690977
v -11.586607 2.010375 5.737171
v -11.541540 0.010375 5.704839
v -11.569319 2.010375 5.746412
v -11.518808 0.010375 5.723494
v -11.554165 2.010375 5.758848
v -11.500154 0.010375 5.746223
v -11.541729 2.010375 5.774002
v -11.486294 0.010375 5.772157
v -11.532488 2.010375 5.791291
v -11.477757 0.010375 5.800296
v -11.526796 2.010375 5.810050
v -11.474874 0.010375 5.829559
v -11.524876 2.010375 5.829559
v -11.477757 0.010375 5.858823
v -11.526796 2.010375 5.849069
v -11.486294 0.010375 5.886962
v -11.532488 2.010375 5.867827
v -11.500154 0.010375 5.912895
v -11.541729 2.010375 5.885117
v -11.518808 0.010375 5.935625
v -11.554165 2.010375 5.900270
v -11.541540 0.010375 5.954280
v -11.569319 2.010375 5.912706
v -11.567472 0.010375 5.968142
v -11.586607 2.010375 5.921947
v -11.595612 0.010375 5.976677
v -11.605366 2.010375 5.927638
v -11.624875 0.010375 5.979559
v -11.624875 2.010375 5.929560
v -11.654139 0.010375 5.976677
v -11.644384 2.010375 5.927638
v -11.682278 0.010375 5.968142
v -11.663143 2.010375 5.921947
v -11.708210 0.010375 5.954280
v -11.680431 2.010375 5.912706
v -11.730942 0.010375 5.935625
v -11.695585 2.010375 5.900270
v -11.749596 0.010375 5.912895
v -11.708022 2.010375 5.885117
v -11.763456 0.010375 5.886962
v -11.717262 2.010375 5.867827
v -11.771994 0.010375 5.858823
v -11.722954 2.010375 5.849069
v -11.774876 0.010375 5.829559
v -11.724874 2.010375 5.829559
v -11.771994 0.010375 5.800296
v -11.722954 2.010375 5.810050
v -11.763456 0.010375 5.772157
v -11.717262 2.010375 5.791291
v -11.749596 0.010375 5.746223
v -11.708022 2.010375 5.774002
v -11.730942 0.010375 5.723494
v -11.695585 2.010375 5.758848
v -11.708210 0.010375 5.704839
v -11.680431 2.010375 5.746412
v -11.682278 0.010375 5.690977
v -11.663143 2.010375 5.737171
v -11.654139 0.010375 5.682442
v -11.644384 2.010375 5.731481
v -11.569319 0.129983 5.912706
v -11.717262 0.129801 5.791291
v -11.526796 0.130035 5.849069
v -11.624875 0.129915 5.729559
v -11.541728 0.130017 5.774002
v -11.663143 0.129868 5.921947
v -11.605366 0.129939 5.731481
v -11.717262 0.129801 5.867827
v -11.586607 0.129962 5.921947
v -11.644384 0.129891 5.731481
v -11.708021 0.129812 5.774002
v -11.532488 0.130028 5.867827
v -11.722954 0.129794 5.849069
v -11.532488 0.130028 5.791291
v -11.680431 0.129846 5.912706
v -11.586607 0.129962 5.737171
v -11.605366 0.129939 5.927638
v -11.695585 0.129828 5.758848
v -11.541728 0.130017 5.885117
v -11.724874 0.129791 5.829559
v -11.526796 0.130035 5.810050
v -11.695585 0.129828 5.900270
v -11.569319 0.129983 5.746412
v -11.624875 0.129915 5.929560
v -11.680431 0.129846 5.746412
v -11.554165 0.130002 5.900270
v -11.722954 0.129794 5.810050
v -11.524876 0.130038 5.829559
v -11.708021 0.129812 5.885117
v -11.554165 0.130002 5.758848
v -11.644384 0.129891 5.927638
v -11.663143 0.129868 5.737171
v -11.569319 0.023473 5.912706
v -11.717262 0.023473 5.791291
v -11.526796 0.023473 5.849069
v -11.717262 0.023473 5.867827
v -11.541728 0.023473 5.774002
v -11.663143 0.023473 5.921947
v -11.605366 0.023473 5.731481
v -11.644384 0.023473 5.731481
v -11.586607 0.023473 5.921947
v -11.708021 0.023473 5.774002
v -11.532488 0.023473 5.867827
v -11.722954 0.023473 5.849069
v -11.532488 0.023473 5.791291
v -11.680431 0.023473 5.912706
v -11.586607 0.023473 5.737171
v -11.605366 0.023473 5.927638
v -11.695585 0.023473 5.758848
v -11.541728 0.023473 5.885117
v -11.724874 0.023473 5.829559
v -11.526796 0.023473 5.810050
v -11.695585 0.023473 5.900270
v -11.569319 0.023473 5.746412
v -11.624875 0.023473 5.729559
v -11.624875 0.023473 5.929560
v -11.680431 0.023473 5.746412
v -11.554165 0.023473 5.900270
v -11.722954 0.023473 5.810050
v -11.524876 0.023473 5.829559
v -11.708021 0.023473 5.885117
v -11.554165 0.023473 5.758848
v -11.644384 0.023473 5.927638
v -11.663143 0.023473 5.737171
v -11.624875 0.010375 1.829560
v -11.624875 2.010375 1.879560
v -11.595612 0.010375 1.832442
v -11.605366 2.010375 1.881481
v -11.567472 0.010375 1.840978
v -11.586607 2.010375 1.887172
v -11.541540 0.010375 1.854839
v -11.569319 2.010375 1.896412
v -11.518808 0.010375 1.873494
v -11.554165 2.010375 1.908849
v -11.500154 0.010375 1.896224
v -11.541729 2.010375 1.924003
v -11.486294 0.010375 1.922157
v -11.532488 2.010375 1.941291
v -11.477757 0.010375 1.950296
v -11.526796 2.010375 1.960051
v -11.474874 0.010375 1.979560
v -11.524876 2.010375 1.979559
v -11.477757 0.010375 2.008823
v -11.526796 2.010375 1.999068
v -11.486294 0.010375 2.036963
v -11.532488 2.010375 2.017828
v -11.500154 0.010375 2.062896
v -11.541729 2.010375 2.035116
v -11.518808 0.010375 2.085626
v -11.554165 2.010375 2.050270
v -11.541540 0.010375 2.104280
v -11.569319 2.010375 2.062706
v -11.567472 0.010375 2.118142
v -11.586607 2.010375 2.071947
v -11.595612 0.010375 2.126678
v -11.605366 2.010375 2.077638
v -11.624875 0.010375 2.129560
v -11.624875 2.010375 2.079559
v -11.654139 0.010375 2.126678
v -11.644384 2.010375 2.077638
v -11.682278 0.010375 2.118142
v -11.663143 2.010375 2.071947
v -11.708210 0.010375 2.104280
v -11.680431 2.010375 2.062706
v -11.730942 0.010375 2.085626
v -11.695585 2.010375 2.050270
v -11.749596 0.010375 2.062896
v -11.708022 2.010375 2.035116
v -11.763456 0.010375 2.036963
v -11.717262 2.010375 2.017828
v -11.771994 0.010375 2.008823
v -11.722954 2.010375 1.999068
v -11.774876 0.010375 1.979560
v -11.724874 2.010375 1.979559
v -11.771994 0.010375 1.950296
v -11.722954 2.010375 1.960051
v -11.763456 0.010375 1.922157
v -11.717262 2.010375 1.941291
v -11.749596 0.010375 1.896224
v -11.708022 2.010375 1.924003
v -11.730942 0.010375 1.873494
v -11.695585 2.010375 1.908849
v -11.708210 0.010375 1.854839
v -11.680431 2.010375 1.896412
v -11.682278 0.010375 1.840978
v -11.663143 2.010375 1.887172
v -11.654139 0.010375 1.832442
v -11.644384 2.010375 1.881481
v -11.695585 0.129828 1.908849
v -11.541728 0.130018 2.035116
v -11.724874 0.129792 1.979559
v -11.526796 0.130036 1.960051
v -11.695585 0.129828 2.050270
v -11.569319 0.129984 1.896412
v -11.624875 0.129915 2.079559
v -11.680431 0.129847 1.896412
v -11.554165 0.130002 2.050270
v -11.722954 0.129795 1.960051
v -11.524876 0.130038 1.979559
v -11.708021 0.129813 2.035116
v -11.554165 0.130002 1.908849
v -11.644384 0.129891 2.077638
v -11.663143 0.129868 1.887172
v -11.569319 0.129984 2.062706
v -11.717262 0.129802 1.941291
v -11.526796 0.130036 1.999068
v -11.717262 0.129802 2.017828
v -11.541728 0.130018 1.924003
v -11.663143 0.129868 2.071947
v -11.605366 0.129939 1.881481
v -11.644384 0.129891 1.881481
v -11.586607 0.129962 2.071947
v -11.708021 0.129813 1.924003
v -11.532488 0.130029 2.017828
v -11.624875 0.129915 1.879560
v -11.722954 0.129795 1.999068
v -11.532488 0.130029 1.941291
v -11.680431 0.129847 2.062706
v -11.586607 0.129962 1.887172
v -11.605366 0.129939 2.077638
v -11.695585 0.023474 1.908849
v -11.541728 0.023474 2.035116
v -11.724874 0.023474 1.979559
v -11.526796 0.023474 1.960051
v -11.695585 0.023474 2.050270
v -11.569319 0.023474 1.896412
v -11.624875 0.023474 2.079559
v -11.680431 0.023474 1.896412
v -11.554165 0.023474 2.050270
v -11.722954 0.023474 1.960051
v -11.524876 0.023474 1.979559
v -11.708021 0.023474 2.035116
v -11.554165 0.023474 1.908849
v -11.644384 0.023474 2.077638
v -11.663143 0.023474 1.887172
v -11.569319 0.023474 2.062706
v -11.717262 0.023474 1.941291
v -11.526796 0.023474 1.999068
v -11.717262 0.023474 2.017828
v -11.541728 0.023474 1.924003
v -11.663143 0.023474 2.071947
v -11.605366 0.023474 1.881481
v -11.644384 0.023474 1.881481
v -11.586607 0.023474 2.071947
v -11.708021 0.023474 1.924003
v -11.532488 0.023474 2.017828
v -11.722954 0.023474 1.999068
v -11.532488 0.023474 1.941291
v -11.680431 0.023474 2.062706
v -11.586607 0.023474 1.887172
v -11.605366 0.023474 2.077638
v -11.624875 0.023474 1.879560
v -11.560193 2.515455 4.404559
v -11.560194 3.915455 4.404559
v -11.560193 2.515455 3.404559
v -11.560194 3.915455 3.404559
v -10.160192 2.515455 4.404559
v -10.160193 3.915455 4.404559
v -10.160192 2.515455 3.404559
v -10.160193 3.915455 3.404559
v -18.324875 0.010375 1.829560
v -18.324875 2.010375 1.879560
v -18.295612 0.010375 1.832442
v -18.305367 2.010375 1.881481
v -18.267473 0.010375 1.840978
v -18.286606 2.010375 1.887172
v -18.241539 0.010375 1.854839
v -18.269318 2.010375 1.896412
v -18.218809 0.010375 1.873494
v -18.254164 2.010375 1.908849
v -18.200155 0.010375 1.896224
v -18.241728 2.010375 1.924003
v -18.186293 0.010375 1.922157
v -18.232487 2.010375 1.941291
v -18.177757 0.010375 1.950296
v -18.226797 2.010375 1.960051
v -18.174875 0.010375 1.979560
v -18.224874 2.010375 1.979559
v -18.177757 0.010375 2.008823
v -18.226797 2.010375 1.999068
v -18.186293 0.010375 2.036963
v -18.232487 2.010375 2.017828
v -18.200155 0.010375 2.062896
v -18.241728 2.010375 2.035116
v -18.218809 0.010375 2.085626
v -18.254164 2.010375 2.050270
v -18.241539 0.010375 2.104280
v -18.269318 2.010375 2.062706
v -18.267473 0.010375 2.118142
v -18.286606 2.010375 2.071947
v -18.295612 0.010375 2.126678
v -18.305367 2.010375 2.077638
v -18.324875 0.010375 2.129560
v -18.324875 2.010375 2.079559
v -18.354139 0.010375 2.126678
v -18.344383 2.010375 2.077638
v -18.382278 0.010375 2.118142
v -18.363144 2.010375 2.071947
v -18.408211 0.010375 2.104280
v -18.380432 2.010375 2.062706
v -18.430941 0.010375 2.085626
v -18.395586 2.010375 2.050270
v -18.449596 0.010375 2.062896
v -18.408022 2.010375 2.035116
v -18.463457 0.010375 2.036963
v -18.417263 2.010375 2.017828
v -18.471992 0.010375 2.008823
v -18.422953 2.010375 1.999068
v -18.474874 0.010375 1.979560
v -18.424875 2.010375 1.979559
v -18.471992 0.010375 1.950296
v -18.422953 2.010375 1.960051
v -18.463457 0.010375 1.922157
v -18.417263 2.010375 1.941291
v -18.449596 0.010375 1.896224
v -18.408022 2.010375 1.924003
v -18.430941 0.010375 1.873494
v -18.395586 2.010375 1.908849
v -18.408211 0.010375 1.854839
v -18.380432 2.010375 1.896412
v -18.382278 0.010375 1.840978
v -18.363144 2.010375 1.887172
v -18.354139 0.010375 1.832442
v -18.344383 2.010375 1.881481
v -18.241728 0.121777 1.924003
v -18.363144 0.121627 2.071947
v -18.305367 0.121698 1.881481
v -18.344383 0.121650 1.881481
v -18.286606 0.121721 2.071947
v -18.408022 0.121572 1.924003
v -18.232487 0.121788 2.017828
v -18.422953 0.121554 1.999068
v -18.232487 0.121788 1.941291
v -18.380432 0.121606 2.062706
v -18.286606 0.121721 1.887172
v -18.305367 0.121698 2.077638
v -18.395586 0.121587 1.908849
v -18.241728 0.121777 2.035116
v -18.424875 0.121552 1.979559
v -18.226797 0.121795 1.960051
v -18.395586 0.121587 2.050270
v -18.269318 0.121743 1.896412
v -18.324875 0.121675 1.879560
v -18.324875 0.121675 2.079559
v -18.380432 0.121606 1.896412
v -18.254164 0.121761 2.050270
v -18.422953 0.121554 1.960051
v -18.224874 0.121798 1.979559
v -18.408022 0.121572 2.035116
v -18.254164 0.121761 1.908849
v -18.344383 0.121650 2.077638
v -18.363144 0.121627 1.887172
v -18.269318 0.121743 2.062706
v -18.417263 0.121561 1.941291
v -18.226797 0.121795 1.999068
v -18.417263 0.121561 2.017828
v -18.241728 0.023474 1.924003
v -18.363144 0.023474 2.071947
v -18.305367 0.023474 1.881481
v -18.344383 0.023474 1.881481
v -18.286606 0.023474 2.071947
v -18.408022 0.023474 1.924003
v -18.232487 0.023474 2.017828
v -18.422953 0.023474 1.999068
v -18.232487 0.023474 1.941291
v -18.380432 0.023474 2.062706
v -18.286606 0.023474 1.887172
v -18.305367 0.023474 2.077638
v -18.395586 0.023474 1.908849
v -18.241728 0.023474 2.035116
v -18.424875 0.023474 1.979559
v -18.226797 0.023474 1.960051
v -18.395586 0.023474 2.050270
v -18.269318 0.023474 1.896412
v -18.324875 0.023474 2.079559
v -18.380432 0.023474 1.896412
v -18.254164 0.023474 2.050270
v -18.422953 0.023474 1.960051
v -18.224874 0.023474 1.979559
v -18.324875 0.023474 1.879560
v -18.408022 0.023474 2.035116
v -18.254164 0.023474 1.908849
v -18.344383 0.023474 2.077638
v -18.363144 0.023474 1.887172
v -18.269318 0.023474 2.062706
v -18.417263 0.023474 1.941291
v -18.226797 0.023474 1.999068
v -18.417263 0.023474 2.017828
v -18.324875 0.010375 5.679560
v -18.324875 2.010375 5.729559
v -18.295612 0.010375 5.682442
v -18.305367 2.010375 5.731481
v -18.267473 0.010375 5.690977
v -18.286606 2.010375 5.737171
v -18.241539 0.010375 5.704839
v -18.269318 2.010375 5.746412
v -18.218809 0.010375 5.723494
v -18.254164 2.010375 5.758848
v -18.200155 0.010375 5.746223
v -18.241728 2.010375 5.774002
v -18.186293 0.010375 5.772157
v -18.232487 2.010375 5.791291
v -18.177757 0.010375 5.800296
v -18.226797 2.010375 5.810050
v -18.174875 0.010375 5.829559
v -18.224874 2.010375 5.829559
v -18.177757 0.010375 5.858823
v -18.226797 2.010375 5.849069
v -18.186293 0.010375 5.886962
v -18.232487 2.010375 5.867827
v -18.200155 0.010375 5.912895
v -18.241728 2.010375 5.885117
v -18.218809 0.010375 5.935625
v -18.254164 2.010375 5.900270
v -18.241539 0.010375 5.954280
v -18.269318 2.010375 5.912706
v -18.267473 0.010375 5.968142
v -18.286606 2.010375 5.921947
v -18.295612 0.010375 5.976677
v -18.305367 2.010375 5.927638
v -18.324875 0.010375 5.979559
v -18.324875 2.010375 5.929560
v -18.354139 0.010375 5.976677
v -18.344383 2.010375 5.927638
v -18.382278 0.010375 5.968142
v -18.363144 2.010375 5.921947
v -18.408211 0.010375 5.954280
v -18.380432 2.010375 5.912706
v -18.430941 0.010375 5.935625
v -18.395586 2.010375 5.900270
v -18.449596 0.010375 5.912895
v -18.408022 2.010375 5.885117
v -18.463457 0.010375 5.886962
v -18.417263 2.010375 5.867827
v -18.471992 0.010375 5.858823
v -18.422953 2.010375 5.849069
v -18.474874 0.010375 5.829559
v -18.424875 2.010375 5.829559
v -18.471992 0.010375 5.800296
v -18.422953 2.010375 5.810050
v -18.463457 0.010375 5.772157
v -18.417263 2.010375 5.791291
v -18.449596 0.010375 5.746223
v -18.408022 2.010375 5.774002
v -18.430941 0.010375 5.723494
v -18.395586 2.010375 5.758848
v -18.408211 0.010375 5.704839
v -18.380432 2.010375 5.746412
v -18.382278 0.010375 5.690977
v -18.363144 2.010375 5.737171
v -18.354139 0.010375 5.682442
v -18.344383 2.010375 5.731481
v -18.380432 0.121605 5.912706
v -18.286606 0.121721 5.737171
v -18.305367 0.121698 5.927638
v -18.395586 0.121587 5.758848
v -18.241728 0.121776 5.885117
v -18.324875 0.121674 5.729559
v -18.424875 0.121551 5.829559
v -18.226797 0.121794 5.810050
v -18.395586 0.121587 5.900270
v -18.269318 0.121742 5.746412
v -18.324875 0.121674 5.929560
v -18.380432 0.121605 5.746412
v -18.254164 0.121761 5.900270
v -18.422953 0.121553 5.810050
v -18.224874 0.121797 5.829559
v -18.408022 0.121572 5.885117
v -18.254164 0.121761 5.758848
v -18.344383 0.121650 5.927638
v -18.363144 0.121627 5.737171
v -18.269318 0.121742 5.912706
v -18.417263 0.121560 5.791291
v -18.226797 0.121794 5.849069
v -18.417263 0.121560 5.867827
v -18.241728 0.121776 5.774002
v -18.363144 0.121627 5.921947
v -18.305367 0.121698 5.731481
v -18.344383 0.121650 5.731481
v -18.286606 0.121721 5.921947
v -18.408022 0.121572 5.774002
v -18.232487 0.121788 5.867827
v -18.422953 0.121553 5.849069
v -18.232487 0.121788 5.791291
v -18.380432 0.023473 5.912706
v -18.286606 0.023473 5.737171
v -18.305367 0.023473 5.927638
v -18.395586 0.023473 5.758848
v -18.241728 0.023473 5.885117
v -18.424875 0.023473 5.829559
v -18.226797 0.023473 5.810050
v -18.395586 0.023473 5.900270
v -18.269318 0.023473 5.746412
v -18.324875 0.023473 5.929560
v -18.380432 0.023473 5.746412
v -18.254164 0.023473 5.900270
v -18.422953 0.023473 5.810050
v -18.224874 0.023473 5.829559
v -18.324875 0.023473 5.729559
v -18.408022 0.023473 5.885117
v -18.254164 0.023473 5.758848
v -18.344383 0.023473 5.927638
v -18.363144 0.023473 5.737171
v -18.269318 0.023473 5.912706
v -18.417263 0.023473 5.791291
v -18.226797 0.023473 5.849069
v -18.417263 0.023473 5.867827
v -18.241728 0.023473 5.774002
v -18.363144 0.023473 5.921947
v -18.305367 0.023473 5.731481
v -18.344383 0.023473 5.731481
v -18.286606 0.023473 5.921947
v -18.408022 0.023473 5.774002
v -18.232487 0.023473 5.867827
v -18.422953 0.023473 5.849069
v -18.232487 0.023473 5.791291
v -11.924875 1.968390 6.154559
v -11.924875 2.168390 6.154559
v -11.924875 1.968390 1.654559
v -11.924875 2.168390 1.654559
v -11.324875 1.968390 6.154559
v -11.324875 2.168390 6.154559
v -11.324875 1.968390 1.654559
v -11.324875 2.168390 1.654559
v -12.577108 1.968390 3.904559
v -11.924875 2.068390 6.154559
v -12.577108 2.168390 3.904559
v -11.924875 2.068390 1.654559
v -11.624875 1.968390 1.654559
v -11.624875 2.168390 1.654559
v -11.324875 2.068390 1.654559
v -11.977108 1.968390 3.904559
v -11.977108 2.168390 3.904559
v -11.324875 2.068390 6.154559
v -11.624875 1.968390 6.154559
v -11.624875 2.168390 6.154559
v -12.277107 2.168390 3.904559
v -12.277107 1.968390 3.904559
v -11.624875 2.068390 6.154559
v -11.977108 2.068390 3.904559
v -11.624875 2.068390 1.654559
v -12.577108 2.068390 3.904559
v -12.577108 1.968390 5.029559
v -11.924875 2.118390 6.154559
v -12.577108 2.168390 2.779559
v -11.924875 2.018390 1.654559
v -11.774876 1.968390 1.654559
v -11.474874 2.168390 1.654559
v -11.324875 2.018390 1.654559
v -11.977108 1.968390 2.779559
v -11.977108 2.168390 5.029559
v -11.324875 2.018390 6.154559
v -11.474874 1.968390 6.154559
v -11.774876 2.168390 6.154559
v -12.577108 1.968390 2.779559
v -11.924875 2.018390 6.154559
v -12.577108 2.168390 5.029559
v -11.924875 2.118390 1.654559
v -11.474874 1.968390 1.654559
v -11.774876 2.168390 1.654559
v -11.324875 2.118390 1.654559
v -11.977108 1.968390 5.029559
v -11.977108 2.168390 2.779559
v -11.324875 2.118390 6.154559
v -11.774876 1.968390 6.154559
v -11.474874 2.168390 6.154559
v -12.277107 2.168390 5.029559
v -12.277107 2.168390 2.779559
v -12.127108 2.168390 3.904559
v -12.427108 2.168390 3.904559
v -12.277107 1.968390 5.029559
v -12.277107 1.968390 2.779559
v -12.427108 1.968390 3.904559
v -12.127108 1.968390 3.904559
v -11.774876 2.068390 6.154559
v -11.474874 2.068390 6.154559
v -11.624875 2.018390 6.154559
v -11.624875 2.118390 6.154559
v -11.977108 2.068390 5.029559
v -11.977108 2.068390 2.779559
v -11.977108 2.018390 3.904559
v -11.977108 2.118390 3.904559
v -11.474874 2.068390 1.654559
v -11.774876 2.068390 1.654559
v -11.624875 2.018390 1.654559
v -11.624875 2.118390 1.654559
v -12.577108 2.068390 2.779559
v -12.577108 2.068390 5.029559
v -12.577108 2.018390 3.904559
v -12.577108 2.118390 3.904559
v -12.577108 2.118390 5.029559
v -12.577108 2.018390 5.029559
v -12.577108 2.018390 2.779559
v -11.774876 2.118390 1.654559
v -11.774876 2.018390 1.654559
v -11.474874 2.018390 1.654559
v -11.977108 2.118390 2.779559
v -11.977108 2.018390 2.779559
v -11.977108 2.018390 5.029559
v -11.474874 2.118390 6.154559
v -11.474874 2.018390 6.154559
v -11.774876 2.018390 6.154559
v -12.127108 1.968390 2.779559
v -12.427108 1.968390 2.779559
v -12.427108 1.968390 5.029559
v -12.427108 2.168390 2.779559
v -12.127108 2.168390 2.779559
v -12.127108 2.168390 5.029559
v -12.427108 2.168390 5.029559
v -12.127108 1.968390 5.029559
v -11.774876 2.118390 6.154559
v -11.977108 2.118390 5.029559
v -11.474874 2.118390 1.654559
v -12.577108 2.118390 2.779559
v -11.924875 1.968390 5.592059
v -11.924875 2.168390 2.217059
v -11.324875 1.968390 2.217059
v -11.324875 2.168390 5.592059
v -11.624875 2.168390 5.592059
v -11.624875 1.968390 5.592059
v -11.324875 2.068390 5.592059
v -11.924875 2.068390 2.217059
v -11.924875 1.968390 2.217059
v -11.924875 2.168390 5.592059
v -11.324875 1.968390 5.592059
v -11.324875 2.168390 2.217059
v -11.624875 2.168390 2.217059
v -11.624875 1.968390 2.217059
v -11.324875 2.068390 2.217059
v -11.924875 2.068390 5.592059
v -11.924875 2.118390 5.592059
v -11.924875 2.018390 5.592059
v -11.924875 2.018390 2.217059
v -11.324875 2.118390 2.217059
v -11.324875 2.018390 2.217059
v -11.324875 2.018390 5.592059
v -11.474874 1.968390 2.217059
v -11.774876 1.968390 2.217059
v -11.774876 1.968390 5.592059
v -11.774876 2.168390 2.217059
v -11.474874 2.168390 2.217059
v -11.474874 2.168390 5.592059
v -11.774876 2.168390 5.592059
v -11.474874 1.968390 5.592059
v -11.324875 2.118390 5.592059
v -11.924875 2.118390 2.217059
v -18.624874 1.968390 6.154559
v -18.624874 2.168390 6.154559
v -18.624874 1.968390 1.654559
v -18.624874 2.168390 1.654559
v -18.024876 1.968390 6.154559
v -18.024876 2.168390 6.154559
v -18.024876 1.968390 1.654559
v -18.024876 2.168390 1.654559
v -18.130522 2.042062 3.904559
v -18.624874 2.068390 6.154559
v -18.130522 2.242062 3.904559
v -18.624874 2.068390 1.654559
v -18.324875 1.968390 1.654559
v -18.324875 2.168390 1.654559
v -18.024876 2.068390 1.654559
v -17.530521 2.042062 3.904559
v -17.530521 2.242062 3.904559
v -18.024876 2.068390 6.154559
v -18.324875 1.968390 6.154559
v -18.324875 2.168390 6.154559
v -17.830521 2.242062 3.904559
v -17.830521 2.042062 3.904559
v -18.324875 2.068390 6.154559
v -17.530521 2.142062 3.904559
v -18.324875 2.068390 1.654559
v -18.130522 2.142062 3.904559
v -18.130522 2.042062 5.029559
v -18.624874 2.118390 6.154559
v -18.130522 2.242062 2.779559
v -18.624874 2.018390 1.654559
v -18.474874 1.968390 1.654559
v -18.174875 2.168390 1.654559
v -18.024876 2.018390 1.654559
v -17.530521 2.042062 2.779559
v -17.530521 2.242062 5.029559
v -18.024876 2.018390 6.154559
v -18.174875 1.968390 6.154559
v -18.474874 2.168390 6.154559
v -18.130522 2.042062 2.779559
v -18.624874 2.018390 6.154559
v -18.130522 2.242062 5.029559
v -18.624874 2.118390 1.654559
v -18.174875 1.968390 1.654559
v -18.474874 2.168390 1.654559
v -18.024876 2.118390 1.654559
v -17.530521 2.042062 5.029559
v -17.530521 2.242062 2.779559
v -18.024876 2.118390 6.154559
v -18.474874 1.968390 6.154559
v -18.174875 2.168390 6.154559
v -17.830521 2.242062 5.029559
v -17.830521 2.242062 2.779559
v -17.680521 2.242062 3.904559
v -17.980522 2.242062 3.904559
v -17.830521 2.042062 5.029559
v -17.830521 2.042062 2.779559
v -17.980522 2.042062 3.904559
v -17.680521 2.042062 3.904559
v -18.474874 2.068390 6.154559
v -18.174875 2.068390 6.154559
v -18.324875 2.018390 6.154559
v -18.324875 2.118390 6.154559
v -17.530521 2.142062 5.029559
v -17.530521 2.142062 2.779559
v -17.530521 2.092062 3.904559
v -17.530521 2.192062 3.904559
v -18.174875 2.068390 1.654559
v -18.474874 2.068390 1.654559
v -18.324875 2.018390 1.654559
v -18.324875 2.118390 1.654559
v -18.130522 2.142062 2.779559
v -18.130522 2.142062 5.029559
v -18.130522 2.092062 3.904559
v -18.130522 2.192062 3.904559
v -18.130522 2.192062 5.029559
v -18.130522 2.092062 5.029559
v -18.130522 2.092062 2.779559
v -18.474874 2.118390 1.654559
v -18.474874 2.018390 1.654559
v -18.174875 2.018390 1.654559
v -17.530521 2.192062 2.779559
v -17.530521 2.092062 2.779559
v -17.530521 2.092062 5.029559
v -18.174875 2.118390 6.154559
v -18.174875 2.018390 6.154559
v -18.474874 2.018390 6.154559
v -17.680521 2.042062 2.779559
v -17.980522 2.042062 2.779559
v -17.980522 2.042062 5.029559
v -17.980522 2.242062 2.779559
v -17.680521 2.242062 2.779559
v -17.680521 2.242062 5.029559
v -17.980522 2.242062 5.029559
v -17.680521 2.042062 5.029559
v -18.474874 2.118390 6.154559
v -17.530521 2.192062 5.029559
v -18.174875 2.118390 1.654559
v -18.130522 2.192062 2.779559
v -18.624874 1.968390 5.592059
v -18.624874 2.168390 2.217059
v -18.024876 1.968390 2.217059
v -18.024876 2.168390 5.592059
v -18.324875 2.168390 5.592059
v -18.324875 1.968390 5.592059
v -18.024876 2.068390 5.592059
v -18.624874 2.068390 2.217059
v -18.624874 1.968390 2.217059
v -18.624874 2.168390 5.592059
v -18.024876 1.968390 5.592059
v -18.024876 2.168390 2.217059
v -18.324875 2.168390 2.217059
v -18.324875 1.968390 2.217059
v -18.024876 2.068390 2.217059
v -18.624874 2.068390 5.592059
v -18.624874 2.118390 5.592059
v -18.624874 2.018390 5.592059
v -18.624874 2.018390 2.217059
v -18.024876 2.118390 2.217059
v -18.024876 2.018390 2.217059
v -18.024876 2.018390 5.592059
v -18.174875 1.968390 2.217059
v -18.474874 1.968390 2.217059
v -18.474874 1.968390 5.592059
v -18.474874 2.168390 2.217059
v -18.174875 2.168390 2.217059
v -18.174875 2.168390 5.592059
v -18.474874 2.168390 5.592059
v -18.174875 1.968390 5.592059
v -18.024876 2.118390 5.592059
v -18.624874 2.118390 2.217059
v -16.587608 2.188598 6.042958
v -16.587608 2.388598 6.042958
v -18.027325 2.188598 4.654715
v -18.027325 2.388598 4.654715
v -13.811123 2.188598 3.163527
v -13.811123 2.388598 3.163527
v -15.250837 2.188598 1.775284
v -15.250837 2.388598 1.775284
v -14.829840 2.357129 3.199986
v -15.372564 4.164998 3.861090
v -14.810974 2.362013 3.202117
v -15.353699 4.169882 3.863221
v -14.792532 2.365474 3.207792
v -15.335258 4.173343 3.868896
v -14.775223 2.367378 3.216794
v -15.317947 4.175247 3.877898
v -14.759708 2.367654 3.228777
v -15.302435 4.175523 3.889881
v -14.746590 2.366289 3.243279
v -15.289316 4.174158 3.904383
v -14.736368 2.363336 3.259744
v -15.279095 4.171206 3.920848
v -14.729437 2.358910 3.277539
v -15.272163 4.166779 3.938643
v -14.726063 2.353179 3.295980
v -15.268789 4.161048 3.957084
v -14.726374 2.346365 3.314358
v -15.269100 4.154234 3.975462
v -14.730360 2.338729 3.331968
v -15.273087 4.146598 3.993072
v -14.737867 2.330564 3.348132
v -15.280594 4.138433 4.009235
v -14.748608 2.322185 3.362229
v -15.291334 4.130054 4.023333
v -14.762169 2.313913 3.373717
v -15.304895 4.121782 4.034821
v -14.778028 2.306067 3.382156
v -15.320753 4.113935 4.043260
v -14.795576 2.298946 3.387220
v -15.338303 4.106815 4.048324
v -14.814140 2.292827 3.388715
v -15.356867 4.100696 4.049819
v -14.833006 2.287943 3.386584
v -15.375731 4.095812 4.047688
v -14.851448 2.284482 3.380909
v -15.394173 4.092351 4.042013
v -14.868757 2.282577 3.371907
v -15.411484 4.090446 4.033011
v -14.884270 2.282302 3.359925
v -15.426996 4.090171 4.021029
v -14.897388 2.283667 3.345422
v -15.440115 4.091536 4.006526
v -14.907610 2.286619 3.328958
v -15.450336 4.094488 3.990061
v -14.914541 2.291046 3.311162
v -15.457268 4.098915 3.972266
v -14.917917 2.296776 3.292722
v -15.460642 4.104645 3.953825
v -14.917604 2.303590 3.274343
v -15.460331 4.111459 3.935447
v -14.913618 2.311226 3.256734
v -15.456345 4.119095 3.917838
v -14.906111 2.319391 3.240570
v -15.448837 4.127260 3.901674
v -14.895370 2.327770 3.226473
v -15.438097 4.135639 3.887577
v -14.881811 2.336042 3.214984
v -15.424536 4.143911 3.876088
v -14.865952 2.343889 3.206546
v -15.408678 4.151758 3.867650
v -14.848402 2.351009 3.201481
v -15.391129 4.158878 3.862586
v -15.425179 2.337289 2.638262
v -15.967905 4.145158 3.299366
v -15.406313 2.342173 2.640393
v -15.949039 4.150042 3.301497
v -15.387871 2.345634 2.646069
v -15.930597 4.153503 3.307173
v -15.370562 2.347539 2.655071
v -15.913288 4.155408 3.316175
v -15.355049 2.347814 2.667053
v -15.897776 4.155683 3.328157
v -15.341930 2.346449 2.681556
v -15.884655 4.154318 3.342659
v -15.331707 2.343497 2.698020
v -15.874434 4.151366 3.359124
v -15.324776 2.339070 2.715816
v -15.867502 4.146939 3.376919
v -15.321402 2.333340 2.734256
v -15.864128 4.141209 3.395360
v -15.321714 2.326526 2.752635
v -15.864439 4.134395 3.413739
v -15.325701 2.318889 2.770244
v -15.868425 4.126759 3.431348
v -15.333208 2.310725 2.786408
v -15.875935 4.118594 3.447512
v -15.343948 2.302346 2.800505
v -15.886675 4.110215 3.461609
v -15.357508 2.294074 2.811994
v -15.900234 4.101943 3.473098
v -15.373367 2.286227 2.820432
v -15.916094 4.094096 3.481536
v -15.390917 2.279107 2.825497
v -15.933641 4.086976 3.486600
v -15.409479 2.272987 2.826992
v -15.952206 4.080856 3.488096
v -15.428345 2.268103 2.824861
v -15.971071 4.075972 3.485965
v -15.446787 2.264642 2.819185
v -15.989513 4.072511 3.480289
v -15.464096 2.262738 2.810184
v -16.006823 4.070607 3.471287
v -15.479610 2.262462 2.798201
v -16.022335 4.070331 3.459305
v -15.492729 2.263827 2.783699
v -16.035454 4.071696 3.444803
v -15.502951 2.266779 2.767234
v -16.045677 4.074648 3.428338
v -15.509882 2.271206 2.749439
v -16.052608 4.079075 3.410542
v -15.513256 2.276936 2.730998
v -16.055983 4.084805 3.392102
v -15.512945 2.283751 2.712619
v -16.055670 4.091619 3.373724
v -15.508959 2.291387 2.695010
v -16.051683 4.099256 3.356114
v -15.501451 2.299551 2.678846
v -16.044176 4.107420 3.339950
v -15.490711 2.307931 2.664749
v -16.033436 4.115800 3.325853
v -15.477150 2.316203 2.653260
v -16.019876 4.124072 3.314364
v -15.461290 2.324049 2.644822
v -16.004017 4.131918 3.305926
v -15.443743 2.331169 2.639758
v -15.986467 4.139039 3.300861
vn -0.4099 0.8070 0.4251
vn -0.7199 -0.0000 -0.6941
vn 0.4099 -0.8070 -0.4251
vn 0.7199 -0.0000 0.6941
vn -0.5601 -0.5906 0.5809
vn 0.5601 0.5906 -0.5809
vn -1.0000 -0.0000 -0.0000
vn -0.0000 -0.0000 -1.0000
vn 1.0000 -0.0000 -0.0000
vn -0.0000 -0.0000 1.0000
vn -0.0000 -1.0000 -0.0000
vn -0.0000 1.0000 -0.0000
vn -0.7831 0.6219 -0.0000
vn 0.7831 -0.6219 -0.0000
vn 0.0980 0.9952 -0.0000
vn 0.2903 0.9569 -0.0000
vn 0.4714 0.8819 -0.0000
vn 0.6344 0.7730 -0.0000
vn 0.7730 0.6344 -0.0000
vn 0.8819 0.4714 -0.0000
vn 0.9569 0.2903 -0.0000
vn 0.9952 0.0980 -0.0000
vn 0.9952 -0.0980 -0.0000
vn 0.9569 -0.2903 -0.0000
vn 0.8819 -0.4714 -0.0000
vn 0.7730 -0.6344 -0.0000
vn 0.6344 -0.7730 -0.0000
vn 0.4714 -0.8819 -0.0000
vn 0.2903 -0.9569 -0.0000
vn 0.0980 -0.9952 -0.0000
vn -0.0980 -0.9952 -0.0000
vn -0.2903 -0.9569 -0.0000
vn -0.4714 -0.8819 -0.0000
vn -0.6344 -0.7730 -0.0000
vn -0.7730 -0.6344 -0.0000
vn -0.8819 -0.4714 -0.0000
vn -0.9569 -0.2903 -0.0000
vn -0.9952 -0.0980 -0.0000
vn -0.9952 0.0980 -0.0000
vn -0.9569 0.2903 -0.0000
vn -0.8819 0.4714 -0.0000
vn -0.7730 0.6344 -0.0000
vn -0.6344 0.7730 -0.0000
vn -0.4714 0.8819 -0.0000
vn -0.2903 0.9569 -0.0000
vn -0.0980 0.9952 -0.0000
vn 0.7519 0.6593 -0.0000
vn -0.7519 -0.6593 -0.0000
vn 0.7513 -0.6599 -0.0000
vn -0.7524 0.6588 -0.0000
vn -0.0000 -0.0980 -0.9952
vn -0.0000 -0.2903 -0.9569
vn -0.0000 -0.4714 -0.8819
vn -0.0000 -0.6344 -0.7730
vn -0.0000 -0.7730 -0.6344
vn -0.0000 -0.8819 -0.4714
vn -0.0000 -0.9569 -0.2903
vn -0.0000 -0.9952 -0.0980
vn -0.0000 -0.9952 0.0980
vn -0.0000 -0.9569 0.2903
vn -0.0000 -0.8819 0.4714
vn -0.0000 -0.7730 0.6344
vn -0.0000 -0.6344 0.7730
vn -0.0000 -0.4714 0.8819
vn -0.0000 -0.2903 0.9569
vn -0.0000 -0.0980 0.9952
vn -0.0000 0.0980 0.9952
vn -0.0000 0.2903 0.9569
vn -0.0000 0.4714 0.8819
vn -0.0000 0.6344 0.7730
vn -0.0000 0.7730 0.6344
vn -0.0000 0.8819 0.4714
vn -0.0000 0.9569 0.2903
vn -0.0000 0.9952 0.0980
vn -0.0000 0.9952 -0.0980
vn -0.0000 0.9569 -0.2903
vn -0.0000 0.8819 -0.4714
vn -0.0000 0.7730 -0.6344
vn -0.0000 0.6344 -0.7730
vn -0.0000 0.4714 -0.8819
vn -0.0000 0.2903 -0.9569
vn -0.0000 0.0980 -0.9952
vn 0.9852 0.1712 -0.0000
vn 0.9853 0.1711 -0.0000
vn 0.5293 -0.8484 -0.0000
vn -0.6941 -0.7198 -0.0000
vn 0.4030 0.9152 -0.0000
vn 0.9849 0.1729 -0.0000
vn 0.1729 -0.9849 -0.0000
vn -0.1729 0.9849 -0.0000
vn 0.0249 0.9671 -0.2533
vn 0.0739 0.9671 -0.2436
vn 0.1200 0.9671 -0.2245
vn 0.1615 0.9671 -0.1968
vn 0.1968 0.9671 -0.1615
vn 0.2245 0.9671 -0.1200
vn 0.2436 0.9671 -0.0739
vn 0.2533 0.9671 -0.0249
vn 0.2533 0.9671 0.0250
vn 0.2436 0.9671 0.0739
vn 0.2245 0.9671 0.1200
vn 0.1968 0.9671 0.1615
vn 0.1615 0.9671 0.1968
vn 0.1200 0.9671 0.2245
vn 0.0739 0.9671 0.2436
vn 0.0250 0.9671 0.2533
vn -0.0250 0.9671 0.2533
vn -0.0739 0.9671 0.2436
vn -0.1200 0.9671 0.2245
vn -0.1615 0.9671 0.1968
vn -0.1968 0.9671 0.1615
vn -0.2245 0.9671 0.1200
vn -0.2436 0.9671 0.0739
vn -0.2533 0.9671 0.0249
vn -0.2533 0.9671 -0.0249
vn -0.2436 0.9671 -0.0739
vn -0.2245 0.9671 -0.1200
vn -0.1968 0.9671 -0.1615
vn -0.1615 0.9671 -0.1968
vn -0.1200 0.9671 -0.2245
vn -0.0739 0.9671 -0.2436
vn -0.0249 0.9671 -0.2533
vn 0.0980 -0.0000 0.9952
vn -0.0980 -0.0000 0.9952
vn -0.2903 -0.0000 0.9569
vn -0.4714 -0.0000 0.8819
vn 0.0980 -0.0000 -0.9952
vn -0.6344 -0.0000 0.7730
vn 0.2903 -0.0000 -0.9569
vn -0.7730 -0.0000 0.6344
vn 0.4714 -0.0000 -0.8819
vn -0.8819 -0.0000 0.4714
vn 0.6344 -0.0000 -0.7730
vn -0.9569 -0.0000 0.2903
vn 0.7730 -0.0000 -0.6344
vn -0.9952 -0.0000 0.0980
vn 0.8819 -0.0000 -0.4714
vn -0.9952 -0.0000 -0.0980
vn 0.9569 -0.0000 -0.2903
vn -0.9569 -0.0000 -0.2903
vn 0.9952 -0.0000 -0.0980
vn -0.8819 -0.0000 -0.4714
vn 0.9952 -0.0000 0.0980
vn -0.7730 -0.0000 -0.6344
vn 0.9569 -0.0000 0.2903
vn -0.6344 -0.0000 -0.7730
vn 0.8819 -0.0000 0.4714
vn -0.4714 -0.0000 -0.8819
vn 0.7730 -0.0000 0.6344
vn 0.6344 -0.0000 0.7730
vn -0.2903 -0.0000 -0.9569
vn 0.4714 -0.0000 0.8819
vn -0.0980 -0.0000 -0.9952
vn 0.2903 -0.0000 0.9569
vn 0.0250 0.9671 -0.2533
vn -0.2533 0.9671 0.0250
vn -0.2533 0.9671 -0.0250
vn -0.0250 0.9671 -0.2533
vn -0.6531 -0.0000 0.7573
vn 0.6531 -0.0000 0.7573
vn -0.6531 -0.0000 -0.7573
vn 0.6531 -0.0000 -0.7573
vn -0.7511 -0.0000 -0.6601
vn 0.7511 -0.0000 -0.6601
vn -0.0000 -0.9915 0.1299
vn -0.0000 0.9915 -0.1299
vn -0.7511 -0.0000 0.6601
vn 0.7511 -0.0000 0.6601
vn -0.0000 -0.9915 -0.1299
vn -0.0000 0.9915 0.1299
vn -0.6941 -0.0000 0.7199
vn 0.6941 -0.0000 -0.7199
vn 0.0159 0.3476 -0.9375
vn 0.2033 0.3895 -0.8983
vn 0.3830 0.4165 -0.8245
vn 0.5479 0.4274 -0.7191
vn 0.6917 0.4220 -0.5860
vn 0.8090 0.4003 -0.4305
vn 0.8952 0.3632 -0.2583
vn 0.9470 0.3122 -0.0763
vn 0.9623 0.2491 0.1087
vn 0.9408 0.1765 0.2895
vn 0.8830 0.0972 0.4592
vn 0.7913 0.0140 0.6112
vn 0.6692 -0.0696 0.7398
vn 0.5214 -0.1506 0.8399
vn 0.3536 -0.2258 0.9077
vn 0.1721 -0.2923 0.9407
vn -0.0159 -0.3476 0.9375
vn -0.2033 -0.3895 0.8983
vn -0.3830 -0.4165 0.8245
vn -0.5479 -0.4274 0.7191
vn -0.6917 -0.4220 0.5860
vn -0.8090 -0.4003 0.4305
vn -0.8952 -0.3632 0.2583
vn -0.9470 -0.3122 0.0763
vn -0.9623 -0.2491 -0.1087
vn -0.9408 -0.1765 -0.2895
vn -0.8830 -0.0972 -0.4592
vn -0.7913 -0.0140 -0.6112
vn -0.6692 0.0696 -0.7398
vn -0.5214 0.1506 -0.8399
vn -0.2714 0.9039 0.3306
vn -0.3536 0.2258 -0.9077
vn -0.1721 0.2923 -0.9407
vn 0.2714 -0.9039 -0.3306
vn -0.2034 -0.3895 0.8983
vn -0.7478 -0.0000 0.6640
vn -0.6640 -0.0000 -0.7478
vn 0.7478 -0.0000 -0.6640
vn 0.6640 -0.0000 0.7478
vn -0.5855 0.6220 0.5199
vn 0.5855 -0.6220 -0.5199
vn 0.0733 0.9952 -0.0651
vn 0.2171 0.9569 -0.1927
vn 0.3525 0.8819 -0.3130
vn 0.4744 0.7730 -0.4212
vn 0.5780 0.6344 -0.5133
vn 0.6595 0.4714 -0.5856
vn 0.7156 0.2903 -0.6354
vn 0.7442 0.0980 -0.6608
vn 0.7442 -0.0980 -0.6608
vn 0.7156 -0.2903 -0.6354
vn 0.6595 -0.4714 -0.5856
vn 0.5780 -0.6344 -0.5133
vn 0.4744 -0.7730 -0.4212
vn 0.3525 -0.8819 -0.3130
vn 0.2171 -0.9569 -0.1927
vn 0.0733 -0.9952 -0.0651
vn -0.0733 -0.9952 0.0651
vn -0.2171 -0.9569 0.1927
vn -0.3525 -0.8819 0.3130
vn -0.4744 -0.7730 0.4212
vn -0.5780 -0.6344 0.5133
vn -0.6595 -0.4714 0.5856
vn -0.7156 -0.2903 0.6354
vn -0.7442 -0.0980 0.6608
vn -0.7442 0.0980 0.6608
vn -0.7156 0.2903 0.6354
vn -0.6595 0.4714 0.5856
vn -0.5780 0.6344 0.5133
vn -0.4744 0.7730 0.4212
vn -0.3525 0.8819 0.3130
vn -0.2171 0.9569 0.1927
vn -0.0733 0.9952 0.0651
vn -0.1495 0.9671 -0.2060
vn -0.1065 0.9671 -0.2312
vn -0.0593 0.9671 -0.2475
vn -0.0099 0.9671 -0.2543
vn 0.0399 0.9671 -0.2514
vn 0.0882 0.9671 -0.2388
vn 0.1331 0.9671 -0.2170
vn 0.1729 0.9671 -0.1869
vn 0.2060 0.9671 -0.1496
vn 0.2312 0.9671 -0.1065
vn 0.2475 0.9671 -0.0593
vn 0.2543 0.9671 -0.0099
vn 0.2514 0.9671 0.0399
vn 0.2388 0.9671 0.0882
vn 0.2170 0.9671 0.1331
vn 0.1869 0.9671 0.1729
vn 0.1495 0.9671 0.2060
vn 0.1065 0.9671 0.2312
vn 0.0593 0.9671 0.2475
vn 0.0099 0.9671 0.2543
vn -0.0399 0.9671 0.2514
vn -0.0882 0.9671 0.2388
vn -0.1331 0.9671 0.2170
vn -0.1729 0.9671 0.1869
vn -0.2060 0.9671 0.1496
vn -0.2312 0.9671 0.1065
vn -0.2475 0.9671 0.0593
vn -0.2544 0.9671 0.0099
vn -0.2514 0.9671 -0.0399
vn -0.2388 0.9671 -0.0882
vn -0.2170 0.9671 -0.1331
vn -0.1869 0.9671 -0.1729
vn 0.7341 -0.0000 0.6791
vn 0.5874 -0.0000 0.8093
vn 0.4183 -0.0000 0.9083
vn 0.2331 -0.0000 0.9725
vn -0.5875 -0.0000 -0.8092
vn 0.0389 -0.0000 0.9992
vn -0.4183 -0.0000 -0.9083
vn -0.1568 -0.0000 0.9876
vn -0.2331 -0.0000 -0.9725
vn -0.3464 -0.0000 0.9381
vn -0.0389 -0.0000 -0.9992
vn -0.5229 -0.0000 0.8524
vn 0.1568 -0.0000 -0.9876
vn -0.6790 -0.0000 0.7341
vn 0.3465 -0.0000 -0.9380
vn -0.8092 -0.0000 0.5875
vn 0.5228 -0.0000 -0.8525
vn -0.9084 -0.0000 0.4182
vn 0.6791 -0.0000 -0.7340
vn -0.9724 -0.0000 0.2331
vn 0.8092 -0.0000 -0.5875
vn -0.9992 -0.0000 0.0389
vn 0.9083 -0.0000 -0.4184
vn -0.9876 -0.0000 -0.1568
vn 0.9724 -0.0000 -0.2331
vn -0.9381 -0.0000 -0.3464
vn 0.9992 -0.0000 -0.0389
vn 0.9876 -0.0000 0.1568
vn -0.8524 -0.0000 -0.5229
vn 0.9381 -0.0000 0.3465
vn -0.7340 -0.0000 -0.6791
vn 0.8524 -0.0000 0.5228
vn 0.8093 -0.0000 -0.5875
vn 0.8525 -0.0000 0.5228
vn -0.0593 0.9671 -0.2476
vn 0.2544 0.9671 -0.0099
vn 0.0593 0.9671 0.2476
vn 0.0099 0.9671 0.2544
vn -0.1868 0.9671 -0.1729
vn -0.9725 -0.0000 0.2330
vn -0.9876 -0.0000 -0.1567
vn -0.9381 -0.0000 -0.3465
vn -0.8524 -0.0000 -0.5228
vn 0.9380 -0.0000 0.3466
vn -0.7341 -0.0000 -0.6791
vn 0.8525 -0.0000 0.5227
vn 0.7340 -0.0000 0.6791
vn 0.5875 -0.0000 0.8093
vn 0.4184 -0.0000 0.9083
vn -0.2331 -0.0000 -0.9724
vn -0.3465 -0.0000 0.9381
vn 0.3465 -0.0000 -0.9381
vn -0.9083 -0.0000 0.4183
vn -0.1496 0.9671 -0.2060
vn -0.0099 0.9671 -0.2544
vn 0.2060 0.9671 -0.1495
vn 0.1868 0.9671 0.1729
vn 0.1496 0.9671 0.2060
vn -0.2060 0.9671 0.1495
vn -0.0388 -0.0000 -0.9992
vn -0.5228 -0.0000 0.8525
vn -0.6791 -0.0000 0.7341
vn -0.8093 -0.0000 0.5874
vn 0.5228 -0.0000 -0.8524
vn 0.6791 -0.0000 -0.7341
vn -0.9725 -0.0000 0.2331
vn 0.8093 -0.0000 -0.5874
vn 0.9725 -0.0000 -0.2330
vn 0.9381 -0.0000 0.3464
vn 0.5875 -0.0000 0.8092
vn 0.2331 -0.0000 0.9724
vn -0.3465 -0.0000 0.9380
vn -0.5228 -0.0000 0.8524
vn 0.5229 -0.0000 -0.8524
vn 0.6790 -0.0000 -0.7341
vn 0.5876 -0.0000 0.8092
vn -0.1729 0.9671 0.1868
vn -0.1869 0.9671 -0.1728
vn -0.9083 -0.0000 0.4184
vn 0.9083 -0.0000 -0.4183
vn -0.9380 -0.0000 -0.3466
vn -0.8525 -0.0000 -0.5227
vn 0.8524 -0.0000 0.5229
vn 0.7341 -0.0000 0.6790
vn -0.5874 -0.0000 -0.8093
vn 0.0388 -0.0000 0.9992
vn -0.4184 -0.0000 -0.9083
vn -0.2330 -0.0000 -0.9725
vn -0.6791 -0.0000 0.7340
vn 0.3464 -0.0000 -0.9381
vn -0.9992 -0.0000 0.0388
vn -0.8525 -0.0000 -0.5228
vn -0.7341 -0.0000 -0.6790
vn 0.4182 -0.0000 0.9083
vn -0.5227 -0.0000 0.8525
vn 0.0145 -0.0000 0.9999
vn 0.9912 -0.0000 0.1326
vn -0.9912 -0.0000 -0.1326
vn -0.0145 -0.0000 -0.9999
vn -1.0000 -0.0000 0.0051
vn 0.1234 -0.0000 -0.9924
vn 0.0862 -0.9915 0.0971
vn -0.0862 0.9915 -0.0971
vn -0.1234 -0.0000 0.9924
vn 1.0000 -0.0000 -0.0051
vn -0.0862 -0.9915 -0.0971
vn 0.0862 0.9915 0.0971
vn -0.7477 -0.0000 0.6640
vn 0.7477 -0.0000 -0.6640
vn -0.7070 -0.3256 0.6278
vn 0.2435 -0.9455 -0.2162
vn 0.2434 -0.9455 -0.2162
vn -0.2434 0.9455 0.2162
vn 0.7070 0.3256 -0.6278
vn -0.6640 -0.0000 -0.7477
vn -0.2435 0.9455 0.2162
vn -0.6369 -0.0927 -0.7653
vn -0.5647 -0.2745 -0.7783
vn -0.4708 -0.4457 -0.7614
vn -0.3588 -0.5998 -0.7152
vn -0.2330 -0.7309 -0.6415
vn -0.0983 -0.8339 -0.5431
vn 0.0402 -0.9048 -0.4239
vn 0.1772 -0.9410 -0.2884
vn 0.3074 -0.9410 -0.1418
vn 0.4257 -0.9048 0.0102
vn 0.5277 -0.8339 0.1618
vn 0.6094 -0.7309 0.3073
vn 0.6677 -0.5998 0.4409
vn 0.7003 -0.4457 0.5576
vn 0.7060 -0.2745 0.6528
vn 0.6846 -0.0927 0.7230
vn 0.6369 0.0927 0.7653
vn 0.5647 0.2745 0.7783
vn 0.4708 0.4457 0.7614
vn 0.3588 0.5998 0.7152
vn 0.2330 0.7309 0.6415
vn 0.0983 0.8339 0.5431
vn -0.0402 0.9048 0.4239
vn -0.1772 0.9410 0.2884
vn -0.3074 0.9410 0.1418
vn -0.4257 0.9048 -0.0102
vn -0.5277 0.8339 -0.1618
vn -0.6094 0.7309 -0.3073
vn -0.6677 0.5998 -0.4409
vn -0.7003 0.4457 -0.5576
vn -0.7061 0.2745 -0.6528
vn -0.6846 0.0927 -0.7230
vn -0.0000 0.9950 -0.1002
vn -0.8001 0.5819 -0.1455
vn 0.9968 -0.0000 -0.0801
vn -0.5602 -0.5906 0.5809
vn 0.2533 0.9671 0.0249
vn 0.0981 -0.0000 0.9952
vn -0.0979 -0.0000 0.9952
vn -0.2904 -0.0000 0.9569
vn 0.2904 -0.0000 -0.9569
vn -0.6343 -0.0000 -0.7731
vn 0.4715 -0.0000 0.8819
vn -0.6343 -0.0000 0.7731
vn -0.2902 -0.0000 -0.9570
vn -0.0981 -0.0000 -0.9952
vn 0.0981 -0.0000 -0.9952
vn 0.2902 -0.0000 -0.9570
vn -0.1967 0.9671 -0.1615
vn -0.4715 -0.0000 -0.8819
vn 0.2902 -0.0000 0.9570
vn -0.2902 -0.0000 0.9570
vn -0.6343 -0.0000 0.7730
vn -0.7731 -0.0000 0.6343
vn 0.7730 -0.0000 -0.6343
vn 0.8820 -0.0000 -0.4713
vn 0.2034 0.3895 -0.8983
vn 0.9469 0.3122 -0.0763
vn 0.9623 0.2492 0.1087
vn 0.9407 0.1766 0.2895
vn -0.5479 -0.4275 0.7191
vn -0.6918 -0.4219 0.5860
vn -0.9623 -0.2492 -0.1087
vn 0.2714 -0.9039 -0.3305
vn 0.2033 0.3896 -0.8983
vn 0.5214 -0.1507 0.8399
vn 0.1722 -0.2923 0.9407
vn -0.0160 -0.3476 0.9375
vn -0.2033 -0.3896 0.8983
vn -0.3829 -0.4165 0.8246
vn -0.6917 -0.4220 0.5861
vn -0.9624 -0.2491 -0.1087
vn -0.9407 -0.1766 -0.2895
vn -0.7913 -0.0141 -0.6112
vn -0.1722 0.2923 -0.9407
vn -0.8944 0.4472 -0.0000
vn 0.3162 -0.9487 -0.0000
vn -0.9923 -0.0000 0.1240
vn -0.0000 -0.9487 -0.3162
vn -0.8691 -0.4278 -0.2483
vn 0.9923 -0.0000 -0.1240
vn 0.2357 0.2357 0.9428
vn 0.3263 -0.8872 -0.3263
vn 0.6667 -0.6667 0.3333
vn 0.6000 -0.0000 0.8000
vn -0.2131 0.4263 0.8791
vn 0.3593 -0.8981 0.2536
vn -0.0000 0.8682 -0.4961
vn -0.8682 0.0078 -0.4961
vn -0.0000 -0.1240 0.9923
vn -0.7071 -0.0000 -0.7071
vn -0.0000 -0.6251 0.7806
vn 0.1644 0.0205 0.9862
vn -0.0000 -0.9923 -0.1240
vn -0.6496 -0.3772 -0.6601
vn -0.7069 0.4039 -0.5807
vn -0.0000 0.9985 0.0555
vn 0.8242 -0.5494 -0.1374
vn 1.0000 -0.0001 -0.0000
vn 1.0000 0.0001 -0.0000
vn -1.0000 0.0001 -0.0000
vn -1.0000 -0.0001 -0.0000
vn -1.0000 -0.0002 -0.0000
vn 0.1861 -0.9825 -0.0000
vn -0.0000 -1.0000 0.0001
vn -0.0000 -1.0000 -0.0001
vn 0.2533 0.9671 -0.0250
vn 0.0249 0.9671 0.2533
vn -0.0249 0.9671 0.2533
vn 0.9407 0.1765 0.2895
vn -0.2714 0.9039 0.3305
vn -0.2713 0.9039 0.3306
vn -0.2713 0.9039 0.3305
vn 0.2713 -0.9039 -0.3305
vn 0.2713 -0.9040 -0.3306
vn 0.2713 -0.9039 -0.3306
vn 0.2713 -0.9040 -0.3305
vn 0.6917 0.4220 -0.5861
vn -0.9407 -0.1765 -0.2895
vn -0.2713 0.9040 0.3304
vn 0.2714 -0.9040 -0.3305
vn -0.5855 0.6219 0.5199
vn 0.5855 -0.6219 -0.5199
vn 0.6640 -0.0001 0.7478
vn 0.6640 -0.0001 0.7477
vn 0.6639 -0.0000 0.7478
vn 0.6640 0.0002 0.7477
vn 0.6640 0.0001 0.7478
vn 0.6639 -0.0001 0.7478
vn 0.6640 -0.0000 0.7477
vn -0.6639 -0.0000 -0.7478
vn -0.6640 -0.0001 -0.7477
vn 0.6640 0.0001 0.7477
vn -0.6640 0.0001 -0.7478
vn -0.6640 -0.0001 -0.7478
vn -0.6640 0.0001 -0.7477
vn -0.6639 0.0001 -0.7478
vn -0.6639 -0.0001 -0.7478
vn -0.1496 0.9671 -0.2059
vn -0.0099 0.9670 -0.2544
vn 0.1729 0.9671 -0.1868
vn 0.2475 0.9671 -0.0594
vn 0.0593 0.9670 0.2476
vn 0.0099 0.9670 0.2544
vn -0.0882 0.9670 0.2388
vn 0.9380 -0.0000 0.3465
vn 0.0399 0.9671 -0.2513
vn -0.1729 0.9670 0.1869
vn 0.9992 -0.0000 -0.0388
vn 0.9876 -0.0000 0.1567
vn 0.1728 0.9671 -0.1869
vn -0.0593 0.9670 -0.2476
vn 0.1868 0.9671 0.1728
vn 0.9876 -0.0000 0.1569
vn -0.1567 -0.0000 0.9876
vn 0.2330 -0.0000 0.9725
vn 0.1569 -0.0000 -0.9876
vn 0.5277 -0.8339 0.1619
vn 0.7061 -0.2744 0.6528
vn 0.7071 0.3256 -0.6277
vn 0.7070 0.3255 -0.6278
vn 0.7071 0.3253 -0.6278
vn 0.7070 0.3257 -0.6278
vn 0.7071 0.3254 -0.6278
vn 0.7070 0.3255 -0.6279
vn -0.7060 0.2745 -0.6528
vn -0.7070 -0.3255 0.6278
vn -0.7070 -0.3255 0.6279
vn -0.7069 -0.3256 0.6279
vn -0.9855 -0.0000 0.1694
vn 0.0883 -0.9713 0.2208
vn -0.2421 0.9684 0.0605
vn 0.6077 -0.3473 0.7142
vn -0.4465 0.8930 0.0558
vn 0.3714 -0.7428 -0.5571
vn -0.4961 -0.8268 0.2653
vn -0.4307 0.8614 0.2692
vn 0.7757 0.5910 0.2216
vn 0.7198 -0.0000 0.6941
vn 0.2425 -0.0000 -0.9701
vn 0.3943 -0.8379 -0.3774
vn -0.6963 -0.6963 -0.1741
vn -0.0000 -0.8944 -0.4472
vn -0.9285 -0.0000 -0.3714
vn -0.4581 -0.2290 0.8589
vn -0.5946 0.6690 -0.4460
vn -0.0000 -0.9994 0.0357
vn -0.3123 0.9370 0.1562
vn -0.0000 0.9988 0.0499
vn -0.5601 -0.5907 0.5809
vn -0.7031 0.5859 -0.4028
vn -0.2238 -0.9510 0.2133
vn -0.0000 0.9162 -0.4008
vn 0.5602 0.5906 -0.5809
vn 0.0174 0.9998 -0.0000
vn -0.0000 0.8360 -0.5487
vn 0.3543 -0.9351 -0.0000
vn -0.0981 -0.0000 0.9952
vn 0.0739 0.9670 -0.2436
vn 0.2534 0.9671 -0.0250
vn -0.6343 -0.0000 -0.7730
vn -0.4715 -0.0000 0.8819
vn -0.2904 -0.0000 -0.9569
vn 0.6918 0.4219 -0.5860
vn 0.8090 0.4002 -0.4305
vn -0.2034 -0.3896 0.8983
vn -0.2712 0.9040 0.3305
vn -0.2714 0.9039 0.3307
vn -0.2715 0.9039 0.3305
vn -0.2713 0.9040 0.3305
vn -0.2712 0.9041 0.3304
vn -0.2716 0.9038 0.3306
vn -0.2717 0.9038 0.3307
vn -0.2712 0.9041 0.3303
vn -0.2714 0.9040 0.3305
vn -0.3536 0.2258 -0.9078
vn 0.2712 -0.9040 -0.3304
vn 0.2714 -0.9039 -0.3307
vn 0.2714 -0.9038 -0.3308
vn 0.2715 -0.9039 -0.3306
vn 0.2713 -0.9040 -0.3304
vn 0.0160 0.3476 -0.9375
vn 0.8830 0.0971 0.4592
vn 0.6693 -0.0696 0.7397
vn -0.2712 0.9040 0.3304
vn -0.2715 0.9039 0.3306
vn -0.2716 0.9038 0.3307
vn -0.2717 0.9038 0.3306
vn -0.2715 0.9038 0.3307
vn 0.2712 -0.9040 -0.3305
vn 0.2715 -0.9039 -0.3305
vn 0.2712 -0.9041 -0.3303
vn 0.2711 -0.9041 -0.3302
vt 0.375000 0.250000
vt 0.398201 0.000000
vt 0.588187 0.000000
vt 0.625000 0.250000
vt 0.588187 0.500000
vt 0.406534 0.500000
vt 0.596521 0.500000
vt 0.625000 0.750000
vt 0.596521 0.750000
vt 0.398201 0.750000
vt 0.375000 0.500000
vt 0.398201 0.500000
vt 0.588187 0.750000
vt 0.406534 0.750000
vt 0.596521 1.000000
vt 0.375000 1.000000
vt 0.398201 1.000000
vt 0.406534 1.000000
vt 0.125000 0.500000
vt 0.375000 0.750000
vt 0.125000 0.750000
vt 0.875000 0.500000
vt 0.625000 0.500000
vt 0.625000 0.000000
vt 0.596521 0.250000
vt 0.596521 0.000000
vt 0.406534 0.250000
vt 0.406534 0.000000
vt 0.398201 0.250000
vt 0.588187 0.250000
vt 0.375000 0.000000
vt 0.625000 1.000000
vt 0.243056 0.513889
vt 0.361111 0.736111
vt 0.243056 0.736111
vt 0.861111 0.618056
vt 0.875000 0.750000
vt 0.861111 0.736111
vt 0.743056 0.513889
vt 0.638889 0.513889
vt 0.584459 0.117188
vt 0.415541 0.132812
vt 0.584459 0.132812
vt 0.415541 0.367188
vt 0.584459 0.382812
vt 0.584459 0.367188
vt 0.415541 0.617188
vt 0.584459 0.632812
vt 0.584459 0.617188
vt 0.584459 0.867188
vt 0.415541 0.882812
vt 0.584459 0.882812
vt 0.256944 0.736111
vt 0.138889 0.736111
vt 0.861111 0.631944
vt 0.638889 0.618056
vt 0.375000 0.448131
vt 0.625000 0.798278
vt 0.375000 0.798278
vt 0.323131 0.500000
vt 0.673278 0.500000
vt 0.625000 0.451722
vt 0.375000 0.451722
vt 0.326722 0.500000
vt 0.326722 0.750000
vt 0.676869 0.750000
vt 0.673278 0.750000
vt 0.625000 0.801869
vt 0.375000 0.801869
vt 0.323131 0.750000
vt 0.676869 0.500000
vt 0.625000 0.448131
vt 1.000000 1.000000
vt 0.968750 0.500000
vt 1.000000 0.500000
vt 0.968750 1.000000
vt 0.937500 0.500000
vt 0.937500 1.000000
vt 0.906250 0.500000
vt 0.906250 1.000000
vt 0.875000 1.000000
vt 0.843750 0.500000
vt 0.843750 1.000000
vt 0.812500 0.500000
vt 0.812500 1.000000
vt 0.781250 0.500000
vt 0.781250 1.000000
vt 0.750000 0.500000
vt 0.750000 1.000000
vt 0.718750 0.500000
vt 0.718750 1.000000
vt 0.687500 0.500000
vt 0.687500 1.000000
vt 0.656250 0.500000
vt 0.656250 1.000000
vt 0.593750 0.500000
vt 0.593750 1.000000
vt 0.562500 0.500000
vt 0.562500 1.000000
vt 0.531250 0.500000
vt 0.531250 1.000000
vt 0.500000 0.500000
vt 0.500000 1.000000
vt 0.468750 0.500000
vt 0.468750 1.000000
vt 0.437500 0.500000
vt 0.437500 1.000000
vt 0.406250 0.500000
vt 0.406250 1.000000
vt 0.343750 0.500000
vt 0.343750 1.000000
vt 0.312500 0.500000
vt 0.312500 1.000000
vt 0.281250 0.500000
vt 0.281250 1.000000
vt 0.250000 0.500000
vt 0.250000 1.000000
vt 0.218750 0.500000
vt 0.187500 1.000000
vt 0.187500 0.500000
vt 0.156250 0.500000
vt 0.156250 1.000000
vt 0.125000 1.000000
vt 0.093750 0.500000
vt 0.093750 1.000000
vt 0.062500 0.500000
vt 0.341844 0.471731
vt 0.028269 0.341844
vt 0.158156 0.028269
vt 0.062500 1.000000
vt 0.031250 0.500000
vt 0.031250 1.000000
vt 0.000000 0.500000
vt 0.883337 0.050447
vt 0.550447 0.116663
vt 0.616663 0.449553
vt 0.218750 1.000000
vt 0.625000 0.771557
vt 0.375000 0.771557
vt 0.646557 0.500000
vt 0.375000 0.469707
vt 0.344707 0.750000
vt 0.625000 0.469728
vt 0.375000 0.478443
vt 0.344707 0.500000
vt 0.353443 0.750000
vt 0.655272 0.500000
vt 0.655272 0.750000
vt 0.375000 0.780293
vt 0.625000 0.478443
vt 0.353443 0.500000
vt 0.646557 0.750000
vt 0.625000 0.780272
vt 0.080294 0.419706
vt 0.080294 0.080294
vt 0.419706 0.080294
vt 0.471731 0.341844
vt 0.158156 0.471731
vt 0.028269 0.158156
vt 0.375000 0.375000
vt 0.457040 0.737500
vt 0.607257 0.737500
vt 0.457040 0.633333
vt 0.457040 0.512500
vt 0.607257 0.633333
vt 0.607257 0.616667
vt 0.625000 0.875000
vt 0.312500 0.750000
vt 0.750000 0.750000
vt 0.250000 0.750000
vt 0.687500 0.750000
vt 0.625000 0.494302
vt 0.625000 0.755698
vt 0.375000 0.755916
vt 0.369084 0.750000
vt 0.369084 0.500000
vt 0.630698 0.750000
vt 0.369084 0.750000
vt 0.630698 0.500000
vt 1.000000 0.503274
vt 0.968750 0.503274
vt 0.937500 0.503274
vt 0.906250 0.503274
vt 0.875000 0.503274
vt 0.843750 0.503274
vt 0.812500 0.503274
vt 0.781250 0.503274
vt 0.718750 0.503274
vt 0.687500 0.503274
vt 0.656250 0.503274
vt 0.625000 0.503274
vt 0.593750 0.503274
vt 0.562500 0.503274
vt 0.531250 0.503274
vt 0.500000 0.503274
vt 0.468750 0.503274
vt 0.437500 0.503274
vt 0.406250 0.503274
vt 0.375000 0.503274
vt 0.343750 0.503274
vt 0.312500 0.503274
vt 0.281250 0.503274
vt 0.218750 0.503274
vt 0.187500 0.503274
vt 0.156250 0.503274
vt 0.125000 0.503274
vt 0.093750 0.503274
vt 0.062500 0.503274
vt 0.158156 0.028269
vt 0.471731 0.158156
vt 0.031250 0.503274
vt 0.000000 0.503274
vt 0.796822 0.014612
vt 0.514612 0.203178
vt 0.703178 0.485388
vt 0.531250 0.529891
vt 0.500000 0.529885
vt 0.468750 0.529879
vt 0.437500 0.529873
vt 0.406250 0.529868
vt 0.968750 0.529891
vt 0.375000 0.529863
vt 0.937500 0.529897
vt 0.343750 0.529859
vt 0.906250 0.529902
vt 0.312500 0.529856
vt 0.875000 0.529907
vt 0.281250 0.529855
vt 0.843750 0.529910
vt 0.250000 0.529854
vt 0.812500 0.529913
vt 0.218750 0.529855
vt 0.781250 0.529915
vt 0.187500 0.529856
vt 0.750000 0.529916
vt 0.156250 0.529859
vt 0.718750 0.529915
vt 0.125000 0.529863
vt 0.687500 0.529913
vt 0.093750 0.529868
vt 0.656250 0.529910
vt 0.062500 0.529873
vt 0.625000 0.529907
vt 0.593750 0.529902
vt 0.031250 0.529879
vt 0.562500 0.529897
vt 0.000000 0.529885
vt 0.000000 1.000000
vt 1.000000 0.529885
vt 0.250000 0.503274
vt 0.750000 0.503274
vt 1.000000 0.503275
vt 0.968750 0.503275
vt 0.937500 0.503275
vt 0.906250 0.503275
vt 0.875000 0.503275
vt 0.843750 0.503275
vt 0.812500 0.503275
vt 0.781250 0.503275
vt 0.718750 0.503275
vt 0.687500 0.503275
vt 0.656250 0.503275
vt 0.625000 0.503275
vt 0.593750 0.503275
vt 0.562500 0.503275
vt 0.531250 0.503275
vt 0.500000 0.503275
vt 0.468750 0.503275
vt 0.437500 0.503275
vt 0.406250 0.503275
vt 0.375000 0.503275
vt 0.343750 0.503275
vt 0.312500 0.503275
vt 0.281250 0.503275
vt 0.218750 0.503275
vt 0.187500 0.503275
vt 0.156250 0.503275
vt 0.125000 0.503275
vt 0.093750 0.503275
vt 0.062500 0.503275
vt 0.031250 0.503275
vt 0.000000 0.503275
vt 0.156250 0.529859
vt 0.750000 0.529916
vt 0.718750 0.529915
vt 0.125000 0.529863
vt 0.687500 0.529913
vt 0.093750 0.529868
vt 0.656250 0.529911
vt 0.062500 0.529873
vt 0.625000 0.529907
vt 0.593750 0.529902
vt 0.031250 0.529879
vt 0.562500 0.529897
vt 0.000000 0.529885
vt 0.531250 0.529891
vt 0.500000 0.529885
vt 0.468750 0.529879
vt 0.437500 0.529873
vt 0.406250 0.529868
vt 0.968750 0.529891
vt 0.375000 0.529863
vt 0.937500 0.529897
vt 0.343750 0.529859
vt 0.906250 0.529902
vt 0.312500 0.529857
vt 0.875000 0.529907
vt 0.281250 0.529855
vt 0.843750 0.529911
vt 0.250000 0.529854
vt 0.812500 0.529913
vt 0.218750 0.529855
vt 0.781250 0.529915
vt 0.187500 0.529857
vt 0.750000 0.503275
vt 1.000000 0.529885
vt 0.250000 0.503275
vt 0.937500 0.527836
vt 0.375000 0.527803
vt 0.343750 0.527799
vt 0.906250 0.527842
vt 0.312500 0.527796
vt 0.875000 0.527846
vt 0.281250 0.527795
vt 0.843750 0.527850
vt 0.250000 0.527794
vt 0.812500 0.527853
vt 0.218750 0.527795
vt 0.781250 0.527855
vt 0.187500 0.527796
vt 0.750000 0.527856
vt 0.156250 0.527799
vt 0.718750 0.527855
vt 0.125000 0.527803
vt 0.687500 0.527853
vt 0.093750 0.527808
vt 0.656250 0.527850
vt 0.062500 0.527813
vt 0.625000 0.527846
vt 0.593750 0.527842
vt 0.031250 0.527819
vt 0.562500 0.527836
vt 0.000000 0.527825
vt 0.531250 0.527831
vt 0.500000 0.527825
vt 0.468750 0.527819
vt 0.437500 0.527813
vt 0.406250 0.527808
vt 0.968750 0.527831
vt 1.000000 0.527825
vt 0.218750 0.527794
vt 0.781250 0.527855
vt 0.187500 0.527796
vt 0.750000 0.527855
vt 0.156250 0.527799
vt 0.718750 0.527855
vt 0.125000 0.527803
vt 0.687500 0.527853
vt 0.093750 0.527807
vt 0.656250 0.527850
vt 0.062500 0.527813
vt 0.625000 0.527846
vt 0.593750 0.527842
vt 0.031250 0.527819
vt 0.562500 0.527836
vt 0.000000 0.527825
vt 0.531250 0.527831
vt 0.500000 0.527825
vt 0.468750 0.527819
vt 0.437500 0.527813
vt 0.406250 0.527807
vt 0.968750 0.527831
vt 0.375000 0.527803
vt 0.937500 0.527836
vt 0.343750 0.527799
vt 0.906250 0.527842
vt 0.312500 0.527796
vt 0.875000 0.527846
vt 0.281250 0.527794
vt 0.843750 0.527850
vt 0.250000 0.527794
vt 0.812500 0.527853
vt 1.000000 0.527825
vt 0.625000 0.218750
vt 0.562500 0.250000
vt 0.562500 0.218750
vt 0.625000 0.437500
vt 0.562500 0.437500
vt 0.625000 0.718750
vt 0.562500 0.750000
vt 0.562500 0.718750
vt 0.562500 0.937500
vt 0.375000 0.718750
vt 0.312500 0.718750
vt 0.875000 0.718750
vt 0.812500 0.750000
vt 0.812500 0.718750
vt 0.750000 0.718750
vt 0.687500 0.718750
vt 0.750000 0.562500
vt 0.687500 0.625000
vt 0.687500 0.562500
vt 0.875000 0.562500
vt 0.812500 0.625000
vt 0.812500 0.562500
vt 0.250000 0.718750
vt 0.187500 0.750000
vt 0.187500 0.718750
vt 0.250000 0.562500
vt 0.187500 0.625000
vt 0.187500 0.562500
vt 0.375000 0.562500
vt 0.312500 0.625000
vt 0.312500 0.562500
vt 0.500000 0.937500
vt 0.437500 0.937500
vt 0.500000 0.812500
vt 0.437500 0.875000
vt 0.437500 0.812500
vt 0.625000 0.812500
vt 0.562500 0.875000
vt 0.562500 0.812500
vt 0.500000 0.718750
vt 0.437500 0.750000
vt 0.437500 0.718750
vt 0.500000 0.562500
vt 0.437500 0.625000
vt 0.437500 0.562500
vt 0.625000 0.562500
vt 0.562500 0.625000
vt 0.562500 0.562500
vt 0.500000 0.437500
vt 0.437500 0.437500
vt 0.500000 0.312500
vt 0.437500 0.375000
vt 0.437500 0.312500
vt 0.625000 0.312500
vt 0.562500 0.375000
vt 0.562500 0.312500
vt 0.500000 0.218750
vt 0.437500 0.250000
vt 0.437500 0.218750
vt 0.500000 0.062500
vt 0.437500 0.125000
vt 0.437500 0.062500
vt 0.625000 0.062500
vt 0.562500 0.125000
vt 0.562500 0.062500
vt 0.500000 0.125000
vt 0.562500 0.031250
vt 0.500000 0.031250
vt 0.625000 0.031250
vt 0.375000 0.125000
vt 0.375000 0.062500
vt 0.437500 0.031250
vt 0.375000 0.031250
vt 0.375000 0.218750
vt 0.375000 0.187500
vt 0.437500 0.187500
vt 0.500000 0.375000
vt 0.500000 0.250000
vt 0.375000 0.312500
vt 0.375000 0.437500
vt 0.500000 0.625000
vt 0.562500 0.531250
vt 0.500000 0.531250
vt 0.625000 0.531250
vt 0.375000 0.625000
vt 0.437500 0.531250
vt 0.375000 0.531250
vt 0.375000 0.687500
vt 0.437500 0.687500
vt 0.500000 0.875000
vt 0.500000 0.750000
vt 0.375000 0.875000
vt 0.375000 0.812500
vt 0.375000 0.937500
vt 0.250000 0.625000
vt 0.250000 0.531250
vt 0.312500 0.531250
vt 0.125000 0.625000
vt 0.125000 0.562500
vt 0.125000 0.531250
vt 0.187500 0.531250
vt 0.125000 0.718750
vt 0.125000 0.687500
vt 0.187500 0.687500
vt 0.750000 0.625000
vt 0.812500 0.531250
vt 0.750000 0.531250
vt 0.875000 0.531250
vt 0.625000 0.625000
vt 0.687500 0.531250
vt 0.625000 0.687500
vt 0.687500 0.687500
vt 0.750000 0.687500
vt 0.875000 0.625000
vt 0.812500 0.687500
vt 0.250000 0.687500
vt 0.312500 0.687500
vt 0.500000 0.687500
vt 0.562500 0.687500
vt 0.625000 0.375000
vt 0.500000 0.187500
vt 0.625000 0.125000
vt 0.562500 0.187500
vt 0.500000 0.000000
vt 0.437500 0.000000
vt 0.562500 0.000000
vt 0.625000 0.187500
vt 0.875000 0.687500
vt 0.562500 0.468750
vt 0.625000 0.937500
vt 0.468750 0.750000
vt 0.500000 0.468750
vt 0.468750 0.468750
vt 0.437500 0.468750
vt 0.468750 0.812500
vt 0.562500 0.781250
vt 0.437500 0.781250
vt 0.531250 0.812500
vt 0.531250 0.750000
vt 0.531250 0.468750
vt 0.531250 0.437500
vt 0.468750 0.437500
vt 0.468750 0.781250
vt 0.500000 0.781250
vt 0.531250 0.781250
vt 0.796822 0.014612
vt 0.588187 1.000000
vt 0.138889 0.513889
vt 0.638889 0.631944
vt 0.138889 0.618056
vt 0.138889 0.631944
vt 0.361111 0.631944
vt 0.361111 0.618056
vt 0.361111 0.513889
vt 0.256944 0.513889
vt 0.861111 0.513889
vt 0.638889 0.736111
vt 0.743056 0.736111
vt 0.756944 0.736111
vt 0.756944 0.513889
vt 0.415541 0.117188
vt 0.415541 0.382812
vt 0.415541 0.632812
vt 0.415541 0.867188
vt 0.203178 0.014612
vt 0.250000 0.010000
vt 0.296822 0.014612
vt 0.341844 0.028269
vt 0.383337 0.050447
vt 0.449553 0.116663
vt 0.485388 0.203178
vt 0.490000 0.250000
vt 0.485388 0.296822
vt 0.449553 0.383337
vt 0.419706 0.419706
vt 0.383337 0.449553
vt 0.296822 0.485388
vt 0.250000 0.490000
vt 0.203178 0.485388
vt 0.116663 0.449553
vt 0.050447 0.383337
vt 0.014612 0.296822
vt 0.010000 0.250000
vt 0.014612 0.203178
vt 0.050447 0.116663
vt 0.116663 0.050447
vt 0.658156 0.471731
vt 0.750000 0.490000
vt 0.796822 0.485388
vt 0.841844 0.471731
vt 0.883337 0.449553
vt 0.919706 0.419706
vt 0.949553 0.383337
vt 0.971731 0.341844
vt 0.985388 0.296822
vt 0.990000 0.250000
vt 0.985388 0.203178
vt 0.971731 0.158156
vt 0.949553 0.116663
vt 0.919706 0.080294
vt 0.841844 0.028269
vt 0.750000 0.010000
vt 0.703178 0.014612
vt 0.658156 0.028269
vt 0.616663 0.050447
vt 0.580294 0.080294
vt 0.528269 0.158156
vt 0.510000 0.250000
vt 0.514612 0.296822
vt 0.528269 0.341844
vt 0.550447 0.383337
vt 0.580294 0.419706
vt 0.457040 0.616667
vt 0.607257 0.512500
vt 0.375000 0.494084
vt 0.116663 0.449553
vt 0.080294 0.419706
vt 0.050447 0.383337
vt 0.028269 0.341844
vt 0.014612 0.296822
vt 0.014612 0.203178
vt 0.028269 0.158156
vt 0.050447 0.116663
vt 0.080294 0.080294
vt 0.116663 0.050447
vt 0.203178 0.014612
vt 0.296822 0.014612
vt 0.341844 0.028269
vt 0.383337 0.050447
vt 0.419706 0.080294
vt 0.449553 0.116663
vt 0.449553 0.383337
vt 0.383337 0.449553
vt 0.883337 0.449553
vt 0.949553 0.383337
vt 0.949553 0.116663
vt 0.919706 0.080294
vt 0.883337 0.050447
vt 0.841844 0.028269
vt 0.703178 0.014612
vt 0.658156 0.028269
vt 0.616663 0.050447
vt 0.580294 0.080294
vt 0.550447 0.116663
vt 0.550447 0.383337
vt 0.616663 0.449553
s 0
usemtl Material.014
f 57/1/1 90/2/1 74/3/1
f 61/4/2 75/5/2 92/6/2
f 76/7/3 67/8/3 55/9/3
f 26/10/3 69/11/3 91/12/3
f 92/6/3 42/13/3 40/14/3
f 67/8/4 73/15/4 55/9/4
f 1/16/4 26/10/4 90/17/4
f 42/13/4 89/18/4 40/14/4
f 57/19/5 65/20/5 1/21/5
f 61/22/6 67/8/6 71/23/6
f 49/24/1 77/25/1 50/26/1
f 47/3/1 93/27/1 34/28/1
f 59/1/1 32/2/1 94/29/1
f 77/25/2 72/23/2 93/27/2
f 72/23/3 79/9/3 95/14/3
f 68/8/4 50/15/4 79/9/4
f 27/16/4 96/10/4 32/17/4
f 80/13/4 34/18/4 95/14/4
f 59/19/5 66/20/5 27/21/5
f 63/22/6 68/8/6 72/23/6
f 36/24/1 54/25/1 83/26/1
f 46/1/1 100/2/1 28/29/1
f 84/3/1 38/27/1 99/28/1
f 64/23/2 54/25/2 53/4/2
f 81/5/2 38/27/2 43/30/2
f 97/12/2 46/1/2 28/29/2
f 64/23/3 58/20/3 98/6/3
f 60/8/4 83/15/4 99/18/4
f 46/19/5 58/20/5 20/21/5
f 53/22/6 60/8/6 64/23/6
f 16/31/1 85/30/1 102/27/1
f 56/23/2 86/25/2 39/4/2
f 29/12/2 30/1/2 101/29/2
f 45/5/2 102/27/2 85/30/2
f 51/11/3 48/8/3 88/9/3
f 103/10/3 52/11/3 29/12/3
f 35/6/3 87/13/3 104/14/3
f 88/9/4 24/32/4 104/14/4
f 30/19/5 44/20/5 16/21/5
f 39/22/6 48/8/6 56/23/6
f 5/24/1 17/1/1 3/31/1
f 17/1/2 37/23/2 33/11/2
f 33/11/3 31/8/3 25/20/3
f 31/8/4 3/16/4 25/20/4
f 17/19/5 33/11/5 81/33/5
f 42/34/5 3/21/5 80/35/5
f 83/36/6 5/37/6 50/38/6
f 37/23/6 86/39/6 51/40/6
f 77/41/3 84/42/3 83/43/3
f 81/44/4 86/45/4 82/46/4
f 87/47/1 76/48/1 88/49/1
f 73/50/2 80/51/2 79/52/2
f 4/24/1 10/1/1 2/31/1
f 10/1/2 23/23/2 21/11/2
f 21/11/3 19/8/3 18/20/3
f 19/8/4 2/16/4 18/20/4
f 10/19/5 21/11/5 97/33/5
f 90/53/5 18/20/5 32/54/5
f 4/37/6 34/38/6 93/55/6
f 23/23/6 35/40/6 104/56/6
f 93/41/3 100/42/3 99/43/3
f 97/44/4 102/45/4 98/46/4
f 103/47/1 92/48/1 104/49/1
f 89/50/2 96/51/2 95/52/2
f 106/24/7 107/1/7 105/31/7
f 108/4/8 118/57/8 107/1/8
f 112/23/9 109/20/9 111/11/9
f 109/20/10 114/58/10 116/59/10
f 118/60/11 105/21/11 107/19/11
f 115/61/12 110/8/12 112/23/12
f 115/62/8 111/11/8 113/63/8
f 113/64/11 109/20/11 116/65/11
f 115/61/13 120/66/13 114/67/13
f 116/59/10 120/68/10 117/69/10
f 120/68/10 105/16/10 117/69/10
f 117/70/14 113/64/14 116/65/14
f 119/71/12 106/37/12 120/66/12
f 119/72/8 113/63/8 118/57/8
f 122/24/7 123/1/7 121/31/7
f 124/4/8 127/11/8 123/1/8
f 128/23/9 125/20/9 127/11/9
f 126/8/10 121/16/10 125/20/10
f 127/11/11 121/21/11 123/19/11
f 124/22/12 126/8/12 128/23/12
f 130/24/7 131/1/7 129/31/7
f 132/4/8 135/11/8 131/1/8
f 136/23/9 133/20/9 135/11/9
f 133/20/10 130/32/10 129/16/10
f 135/11/11 129/21/11 131/19/11
f 132/22/12 134/8/12 136/23/12
f 394/24/7 395/1/7 393/31/7
f 396/4/8 399/11/8 395/1/8
f 400/23/9 397/20/9 399/11/9
f 398/8/10 393/16/10 397/20/10
f 399/11/11 393/21/11 395/19/11
f 396/22/12 398/8/12 400/23/12
f 658/24/7 659/1/7 657/31/7
f 660/4/8 670/57/8 659/1/8
f 664/23/9 661/20/9 663/11/9
f 661/20/10 678/138/10 680/139/10
f 670/60/11 657/21/11 659/19/11
f 679/140/12 662/8/12 664/23/12
f 667/62/8 673/141/8 665/63/8
f 665/64/11 676/142/11 668/65/11
f 667/61/47 672/66/47 666/67/47
f 666/58/10 669/69/10 668/59/10
f 669/69/10 658/32/10 657/16/10
f 670/60/48 668/65/48 669/70/48
f 671/71/12 658/37/12 672/66/12
f 670/57/8 667/62/8 665/63/8
f 675/143/8 677/144/8 673/141/8
f 673/145/49 680/146/49 676/142/49
f 675/147/12 666/67/12 674/148/12
f 676/149/10 666/58/10 668/59/10
f 679/150/8 663/11/8 677/144/8
f 677/151/11 661/20/11 680/146/11
f 679/140/50 674/148/50 678/152/50
f 680/139/10 674/153/10 676/149/10
f 938/73/51 939/74/51 937/75/51
f 940/76/52 941/77/52 939/74/52
f 942/78/53 943/79/53 941/77/53
f 944/80/54 945/22/54 943/79/54
f 946/81/55 947/82/55 945/22/55
f 948/83/56 949/84/56 947/82/56
f 950/85/57 951/86/57 949/84/57
f 952/87/58 953/88/58 951/86/58
f 954/89/59 955/90/59 953/88/59
f 956/91/60 957/92/60 955/90/60
f 958/93/61 959/94/61 957/92/61
f 960/95/62 961/23/62 959/94/62
f 962/32/63 963/96/63 961/23/63
f 964/97/64 965/98/64 963/96/64
f 966/99/65 967/100/65 965/98/65
f 968/101/66 969/102/66 967/100/66
f 970/103/67 971/104/67 969/102/67
f 972/105/68 973/106/68 971/104/68
f 974/107/69 975/108/69 973/106/69
f 976/109/70 977/11/70 975/108/70
f 978/16/71 979/110/71 977/11/71
f 980/111/72 981/112/72 979/110/72
f 982/113/73 983/114/73 981/112/73
f 984/115/74 985/116/74 983/114/74
f 986/117/75 987/118/75 985/116/75
f 988/137/76 989/120/76 987/118/76
f 990/119/77 991/121/77 989/120/77
f 992/122/78 993/19/78 991/121/78
f 994/123/79 995/124/79 993/19/79
f 996/125/80 997/126/80 995/124/80
f 994/154/9 978/155/9 962/156/9
f 998/130/81 999/131/81 997/126/81
f 1000/132/82 937/133/82 999/131/82
f 963/134/7 979/135/7 995/136/7
f 1002/73/51 1003/74/51 1001/75/51
f 1004/76/52 1005/77/52 1003/74/52
f 1006/78/53 1007/79/53 1005/77/53
f 1008/80/54 1009/22/54 1007/79/54
f 1010/81/55 1011/82/55 1009/22/55
f 1012/83/56 1013/84/56 1011/82/56
f 1014/85/57 1015/86/57 1013/84/57
f 1016/87/58 1017/88/58 1015/86/58
f 1018/89/59 1019/90/59 1017/88/59
f 1020/91/60 1021/92/60 1019/90/60
f 1022/93/61 1023/94/61 1021/92/61
f 1024/95/62 1025/23/62 1023/94/62
f 1026/32/63 1027/96/63 1025/23/63
f 1028/97/64 1029/98/64 1027/96/64
f 1030/99/65 1031/100/65 1029/98/65
f 1032/101/66 1033/102/66 1031/100/66
f 1034/103/67 1035/104/67 1033/102/67
f 1036/105/68 1037/106/68 1035/104/68
f 1038/107/69 1039/108/69 1037/106/69
f 1040/109/70 1041/11/70 1039/108/70
f 1042/16/71 1043/110/71 1041/11/71
f 1044/111/72 1045/112/72 1043/110/72
f 1046/113/73 1047/114/73 1045/112/73
f 1048/115/74 1049/116/74 1047/114/74
f 1050/117/75 1051/118/75 1049/116/75
f 1052/137/76 1053/120/76 1051/118/76
f 1054/119/77 1055/121/77 1053/120/77
f 1056/122/78 1057/19/78 1055/121/78
f 1058/123/79 1059/124/79 1057/19/79
f 1060/125/80 1061/126/80 1059/124/80
f 1014/157/9 1062/158/9 1046/159/9
f 1062/130/81 1063/131/81 1061/126/81
f 1064/132/82 1001/133/82 1063/131/82
f 1027/134/7 1043/135/7 1059/136/7
f 1066/24/7 1067/1/7 1065/31/7
f 1072/23/8 1073/160/8 1068/4/8
f 1070/8/83 1084/161/83 1082/162/83
f 1083/163/83 1071/11/83 1088/164/83
f 1070/8/84 1081/165/84 1085/166/84
f 1069/20/10 1078/167/10 1065/16/10
f 1071/11/85 1075/168/85 1076/112/85
f 1068/22/12 1078/169/12 1077/88/12
f 1073/116/11 1065/21/11 1067/19/11
f 1076/112/86 1074/170/86 1073/116/86
f 1077/88/12 1080/171/12 1079/92/12
f 1079/92/87 1070/8/87 1072/23/87
f 14/11/8 1081/172/8 15/23/8
f 7/20/10 1082/173/10 1084/174/10
f 14/11/89 1084/175/89 1083/176/89
f 15/23/90 1082/177/90 11/8/90
f 9/11/8 1086/172/8 12/23/8
f 6/20/10 1085/173/10 1087/174/10
f 9/11/89 1087/178/89 1088/176/89
f 8/8/90 1086/179/90 1085/177/90
f 1207/180/91 1091/74/91 1089/75/91
f 1191/181/92 1093/77/92 1091/74/92
f 1199/182/93 1095/79/93 1093/77/93
f 1206/183/94 1097/22/94 1095/79/94
f 1214/184/95 1099/82/95 1097/22/95
f 1189/185/96 1101/84/96 1099/82/96
f 1197/186/97 1103/86/97 1101/84/97
f 1204/187/98 1105/88/98 1103/86/98
f 1105/88/99 1187/188/99 1107/90/99
f 1107/90/100 1195/189/100 1109/92/100
f 1109/92/101 1202/190/101 1111/94/101
f 1111/94/102 1210/191/102 1113/23/102
f 1113/23/103 1185/192/103 1115/96/103
f 1115/96/104 1193/193/104 1117/98/104
f 1117/98/105 1200/194/105 1119/100/105
f 1119/100/106 1208/195/106 1121/102/106
f 1208/195/107 1123/104/107 1121/102/107
f 1215/196/108 1125/106/108 1123/104/108
f 1190/197/109 1127/108/109 1125/106/109
f 1198/198/110 1129/11/110 1127/108/110
f 1205/199/111 1131/110/111 1129/11/111
f 1213/200/112 1133/112/112 1131/110/112
f 1188/201/113 1135/114/113 1133/112/113
f 1196/202/114 1137/116/114 1135/114/114
f 1137/116/115 1211/203/115 1139/118/115
f 1139/118/116 1186/204/116 1141/120/116
f 1141/120/117 1194/205/117 1143/121/117
f 1143/121/118 1201/206/118 1145/19/118
f 1145/19/119 1209/207/119 1147/124/119
f 1147/124/120 1216/208/120 1149/126/120
f 1126/209/12 1110/210/12 1094/127/12
f 1149/126/121 1192/211/121 1151/131/121
f 1151/131/122 1207/212/122 1089/133/122
f 1119/213/11 1135/214/11 1151/215/11
f 1169/216/123 1122/103/123 1176/217/123
f 1176/217/124 1124/105/124 1183/218/124
f 1183/218/125 1126/107/125 1158/219/125
f 1158/219/126 1128/109/126 1167/220/126
f 1159/221/127 1090/73/127 1092/76/127
f 1167/220/128 1130/16/128 1174/222/128
f 1168/223/129 1092/76/129 1094/78/129
f 1174/222/130 1132/111/130 1181/224/130
f 1175/225/131 1094/78/131 1096/80/131
f 1181/224/132 1134/113/132 1160/226/132
f 1182/227/133 1096/80/133 1098/81/133
f 1160/226/134 1136/115/134 1165/228/134
f 1157/229/135 1098/81/135 1100/83/135
f 1165/228/136 1138/117/136 1172/230/136
f 1166/231/137 1100/83/137 1102/85/137
f 1179/232/138 1138/117/138 1140/137/138
f 1173/233/139 1102/85/139 1104/87/139
f 1154/234/140 1140/137/140 1142/119/140
f 1180/235/141 1104/87/141 1106/89/141
f 1163/236/142 1142/119/142 1144/122/142
f 1180/235/143 1108/91/143 1155/237/143
f 1170/238/144 1144/122/144 1146/123/144
f 1155/237/145 1110/93/145 1164/239/145
f 1177/240/146 1146/123/146 1148/125/146
f 1164/239/147 1112/95/147 1171/241/147
f 1184/242/148 1148/125/148 1150/130/148
f 1171/241/149 1114/32/149 1178/243/149
f 1178/243/150 1116/97/150 1153/244/150
f 1162/245/151 1150/130/151 1152/132/151
f 1153/244/152 1118/99/152 1161/246/152
f 1156/247/153 1152/132/153 1090/248/153
f 1161/246/154 1120/101/154 1169/216/154
f 1200/194/123 1176/217/123 1208/195/123
f 1208/195/124 1183/218/124 1215/196/124
f 1215/196/125 1158/219/125 1190/197/125
f 1190/197/126 1167/220/126 1198/198/126
f 1191/181/127 1156/249/127 1159/221/127
f 1198/198/128 1174/222/128 1205/199/128
f 1199/182/129 1159/221/129 1168/223/129
f 1205/199/130 1181/224/130 1213/200/130
f 1206/183/131 1168/223/131 1175/225/131
f 1213/200/132 1160/226/132 1188/201/132
f 1214/184/133 1175/225/133 1182/227/133
f 1188/201/134 1165/228/134 1196/202/134
f 1189/185/135 1182/227/135 1157/229/135
f 1196/202/136 1172/230/136 1203/250/136
f 1197/186/137 1157/229/137 1166/231/137
f 1211/203/138 1172/230/138 1179/232/138
f 1204/187/139 1166/231/139 1173/233/139
f 1186/204/140 1179/232/140 1154/234/140
f 1212/251/141 1173/233/141 1180/235/141
f 1194/205/142 1154/234/142 1163/236/142
f 1212/251/143 1155/237/143 1187/188/143
f 1201/206/144 1163/236/144 1170/238/144
f 1187/188/145 1164/239/145 1195/189/145
f 1209/207/146 1170/238/146 1177/240/146
f 1195/189/147 1171/241/147 1202/190/147
f 1216/208/148 1177/240/148 1184/242/148
f 1202/190/149 1178/243/149 1210/191/149
f 1210/191/150 1153/244/150 1185/192/150
f 1192/211/151 1184/242/151 1162/245/151
f 1185/192/152 1161/246/152 1193/193/152
f 1207/212/153 1162/245/153 1156/247/153
f 1193/193/154 1169/216/154 1200/194/154
f 1344/252/155 1219/74/155 1217/75/155
f 1334/253/92 1221/77/92 1219/74/92
f 1342/254/93 1223/79/93 1221/77/93
f 1318/255/94 1225/22/94 1223/79/94
f 1325/256/95 1227/82/95 1225/22/95
f 1332/257/96 1229/84/96 1227/82/96
f 1340/258/97 1231/86/97 1229/84/97
f 1316/259/98 1233/88/98 1231/86/98
f 1233/88/99 1330/260/99 1235/90/99
f 1235/90/100 1338/261/100 1237/92/100
f 1237/92/101 1314/262/101 1239/94/101
f 1239/94/102 1321/263/102 1241/23/102
f 1241/23/103 1328/264/103 1243/96/103
f 1243/96/104 1336/265/104 1245/98/104
f 1245/98/105 1343/266/105 1247/100/105
f 1247/100/106 1319/267/106 1249/102/106
f 1319/267/107 1251/104/107 1249/102/107
f 1326/268/108 1253/106/108 1251/104/108
f 1333/269/109 1255/108/109 1253/106/109
f 1341/270/110 1257/11/110 1255/108/110
f 1317/271/111 1259/110/111 1257/11/111
f 1324/272/112 1261/112/112 1259/110/112
f 1331/273/113 1263/114/113 1261/112/113
f 1339/274/156 1265/116/156 1263/114/156
f 1265/116/157 1322/275/157 1267/118/157
f 1267/118/116 1329/276/116 1269/120/116
f 1269/120/117 1337/277/117 1271/121/117
f 1271/121/118 1313/278/118 1273/19/118
f 1273/19/119 1320/279/119 1275/124/119
f 1275/124/120 1327/280/120 1277/126/120
f 1254/209/12 1238/210/12 1222/127/12
f 1277/126/121 1335/281/121 1279/131/121
f 1279/131/158 1344/282/158 1217/133/158
f 1247/213/11 1263/214/11 1279/215/11
f 1305/283/142 1270/119/142 1272/122/142
f 1291/284/143 1236/91/143 1298/285/143
f 1281/286/144 1272/122/144 1274/123/144
f 1298/285/145 1238/93/145 1306/287/145
f 1288/288/146 1274/123/146 1276/125/146
f 1306/287/147 1240/95/147 1282/289/147
f 1295/290/148 1276/125/148 1278/130/148
f 1282/289/149 1242/32/149 1289/291/149
f 1289/291/150 1244/97/150 1296/292/150
f 1303/293/151 1278/130/151 1280/132/151
f 1296/292/152 1246/99/152 1304/294/152
f 1307/295/153 1280/132/153 1218/248/153
f 1304/294/154 1248/101/154 1312/296/154
f 1312/296/123 1250/103/123 1287/297/123
f 1287/297/124 1252/105/124 1294/298/124
f 1294/298/125 1254/107/125 1301/299/125
f 1301/299/126 1256/109/126 1310/300/126
f 1302/301/127 1218/73/127 1220/76/127
f 1310/300/128 1258/16/128 1285/302/128
f 1311/303/129 1220/76/129 1222/78/129
f 1285/302/130 1260/111/130 1292/304/130
f 1286/305/131 1222/78/131 1224/80/131
f 1292/304/132 1262/113/132 1299/306/132
f 1293/307/133 1224/80/133 1226/81/133
f 1299/306/134 1264/115/134 1308/308/134
f 1300/309/135 1226/81/135 1228/83/135
f 1308/308/136 1266/117/136 1283/310/136
f 1309/311/137 1228/83/137 1230/85/137
f 1290/312/138 1266/117/138 1268/137/138
f 1284/313/139 1230/85/139 1232/87/139
f 1297/314/140 1268/137/140 1270/119/140
f 1291/284/141 1232/87/141 1234/89/141
f 1337/277/142 1297/314/142 1305/283/142
f 1323/315/143 1298/285/143 1330/260/143
f 1313/278/144 1305/283/144 1281/286/144
f 1330/260/145 1306/287/145 1338/261/145
f 1320/279/146 1281/286/146 1288/288/146
f 1338/261/147 1282/289/147 1314/262/147
f 1327/280/148 1288/288/148 1295/290/148
f 1314/262/149 1289/291/149 1321/263/149
f 1321/263/150 1296/292/150 1328/264/150
f 1335/281/151 1295/290/151 1303/293/151
f 1328/264/152 1304/294/152 1336/265/152
f 1344/282/153 1303/293/153 1307/295/153
f 1336/265/154 1312/296/154 1343/266/154
f 1343/266/123 1287/297/123 1319/267/123
f 1319/267/124 1294/298/124 1326/268/124
f 1326/268/125 1301/299/125 1333/269/125
f 1333/269/126 1310/300/126 1341/270/126
f 1334/253/127 1307/316/127 1302/301/127
f 1341/270/128 1285/302/128 1317/271/128
f 1342/254/129 1302/301/129 1311/303/129
f 1317/271/130 1292/304/130 1324/272/130
f 1318/255/131 1311/303/131 1286/305/131
f 1324/272/132 1299/306/132 1331/273/132
f 1325/256/133 1286/305/133 1293/307/133
f 1331/273/134 1308/308/134 1339/274/134
f 1332/257/135 1293/307/135 1300/309/135
f 1339/274/136 1283/310/136 1315/317/136
f 1340/258/137 1300/309/137 1309/311/137
f 1322/275/138 1283/310/138 1290/312/138
f 1316/259/139 1309/311/139 1284/313/139
f 1329/276/140 1290/312/140 1297/314/140
f 1323/315/141 1284/313/141 1291/284/141
f 1346/24/7 1347/1/7 1345/31/7
f 1348/4/8 1351/11/8 1347/1/8
f 1352/23/9 1349/20/9 1351/11/9
f 1349/20/10 1346/32/10 1345/16/10
f 1351/11/11 1345/21/11 1347/19/11
f 1348/22/12 1350/8/12 1352/23/12
f 1472/252/155 1355/74/155 1353/75/155
f 1451/253/92 1357/77/92 1355/74/92
f 1459/254/93 1359/79/93 1357/77/93
f 1466/255/94 1361/22/94 1359/79/94
f 1474/256/95 1363/82/95 1361/22/95
f 1449/257/96 1365/84/96 1363/82/96
f 1457/258/97 1367/86/97 1365/84/97
f 1464/259/98 1369/88/98 1367/86/98
f 1369/88/99 1479/260/99 1371/90/99
f 1371/90/100 1455/261/100 1373/92/100
f 1373/92/101 1462/262/101 1375/94/101
f 1375/94/102 1469/263/102 1377/23/102
f 1377/23/103 1477/264/103 1379/96/103
f 1379/96/104 1453/265/104 1381/98/104
f 1381/98/105 1460/266/105 1383/100/105
f 1383/100/106 1467/267/106 1385/102/106
f 1467/267/107 1387/104/107 1385/102/107
f 1475/268/108 1389/106/108 1387/104/108
f 1450/269/109 1391/108/109 1389/106/109
f 1458/270/110 1393/11/110 1391/108/110
f 1465/271/111 1395/110/111 1393/11/111
f 1473/272/112 1397/112/112 1395/110/112
f 1480/273/113 1399/114/113 1397/112/113
f 1456/274/114 1401/116/114 1399/114/114
f 1401/116/157 1470/275/157 1403/118/157
f 1403/118/116 1478/276/116 1405/120/116
f 1405/120/117 1454/277/117 1407/121/117
f 1407/121/118 1461/278/118 1409/19/118
f 1409/19/119 1468/279/119 1411/124/119
f 1411/124/120 1476/280/120 1413/126/120
f 1390/209/12 1374/210/12 1358/127/12
f 1413/126/121 1452/281/121 1415/131/121
f 1415/131/158 1472/282/158 1353/133/158
f 1383/213/11 1399/214/11 1415/215/11
f 1427/318/129 1356/76/129 1358/78/129
f 1433/319/130 1396/111/130 1441/320/130
f 1434/321/131 1358/78/131 1360/80/131
f 1441/320/132 1398/113/132 1448/322/132
f 1442/323/133 1360/80/133 1362/81/133
f 1448/322/134 1400/115/134 1424/324/134
f 1417/325/135 1362/81/135 1364/83/135
f 1424/324/136 1402/117/136 1431/326/136
f 1425/327/137 1364/83/137 1366/85/137
f 1439/328/138 1402/117/138 1404/137/138
f 1432/329/139 1366/85/139 1368/87/139
f 1446/330/140 1404/137/140 1406/119/140
f 1440/331/141 1368/87/141 1370/89/141
f 1422/332/142 1406/119/142 1408/122/142
f 1440/331/143 1372/91/143 1447/333/143
f 1429/334/144 1408/122/144 1410/123/144
f 1447/333/145 1374/93/145 1423/335/145
f 1437/336/146 1410/123/146 1412/125/146
f 1423/335/147 1376/95/147 1430/337/147
f 1444/338/148 1412/125/148 1414/130/148
f 1430/337/149 1378/32/149 1438/339/149
f 1438/339/150 1380/97/150 1445/340/150
f 1420/341/151 1414/130/151 1416/132/151
f 1445/340/152 1382/99/152 1421/342/152
f 1435/343/153 1416/132/153 1354/248/153
f 1421/342/154 1384/101/154 1428/344/154
f 1428/344/123 1386/103/123 1436/345/123
f 1436/345/124 1388/105/124 1443/346/124
f 1443/346/125 1390/107/125 1418/347/125
f 1418/347/126 1392/109/126 1426/348/126
f 1419/349/127 1354/73/127 1356/76/127
f 1426/348/128 1394/16/128 1433/319/128
f 1459/254/129 1419/349/129 1427/318/129
f 1465/271/130 1441/320/130 1473/272/130
f 1466/255/131 1427/318/131 1434/321/131
f 1473/272/132 1448/322/132 1480/273/132
f 1474/256/133 1434/321/133 1442/323/133
f 1480/273/134 1424/324/134 1456/274/134
f 1449/257/135 1442/323/135 1417/325/135
f 1456/274/136 1431/326/136 1463/317/136
f 1457/258/137 1417/325/137 1425/327/137
f 1470/275/138 1431/326/138 1439/328/138
f 1464/259/139 1425/327/139 1432/329/139
f 1478/276/140 1439/328/140 1446/330/140
f 1471/315/141 1432/329/141 1440/331/141
f 1454/277/142 1446/330/142 1422/332/142
f 1471/315/143 1447/333/143 1479/260/143
f 1461/278/144 1422/332/144 1429/334/144
f 1479/260/145 1423/335/145 1455/261/145
f 1468/279/146 1429/334/146 1437/336/146
f 1455/261/147 1430/337/147 1462/262/147
f 1476/280/148 1437/336/148 1444/338/148
f 1462/262/149 1438/339/149 1469/263/149
f 1469/263/150 1445/340/150 1477/264/150
f 1452/281/151 1444/338/151 1420/341/151
f 1477/264/152 1421/342/152 1453/265/152
f 1472/282/153 1420/341/153 1435/343/153
f 1453/265/154 1428/344/154 1460/266/154
f 1460/266/123 1436/345/123 1467/267/123
f 1467/267/124 1443/346/124 1475/268/124
f 1475/268/125 1418/347/125 1450/269/125
f 1450/269/126 1426/348/126 1458/270/126
f 1451/253/127 1435/350/127 1419/349/127
f 1458/270/128 1433/319/128 1465/271/128
f 1591/180/91 1483/74/91 1481/75/91
f 1602/181/92 1485/77/92 1483/74/92
f 1578/182/93 1487/79/93 1485/77/93
f 1585/183/94 1489/22/94 1487/79/94
f 1593/184/95 1491/82/95 1489/22/95
f 1600/185/96 1493/84/96 1491/82/96
f 1608/186/97 1495/86/97 1493/84/97
f 1583/187/98 1497/88/98 1495/86/98
f 1497/88/99 1598/188/99 1499/90/99
f 1499/90/100 1606/189/100 1501/92/100
f 1501/92/101 1581/190/101 1503/94/101
f 1503/94/102 1588/191/102 1505/23/102
f 1505/23/103 1596/192/103 1507/96/103
f 1507/96/104 1604/193/104 1509/98/104
f 1509/98/105 1579/194/105 1511/100/105
f 1511/100/106 1586/195/106 1513/102/106
f 1586/195/107 1515/104/107 1513/102/107
f 1594/196/108 1517/106/108 1515/104/108
f 1601/197/109 1519/108/109 1517/106/109
f 1577/198/110 1521/11/110 1519/108/110
f 1584/199/111 1523/110/111 1521/11/111
f 1592/200/112 1525/112/112 1523/110/112
f 1599/201/113 1527/114/113 1525/112/113
f 1607/202/114 1529/116/114 1527/114/114
f 1529/116/157 1589/203/157 1531/118/157
f 1531/118/116 1597/204/116 1533/120/116
f 1533/120/117 1605/205/117 1535/121/117
f 1535/121/118 1580/206/118 1537/19/118
f 1537/19/119 1587/207/119 1539/124/119
f 1539/124/120 1595/208/120 1541/126/120
f 1518/209/12 1502/210/12 1486/127/12
f 1541/126/121 1603/211/121 1543/131/121
f 1543/131/122 1591/212/122 1481/133/122
f 1511/213/11 1527/214/11 1543/215/11
f 1558/351/138 1530/117/138 1532/137/138
f 1552/352/139 1494/85/139 1496/87/139
f 1565/353/140 1532/137/140 1534/119/140
f 1559/354/141 1496/87/141 1498/89/141
f 1573/355/142 1534/119/142 1536/122/142
f 1559/354/143 1500/91/143 1566/356/143
f 1548/357/144 1536/122/144 1538/123/144
f 1566/356/145 1502/93/145 1574/358/145
f 1556/359/146 1538/123/146 1540/125/146
f 1574/358/147 1504/95/147 1549/360/147
f 1563/361/148 1540/125/148 1542/130/148
f 1549/360/149 1506/32/149 1557/362/149
f 1557/362/150 1508/97/150 1564/363/150
f 1571/364/151 1542/130/151 1544/132/151
f 1564/363/152 1510/99/152 1572/365/152
f 1550/366/153 1544/132/153 1482/248/153
f 1572/365/154 1512/101/154 1547/367/154
f 1547/367/123 1514/103/123 1555/368/123
f 1555/368/124 1516/105/124 1562/369/124
f 1562/369/125 1518/107/125 1569/370/125
f 1569/370/126 1520/109/126 1545/371/126
f 1570/372/127 1482/73/127 1484/76/127
f 1545/371/128 1522/16/128 1553/373/128
f 1546/374/129 1484/76/129 1486/78/129
f 1553/373/130 1524/111/130 1560/375/130
f 1554/376/131 1486/78/131 1488/80/131
f 1560/375/132 1526/113/132 1567/377/132
f 1561/378/133 1488/80/133 1490/81/133
f 1567/377/134 1528/115/134 1575/379/134
f 1568/380/135 1490/81/135 1492/83/135
f 1575/379/136 1530/117/136 1551/381/136
f 1576/382/137 1492/83/137 1494/85/137
f 1589/203/138 1551/381/138 1558/351/138
f 1583/187/139 1576/382/139 1552/352/139
f 1597/204/140 1558/351/140 1565/353/140
f 1590/251/141 1552/352/141 1559/354/141
f 1605/205/142 1565/353/142 1573/355/142
f 1590/251/143 1566/356/143 1598/188/143
f 1580/206/144 1573/355/144 1548/357/144
f 1598/188/145 1574/358/145 1606/189/145
f 1587/207/146 1548/357/146 1556/359/146
f 1606/189/147 1549/360/147 1581/190/147
f 1595/208/148 1556/359/148 1563/361/148
f 1581/190/149 1557/362/149 1588/191/149
f 1588/191/150 1564/363/150 1596/192/150
f 1603/211/151 1563/361/151 1571/364/151
f 1596/192/152 1572/365/152 1604/193/152
f 1591/212/153 1571/364/153 1550/366/153
f 1604/193/154 1547/367/154 1579/194/154
f 1579/194/123 1555/368/123 1586/195/123
f 1586/195/124 1562/369/124 1594/196/124
f 1594/196/125 1569/370/125 1601/197/125
f 1601/197/126 1545/371/126 1577/198/126
f 1602/181/127 1550/383/127 1570/372/127
f 1577/198/128 1553/373/128 1584/199/128
f 1578/182/129 1570/372/129 1546/374/129
f 1584/199/130 1560/375/130 1592/200/130
f 1585/183/131 1546/374/131 1554/376/131
f 1592/200/132 1567/377/132 1599/201/132
f 1593/184/133 1554/376/133 1561/378/133
f 1599/201/134 1575/379/134 1607/202/134
f 1600/185/135 1561/378/135 1568/380/135
f 1607/202/136 1551/381/136 1582/250/136
f 1608/186/137 1568/380/137 1576/382/137
f 1708/384/7 1650/385/7 1738/386/7
f 1640/387/8 1653/98/8 1705/388/8
f 1710/389/9 1656/390/9 1737/391/9
f 1703/392/10 1610/32/10 1636/99/10
f 1717/393/11 1645/168/11 1736/394/11
f 1716/395/12 1646/396/12 1735/397/12
f 1711/398/12 1658/171/12 1734/399/12
f 1660/400/12 1661/401/12 1699/402/12
f 1637/403/12 1662/404/12 1698/405/12
f 1712/406/11 1657/407/11 1731/408/11
f 1664/409/11 1665/410/11 1696/411/11
f 1642/412/11 1666/413/11 1695/414/11
f 1667/415/10 1648/107/10 1694/416/10
f 1668/417/10 1669/418/10 1693/419/10
f 1658/420/10 1670/421/10 1692/422/10
f 1713/423/9 1644/424/9 1728/425/9
f 1672/426/9 1673/427/9 1690/428/9
f 1655/429/9 1674/430/9 1689/431/9
f 1675/432/8 1641/106/8 1688/433/8
f 1676/434/8 1677/435/8 1687/436/8
f 1652/437/8 1678/438/8 1686/439/8
f 1714/440/7 1638/441/7 1725/442/7
f 1680/443/7 1681/444/7 1684/445/7
f 1649/446/7 1682/447/7 1683/448/7
f 1683/448/7 1634/449/7 1680/443/7
f 1723/450/159 1680/443/159 1722/451/159
f 1716/452/159 1683/448/159 1723/450/159
f 1684/445/7 1617/453/7 1635/454/7
f 1724/455/159 1635/454/159 1707/456/159
f 1722/451/159 1684/445/159 1724/455/159
f 1725/442/7 1611/1/7 1715/457/7
f 1681/444/7 1647/458/7 1617/453/7
f 1634/449/7 1685/459/7 1681/444/7
f 1686/439/8 1633/460/8 1676/434/8
f 1650/385/8 1676/434/8 1620/461/8
f 1612/4/8 1686/439/8 1650/385/8
f 1687/436/8 1621/160/8 1639/462/8
f 1638/441/8 1639/462/8 1611/1/8
f 1620/461/8 1687/436/8 1638/441/8
f 1688/433/8 1615/11/8 1651/463/8
f 1677/435/8 1651/463/8 1621/160/8
f 1633/460/8 1688/433/8 1677/435/8
f 1689/431/9 1632/464/9 1672/426/9
f 1726/465/160 1672/426/160 1721/466/160
f 1718/467/160 1689/431/160 1726/465/160
f 1690/428/9 1624/468/9 1642/412/9
f 1727/469/160 1642/412/160 1709/470/160
f 1721/466/160 1690/428/160 1727/469/160
f 1728/425/9 1613/20/9 1717/393/9
f 1673/427/9 1654/471/9 1624/468/9
f 1632/464/9 1691/472/9 1673/427/9
f 1692/422/10 1631/473/10 1668/417/10
f 1656/390/10 1668/417/10 1626/474/10
f 1614/8/10 1692/422/10 1656/390/10
f 1693/419/10 1627/475/10 1645/476/10
f 1613/20/10 1693/419/10 1645/476/10
f 1626/474/10 1693/419/10 1644/424/10
f 1694/416/10 1609/16/10 1657/477/10
f 1669/418/10 1657/477/10 1627/475/10
f 1631/473/10 1694/416/10 1669/418/10
f 1695/414/11 1630/478/11 1664/409/11
f 1720/479/11 1695/414/11 1664/409/11
f 1729/480/11 1642/412/11 1695/414/11
f 1696/411/11 1617/481/11 1647/482/11
f 1715/483/11 1696/411/11 1647/482/11
f 1730/484/11 1664/409/11 1696/411/11
f 1731/408/11 1609/21/11 1707/485/11
f 1665/410/11 1635/486/11 1617/481/11
f 1630/478/11 1697/487/11 1665/410/11
f 1698/405/12 1629/488/12 1660/400/12
f 1732/489/12 1660/400/12 1719/490/12
f 1708/491/12 1698/405/12 1732/489/12
f 1699/402/12 1625/492/12 1655/429/12
f 1733/493/12 1655/429/12 1718/467/12
f 1719/490/12 1699/402/12 1733/493/12
f 1734/399/12 1614/8/12 1710/389/12
f 1661/401/12 1643/494/12 1625/492/12
f 1629/488/12 1700/495/12 1661/401/12
f 1735/397/12 1628/169/12 1711/398/12
f 1662/404/12 1659/496/12 1629/488/12
f 1619/497/12 1701/498/12 1662/404/12
f 1736/394/11 1627/170/11 1712/406/11
f 1666/413/11 1663/499/11 1630/478/11
f 1624/468/11 1702/500/11 1666/413/11
f 1703/392/10 1618/103/10 1667/415/10
f 1670/421/10 1667/415/10 1631/473/10
f 1628/167/10 1703/392/10 1670/421/10
f 1737/391/9 1626/474/9 1713/423/9
f 1674/430/9 1671/501/9 1632/464/9
f 1625/492/9 1704/502/9 1674/430/9
f 1705/388/8 1623/102/8 1675/432/8
f 1678/438/8 1675/432/8 1633/460/8
f 1622/503/8 1705/388/8 1678/438/8
f 1738/386/7 1620/461/7 1714/440/7
f 1682/447/7 1679/504/7 1634/449/7
f 1619/505/7 1706/506/7 1682/447/7
f 1706/506/161 1714/440/161 1679/504/161
f 1704/502/162 1713/423/162 1671/501/162
f 1702/500/11 1712/406/11 1663/499/11
f 1659/496/12 1735/397/12 1711/398/12
f 1643/494/12 1734/399/12 1710/389/12
f 1622/88/12 1733/493/12 1640/92/12
f 1640/92/12 1718/467/12 1616/23/12
f 1612/22/12 1732/489/12 1652/84/12
f 1652/84/12 1719/490/12 1622/88/12
f 1697/487/11 1707/485/11 1635/486/11
f 1621/116/11 1730/484/11 1639/120/11
f 1639/120/11 1715/483/11 1611/19/11
f 1615/11/11 1729/480/11 1651/112/11
f 1651/112/11 1720/479/11 1621/116/11
f 1691/472/162 1717/393/162 1654/471/162
f 1623/102/9 1727/469/9 1641/106/9
f 1641/106/9 1709/470/9 1615/11/9
f 1616/23/9 1726/465/9 1653/98/9
f 1653/98/9 1721/466/9 1623/102/9
f 1685/459/161 1715/457/161 1647/458/161
f 1618/507/7 1724/455/7 1648/508/7
f 1648/508/7 1707/456/7 1609/31/7
f 1610/24/7 1723/450/7 1636/509/7
f 1636/509/7 1722/451/7 1618/507/7
f 1679/504/161 1725/442/161 1685/459/161
f 1671/501/162 1728/425/162 1691/472/162
f 1663/499/11 1731/408/11 1697/487/11
f 1700/495/12 1711/398/12 1734/399/12
f 1701/498/12 1716/395/12 1735/397/12
f 1654/471/11 1736/394/11 1702/500/11
f 1643/494/162 1737/391/162 1704/502/162
f 1637/510/161 1738/386/161 1706/506/161
f 1838/384/7 1780/385/7 1868/386/7
f 1770/387/8 1783/98/8 1835/388/8
f 1840/389/9 1786/390/9 1867/391/9
f 1833/392/10 1740/32/10 1766/99/10
f 1847/393/11 1775/168/11 1866/394/11
f 1846/395/12 1776/396/12 1865/397/12
f 1841/398/12 1788/171/12 1864/399/12
f 1790/400/12 1791/401/12 1829/402/12
f 1767/403/12 1792/404/12 1828/405/12
f 1842/406/11 1787/407/11 1861/408/11
f 1794/409/11 1795/410/11 1826/411/11
f 1772/412/11 1796/413/11 1825/414/11
f 1797/415/10 1778/107/10 1824/416/10
f 1798/417/10 1799/418/10 1823/419/10
f 1788/420/10 1800/421/10 1822/422/10
f 1843/423/9 1774/424/9 1858/425/9
f 1802/426/9 1803/427/9 1820/428/9
f 1785/429/9 1804/430/9 1819/431/9
f 1805/432/8 1771/106/8 1818/433/8
f 1806/434/8 1807/435/8 1817/436/8
f 1782/437/8 1808/438/8 1816/439/8
f 1844/440/7 1768/441/7 1855/442/7
f 1810/443/7 1811/444/7 1814/445/7
f 1779/446/7 1812/447/7 1813/448/7
f 1813/448/7 1764/449/7 1810/443/7
f 1853/450/163 1810/443/163 1852/451/163
f 1846/452/163 1813/448/163 1853/450/163
f 1814/445/7 1747/453/7 1765/454/7
f 1854/455/163 1765/454/163 1837/456/163
f 1852/451/163 1814/445/163 1854/455/163
f 1855/442/7 1741/1/7 1845/457/7
f 1811/444/7 1777/458/7 1747/453/7
f 1764/449/7 1815/459/7 1811/444/7
f 1816/439/8 1763/460/8 1806/434/8
f 1780/385/8 1806/434/8 1750/461/8
f 1742/4/8 1816/439/8 1780/385/8
f 1817/436/8 1751/160/8 1769/462/8
f 1768/441/8 1769/462/8 1741/1/8
f 1750/461/8 1817/436/8 1768/441/8
f 1818/433/8 1745/11/8 1781/463/8
f 1807/435/8 1781/463/8 1751/160/8
f 1763/460/8 1818/433/8 1807/435/8
f 1819/431/9 1762/464/9 1802/426/9
f 1856/465/164 1802/426/164 1851/466/164
f 1848/467/164 1819/431/164 1856/465/164
f 1820/428/9 1754/468/9 1772/412/9
f 1857/469/164 1772/412/164 1839/470/164
f 1851/466/164 1820/428/164 1857/469/164
f 1858/425/9 1743/20/9 1847/393/9
f 1803/427/9 1784/471/9 1754/468/9
f 1762/464/9 1821/472/9 1803/427/9
f 1822/422/10 1761/473/10 1798/417/10
f 1786/390/10 1798/417/10 1756/474/10
f 1744/8/10 1822/422/10 1786/390/10
f 1823/419/10 1757/475/10 1775/476/10
f 1743/20/10 1823/419/10 1775/476/10
f 1756/474/10 1823/419/10 1774/424/10
f 1824/416/10 1739/16/10 1787/477/10
f 1799/418/10 1787/477/10 1757/475/10
f 1761/473/10 1824/416/10 1799/418/10
f 1825/414/11 1760/478/11 1794/409/11
f 1859/480/165 1794/409/165 1850/479/165
f 1839/470/165 1825/414/165 1859/480/165
f 1826/411/11 1747/481/11 1777/482/11
f 1860/484/165 1777/482/165 1845/483/165
f 1850/479/165 1826/411/165 1860/484/165
f 1861/408/11 1739/21/11 1837/485/11
f 1795/410/11 1765/486/11 1747/481/11
f 1760/478/11 1827/487/11 1795/410/11
f 1828/405/12 1759/488/12 1790/400/12
f 1849/490/166 1828/405/166 1790/400/166
f 1862/489/166 1767/403/166 1828/405/166
f 1829/402/12 1755/492/12 1785/429/12
f 1848/467/166 1829/402/166 1785/429/166
f 1863/493/166 1790/400/166 1829/402/166
f 1864/399/12 1744/8/12 1840/389/12
f 1791/401/12 1773/494/12 1755/492/12
f 1759/488/12 1830/495/12 1791/401/12
f 1865/397/12 1758/169/12 1841/398/12
f 1792/404/12 1789/496/12 1759/488/12
f 1749/497/12 1831/498/12 1792/404/12
f 1866/394/11 1757/170/11 1842/406/11
f 1796/413/11 1793/499/11 1760/478/11
f 1754/468/11 1832/500/11 1796/413/11
f 1833/392/10 1748/103/10 1797/415/10
f 1800/421/10 1797/415/10 1761/473/10
f 1758/167/10 1833/392/10 1800/421/10
f 1867/391/9 1756/474/9 1843/423/9
f 1804/430/9 1801/501/9 1762/464/9
f 1755/492/9 1834/502/9 1804/430/9
f 1835/388/8 1753/102/8 1805/432/8
f 1808/438/8 1805/432/8 1763/460/8
f 1752/503/8 1835/388/8 1808/438/8
f 1868/386/7 1750/461/7 1844/440/7
f 1812/447/7 1809/504/7 1764/449/7
f 1749/505/7 1836/506/7 1812/447/7
f 1809/504/167 1868/386/167 1844/440/167
f 1801/501/168 1867/391/168 1843/423/168
f 1793/499/169 1866/394/169 1842/406/169
f 1831/498/170 1841/398/170 1789/496/170
f 1830/495/170 1840/389/170 1773/494/170
f 1752/88/12 1863/493/12 1770/92/12
f 1770/92/12 1848/467/12 1746/23/12
f 1742/22/12 1862/489/12 1782/84/12
f 1782/84/12 1849/490/12 1752/88/12
f 1765/486/169 1861/408/169 1837/485/169
f 1751/116/11 1860/484/11 1769/120/11
f 1769/120/11 1845/483/11 1741/19/11
f 1745/11/11 1859/480/11 1781/112/11
f 1781/112/11 1850/479/11 1751/116/11
f 1784/471/168 1858/425/168 1847/393/168
f 1753/102/9 1857/469/9 1771/106/9
f 1771/106/9 1839/470/9 1745/11/9
f 1746/23/9 1856/465/9 1783/98/9
f 1783/98/9 1851/466/9 1753/102/9
f 1777/458/167 1855/442/167 1845/457/167
f 1748/507/7 1854/455/7 1778/508/7
f 1778/508/7 1837/456/7 1739/31/7
f 1740/24/7 1853/450/7 1766/509/7
f 1766/509/7 1852/451/7 1748/507/7
f 1815/459/167 1844/440/167 1855/442/167
f 1821/472/168 1843/423/168 1858/425/168
f 1827/487/169 1842/406/169 1861/408/169
f 1789/496/170 1864/399/170 1830/495/170
f 1779/511/170 1865/397/170 1831/498/170
f 1832/500/169 1847/393/169 1866/394/169
f 1834/502/168 1840/389/168 1867/391/168
f 1836/506/167 1838/384/167 1868/386/167
f 74/3/469 73/26/469 41/24/469
f 41/24/1 61/4/1 57/1/1
f 57/1/1 1/31/1 90/2/1
f 90/2/470 89/28/470 74/3/470
f 74/3/1 41/24/1 57/1/1
f 92/6/471 91/12/471 69/11/471
f 69/11/2 57/1/2 61/4/2
f 61/4/2 71/23/2 76/7/2
f 61/4/2 76/7/2 75/5/2
f 92/6/2 69/11/2 61/4/2
f 76/7/3 71/23/3 67/8/3
f 26/10/3 65/20/3 69/11/3
f 92/6/3 75/5/3 42/13/3
f 67/8/4 41/32/4 73/15/4
f 1/16/4 65/20/4 26/10/4
f 42/13/4 74/530/4 89/18/4
f 57/19/5 69/11/5 65/20/5
f 61/22/6 41/37/6 67/8/6
f 49/24/1 63/4/1 77/25/1
f 47/3/1 78/30/1 93/27/1
f 59/1/1 27/31/1 32/2/1
f 77/25/2 63/4/2 72/23/2
f 72/23/2 70/11/2 59/1/2
f 59/1/472 94/29/472 93/27/472
f 93/27/473 78/30/473 77/25/473
f 72/23/2 59/1/2 93/27/2
f 95/14/474 96/10/474 66/20/474
f 66/20/3 70/11/3 72/23/3
f 72/23/3 68/8/3 79/9/3
f 79/9/475 80/13/475 95/14/475
f 95/14/3 66/20/3 72/23/3
f 68/8/4 49/32/4 50/15/4
f 27/16/4 66/20/4 96/10/4
f 80/13/4 47/530/4 34/18/4
f 59/19/5 70/11/5 66/20/5
f 63/22/6 49/37/6 68/8/6
f 36/24/1 53/4/1 54/25/1
f 46/1/1 20/31/1 100/2/1
f 84/3/1 43/30/1 38/27/1
f 64/23/2 82/7/2 54/25/2
f 81/5/2 98/6/2 38/27/2
f 97/12/2 62/11/2 46/1/2
f 81/5/11 82/7/11 64/23/11
f 64/23/3 60/8/3 58/20/3
f 58/20/3 62/11/3 97/12/3
f 98/6/476 81/5/476 64/23/476
f 58/20/3 97/12/3 98/6/3
f 99/18/477 100/17/477 20/16/477
f 20/16/4 58/20/4 60/8/4
f 60/8/4 36/32/4 83/15/4
f 83/15/478 84/530/478 99/18/478
f 99/18/4 20/16/4 60/8/4
f 46/19/5 62/11/5 58/20/5
f 53/22/6 36/37/6 60/8/6
f 101/29/1 30/1/1 16/31/1
f 16/31/1 24/24/1 39/4/1
f 16/31/1 39/4/1 86/25/1
f 102/27/1 101/29/1 16/31/1
f 16/31/1 86/25/1 85/30/1
f 56/23/2 51/7/2 86/25/2
f 29/12/2 52/11/2 30/1/2
f 45/5/2 35/6/2 102/27/2
f 51/11/3 56/23/3 48/8/3
f 103/10/3 44/20/3 52/11/3
f 35/6/3 45/5/3 87/13/3
f 88/9/4 48/8/4 24/32/4
f 24/32/4 16/16/4 44/20/4
f 44/20/479 103/10/479 104/14/479
f 104/14/480 87/13/480 88/9/480
f 24/32/4 44/20/4 104/14/4
f 30/19/5 52/11/5 44/20/5
f 39/22/6 24/37/6 48/8/6
f 5/24/1 22/4/1 17/1/1
f 17/1/2 22/4/2 37/23/2
f 33/11/3 37/23/3 31/8/3
f 31/8/4 5/32/4 3/16/4
f 84/533/8 78/534/8 47/54/8
f 47/54/5 3/21/5 17/19/5
f 33/11/5 25/20/5 42/34/5
f 42/34/481 75/535/481 87/536/481
f 45/537/482 85/538/482 81/33/482
f 42/34/483 87/536/483 45/537/483
f 84/533/5 47/54/5 17/19/5
f 43/531/5 84/533/5 17/19/5
f 33/11/5 42/34/5 45/537/5
f 81/33/5 43/531/5 17/19/5
f 33/11/5 45/537/5 81/33/5
f 80/35/484 74/53/484 42/34/484
f 42/34/5 25/20/5 3/21/5
f 3/21/5 47/54/5 80/35/5
f 83/36/6 54/539/6 22/22/6
f 5/37/6 31/8/6 55/540/6
f 73/541/9 79/542/9 50/38/9
f 5/37/6 55/540/6 73/541/6
f 83/36/6 22/22/6 5/37/6
f 50/38/485 77/55/485 83/36/485
f 5/37/6 73/541/6 50/38/6
f 88/56/9 76/532/9 55/540/9
f 55/540/6 31/8/6 37/23/6
f 37/23/6 22/22/6 54/539/6
f 54/539/486 82/543/486 86/39/486
f 51/40/12 88/56/12 55/540/12
f 37/23/6 54/539/6 86/39/6
f 51/40/6 55/540/6 37/23/6
f 77/41/3 78/544/3 84/42/3
f 81/44/4 85/545/4 86/45/4
f 87/47/1 75/546/1 76/48/1
f 73/50/2 74/547/2 80/51/2
f 4/24/1 13/4/1 10/1/1
f 10/1/2 13/4/2 23/23/2
f 21/11/3 23/23/3 19/8/3
f 19/8/4 4/32/4 2/16/4
f 94/534/5 32/54/5 2/21/5
f 21/11/5 18/20/5 26/34/5
f 26/34/487 91/535/487 103/536/487
f 29/537/488 101/538/488 97/33/488
f 26/34/11 103/536/11 29/537/11
f 94/534/5 2/21/5 10/19/5
f 28/531/11 100/533/11 94/534/11
f 28/531/5 94/534/5 10/19/5
f 21/11/5 26/34/5 29/537/5
f 97/33/5 28/531/5 10/19/5
f 21/11/5 29/537/5 97/33/5
f 90/53/5 26/34/5 18/20/5
f 18/20/5 2/21/5 32/54/5
f 32/54/489 96/35/489 90/53/489
f 93/55/11 99/36/11 38/539/11
f 38/539/6 13/22/6 4/37/6
f 4/37/6 19/8/6 40/540/6
f 89/541/9 95/542/9 34/38/9
f 4/37/6 40/540/6 89/541/6
f 93/55/6 38/539/6 4/37/6
f 4/37/6 89/541/6 34/38/6
f 92/532/6 40/540/6 19/8/6
f 23/23/6 13/22/6 38/539/6
f 38/539/490 98/543/490 102/39/490
f 38/539/491 102/39/491 35/40/491
f 92/532/6 19/8/6 23/23/6
f 104/56/6 92/532/6 23/23/6
f 23/23/6 38/539/6 35/40/6
f 93/41/3 94/544/3 100/42/3
f 97/44/4 101/545/4 102/45/4
f 103/47/1 91/546/1 92/48/1
f 89/50/2 90/547/2 96/51/2
f 106/24/7 108/4/7 107/1/7
f 108/4/8 119/72/8 118/57/8
f 112/23/9 110/8/9 109/20/9
f 109/20/10 110/8/10 114/58/10
f 118/60/11 117/70/11 105/21/11
f 115/61/12 114/67/12 110/8/12
f 115/62/8 112/23/8 111/11/8
f 113/64/11 111/11/11 109/20/11
f 115/61/13 119/71/13 120/66/13
f 116/59/10 114/58/10 120/68/10
f 120/68/10 106/32/10 105/16/10
f 117/70/14 118/60/14 113/64/14
f 119/71/12 108/22/12 106/37/12
f 119/72/8 115/62/8 113/63/8
f 122/24/7 124/4/7 123/1/7
f 124/4/8 128/23/8 127/11/8
f 128/23/9 126/8/9 125/20/9
f 126/8/10 122/32/10 121/16/10
f 127/11/11 125/20/11 121/21/11
f 124/22/12 122/37/12 126/8/12
f 130/24/7 132/4/7 131/1/7
f 132/4/8 136/23/8 135/11/8
f 136/23/9 134/8/9 133/20/9
f 133/20/10 134/8/10 130/32/10
f 135/11/11 133/20/11 129/21/11
f 132/22/12 130/37/12 134/8/12
f 394/24/7 396/4/7 395/1/7
f 396/4/8 400/23/8 399/11/8
f 400/23/9 398/8/9 397/20/9
f 398/8/10 394/32/10 393/16/10
f 399/11/11 397/20/11 393/21/11
f 396/22/12 394/37/12 398/8/12
f 658/24/7 660/4/7 659/1/7
f 660/4/8 671/72/8 670/57/8
f 664/23/9 662/8/9 661/20/9
f 661/20/10 662/8/10 678/138/10
f 670/60/11 669/70/11 657/21/11
f 679/140/12 678/152/12 662/8/12
f 667/62/8 675/143/8 673/141/8
f 665/64/11 673/145/11 676/142/11
f 667/61/47 671/71/47 672/66/47
f 666/58/10 672/68/10 669/69/10
f 669/69/10 672/68/10 658/32/10
f 670/60/48 665/64/48 668/65/48
f 671/71/12 660/22/12 658/37/12
f 670/57/8 671/72/8 667/62/8
f 675/143/8 679/150/8 677/144/8
f 673/145/49 677/151/49 680/146/49
f 675/147/12 667/61/12 666/67/12
f 676/149/10 674/153/10 666/58/10
f 679/150/8 664/23/8 663/11/8
f 677/151/11 663/11/11 661/20/11
f 679/140/50 675/147/50 674/148/50
f 680/139/10 678/138/10 674/153/10
f 938/73/51 940/76/51 939/74/51
f 940/76/52 942/78/52 941/77/52
f 942/78/53 944/80/53 943/79/53
f 944/80/54 946/81/54 945/22/54
f 946/81/55 948/83/55 947/82/55
f 948/83/56 950/85/56 949/84/56
f 950/85/57 952/87/57 951/86/57
f 952/87/58 954/89/58 953/88/58
f 954/89/59 956/91/59 955/90/59
f 956/91/60 958/93/60 957/92/60
f 958/93/61 960/95/61 959/94/61
f 960/95/62 962/32/62 961/23/62
f 962/32/63 964/97/63 963/96/63
f 964/97/64 966/99/64 965/98/64
f 966/99/65 968/101/65 967/100/65
f 968/101/66 970/103/66 969/102/66
f 970/103/67 972/105/67 971/104/67
f 972/105/68 974/107/68 973/106/68
f 974/107/69 976/109/69 975/108/69
f 976/109/70 978/16/70 977/11/70
f 978/16/71 980/111/71 979/110/71
f 980/111/72 982/113/72 981/112/72
f 982/113/73 984/115/73 983/114/73
f 984/115/74 986/117/74 985/116/74
f 986/117/75 988/137/75 987/118/75
f 988/137/76 990/119/76 989/120/76
f 990/119/77 992/122/77 991/121/77
f 992/122/78 994/123/78 993/19/78
f 994/123/79 996/125/79 995/124/79
f 996/125/80 998/130/80 997/126/80
f 962/156/9 960/553/9 958/210/9
f 958/210/492 956/554/492 954/555/492
f 954/555/492 952/556/492 950/157/492
f 950/157/9 948/557/9 946/558/9
f 946/558/493 944/559/493 942/127/493
f 942/127/9 940/560/9 938/561/9
f 938/561/9 1000/562/9 998/158/9
f 998/158/9 996/563/9 994/154/9
f 994/154/9 992/564/9 990/128/9
f 990/128/493 988/565/493 986/566/493
f 986/566/493 984/567/493 982/159/493
f 982/159/9 980/568/9 978/155/9
f 978/155/492 976/569/492 974/129/492
f 974/129/9 972/548/9 970/549/9
f 970/549/9 968/550/9 966/551/9
f 966/551/9 964/552/9 962/156/9
f 962/156/9 958/210/9 954/555/9
f 954/555/9 950/157/9 946/558/9
f 946/558/9 942/127/9 938/561/9
f 938/561/9 998/158/9 994/154/9
f 994/154/9 990/128/9 986/566/9
f 986/566/9 982/159/9 978/155/9
f 978/155/9 974/129/9 970/549/9
f 970/549/9 966/551/9 962/156/9
f 962/156/9 954/555/9 946/558/9
f 946/558/9 938/561/9 994/154/9
f 994/154/9 986/566/9 978/155/9
f 978/155/9 970/549/9 962/156/9
f 962/156/9 946/558/9 994/154/9
f 998/130/81 1000/132/81 999/131/81
f 1000/132/82 938/248/82 937/133/82
f 995/136/7 997/570/7 999/215/7
f 999/215/7 937/571/7 939/572/7
f 939/572/494 941/573/494 943/574/494
f 943/574/495 945/575/495 947/576/495
f 947/576/494 949/577/494 951/578/494
f 951/578/7 953/579/7 955/580/7
f 955/580/494 957/581/494 959/582/494
f 959/582/496 961/583/496 963/134/496
f 963/134/7 965/584/7 967/529/7
f 967/529/7 969/585/7 971/586/7
f 971/586/495 973/587/495 975/588/495
f 975/588/494 977/589/494 979/135/494
f 979/135/495 981/590/495 983/214/495
f 983/214/7 985/591/7 987/592/7
f 987/592/495 989/593/495 991/594/495
f 991/594/494 993/595/494 995/136/494
f 995/136/7 999/215/7 939/572/7
f 939/572/7 943/574/7 947/576/7
f 947/576/7 951/578/7 955/580/7
f 955/580/7 959/582/7 963/134/7
f 963/134/7 967/529/7 971/586/7
f 971/586/7 975/588/7 979/135/7
f 979/135/7 983/214/7 987/592/7
f 987/592/7 991/594/7 995/136/7
f 995/136/7 939/572/7 947/576/7
f 947/576/7 955/580/7 963/134/7
f 963/134/7 971/586/7 979/135/7
f 979/135/7 987/592/7 995/136/7
f 995/136/7 947/576/7 963/134/7
f 1002/73/51 1004/76/51 1003/74/51
f 1004/76/52 1006/78/52 1005/77/52
f 1006/78/53 1008/80/53 1007/79/53
f 1008/80/54 1010/81/54 1009/22/54
f 1010/81/55 1012/83/55 1011/82/55
f 1012/83/56 1014/85/56 1013/84/56
f 1014/85/57 1016/87/57 1015/86/57
f 1016/87/58 1018/89/58 1017/88/58
f 1018/89/59 1020/91/59 1019/90/59
f 1020/91/60 1022/93/60 1021/92/60
f 1022/93/61 1024/95/61 1023/94/61
f 1024/95/62 1026/32/62 1025/23/62
f 1026/32/63 1028/97/63 1027/96/63
f 1028/97/64 1030/99/64 1029/98/64
f 1030/99/65 1032/101/65 1031/100/65
f 1032/101/66 1034/103/66 1033/102/66
f 1034/103/67 1036/105/67 1035/104/67
f 1036/105/68 1038/107/68 1037/106/68
f 1038/107/69 1040/109/69 1039/108/69
f 1040/109/70 1042/16/70 1041/11/70
f 1042/16/71 1044/111/71 1043/110/71
f 1044/111/72 1046/113/72 1045/112/72
f 1046/113/73 1048/115/73 1047/114/73
f 1048/115/74 1050/117/74 1049/116/74
f 1050/117/75 1052/137/75 1051/118/75
f 1052/137/76 1054/119/76 1053/120/76
f 1054/119/77 1056/122/77 1055/121/77
f 1056/122/78 1058/123/78 1057/19/78
f 1058/123/79 1060/125/79 1059/124/79
f 1060/125/80 1062/130/80 1061/126/80
f 1046/159/9 1044/568/9 1042/155/9
f 1042/155/492 1040/569/492 1038/129/492
f 1038/129/9 1036/548/9 1034/549/9
f 1034/549/9 1032/550/9 1030/551/9
f 1030/551/9 1028/552/9 1026/156/9
f 1026/156/9 1024/553/9 1022/210/9
f 1022/210/492 1020/554/492 1018/555/492
f 1018/555/493 1016/556/493 1014/157/493
f 1014/157/9 1012/557/9 1010/558/9
f 1010/558/9 1008/559/9 1006/127/9
f 1006/127/9 1004/560/9 1002/561/9
f 1002/561/9 1064/562/9 1062/158/9
f 1062/158/9 1060/563/9 1058/154/9
f 1058/154/9 1056/564/9 1054/128/9
f 1054/128/492 1052/565/492 1050/566/492
f 1050/566/493 1048/567/493 1046/159/493
f 1046/159/9 1042/155/9 1038/129/9
f 1038/129/9 1034/549/9 1030/551/9
f 1030/551/9 1026/156/9 1022/210/9
f 1022/210/9 1018/555/9 1014/157/9
f 1014/157/9 1010/558/9 1006/127/9
f 1006/127/9 1002/561/9 1062/158/9
f 1062/158/9 1058/154/9 1054/128/9
f 1054/128/9 1050/566/9 1046/159/9
f 1046/159/9 1038/129/9 1030/551/9
f 1030/551/9 1022/210/9 1014/157/9
f 1014/157/9 1006/127/9 1062/158/9
f 1062/158/9 1054/128/9 1046/159/9
f 1046/159/9 1030/551/9 1014/157/9
f 1062/130/81 1064/132/81 1063/131/81
f 1064/132/82 1002/248/82 1001/133/82
f 1059/136/7 1061/570/7 1063/215/7
f 1063/215/7 1001/571/7 1003/572/7
f 1003/572/7 1005/573/7 1007/574/7
f 1007/574/495 1009/575/495 1011/576/495
f 1011/576/494 1013/577/494 1015/578/494
f 1015/578/7 1017/579/7 1019/580/7
f 1019/580/494 1021/581/494 1023/582/494
f 1023/582/494 1025/583/494 1027/134/494
f 1027/134/7 1029/584/7 1031/529/7
f 1031/529/7 1033/585/7 1035/586/7
f 1035/586/495 1037/587/495 1039/588/495
f 1039/588/495 1041/589/495 1043/135/495
f 1043/135/495 1045/590/495 1047/214/495
f 1047/214/7 1049/591/7 1051/592/7
f 1051/592/495 1053/593/495 1055/594/495
f 1055/594/494 1057/595/494 1059/136/494
f 1059/136/7 1063/215/7 1003/572/7
f 1003/572/7 1007/574/7 1011/576/7
f 1011/576/7 1015/578/7 1019/580/7
f 1019/580/7 1023/582/7 1027/134/7
f 1027/134/7 1031/529/7 1035/586/7
f 1035/586/7 1039/588/7 1043/135/7
f 1043/135/7 1047/214/7 1051/592/7
f 1051/592/7 1055/594/7 1059/136/7
f 1059/136/7 1003/572/7 1011/576/7
f 1011/576/7 1019/580/7 1027/134/7
f 1027/134/7 1035/586/7 1043/135/7
f 1043/135/7 1051/592/7 1059/136/7
f 1059/136/7 1011/576/7 1027/134/7
f 1066/24/7 1068/4/7 1067/1/7
f 1077/503/8 1079/387/8 1072/23/8
f 1072/23/8 1071/11/8 1076/463/8
f 1073/160/8 1067/1/8 1068/4/8
f 1072/23/8 1076/463/8 1073/160/8
f 1068/4/8 1077/503/8 1072/23/8
f 1070/8/83 1069/20/83 1084/161/83
f 1087/596/83 1085/166/83 1081/165/83
f 1083/163/83 1084/161/83 1069/20/83
f 1087/596/83 1081/165/83 1083/163/83
f 1072/23/83 1086/597/83 1088/164/83
f 1088/164/497 1087/596/497 1083/163/497
f 1083/163/83 1069/20/83 1071/11/83
f 1071/11/83 1072/23/83 1088/164/83
f 1086/597/83 1072/23/83 1070/8/83
f 1070/8/83 1082/162/83 1081/165/83
f 1085/166/83 1086/597/83 1070/8/83
f 1074/475/10 1075/476/10 1069/20/10
f 1069/20/10 1070/8/10 1080/420/10
f 1078/167/10 1066/32/10 1065/16/10
f 1069/20/10 1080/420/10 1078/167/10
f 1065/16/10 1074/475/10 1069/20/10
f 1071/11/85 1069/20/85 1075/168/85
f 1068/22/12 1066/37/12 1078/169/12
f 1073/116/11 1074/170/11 1065/21/11
f 1076/112/86 1075/168/86 1074/170/86
f 1077/88/12 1078/169/12 1080/171/12
f 1079/92/87 1080/171/87 1070/8/87
f 14/11/8 1083/598/8 1081/172/8
f 7/20/10 11/8/10 1082/173/10
f 14/11/89 7/20/89 1084/175/89
f 15/23/90 1081/179/90 1082/177/90
f 9/11/8 1088/598/8 1086/172/8
f 6/20/10 8/8/10 1085/173/10
f 9/11/89 6/20/89 1087/178/89
f 8/8/90 12/23/90 1086/179/90
f 1207/180/155 1191/181/155 1091/74/155
f 1191/181/92 1199/182/92 1093/77/92
f 1199/182/93 1206/183/93 1095/79/93
f 1206/183/94 1214/184/94 1097/22/94
f 1214/184/95 1189/185/95 1099/82/95
f 1189/185/96 1197/186/96 1101/84/96
f 1197/186/97 1204/187/97 1103/86/97
f 1204/187/98 1212/251/98 1105/88/98
f 1105/88/430 1212/251/430 1187/188/430
f 1107/90/100 1187/188/100 1195/189/100
f 1109/92/101 1195/189/101 1202/190/101
f 1111/94/102 1202/190/102 1210/191/102
f 1113/23/103 1210/191/103 1185/192/103
f 1115/96/104 1185/192/104 1193/193/104
f 1117/98/105 1193/193/105 1200/194/105
f 1119/100/106 1200/194/106 1208/195/106
f 1208/195/107 1215/196/107 1123/104/107
f 1215/196/108 1190/197/108 1125/106/108
f 1190/197/109 1198/198/109 1127/108/109
f 1198/198/110 1205/199/110 1129/11/110
f 1205/199/111 1213/200/111 1131/110/111
f 1213/200/112 1188/201/112 1133/112/112
f 1188/201/113 1196/202/113 1135/114/113
f 1196/202/114 1203/250/114 1137/116/114
f 1137/116/115 1203/250/115 1211/203/115
f 1139/118/116 1211/203/116 1186/204/116
f 1141/120/117 1186/204/117 1194/205/117
f 1143/121/118 1194/205/118 1201/206/118
f 1145/19/119 1201/206/119 1209/207/119
f 1147/124/120 1209/207/120 1216/208/120
f 1094/127/12 1092/560/12 1090/561/12
f 1090/561/12 1152/562/12 1150/158/12
f 1150/158/12 1148/599/12 1146/600/12
f 1146/600/12 1144/601/12 1142/602/12
f 1142/602/12 1140/603/12 1138/566/12
f 1138/566/12 1136/604/12 1134/605/12
f 1134/605/12 1132/606/12 1130/607/12
f 1130/607/12 1128/608/12 1126/209/12
f 1126/209/12 1124/609/12 1122/549/12
f 1122/549/12 1120/610/12 1118/611/12
f 1118/611/12 1116/612/12 1114/613/12
f 1114/613/12 1112/614/12 1110/210/12
f 1110/210/12 1108/554/12 1106/555/12
f 1106/555/12 1104/556/12 1102/157/12
f 1102/157/12 1100/615/12 1098/558/12
f 1098/558/12 1096/616/12 1094/127/12
f 1094/127/12 1090/561/12 1150/158/12
f 1150/158/12 1146/600/12 1142/602/12
f 1142/602/12 1138/566/12 1134/605/12
f 1134/605/12 1130/607/12 1126/209/12
f 1126/209/12 1122/549/12 1118/611/12
f 1118/611/12 1114/613/12 1110/210/12
f 1110/210/12 1106/555/12 1102/157/12
f 1102/157/12 1098/558/12 1094/127/12
f 1094/127/12 1150/158/12 1142/602/12
f 1142/602/12 1134/605/12 1126/209/12
f 1126/209/12 1118/611/12 1110/210/12
f 1110/210/12 1102/157/12 1094/127/12
f 1094/127/12 1142/602/12 1126/209/12
f 1149/126/121 1216/208/121 1192/211/121
f 1151/131/158 1192/211/158 1207/212/158
f 1151/215/11 1089/571/11 1091/572/11
f 1091/572/498 1093/573/498 1095/617/498
f 1095/617/11 1097/575/11 1099/618/11
f 1099/618/11 1101/577/11 1103/578/11
f 1103/578/11 1105/579/11 1107/580/11
f 1107/580/11 1109/581/11 1111/619/11
f 1111/619/498 1113/620/498 1115/621/498
f 1115/621/499 1117/622/499 1119/213/499
f 1119/213/11 1121/585/11 1123/623/11
f 1123/623/498 1125/624/498 1127/625/498
f 1127/625/11 1129/626/11 1131/627/11
f 1131/627/11 1133/590/11 1135/214/11
f 1135/214/11 1137/591/11 1139/592/11
f 1139/592/11 1141/593/11 1143/628/11
f 1143/628/11 1145/595/11 1147/629/11
f 1147/629/499 1149/570/499 1151/215/499
f 1151/215/11 1091/572/11 1095/617/11
f 1095/617/11 1099/618/11 1103/578/11
f 1103/578/11 1107/580/11 1111/619/11
f 1111/619/11 1115/621/11 1119/213/11
f 1119/213/11 1123/623/11 1127/625/11
f 1127/625/11 1131/627/11 1135/214/11
f 1135/214/11 1139/592/11 1143/628/11
f 1143/628/11 1147/629/11 1151/215/11
f 1151/215/11 1095/617/11 1103/578/11
f 1103/578/11 1111/619/11 1119/213/11
f 1119/213/11 1127/625/11 1135/214/11
f 1135/214/11 1143/628/11 1151/215/11
f 1151/215/11 1103/578/11 1119/213/11
f 1169/216/123 1120/101/123 1122/103/123
f 1176/217/124 1122/103/124 1124/105/124
f 1183/218/125 1124/105/125 1126/107/125
f 1158/219/126 1126/107/126 1128/109/126
f 1159/221/127 1156/249/127 1090/73/127
f 1167/220/128 1128/109/128 1130/16/128
f 1168/223/129 1159/221/129 1092/76/129
f 1174/222/130 1130/16/130 1132/111/130
f 1175/225/131 1168/223/131 1094/78/131
f 1181/224/132 1132/111/132 1134/113/132
f 1182/227/133 1175/225/133 1096/80/133
f 1160/226/134 1134/113/134 1136/115/134
f 1157/229/135 1182/227/135 1098/81/135
f 1165/228/136 1136/115/136 1138/117/136
f 1166/231/137 1157/229/137 1100/83/137
f 1179/232/138 1172/230/138 1138/117/138
f 1173/233/139 1166/231/139 1102/85/139
f 1154/234/140 1179/232/140 1140/137/140
f 1180/235/141 1173/233/141 1104/87/141
f 1163/236/142 1154/234/142 1142/119/142
f 1180/235/143 1106/89/143 1108/91/143
f 1170/238/144 1163/236/144 1144/122/144
f 1155/237/145 1108/91/145 1110/93/145
f 1177/240/146 1170/238/146 1146/123/146
f 1164/239/147 1110/93/147 1112/95/147
f 1184/242/148 1177/240/148 1148/125/148
f 1171/241/149 1112/95/149 1114/32/149
f 1178/243/150 1114/32/150 1116/97/150
f 1162/245/151 1184/242/151 1150/130/151
f 1153/244/152 1116/97/152 1118/99/152
f 1156/247/153 1162/245/153 1152/132/153
f 1161/246/154 1118/99/154 1120/101/154
f 1200/194/123 1169/216/123 1176/217/123
f 1208/195/124 1176/217/124 1183/218/124
f 1215/196/125 1183/218/125 1158/219/125
f 1190/197/126 1158/219/126 1167/220/126
f 1191/181/127 1207/180/127 1156/249/127
f 1198/198/128 1167/220/128 1174/222/128
f 1199/182/129 1191/181/129 1159/221/129
f 1205/199/130 1174/222/130 1181/224/130
f 1206/183/131 1199/182/131 1168/223/131
f 1213/200/132 1181/224/132 1160/226/132
f 1214/184/133 1206/183/133 1175/225/133
f 1188/201/134 1160/226/134 1165/228/134
f 1189/185/135 1214/184/135 1182/227/135
f 1196/202/136 1165/228/136 1172/230/136
f 1197/186/137 1189/185/137 1157/229/137
f 1211/203/138 1203/250/138 1172/230/138
f 1204/187/139 1197/186/139 1166/231/139
f 1186/204/140 1211/203/140 1179/232/140
f 1212/251/141 1204/187/141 1173/233/141
f 1194/205/142 1186/204/142 1154/234/142
f 1212/251/143 1180/235/143 1155/237/143
f 1201/206/144 1194/205/144 1163/236/144
f 1187/188/145 1155/237/145 1164/239/145
f 1209/207/146 1201/206/146 1170/238/146
f 1195/189/147 1164/239/147 1171/241/147
f 1216/208/148 1209/207/148 1177/240/148
f 1202/190/149 1171/241/149 1178/243/149
f 1210/191/150 1178/243/150 1153/244/150
f 1192/211/151 1216/208/151 1184/242/151
f 1185/192/152 1153/244/152 1161/246/152
f 1207/212/153 1192/211/153 1162/245/153
f 1193/193/154 1161/246/154 1169/216/154
f 1344/252/91 1334/253/91 1219/74/91
f 1334/253/92 1342/254/92 1221/77/92
f 1342/254/93 1318/255/93 1223/79/93
f 1318/255/94 1325/256/94 1225/22/94
f 1325/256/95 1332/257/95 1227/82/95
f 1332/257/96 1340/258/96 1229/84/96
f 1340/258/97 1316/259/97 1231/86/97
f 1316/259/500 1323/315/500 1233/88/500
f 1233/88/99 1323/315/99 1330/260/99
f 1235/90/100 1330/260/100 1338/261/100
f 1237/92/101 1338/261/101 1314/262/101
f 1239/94/102 1314/262/102 1321/263/102
f 1241/23/103 1321/263/103 1328/264/103
f 1243/96/104 1328/264/104 1336/265/104
f 1245/98/105 1336/265/105 1343/266/105
f 1247/100/501 1343/266/501 1319/267/501
f 1319/267/502 1326/268/502 1251/104/502
f 1326/268/108 1333/269/108 1253/106/108
f 1333/269/109 1341/270/109 1255/108/109
f 1341/270/110 1317/271/110 1257/11/110
f 1317/271/111 1324/272/111 1259/110/111
f 1324/272/112 1331/273/112 1261/112/112
f 1331/273/113 1339/274/113 1263/114/113
f 1339/274/114 1315/317/114 1265/116/114
f 1265/116/115 1315/317/115 1322/275/115
f 1267/118/116 1322/275/116 1329/276/116
f 1269/120/117 1329/276/117 1337/277/117
f 1271/121/118 1337/277/118 1313/278/118
f 1273/19/119 1313/278/119 1320/279/119
f 1275/124/120 1320/279/120 1327/280/120
f 1222/127/12 1220/560/12 1218/561/12
f 1218/561/12 1280/562/12 1278/158/12
f 1278/158/12 1276/599/12 1274/600/12
f 1274/600/12 1272/601/12 1270/602/12
f 1270/602/12 1268/603/12 1266/566/12
f 1266/566/12 1264/604/12 1262/605/12
f 1262/605/12 1260/606/12 1258/607/12
f 1258/607/12 1256/608/12 1254/209/12
f 1254/209/12 1252/609/12 1250/549/12
f 1250/549/12 1248/610/12 1246/611/12
f 1246/611/12 1244/612/12 1242/613/12
f 1242/613/12 1240/614/12 1238/210/12
f 1238/210/12 1236/554/12 1234/555/12
f 1234/555/12 1232/556/12 1230/157/12
f 1230/157/12 1228/615/12 1226/558/12
f 1226/558/12 1224/616/12 1222/127/12
f 1222/127/12 1218/561/12 1278/158/12
f 1278/158/12 1274/600/12 1270/602/12
f 1270/602/12 1266/566/12 1262/605/12
f 1262/605/12 1258/607/12 1254/209/12
f 1254/209/12 1250/549/12 1246/611/12
f 1246/611/12 1242/613/12 1238/210/12
f 1238/210/12 1234/555/12 1230/157/12
f 1230/157/12 1226/558/12 1222/127/12
f 1222/127/12 1278/158/12 1270/602/12
f 1270/602/12 1262/605/12 1254/209/12
f 1254/209/12 1246/611/12 1238/210/12
f 1238/210/12 1230/157/12 1222/127/12
f 1222/127/12 1270/602/12 1254/209/12
f 1277/126/121 1327/280/121 1335/281/121
f 1279/131/122 1335/281/122 1344/282/122
f 1279/215/11 1217/571/11 1219/572/11
f 1219/572/498 1221/573/498 1223/617/498
f 1223/617/11 1225/575/11 1227/618/11
f 1227/618/11 1229/577/11 1231/578/11
f 1231/578/11 1233/579/11 1235/580/11
f 1235/580/11 1237/581/11 1239/619/11
f 1239/619/498 1241/620/498 1243/621/498
f 1243/621/499 1245/622/499 1247/213/499
f 1247/213/11 1249/585/11 1251/623/11
f 1251/623/498 1253/624/498 1255/625/498
f 1255/625/11 1257/626/11 1259/627/11
f 1259/627/11 1261/590/11 1263/214/11
f 1263/214/11 1265/591/11 1267/592/11
f 1267/592/11 1269/593/11 1271/628/11
f 1271/628/11 1273/595/11 1275/629/11
f 1275/629/499 1277/570/499 1279/215/499
f 1279/215/11 1219/572/11 1223/617/11
f 1223/617/11 1227/618/11 1231/578/11
f 1231/578/11 1235/580/11 1239/619/11
f 1239/619/11 1243/621/11 1247/213/11
f 1247/213/11 1251/623/11 1255/625/11
f 1255/625/11 1259/627/11 1263/214/11
f 1263/214/11 1267/592/11 1271/628/11
f 1271/628/11 1275/629/11 1279/215/11
f 1279/215/11 1223/617/11 1231/578/11
f 1231/578/11 1239/619/11 1247/213/11
f 1247/213/11 1255/625/11 1263/214/11
f 1263/214/11 1271/628/11 1279/215/11
f 1279/215/11 1231/578/11 1247/213/11
f 1305/283/142 1297/314/142 1270/119/142
f 1291/284/143 1234/89/143 1236/91/143
f 1281/286/144 1305/283/144 1272/122/144
f 1298/285/145 1236/91/145 1238/93/145
f 1288/288/146 1281/286/146 1274/123/146
f 1306/287/147 1238/93/147 1240/95/147
f 1295/290/148 1288/288/148 1276/125/148
f 1282/289/149 1240/95/149 1242/32/149
f 1289/291/150 1242/32/150 1244/97/150
f 1303/293/151 1295/290/151 1278/130/151
f 1296/292/152 1244/97/152 1246/99/152
f 1307/295/153 1303/293/153 1280/132/153
f 1304/294/154 1246/99/154 1248/101/154
f 1312/296/123 1248/101/123 1250/103/123
f 1287/297/124 1250/103/124 1252/105/124
f 1294/298/125 1252/105/125 1254/107/125
f 1301/299/126 1254/107/126 1256/109/126
f 1302/301/127 1307/316/127 1218/73/127
f 1310/300/128 1256/109/128 1258/16/128
f 1311/303/129 1302/301/129 1220/76/129
f 1285/302/130 1258/16/130 1260/111/130
f 1286/305/131 1311/303/131 1222/78/131
f 1292/304/132 1260/111/132 1262/113/132
f 1293/307/133 1286/305/133 1224/80/133
f 1299/306/134 1262/113/134 1264/115/134
f 1300/309/135 1293/307/135 1226/81/135
f 1308/308/136 1264/115/136 1266/117/136
f 1309/311/137 1300/309/137 1228/83/137
f 1290/312/138 1283/310/138 1266/117/138
f 1284/313/139 1309/311/139 1230/85/139
f 1297/314/140 1290/312/140 1268/137/140
f 1291/284/141 1284/313/141 1232/87/141
f 1337/277/142 1329/276/142 1297/314/142
f 1323/315/143 1291/284/143 1298/285/143
f 1313/278/144 1337/277/144 1305/283/144
f 1330/260/145 1298/285/145 1306/287/145
f 1320/279/146 1313/278/146 1281/286/146
f 1338/261/147 1306/287/147 1282/289/147
f 1327/280/148 1320/279/148 1288/288/148
f 1314/262/149 1282/289/149 1289/291/149
f 1321/263/150 1289/291/150 1296/292/150
f 1335/281/151 1327/280/151 1295/290/151
f 1328/264/152 1296/292/152 1304/294/152
f 1344/282/153 1335/281/153 1303/293/153
f 1336/265/154 1304/294/154 1312/296/154
f 1343/266/123 1312/296/123 1287/297/123
f 1319/267/124 1287/297/124 1294/298/124
f 1326/268/125 1294/298/125 1301/299/125
f 1333/269/126 1301/299/126 1310/300/126
f 1334/253/127 1344/252/127 1307/316/127
f 1341/270/128 1310/300/128 1285/302/128
f 1342/254/129 1334/253/129 1302/301/129
f 1317/271/130 1285/302/130 1292/304/130
f 1318/255/131 1342/254/131 1311/303/131
f 1324/272/132 1292/304/132 1299/306/132
f 1325/256/133 1318/255/133 1286/305/133
f 1331/273/134 1299/306/134 1308/308/134
f 1332/257/135 1325/256/135 1293/307/135
f 1339/274/136 1308/308/136 1283/310/136
f 1340/258/137 1332/257/137 1300/309/137
f 1322/275/138 1315/317/138 1283/310/138
f 1316/259/139 1340/258/139 1309/311/139
f 1329/276/140 1322/275/140 1290/312/140
f 1323/315/141 1316/259/141 1284/313/141
f 1346/24/7 1348/4/7 1347/1/7
f 1348/4/8 1352/23/8 1351/11/8
f 1352/23/9 1350/8/9 1349/20/9
f 1349/20/10 1350/8/10 1346/32/10
f 1351/11/11 1349/20/11 1345/21/11
f 1348/22/12 1346/37/12 1350/8/12
f 1472/252/91 1451/253/91 1355/74/91
f 1451/253/92 1459/254/92 1357/77/92
f 1459/254/93 1466/255/93 1359/79/93
f 1466/255/94 1474/256/94 1361/22/94
f 1474/256/95 1449/257/95 1363/82/95
f 1449/257/96 1457/258/96 1365/84/96
f 1457/258/97 1464/259/97 1367/86/97
f 1464/259/500 1471/315/500 1369/88/500
f 1369/88/99 1471/315/99 1479/260/99
f 1371/90/100 1479/260/100 1455/261/100
f 1373/92/101 1455/261/101 1462/262/101
f 1375/94/102 1462/262/102 1469/263/102
f 1377/23/103 1469/263/103 1477/264/103
f 1379/96/104 1477/264/104 1453/265/104
f 1381/98/105 1453/265/105 1460/266/105
f 1383/100/501 1460/266/501 1467/267/501
f 1467/267/502 1475/268/502 1387/104/502
f 1475/268/108 1450/269/108 1389/106/108
f 1450/269/109 1458/270/109 1391/108/109
f 1458/270/110 1465/271/110 1393/11/110
f 1465/271/111 1473/272/111 1395/110/111
f 1473/272/112 1480/273/112 1397/112/112
f 1480/273/113 1456/274/113 1399/114/113
f 1456/274/114 1463/317/114 1401/116/114
f 1401/116/115 1463/317/115 1470/275/115
f 1403/118/116 1470/275/116 1478/276/116
f 1405/120/117 1478/276/117 1454/277/117
f 1407/121/118 1454/277/118 1461/278/118
f 1409/19/119 1461/278/119 1468/279/119
f 1411/124/120 1468/279/120 1476/280/120
f 1358/127/12 1356/560/12 1354/561/12
f 1354/561/12 1416/562/12 1414/158/12
f 1414/158/12 1412/599/12 1410/600/12
f 1410/600/12 1408/601/12 1406/602/12
f 1406/602/12 1404/603/12 1402/566/12
f 1402/566/12 1400/604/12 1398/605/12
f 1398/605/12 1396/606/12 1394/607/12
f 1394/607/12 1392/608/12 1390/209/12
f 1390/209/12 1388/609/12 1386/549/12
f 1386/549/12 1384/610/12 1382/611/12
f 1382/611/12 1380/612/12 1378/613/12
f 1378/613/12 1376/614/12 1374/210/12
f 1374/210/12 1372/554/12 1370/555/12
f 1370/555/12 1368/556/12 1366/157/12
f 1366/157/12 1364/615/12 1362/558/12
f 1362/558/12 1360/616/12 1358/127/12
f 1358/127/12 1354/561/12 1414/158/12
f 1414/158/12 1410/600/12 1406/602/12
f 1406/602/12 1402/566/12 1398/605/12
f 1398/605/12 1394/607/12 1390/209/12
f 1390/209/12 1386/549/12 1382/611/12
f 1382/611/12 1378/613/12 1374/210/12
f 1374/210/12 1370/555/12 1366/157/12
f 1366/157/12 1362/558/12 1358/127/12
f 1358/127/12 1414/158/12 1406/602/12
f 1406/602/12 1398/605/12 1390/209/12
f 1390/209/12 1382/611/12 1374/210/12
f 1374/210/12 1366/157/12 1358/127/12
f 1358/127/12 1406/602/12 1390/209/12
f 1413/126/121 1476/280/121 1452/281/121
f 1415/131/122 1452/281/122 1472/282/122
f 1415/215/498 1353/571/498 1355/572/498
f 1355/572/498 1357/573/498 1359/617/498
f 1359/617/11 1361/575/11 1363/618/11
f 1363/618/11 1365/577/11 1367/578/11
f 1367/578/11 1369/579/11 1371/580/11
f 1371/580/11 1373/581/11 1375/619/11
f 1375/619/498 1377/620/498 1379/621/498
f 1379/621/499 1381/622/499 1383/213/499
f 1383/213/499 1385/585/499 1387/623/499
f 1387/623/499 1389/624/499 1391/625/499
f 1391/625/11 1393/626/11 1395/627/11
f 1395/627/11 1397/590/11 1399/214/11
f 1399/214/11 1401/591/11 1403/592/11
f 1403/592/11 1405/593/11 1407/628/11
f 1407/628/11 1409/595/11 1411/629/11
f 1411/629/498 1413/570/498 1415/215/498
f 1415/215/11 1355/572/11 1359/617/11
f 1359/617/11 1363/618/11 1367/578/11
f 1367/578/11 1371/580/11 1375/619/11
f 1375/619/11 1379/621/11 1383/213/11
f 1383/213/11 1387/623/11 1391/625/11
f 1391/625/11 1395/627/11 1399/214/11
f 1399/214/11 1403/592/11 1407/628/11
f 1407/628/11 1411/629/11 1415/215/11
f 1415/215/11 1359/617/11 1367/578/11
f 1367/578/11 1375/619/11 1383/213/11
f 1383/213/11 1391/625/11 1399/214/11
f 1399/214/11 1407/628/11 1415/215/11
f 1415/215/11 1367/578/11 1383/213/11
f 1427/318/129 1419/349/129 1356/76/129
f 1433/319/130 1394/16/130 1396/111/130
f 1434/321/131 1427/318/131 1358/78/131
f 1441/320/132 1396/111/132 1398/113/132
f 1442/323/133 1434/321/133 1360/80/133
f 1448/322/134 1398/113/134 1400/115/134
f 1417/325/135 1442/323/135 1362/81/135
f 1424/324/136 1400/115/136 1402/117/136
f 1425/327/137 1417/325/137 1364/83/137
f 1439/328/138 1431/326/138 1402/117/138
f 1432/329/139 1425/327/139 1366/85/139
f 1446/330/140 1439/328/140 1404/137/140
f 1440/331/141 1432/329/141 1368/87/141
f 1422/332/142 1446/330/142 1406/119/142
f 1440/331/143 1370/89/143 1372/91/143
f 1429/334/144 1422/332/144 1408/122/144
f 1447/333/145 1372/91/145 1374/93/145
f 1437/336/146 1429/334/146 1410/123/146
f 1423/335/147 1374/93/147 1376/95/147
f 1444/338/148 1437/336/148 1412/125/148
f 1430/337/149 1376/95/149 1378/32/149
f 1438/339/150 1378/32/150 1380/97/150
f 1420/341/151 1444/338/151 1414/130/151
f 1445/340/152 1380/97/152 1382/99/152
f 1435/343/153 1420/341/153 1416/132/153
f 1421/342/154 1382/99/154 1384/101/154
f 1428/344/123 1384/101/123 1386/103/123
f 1436/345/124 1386/103/124 1388/105/124
f 1443/346/125 1388/105/125 1390/107/125
f 1418/347/126 1390/107/126 1392/109/126
f 1419/349/127 1435/350/127 1354/73/127
f 1426/348/128 1392/109/128 1394/16/128
f 1459/254/129 1451/253/129 1419/349/129
f 1465/271/130 1433/319/130 1441/320/130
f 1466/255/131 1459/254/131 1427/318/131
f 1473/272/132 1441/320/132 1448/322/132
f 1474/256/133 1466/255/133 1434/321/133
f 1480/273/134 1448/322/134 1424/324/134
f 1449/257/135 1474/256/135 1442/323/135
f 1456/274/136 1424/324/136 1431/326/136
f 1457/258/137 1449/257/137 1417/325/137
f 1470/275/138 1463/317/138 1431/326/138
f 1464/259/139 1457/258/139 1425/327/139
f 1478/276/140 1470/275/140 1439/328/140
f 1471/315/141 1464/259/141 1432/329/141
f 1454/277/142 1478/276/142 1446/330/142
f 1471/315/143 1440/331/143 1447/333/143
f 1461/278/144 1454/277/144 1422/332/144
f 1479/260/145 1447/333/145 1423/335/145
f 1468/279/146 1461/278/146 1429/334/146
f 1455/261/147 1423/335/147 1430/337/147
f 1476/280/148 1468/279/148 1437/336/148
f 1462/262/149 1430/337/149 1438/339/149
f 1469/263/150 1438/339/150 1445/340/150
f 1452/281/151 1476/280/151 1444/338/151
f 1477/264/152 1445/340/152 1421/342/152
f 1472/282/153 1452/281/153 1420/341/153
f 1453/265/154 1421/342/154 1428/344/154
f 1460/266/123 1428/344/123 1436/345/123
f 1467/267/124 1436/345/124 1443/346/124
f 1475/268/125 1443/346/125 1418/347/125
f 1450/269/126 1418/347/126 1426/348/126
f 1451/253/127 1472/252/127 1435/350/127
f 1458/270/128 1426/348/128 1433/319/128
f 1591/180/155 1602/181/155 1483/74/155
f 1602/181/92 1578/182/92 1485/77/92
f 1578/182/93 1585/183/93 1487/79/93
f 1585/183/94 1593/184/94 1489/22/94
f 1593/184/95 1600/185/95 1491/82/95
f 1600/185/96 1608/186/96 1493/84/96
f 1608/186/97 1583/187/97 1495/86/97
f 1583/187/500 1590/251/500 1497/88/500
f 1497/88/99 1590/251/99 1598/188/99
f 1499/90/100 1598/188/100 1606/189/100
f 1501/92/101 1606/189/101 1581/190/101
f 1503/94/102 1581/190/102 1588/191/102
f 1505/23/103 1588/191/103 1596/192/103
f 1507/96/104 1596/192/104 1604/193/104
f 1509/98/105 1604/193/105 1579/194/105
f 1511/100/106 1579/194/106 1586/195/106
f 1586/195/107 1594/196/107 1515/104/107
f 1594/196/108 1601/197/108 1517/106/108
f 1601/197/109 1577/198/109 1519/108/109
f 1577/198/110 1584/199/110 1521/11/110
f 1584/199/111 1592/200/111 1523/110/111
f 1592/200/112 1599/201/112 1525/112/112
f 1599/201/113 1607/202/113 1527/114/113
f 1607/202/114 1582/250/114 1529/116/114
f 1529/116/115 1582/250/115 1589/203/115
f 1531/118/116 1589/203/116 1597/204/116
f 1533/120/117 1597/204/117 1605/205/117
f 1535/121/118 1605/205/118 1580/206/118
f 1537/19/119 1580/206/119 1587/207/119
f 1539/124/120 1587/207/120 1595/208/120
f 1486/127/12 1484/560/12 1482/561/12
f 1482/561/12 1544/562/12 1542/158/12
f 1542/158/12 1540/599/12 1538/600/12
f 1538/600/12 1536/601/12 1534/602/12
f 1534/602/12 1532/603/12 1530/566/12
f 1530/566/12 1528/604/12 1526/605/12
f 1526/605/12 1524/606/12 1522/607/12
f 1522/607/12 1520/608/12 1518/209/12
f 1518/209/12 1516/609/12 1514/549/12
f 1514/549/12 1512/610/12 1510/611/12
f 1510/611/12 1508/612/12 1506/613/12
f 1506/613/12 1504/614/12 1502/210/12
f 1502/210/12 1500/554/12 1498/555/12
f 1498/555/12 1496/556/12 1494/157/12
f 1494/157/12 1492/615/12 1490/558/12
f 1490/558/12 1488/616/12 1486/127/12
f 1486/127/12 1482/561/12 1542/158/12
f 1542/158/12 1538/600/12 1534/602/12
f 1534/602/12 1530/566/12 1526/605/12
f 1526/605/12 1522/607/12 1518/209/12
f 1518/209/12 1514/549/12 1510/611/12
f 1510/611/12 1506/613/12 1502/210/12
f 1502/210/12 1498/555/12 1494/157/12
f 1494/157/12 1490/558/12 1486/127/12
f 1486/127/12 1542/158/12 1534/602/12
f 1534/602/12 1526/605/12 1518/209/12
f 1518/209/12 1510/611/12 1502/210/12
f 1502/210/12 1494/157/12 1486/127/12
f 1486/127/12 1534/602/12 1518/209/12
f 1541/126/121 1595/208/121 1603/211/121
f 1543/131/158 1603/211/158 1591/212/158
f 1543/215/498 1481/571/498 1483/572/498
f 1483/572/498 1485/573/498 1487/617/498
f 1487/617/11 1489/575/11 1491/618/11
f 1491/618/11 1493/577/11 1495/578/11
f 1495/578/11 1497/579/11 1499/580/11
f 1499/580/11 1501/581/11 1503/619/11
f 1503/619/498 1505/620/498 1507/621/498
f 1507/621/499 1509/622/499 1511/213/499
f 1511/213/499 1513/585/499 1515/623/499
f 1515/623/499 1517/624/499 1519/625/499
f 1519/625/11 1521/626/11 1523/627/11
f 1523/627/11 1525/590/11 1527/214/11
f 1527/214/11 1529/591/11 1531/592/11
f 1531/592/11 1533/593/11 1535/628/11
f 1535/628/11 1537/595/11 1539/629/11
f 1539/629/498 1541/570/498 1543/215/498
f 1543/215/11 1483/572/11 1487/617/11
f 1487/617/11 1491/618/11 1495/578/11
f 1495/578/11 1499/580/11 1503/619/11
f 1503/619/11 1507/621/11 1511/213/11
f 1511/213/11 1515/623/11 1519/625/11
f 1519/625/11 1523/627/11 1527/214/11
f 1527/214/11 1531/592/11 1535/628/11
f 1535/628/11 1539/629/11 1543/215/11
f 1543/215/11 1487/617/11 1495/578/11
f 1495/578/11 1503/619/11 1511/213/11
f 1511/213/11 1519/625/11 1527/214/11
f 1527/214/11 1535/628/11 1543/215/11
f 1543/215/11 1495/578/11 1511/213/11
f 1558/351/138 1551/381/138 1530/117/138
f 1552/352/139 1576/382/139 1494/85/139
f 1565/353/140 1558/351/140 1532/137/140
f 1559/354/141 1552/352/141 1496/87/141
f 1573/355/142 1565/353/142 1534/119/142
f 1559/354/143 1498/89/143 1500/91/143
f 1548/357/144 1573/355/144 1536/122/144
f 1566/356/145 1500/91/145 1502/93/145
f 1556/359/146 1548/357/146 1538/123/146
f 1574/358/147 1502/93/147 1504/95/147
f 1563/361/148 1556/359/148 1540/125/148
f 1549/360/149 1504/95/149 1506/32/149
f 1557/362/150 1506/32/150 1508/97/150
f 1571/364/151 1563/361/151 1542/130/151
f 1564/363/152 1508/97/152 1510/99/152
f 1550/366/153 1571/364/153 1544/132/153
f 1572/365/154 1510/99/154 1512/101/154
f 1547/367/123 1512/101/123 1514/103/123
f 1555/368/124 1514/103/124 1516/105/124
f 1562/369/125 1516/105/125 1518/107/125
f 1569/370/126 1518/107/126 1520/109/126
f 1570/372/127 1550/383/127 1482/73/127
f 1545/371/128 1520/109/128 1522/16/128
f 1546/374/129 1570/372/129 1484/76/129
f 1553/373/130 1522/16/130 1524/111/130
f 1554/376/131 1546/374/131 1486/78/131
f 1560/375/132 1524/111/132 1526/113/132
f 1561/378/133 1554/376/133 1488/80/133
f 1567/377/134 1526/113/134 1528/115/134
f 1568/380/135 1561/378/135 1490/81/135
f 1575/379/136 1528/115/136 1530/117/136
f 1576/382/137 1568/380/137 1492/83/137
f 1589/203/138 1582/250/138 1551/381/138
f 1583/187/139 1608/186/139 1576/382/139
f 1597/204/140 1589/203/140 1558/351/140
f 1590/251/141 1583/187/141 1552/352/141
f 1605/205/142 1597/204/142 1565/353/142
f 1590/251/143 1559/354/143 1566/356/143
f 1580/206/144 1605/205/144 1573/355/144
f 1598/188/145 1566/356/145 1574/358/145
f 1587/207/146 1580/206/146 1548/357/146
f 1606/189/147 1574/358/147 1549/360/147
f 1595/208/148 1587/207/148 1556/359/148
f 1581/190/149 1549/360/149 1557/362/149
f 1588/191/150 1557/362/150 1564/363/150
f 1603/211/151 1595/208/151 1563/361/151
f 1596/192/152 1564/363/152 1572/365/152
f 1591/212/153 1603/211/153 1571/364/153
f 1604/193/154 1572/365/154 1547/367/154
f 1579/194/123 1547/367/123 1555/368/123
f 1586/195/124 1555/368/124 1562/369/124
f 1594/196/125 1562/369/125 1569/370/125
f 1601/197/126 1569/370/126 1545/371/126
f 1602/181/127 1591/180/127 1550/383/127
f 1577/198/128 1545/371/128 1553/373/128
f 1578/182/129 1602/181/129 1570/372/129
f 1584/199/130 1553/373/130 1560/375/130
f 1585/183/131 1578/182/131 1546/374/131
f 1592/200/132 1560/375/132 1567/377/132
f 1593/184/133 1585/183/133 1554/376/133
f 1599/201/134 1567/377/134 1575/379/134
f 1600/185/135 1593/184/135 1561/378/135
f 1607/202/136 1575/379/136 1551/381/136
f 1608/186/137 1600/185/137 1568/380/137
f 1708/384/7 1612/4/7 1650/385/7
f 1640/387/8 1616/23/8 1653/98/8
f 1710/389/9 1614/8/9 1656/390/9
f 1703/392/10 1646/513/10 1610/32/10
f 1717/393/11 1613/20/11 1645/168/11
f 1716/395/12 1610/37/12 1646/396/12
f 1711/398/12 1628/169/12 1658/171/12
f 1660/400/12 1629/488/12 1661/401/12
f 1637/403/12 1619/497/12 1662/404/12
f 1712/406/11 1627/170/11 1657/407/11
f 1664/409/11 1630/478/11 1665/410/11
f 1642/412/11 1624/468/11 1666/413/11
f 1667/415/10 1618/103/10 1648/107/10
f 1668/417/10 1631/473/10 1669/418/10
f 1658/420/10 1628/167/10 1670/421/10
f 1713/423/9 1626/474/9 1644/424/9
f 1672/426/9 1632/464/9 1673/427/9
f 1655/429/9 1625/492/9 1674/430/9
f 1675/432/8 1623/102/8 1641/106/8
f 1676/434/8 1633/460/8 1677/435/8
f 1652/437/8 1622/503/8 1678/438/8
f 1714/440/7 1620/461/7 1638/441/7
f 1680/443/7 1634/449/7 1681/444/7
f 1649/446/7 1619/505/7 1682/447/7
f 1683/448/7 1682/447/7 1634/449/7
f 1723/450/159 1683/448/159 1680/443/159
f 1716/452/159 1649/446/159 1683/448/159
f 1684/445/7 1681/444/7 1617/453/7
f 1724/455/159 1684/445/159 1635/454/159
f 1722/451/159 1680/443/159 1684/445/159
f 1725/442/7 1638/441/7 1611/1/7
f 1681/444/7 1685/459/7 1647/458/7
f 1634/449/7 1679/504/7 1685/459/7
f 1686/439/8 1678/438/8 1633/460/8
f 1650/385/8 1686/439/8 1676/434/8
f 1612/4/8 1652/437/8 1686/439/8
f 1687/436/8 1677/435/8 1621/160/8
f 1638/441/8 1687/436/8 1639/462/8
f 1620/461/8 1676/434/8 1687/436/8
f 1688/433/8 1641/106/8 1615/11/8
f 1677/435/8 1688/433/8 1651/463/8
f 1633/460/8 1675/432/8 1688/433/8
f 1689/431/9 1674/430/9 1632/464/9
f 1726/465/160 1689/431/160 1672/426/160
f 1718/467/160 1655/429/160 1689/431/160
f 1690/428/9 1673/427/9 1624/468/9
f 1727/469/160 1690/428/160 1642/412/160
f 1721/466/160 1672/426/160 1690/428/160
f 1728/425/9 1644/424/9 1613/20/9
f 1673/427/9 1691/472/9 1654/471/9
f 1632/464/9 1671/501/9 1691/472/9
f 1692/422/10 1670/421/10 1631/473/10
f 1656/390/10 1692/422/10 1668/417/10
f 1614/8/10 1658/420/10 1692/422/10
f 1693/419/10 1669/418/10 1627/475/10
f 1613/20/10 1644/424/10 1693/419/10
f 1626/474/10 1668/417/10 1693/419/10
f 1694/416/10 1648/107/10 1609/16/10
f 1669/418/10 1694/416/10 1657/477/10
f 1631/473/10 1667/415/10 1694/416/10
f 1695/414/11 1666/413/11 1630/478/11
f 1720/479/11 1729/480/11 1695/414/11
f 1729/480/11 1709/470/11 1642/412/11
f 1696/411/11 1665/410/11 1617/481/11
f 1715/483/11 1730/484/11 1696/411/11
f 1730/484/11 1720/479/11 1664/409/11
f 1731/408/11 1657/407/11 1609/21/11
f 1665/410/11 1697/487/11 1635/486/11
f 1630/478/11 1663/499/11 1697/487/11
f 1698/405/12 1662/404/12 1629/488/12
f 1732/489/12 1698/405/12 1660/400/12
f 1708/491/12 1637/403/12 1698/405/12
f 1699/402/12 1661/401/12 1625/492/12
f 1733/493/12 1699/402/12 1655/429/12
f 1719/490/12 1660/400/12 1699/402/12
f 1734/399/12 1658/171/12 1614/8/12
f 1661/401/12 1700/495/12 1643/494/12
f 1629/488/12 1659/496/12 1700/495/12
f 1735/397/12 1646/396/12 1628/169/12
f 1662/404/12 1701/498/12 1659/496/12
f 1619/497/12 1649/511/12 1701/498/12
f 1736/394/11 1645/168/11 1627/170/11
f 1666/413/11 1702/500/11 1663/499/11
f 1624/468/11 1654/471/11 1702/500/11
f 1703/392/10 1636/99/10 1618/103/10
f 1670/421/10 1703/392/10 1667/415/10
f 1628/167/10 1646/513/10 1703/392/10
f 1737/391/9 1656/390/9 1626/474/9
f 1674/430/9 1704/502/9 1671/501/9
f 1625/492/9 1643/494/9 1704/502/9
f 1705/388/8 1653/98/8 1623/102/8
f 1678/438/8 1705/388/8 1675/432/8
f 1622/503/8 1640/387/8 1705/388/8
f 1738/386/7 1650/385/7 1620/461/7
f 1682/447/7 1706/506/7 1679/504/7
f 1619/505/7 1637/510/7 1706/506/7
f 1706/506/161 1738/386/161 1714/440/161
f 1704/502/162 1737/391/162 1713/423/162
f 1702/500/11 1736/394/11 1712/406/11
f 1659/496/12 1701/498/12 1735/397/12
f 1643/494/12 1700/495/12 1734/399/12
f 1622/88/12 1719/490/12 1733/493/12
f 1640/92/12 1733/493/12 1718/467/12
f 1612/22/12 1708/491/12 1732/489/12
f 1652/84/12 1732/489/12 1719/490/12
f 1697/487/11 1731/408/11 1707/485/11
f 1621/116/11 1720/479/11 1730/484/11
f 1639/120/11 1730/484/11 1715/483/11
f 1615/11/11 1709/470/11 1729/480/11
f 1651/112/11 1729/480/11 1720/479/11
f 1691/472/162 1728/425/162 1717/393/162
f 1623/102/9 1721/466/9 1727/469/9
f 1641/106/9 1727/469/9 1709/470/9
f 1616/23/9 1718/467/9 1726/465/9
f 1653/98/9 1726/465/9 1721/466/9
f 1685/459/161 1725/442/161 1715/457/161
f 1618/507/7 1722/451/7 1724/455/7
f 1648/508/7 1724/455/7 1707/456/7
f 1610/24/7 1716/452/7 1723/450/7
f 1636/509/7 1723/450/7 1722/451/7
f 1679/504/161 1714/440/161 1725/442/161
f 1671/501/162 1713/423/162 1728/425/162
f 1663/499/11 1712/406/11 1731/408/11
f 1700/495/12 1659/496/12 1711/398/12
f 1701/498/12 1649/511/12 1716/395/12
f 1654/471/11 1717/393/11 1736/394/11
f 1643/494/162 1710/389/162 1737/391/162
f 1637/510/161 1708/384/161 1738/386/161
f 1838/384/7 1742/4/7 1780/385/7
f 1770/387/8 1746/23/8 1783/98/8
f 1840/389/9 1744/8/9 1786/390/9
f 1833/392/10 1776/513/10 1740/32/10
f 1847/393/11 1743/20/11 1775/168/11
f 1846/395/12 1740/37/12 1776/396/12
f 1841/398/12 1758/169/12 1788/171/12
f 1790/400/12 1759/488/12 1791/401/12
f 1767/403/12 1749/497/12 1792/404/12
f 1842/406/11 1757/170/11 1787/407/11
f 1794/409/11 1760/478/11 1795/410/11
f 1772/412/11 1754/468/11 1796/413/11
f 1797/415/10 1748/103/10 1778/107/10
f 1798/417/10 1761/473/10 1799/418/10
f 1788/420/10 1758/167/10 1800/421/10
f 1843/423/9 1756/474/9 1774/424/9
f 1802/426/9 1762/464/9 1803/427/9
f 1785/429/9 1755/492/9 1804/430/9
f 1805/432/8 1753/102/8 1771/106/8
f 1806/434/8 1763/460/8 1807/435/8
f 1782/437/8 1752/503/8 1808/438/8
f 1844/440/7 1750/461/7 1768/441/7
f 1810/443/7 1764/449/7 1811/444/7
f 1779/446/7 1749/505/7 1812/447/7
f 1813/448/7 1812/447/7 1764/449/7
f 1853/450/163 1813/448/163 1810/443/163
f 1846/452/163 1779/446/163 1813/448/163
f 1814/445/7 1811/444/7 1747/453/7
f 1854/455/163 1814/445/163 1765/454/163
f 1852/451/163 1810/443/163 1814/445/163
f 1855/442/7 1768/441/7 1741/1/7
f 1811/444/7 1815/459/7 1777/458/7
f 1764/449/7 1809/504/7 1815/459/7
f 1816/439/8 1808/438/8 1763/460/8
f 1780/385/8 1816/439/8 1806/434/8
f 1742/4/8 1782/437/8 1816/439/8
f 1817/436/8 1807/435/8 1751/160/8
f 1768/441/8 1817/436/8 1769/462/8
f 1750/461/8 1806/434/8 1817/436/8
f 1818/433/8 1771/106/8 1745/11/8
f 1807/435/8 1818/433/8 1781/463/8
f 1763/460/8 1805/432/8 1818/433/8
f 1819/431/9 1804/430/9 1762/464/9
f 1856/465/164 1819/431/164 1802/426/164
f 1848/467/164 1785/429/164 1819/431/164
f 1820/428/9 1803/427/9 1754/468/9
f 1857/469/164 1820/428/164 1772/412/164
f 1851/466/164 1802/426/164 1820/428/164
f 1858/425/9 1774/424/9 1743/20/9
f 1803/427/9 1821/472/9 1784/471/9
f 1762/464/9 1801/501/9 1821/472/9
f 1822/422/10 1800/421/10 1761/473/10
f 1786/390/10 1822/422/10 1798/417/10
f 1744/8/10 1788/420/10 1822/422/10
f 1823/419/10 1799/418/10 1757/475/10
f 1743/20/10 1774/424/10 1823/419/10
f 1756/474/10 1798/417/10 1823/419/10
f 1824/416/10 1778/107/10 1739/16/10
f 1799/418/10 1824/416/10 1787/477/10
f 1761/473/10 1797/415/10 1824/416/10
f 1825/414/11 1796/413/11 1760/478/11
f 1859/480/165 1825/414/165 1794/409/165
f 1839/470/165 1772/412/165 1825/414/165
f 1826/411/11 1795/410/11 1747/481/11
f 1860/484/165 1826/411/165 1777/482/165
f 1850/479/165 1794/409/165 1826/411/165
f 1861/408/11 1787/407/11 1739/21/11
f 1795/410/11 1827/487/11 1765/486/11
f 1760/478/11 1793/499/11 1827/487/11
f 1828/405/12 1792/404/12 1759/488/12
f 1849/490/166 1862/489/166 1828/405/166
f 1862/489/166 1838/491/166 1767/403/166
f 1829/402/12 1791/401/12 1755/492/12
f 1848/467/166 1863/493/166 1829/402/166
f 1863/493/166 1849/490/166 1790/400/166
f 1864/399/12 1788/171/12 1744/8/12
f 1791/401/12 1830/495/12 1773/494/12
f 1759/488/12 1789/496/12 1830/495/12
f 1865/397/12 1776/396/12 1758/169/12
f 1792/404/12 1831/498/12 1789/496/12
f 1749/497/12 1779/511/12 1831/498/12
f 1866/394/11 1775/168/11 1757/170/11
f 1796/413/11 1832/500/11 1793/499/11
f 1754/468/11 1784/471/11 1832/500/11
f 1833/392/10 1766/99/10 1748/103/10
f 1800/421/10 1833/392/10 1797/415/10
f 1758/167/10 1776/513/10 1833/392/10
f 1867/391/9 1786/390/9 1756/474/9
f 1804/430/9 1834/502/9 1801/501/9
f 1755/492/9 1773/494/9 1834/502/9
f 1835/388/8 1783/98/8 1753/102/8
f 1808/438/8 1835/388/8 1805/432/8
f 1752/503/8 1770/387/8 1835/388/8
f 1868/386/7 1780/385/7 1750/461/7
f 1812/447/7 1836/506/7 1809/504/7
f 1749/505/7 1767/510/7 1836/506/7
f 1809/504/167 1836/506/167 1868/386/167
f 1801/501/168 1834/502/168 1867/391/168
f 1793/499/169 1832/500/169 1866/394/169
f 1831/498/170 1865/397/170 1841/398/170
f 1830/495/170 1864/399/170 1840/389/170
f 1752/88/12 1849/490/12 1863/493/12
f 1770/92/12 1863/493/12 1848/467/12
f 1742/22/12 1838/491/12 1862/489/12
f 1782/84/12 1862/489/12 1849/490/12
f 1765/486/169 1827/487/169 1861/408/169
f 1751/116/11 1850/479/11 1860/484/11
f 1769/120/11 1860/484/11 1845/483/11
f 1745/11/11 1839/470/11 1859/480/11
f 1781/112/11 1859/480/11 1850/479/11
f 1784/471/168 1821/472/168 1858/425/168
f 1753/102/9 1851/466/9 1857/469/9
f 1771/106/9 1857/469/9 1839/470/9
f 1746/23/9 1848/467/9 1856/465/9
f 1783/98/9 1856/465/9 1851/466/9
f 1777/458/167 1815/459/167 1855/442/167
f 1748/507/7 1852/451/7 1854/455/7
f 1778/508/7 1854/455/7 1837/456/7
f 1740/24/7 1846/452/7 1853/450/7
f 1766/509/7 1853/450/7 1852/451/7
f 1815/459/167 1809/504/167 1844/440/167
f 1821/472/168 1801/501/168 1843/423/168
f 1827/487/169 1793/499/169 1842/406/169
f 1789/496/170 1841/398/170 1864/399/170
f 1779/511/170 1846/395/170 1865/397/170
f 1832/500/169 1784/471/169 1847/393/169
f 1834/502/168 1773/494/168 1840/389/168
f 1836/506/167 1767/510/167 1838/384/167
usemtl Material.015
f 138/73/15 139/74/15 137/75/15
f 140/76/16 141/77/16 139/74/16
f 142/78/17 143/79/17 141/77/17
f 144/80/18 145/22/18 143/79/18
f 146/81/19 147/82/19 145/22/19
f 148/83/20 149/84/20 147/82/20
f 150/85/21 151/86/21 149/84/21
f 152/87/22 153/88/22 151/86/22
f 154/89/23 155/90/23 153/88/23
f 156/91/24 157/92/24 155/90/24
f 158/93/25 159/94/25 157/92/25
f 160/95/26 161/23/26 159/94/26
f 162/32/27 163/96/27 161/23/27
f 164/97/28 165/98/28 163/96/28
f 166/99/29 167/100/29 165/98/29
f 168/101/30 169/102/30 167/100/30
f 170/103/31 171/104/31 169/102/31
f 172/105/32 173/106/32 171/104/32
f 174/107/33 175/108/33 173/106/33
f 176/109/34 177/11/34 175/108/34
f 178/16/35 179/110/35 177/11/35
f 180/111/36 181/112/36 179/110/36
f 182/113/37 183/114/37 181/112/37
f 184/115/38 185/116/38 183/114/38
f 186/117/39 187/118/39 185/116/39
f 187/118/40 190/119/40 189/120/40
f 190/119/41 191/121/41 189/120/41
f 192/122/42 193/19/42 191/121/42
f 194/123/43 195/124/43 193/19/43
f 196/125/44 197/126/44 195/124/44
f 142/127/10 190/128/10 174/129/10
f 198/130/45 199/131/45 197/126/45
f 200/132/46 137/133/46 199/131/46
f 163/134/8 179/135/8 195/136/8
f 202/73/15 203/74/15 201/75/15
f 204/76/16 205/77/16 203/74/16
f 206/78/17 207/79/17 205/77/17
f 208/80/18 209/22/18 207/79/18
f 210/81/19 211/82/19 209/22/19
f 212/83/20 213/84/20 211/82/20
f 213/84/21 216/87/21 215/86/21
f 216/87/22 217/88/22 215/86/22
f 218/89/23 219/90/23 217/88/23
f 220/91/24 221/92/24 219/90/24
f 222/93/25 223/94/25 221/92/25
f 224/95/26 225/23/26 223/94/26
f 226/32/27 227/96/27 225/23/27
f 228/97/28 229/98/28 227/96/28
f 230/99/29 231/100/29 229/98/29
f 232/101/30 233/102/30 231/100/30
f 234/103/31 235/104/31 233/102/31
f 236/105/32 237/106/32 235/104/32
f 238/107/33 239/108/33 237/106/33
f 240/109/34 241/11/34 239/108/34
f 242/16/35 243/110/35 241/11/35
f 244/111/36 245/112/36 243/110/36
f 245/112/37 248/115/37 247/114/37
f 248/115/38 249/116/38 247/114/38
f 250/117/39 251/118/39 249/116/39
f 252/137/40 253/120/40 251/118/40
f 254/119/41 255/121/41 253/120/41
f 256/122/42 257/19/42 255/121/42
f 258/123/43 259/124/43 257/19/43
f 260/125/44 261/126/44 259/124/44
f 206/127/10 254/128/10 238/129/10
f 262/130/45 263/131/45 261/126/45
f 264/132/46 201/133/46 263/131/46
f 227/134/8 243/135/8 259/136/8
f 266/73/15 267/74/15 265/75/15
f 268/76/16 269/77/16 267/74/16
f 270/78/17 271/79/17 269/77/17
f 272/80/18 273/22/18 271/79/18
f 274/81/19 275/82/19 273/22/19
f 276/83/20 277/84/20 275/82/20
f 278/85/21 279/86/21 277/84/21
f 280/87/22 281/88/22 279/86/22
f 282/89/23 283/90/23 281/88/23
f 284/91/24 285/92/24 283/90/24
f 286/93/25 287/94/25 285/92/25
f 288/95/26 289/23/26 287/94/26
f 290/32/27 291/96/27 289/23/27
f 292/97/28 293/98/28 291/96/28
f 294/99/29 295/100/29 293/98/29
f 296/101/30 297/102/30 295/100/30
f 298/103/31 299/104/31 297/102/31
f 300/105/32 301/106/32 299/104/32
f 302/107/33 303/108/33 301/106/33
f 304/109/34 305/11/34 303/108/34
f 306/16/35 307/110/35 305/11/35
f 308/111/36 309/112/36 307/110/36
f 310/113/37 311/114/37 309/112/37
f 312/115/38 313/116/38 311/114/38
f 314/117/39 315/118/39 313/116/39
f 316/137/40 317/120/40 315/118/40
f 318/119/41 319/121/41 317/120/41
f 320/122/42 321/19/42 319/121/42
f 322/123/43 323/124/43 321/19/43
f 324/125/44 325/126/44 323/124/44
f 270/127/10 318/128/10 302/129/10
f 326/130/45 327/131/45 325/126/45
f 328/132/46 265/133/46 327/131/46
f 291/134/8 307/135/8 323/136/8
f 330/73/15 331/74/15 329/75/15
f 332/76/16 333/77/16 331/74/16
f 334/78/17 335/79/17 333/77/17
f 336/80/18 337/22/18 335/79/18
f 338/81/19 339/82/19 337/22/19
f 339/82/20 342/85/20 341/84/20
f 342/85/21 343/86/21 341/84/21
f 344/87/22 345/88/22 343/86/22
f 346/89/23 347/90/23 345/88/23
f 347/90/24 350/93/24 349/92/24
f 350/93/25 351/94/25 349/92/25
f 352/95/26 353/23/26 351/94/26
f 354/32/27 355/96/27 353/23/27
f 356/97/28 357/98/28 355/96/28
f 358/99/29 359/100/29 357/98/29
f 360/101/30 361/102/30 359/100/30
f 362/103/31 363/104/31 361/102/31
f 364/105/32 365/106/32 363/104/32
f 366/107/33 367/108/33 365/106/33
f 368/109/34 369/11/34 367/108/34
f 370/16/35 371/110/35 369/11/35
f 372/111/36 373/112/36 371/110/36
f 374/113/37 375/114/37 373/112/37
f 376/115/38 377/116/38 375/114/38
f 378/117/39 379/118/39 377/116/39
f 380/137/40 381/120/40 379/118/40
f 382/119/41 383/121/41 381/120/41
f 384/122/42 385/19/42 383/121/42
f 386/123/43 387/124/43 385/19/43
f 388/125/44 389/126/44 387/124/44
f 334/127/10 382/128/10 366/129/10
f 390/130/45 391/131/45 389/126/45
f 392/132/46 329/133/46 391/131/46
f 355/134/8 371/135/8 387/136/8
f 402/73/15 403/74/15 401/75/15
f 404/76/16 405/77/16 403/74/16
f 406/78/17 407/79/17 405/77/17
f 408/80/18 409/22/18 407/79/18
f 410/81/19 411/82/19 409/22/19
f 412/83/20 413/84/20 411/82/20
f 413/84/21 416/87/21 415/86/21
f 416/87/22 417/88/22 415/86/22
f 418/89/23 419/90/23 417/88/23
f 419/90/24 422/93/24 421/92/24
f 422/93/25 423/94/25 421/92/25
f 424/95/26 425/23/26 423/94/26
f 426/32/27 427/96/27 425/23/27
f 428/97/28 429/98/28 427/96/28
f 430/99/29 431/100/29 429/98/29
f 432/101/30 433/102/30 431/100/30
f 434/103/31 435/104/31 433/102/31
f 436/105/32 437/106/32 435/104/32
f 438/107/33 439/108/33 437/106/33
f 440/109/34 441/11/34 439/108/34
f 442/16/35 443/110/35 441/11/35
f 444/111/36 445/112/36 443/110/36
f 446/113/37 447/114/37 445/112/37
f 448/115/38 449/116/38 447/114/38
f 450/117/39 451/118/39 449/116/39
f 452/137/40 453/120/40 451/118/40
f 454/119/41 455/121/41 453/120/41
f 456/122/42 457/19/42 455/121/42
f 458/123/43 459/124/43 457/19/43
f 460/125/44 461/126/44 459/124/44
f 406/127/10 454/128/10 438/129/10
f 462/130/45 463/131/45 461/126/45
f 464/132/46 401/133/46 463/131/46
f 427/134/8 443/135/8 459/136/8
f 466/73/15 467/74/15 465/75/15
f 468/76/16 469/77/16 467/74/16
f 470/78/17 471/79/17 469/77/17
f 472/80/18 473/22/18 471/79/18
f 474/81/19 475/82/19 473/22/19
f 476/83/20 477/84/20 475/82/20
f 478/85/21 479/86/21 477/84/21
f 480/87/22 481/88/22 479/86/22
f 482/89/23 483/90/23 481/88/23
f 484/91/24 485/92/24 483/90/24
f 486/93/25 487/94/25 485/92/25
f 488/95/26 489/23/26 487/94/26
f 490/32/27 491/96/27 489/23/27
f 492/97/28 493/98/28 491/96/28
f 494/99/29 495/100/29 493/98/29
f 496/101/30 497/102/30 495/100/30
f 498/103/31 499/104/31 497/102/31
f 500/105/32 501/106/32 499/104/32
f 502/107/33 503/108/33 501/106/33
f 504/109/34 505/11/34 503/108/34
f 506/16/35 507/110/35 505/11/35
f 508/111/36 509/112/36 507/110/36
f 510/113/37 511/114/37 509/112/37
f 512/115/38 513/116/38 511/114/38
f 514/117/39 515/118/39 513/116/39
f 516/137/40 517/120/40 515/118/40
f 518/119/41 519/121/41 517/120/41
f 520/122/42 521/19/42 519/121/42
f 522/123/43 523/124/43 521/19/43
f 524/125/44 525/126/44 523/124/44
f 470/127/10 518/128/10 502/129/10
f 526/130/45 527/131/45 525/126/45
f 528/132/46 465/133/46 527/131/46
f 491/134/8 507/135/8 523/136/8
f 530/73/15 531/74/15 529/75/15
f 532/76/16 533/77/16 531/74/16
f 534/78/17 535/79/17 533/77/17
f 536/80/18 537/22/18 535/79/18
f 538/81/19 539/82/19 537/22/19
f 540/83/20 541/84/20 539/82/20
f 542/85/21 543/86/21 541/84/21
f 544/87/22 545/88/22 543/86/22
f 546/89/23 547/90/23 545/88/23
f 547/90/24 550/93/24 549/92/24
f 550/93/25 551/94/25 549/92/25
f 552/95/26 553/23/26 551/94/26
f 554/32/27 555/96/27 553/23/27
f 556/97/28 557/98/28 555/96/28
f 558/99/29 559/100/29 557/98/29
f 560/101/30 561/102/30 559/100/30
f 562/103/31 563/104/31 561/102/31
f 564/105/32 565/106/32 563/104/32
f 566/107/33 567/108/33 565/106/33
f 568/109/34 569/11/34 567/108/34
f 570/16/35 571/110/35 569/11/35
f 572/111/36 573/112/36 571/110/36
f 574/113/37 575/114/37 573/112/37
f 576/115/38 577/116/38 575/114/38
f 578/117/39 579/118/39 577/116/39
f 580/137/40 581/120/40 579/118/40
f 582/119/41 583/121/41 581/120/41
f 584/122/42 585/19/42 583/121/42
f 586/123/43 587/124/43 585/19/43
f 588/125/44 589/126/44 587/124/44
f 534/127/10 582/128/10 566/129/10
f 590/130/45 591/131/45 589/126/45
f 592/132/46 529/133/46 591/131/46
f 555/134/8 571/135/8 587/136/8
f 594/73/15 595/74/15 593/75/15
f 596/76/16 597/77/16 595/74/16
f 598/78/17 599/79/17 597/77/17
f 600/80/18 601/22/18 599/79/18
f 602/81/19 603/82/19 601/22/19
f 604/83/20 605/84/20 603/82/20
f 605/84/21 608/87/21 607/86/21
f 608/87/22 609/88/22 607/86/22
f 610/89/23 611/90/23 609/88/23
f 611/90/24 614/93/24 613/92/24
f 614/93/25 615/94/25 613/92/25
f 616/95/26 617/23/26 615/94/26
f 618/32/27 619/96/27 617/23/27
f 620/97/28 621/98/28 619/96/28
f 622/99/29 623/100/29 621/98/29
f 624/101/30 625/102/30 623/100/30
f 626/103/31 627/104/31 625/102/31
f 628/105/32 629/106/32 627/104/32
f 630/107/33 631/108/33 629/106/33
f 632/109/34 633/11/34 631/108/34
f 634/16/35 635/110/35 633/11/35
f 636/111/36 637/112/36 635/110/36
f 638/113/37 639/114/37 637/112/37
f 640/115/38 641/116/38 639/114/38
f 642/117/39 643/118/39 641/116/39
f 644/137/40 645/120/40 643/118/40
f 646/119/41 647/121/41 645/120/41
f 648/122/42 649/19/42 647/121/42
f 650/123/43 651/124/43 649/19/43
f 652/125/44 653/126/44 651/124/44
f 598/127/10 646/128/10 630/129/10
f 654/130/45 655/131/45 653/126/45
f 656/132/46 593/133/46 655/131/46
f 619/134/8 635/135/8 651/136/8
f 682/73/15 683/74/15 681/75/15
f 684/76/16 685/77/16 683/74/16
f 686/78/17 687/79/17 685/77/17
f 688/80/18 689/22/18 687/79/18
f 690/81/19 691/82/19 689/22/19
f 692/83/20 693/84/20 691/82/20
f 693/84/21 696/87/21 695/86/21
f 696/87/22 697/88/22 695/86/22
f 698/89/23 699/90/23 697/88/23
f 700/91/24 701/92/24 699/90/24
f 702/93/25 703/94/25 701/92/25
f 704/95/26 705/23/26 703/94/26
f 706/32/27 707/96/27 705/23/27
f 708/97/28 709/98/28 707/96/28
f 710/99/29 711/100/29 709/98/29
f 712/101/30 713/102/30 711/100/30
f 714/103/31 715/104/31 713/102/31
f 716/105/32 717/106/32 715/104/32
f 718/107/33 719/108/33 717/106/33
f 720/109/34 721/11/34 719/108/34
f 722/16/35 723/110/35 721/11/35
f 724/111/36 725/112/36 723/110/36
f 726/113/37 727/114/37 725/112/37
f 728/115/38 729/116/38 727/114/38
f 730/117/39 731/118/39 729/116/39
f 732/137/40 733/120/40 731/118/40
f 734/119/41 735/121/41 733/120/41
f 736/122/42 737/19/42 735/121/42
f 738/123/43 739/124/43 737/19/43
f 740/125/44 741/126/44 739/124/44
f 686/127/10 734/128/10 718/129/10
f 742/130/45 743/131/45 741/126/45
f 744/132/46 681/133/46 743/131/46
f 707/134/8 723/135/8 739/136/8
f 746/73/15 747/74/15 745/75/15
f 748/76/16 749/77/16 747/74/16
f 750/78/17 751/79/17 749/77/17
f 752/80/18 753/22/18 751/79/18
f 754/81/19 755/82/19 753/22/19
f 756/83/20 757/84/20 755/82/20
f 758/85/21 759/86/21 757/84/21
f 760/87/22 761/88/22 759/86/22
f 762/89/23 763/90/23 761/88/23
f 764/91/24 765/92/24 763/90/24
f 766/93/25 767/94/25 765/92/25
f 768/95/26 769/23/26 767/94/26
f 770/32/27 771/96/27 769/23/27
f 772/97/28 773/98/28 771/96/28
f 774/99/29 775/100/29 773/98/29
f 776/101/30 777/102/30 775/100/30
f 778/103/31 779/104/31 777/102/31
f 780/105/32 781/106/32 779/104/32
f 782/107/33 783/108/33 781/106/33
f 784/109/34 785/11/34 783/108/34
f 786/16/35 787/110/35 785/11/35
f 788/111/36 789/112/36 787/110/36
f 790/113/37 791/114/37 789/112/37
f 792/115/38 793/116/38 791/114/38
f 794/117/39 795/118/39 793/116/39
f 796/137/40 797/120/40 795/118/40
f 798/119/41 799/121/41 797/120/41
f 800/122/42 801/19/42 799/121/42
f 802/123/43 803/124/43 801/19/43
f 804/125/44 805/126/44 803/124/44
f 750/127/10 798/128/10 782/129/10
f 806/130/45 807/131/45 805/126/45
f 808/132/46 745/133/46 807/131/46
f 771/134/8 787/135/8 803/136/8
f 810/73/15 811/74/15 809/75/15
f 812/76/16 813/77/16 811/74/16
f 814/78/17 815/79/17 813/77/17
f 816/80/18 817/22/18 815/79/18
f 818/81/19 819/82/19 817/22/19
f 820/83/20 821/84/20 819/82/20
f 822/85/21 823/86/21 821/84/21
f 824/87/22 825/88/22 823/86/22
f 826/89/23 827/90/23 825/88/23
f 827/90/24 830/93/24 829/92/24
f 830/93/25 831/94/25 829/92/25
f 832/95/26 833/23/26 831/94/26
f 834/32/27 835/96/27 833/23/27
f 836/97/28 837/98/28 835/96/28
f 838/99/29 839/100/29 837/98/29
f 840/101/30 841/102/30 839/100/30
f 842/103/31 843/104/31 841/102/31
f 844/105/32 845/106/32 843/104/32
f 846/107/33 847/108/33 845/106/33
f 848/109/34 849/11/34 847/108/34
f 850/16/35 851/110/35 849/11/35
f 852/111/36 853/112/36 851/110/36
f 854/113/37 855/114/37 853/112/37
f 856/115/38 857/116/38 855/114/38
f 858/117/39 859/118/39 857/116/39
f 859/118/40 862/119/40 861/120/40
f 862/119/41 863/121/41 861/120/41
f 864/122/42 865/19/42 863/121/42
f 866/123/43 867/124/43 865/19/43
f 868/125/44 869/126/44 867/124/44
f 814/127/10 862/128/10 846/129/10
f 870/130/45 871/131/45 869/126/45
f 872/132/46 809/133/46 871/131/46
f 835/134/8 851/135/8 867/136/8
f 874/73/15 875/74/15 873/75/15
f 876/76/16 877/77/16 875/74/16
f 878/78/17 879/79/17 877/77/17
f 880/80/18 881/22/18 879/79/18
f 882/81/19 883/82/19 881/22/19
f 884/83/20 885/84/20 883/82/20
f 885/84/21 888/87/21 887/86/21
f 888/87/22 889/88/22 887/86/22
f 890/89/23 891/90/23 889/88/23
f 892/91/24 893/92/24 891/90/24
f 894/93/25 895/94/25 893/92/25
f 896/95/26 897/23/26 895/94/26
f 898/32/27 899/96/27 897/23/27
f 900/97/28 901/98/28 899/96/28
f 902/99/29 903/100/29 901/98/29
f 904/101/30 905/102/30 903/100/30
f 906/103/31 907/104/31 905/102/31
f 908/105/32 909/106/32 907/104/32
f 910/107/33 911/108/33 909/106/33
f 912/109/34 913/11/34 911/108/34
f 914/16/35 915/110/35 913/11/35
f 916/111/36 917/112/36 915/110/36
f 918/113/37 919/114/37 917/112/37
f 920/115/38 921/116/38 919/114/38
f 922/117/39 923/118/39 921/116/39
f 924/137/40 925/120/40 923/118/40
f 926/119/41 927/121/41 925/120/41
f 928/122/42 929/19/42 927/121/42
f 930/123/43 931/124/43 929/19/43
f 932/125/44 933/126/44 931/124/44
f 878/127/10 926/128/10 910/129/10
f 934/130/45 935/131/45 933/126/45
f 936/132/46 873/133/46 935/131/46
f 899/134/8 915/135/8 931/136/8
f 138/73/15 140/76/15 139/74/15
f 140/76/16 142/78/16 141/77/16
f 142/78/17 144/80/17 143/79/17
f 144/80/18 146/81/18 145/22/18
f 146/81/19 148/83/19 147/82/19
f 148/83/20 150/85/20 149/84/20
f 150/85/21 152/87/21 151/86/21
f 152/87/22 154/89/22 153/88/22
f 154/89/23 156/91/23 155/90/23
f 156/91/24 158/93/24 157/92/24
f 158/93/25 160/95/25 159/94/25
f 160/95/26 162/32/26 161/23/26
f 162/32/27 164/97/27 163/96/27
f 164/97/28 166/99/28 165/98/28
f 166/99/29 168/101/29 167/100/29
f 168/101/30 170/103/30 169/102/30
f 170/103/31 172/105/31 171/104/31
f 172/105/32 174/107/32 173/106/32
f 174/107/33 176/109/33 175/108/33
f 176/109/34 178/16/34 177/11/34
f 178/16/35 180/111/35 179/110/35
f 180/111/36 182/113/36 181/112/36
f 182/113/37 184/115/37 183/114/37
f 184/115/38 186/117/38 185/116/38
f 186/117/39 188/137/39 187/118/39
f 187/118/40 188/137/40 190/119/40
f 190/119/41 192/122/41 191/121/41
f 192/122/42 194/123/42 193/19/42
f 194/123/43 196/125/43 195/124/43
f 196/125/44 198/130/44 197/126/44
f 174/129/10 172/548/10 170/549/10
f 170/549/10 168/550/10 166/551/10
f 166/551/10 164/552/10 162/156/10
f 162/156/10 160/553/10 158/210/10
f 158/210/10 156/554/10 154/555/10
f 154/555/10 152/556/10 150/157/10
f 150/157/10 148/557/10 146/558/10
f 146/558/10 144/559/10 142/127/10
f 142/127/10 140/560/10 138/561/10
f 138/561/10 200/562/10 198/158/10
f 198/158/10 196/563/10 194/154/10
f 194/154/10 192/564/10 190/128/10
f 190/128/10 188/565/10 186/566/10
f 186/566/10 184/567/10 182/159/10
f 182/159/10 180/568/10 178/155/10
f 178/155/10 176/569/10 174/129/10
f 174/129/10 170/549/10 166/551/10
f 166/551/10 162/156/10 158/210/10
f 158/210/10 154/555/10 150/157/10
f 150/157/10 146/558/10 142/127/10
f 142/127/10 138/561/10 198/158/10
f 198/158/10 194/154/10 190/128/10
f 190/128/10 186/566/10 182/159/10
f 182/159/10 178/155/10 174/129/10
f 174/129/10 166/551/10 158/210/10
f 158/210/10 150/157/10 142/127/10
f 142/127/10 198/158/10 190/128/10
f 190/128/10 182/159/10 174/129/10
f 174/129/10 158/210/10 142/127/10
f 198/130/45 200/132/45 199/131/45
f 200/132/46 138/248/46 137/133/46
f 195/136/8 197/570/8 199/215/8
f 199/215/8 137/571/8 139/572/8
f 139/572/8 141/573/8 143/574/8
f 143/574/8 145/575/8 147/576/8
f 147/576/8 149/577/8 151/578/8
f 151/578/8 153/579/8 155/580/8
f 155/580/8 157/581/8 159/582/8
f 159/582/8 161/583/8 163/134/8
f 163/134/8 165/584/8 167/529/8
f 167/529/8 169/585/8 171/586/8
f 171/586/8 173/587/8 175/588/8
f 175/588/8 177/589/8 179/135/8
f 179/135/8 181/590/8 183/214/8
f 183/214/8 185/591/8 187/592/8
f 187/592/8 189/593/8 191/594/8
f 191/594/8 193/595/8 195/136/8
f 195/136/8 199/215/8 139/572/8
f 139/572/8 143/574/8 147/576/8
f 147/576/8 151/578/8 155/580/8
f 155/580/8 159/582/8 163/134/8
f 163/134/8 167/529/8 171/586/8
f 171/586/8 175/588/8 179/135/8
f 179/135/8 183/214/8 187/592/8
f 187/592/8 191/594/8 195/136/8
f 195/136/8 139/572/8 147/576/8
f 147/576/8 155/580/8 163/134/8
f 163/134/8 171/586/8 179/135/8
f 179/135/8 187/592/8 195/136/8
f 195/136/8 147/576/8 163/134/8
f 202/73/15 204/76/15 203/74/15
f 204/76/16 206/78/16 205/77/16
f 206/78/17 208/80/17 207/79/17
f 208/80/18 210/81/18 209/22/18
f 210/81/19 212/83/19 211/82/19
f 212/83/20 214/85/20 213/84/20
f 213/84/21 214/85/21 216/87/21
f 216/87/22 218/89/22 217/88/22
f 218/89/23 220/91/23 219/90/23
f 220/91/24 222/93/24 221/92/24
f 222/93/25 224/95/25 223/94/25
f 224/95/26 226/32/26 225/23/26
f 226/32/27 228/97/27 227/96/27
f 228/97/28 230/99/28 229/98/28
f 230/99/29 232/101/29 231/100/29
f 232/101/30 234/103/30 233/102/30
f 234/103/31 236/105/31 235/104/31
f 236/105/32 238/107/32 237/106/32
f 238/107/33 240/109/33 239/108/33
f 240/109/34 242/16/34 241/11/34
f 242/16/35 244/111/35 243/110/35
f 244/111/36 246/113/36 245/112/36
f 245/112/37 246/113/37 248/115/37
f 248/115/38 250/117/38 249/116/38
f 250/117/39 252/137/39 251/118/39
f 252/137/40 254/119/40 253/120/40
f 254/119/41 256/122/41 255/121/41
f 256/122/42 258/123/42 257/19/42
f 258/123/43 260/125/43 259/124/43
f 260/125/44 262/130/44 261/126/44
f 238/129/10 236/548/10 234/549/10
f 234/549/10 232/550/10 230/551/10
f 230/551/10 228/552/10 226/156/10
f 226/156/10 224/553/10 222/210/10
f 222/210/10 220/554/10 218/555/10
f 218/555/10 216/556/10 214/157/10
f 214/157/10 212/557/10 210/558/10
f 210/558/10 208/559/10 206/127/10
f 206/127/10 204/560/10 202/561/10
f 202/561/10 264/562/10 262/158/10
f 262/158/10 260/563/10 258/154/10
f 258/154/10 256/564/10 254/128/10
f 254/128/10 252/565/10 250/566/10
f 250/566/10 248/567/10 246/159/10
f 246/159/10 244/568/10 242/155/10
f 242/155/10 240/569/10 238/129/10
f 238/129/10 234/549/10 230/551/10
f 230/551/10 226/156/10 222/210/10
f 222/210/10 218/555/10 214/157/10
f 214/157/10 210/558/10 206/127/10
f 206/127/10 202/561/10 262/158/10
f 262/158/10 258/154/10 254/128/10
f 254/128/10 250/566/10 246/159/10
f 246/159/10 242/155/10 238/129/10
f 238/129/10 230/551/10 222/210/10
f 222/210/10 214/157/10 206/127/10
f 206/127/10 262/158/10 254/128/10
f 254/128/10 246/159/10 238/129/10
f 238/129/10 222/210/10 206/127/10
f 262/130/45 264/132/45 263/131/45
f 264/132/46 202/248/46 201/133/46
f 259/136/8 261/570/8 263/215/8
f 263/215/8 201/571/8 203/572/8
f 203/572/8 205/573/8 207/574/8
f 207/574/8 209/575/8 211/576/8
f 211/576/8 213/577/8 215/578/8
f 215/578/8 217/579/8 219/580/8
f 219/580/8 221/581/8 223/582/8
f 223/582/8 225/583/8 227/134/8
f 227/134/8 229/584/8 231/529/8
f 231/529/8 233/585/8 235/586/8
f 235/586/8 237/587/8 239/588/8
f 239/588/8 241/589/8 243/135/8
f 243/135/8 245/590/8 247/214/8
f 247/214/8 249/591/8 251/592/8
f 251/592/8 253/593/8 255/594/8
f 255/594/8 257/595/8 259/136/8
f 259/136/8 263/215/8 203/572/8
f 203/572/8 207/574/8 211/576/8
f 211/576/8 215/578/8 219/580/8
f 219/580/8 223/582/8 227/134/8
f 227/134/8 231/529/8 235/586/8
f 235/586/8 239/588/8 243/135/8
f 243/135/8 247/214/8 251/592/8
f 251/592/8 255/594/8 259/136/8
f 259/136/8 203/572/8 211/576/8
f 211/576/8 219/580/8 227/134/8
f 227/134/8 235/586/8 243/135/8
f 243/135/8 251/592/8 259/136/8
f 259/136/8 211/576/8 227/134/8
f 266/73/15 268/76/15 267/74/15
f 268/76/16 270/78/16 269/77/16
f 270/78/17 272/80/17 271/79/17
f 272/80/18 274/81/18 273/22/18
f 274/81/19 276/83/19 275/82/19
f 276/83/20 278/85/20 277/84/20
f 278/85/21 280/87/21 279/86/21
f 280/87/22 282/89/22 281/88/22
f 282/89/23 284/91/23 283/90/23
f 284/91/24 286/93/24 285/92/24
f 286/93/25 288/95/25 287/94/25
f 288/95/26 290/32/26 289/23/26
f 290/32/27 292/97/27 291/96/27
f 292/97/28 294/99/28 293/98/28
f 294/99/29 296/101/29 295/100/29
f 296/101/30 298/103/30 297/102/30
f 298/103/31 300/105/31 299/104/31
f 300/105/32 302/107/32 301/106/32
f 302/107/33 304/109/33 303/108/33
f 304/109/34 306/16/34 305/11/34
f 306/16/35 308/111/35 307/110/35
f 308/111/36 310/113/36 309/112/36
f 310/113/37 312/115/37 311/114/37
f 312/115/38 314/117/38 313/116/38
f 314/117/39 316/137/39 315/118/39
f 316/137/40 318/119/40 317/120/40
f 318/119/41 320/122/41 319/121/41
f 320/122/42 322/123/42 321/19/42
f 322/123/43 324/125/43 323/124/43
f 324/125/44 326/130/44 325/126/44
f 302/129/10 300/548/10 298/549/10
f 298/549/10 296/550/10 294/551/10
f 294/551/10 292/552/10 290/156/10
f 290/156/10 288/553/10 286/210/10
f 286/210/10 284/554/10 282/555/10
f 282/555/10 280/556/10 278/157/10
f 278/157/10 276/557/10 274/558/10
f 274/558/10 272/559/10 270/127/10
f 270/127/10 268/560/10 266/561/10
f 266/561/10 328/562/10 326/158/10
f 326/158/10 324/563/10 322/154/10
f 322/154/10 320/564/10 318/128/10
f 318/128/10 316/565/10 314/566/10
f 314/566/10 312/567/10 310/159/10
f 310/159/10 308/568/10 306/155/10
f 306/155/10 304/569/10 302/129/10
f 302/129/10 298/549/10 294/551/10
f 294/551/10 290/156/10 286/210/10
f 286/210/10 282/555/10 278/157/10
f 278/157/10 274/558/10 270/127/10
f 270/127/10 266/561/10 326/158/10
f 326/158/10 322/154/10 318/128/10
f 318/128/10 314/566/10 310/159/10
f 310/159/10 306/155/10 302/129/10
f 302/129/10 294/551/10 286/210/10
f 286/210/10 278/157/10 270/127/10
f 270/127/10 326/158/10 318/128/10
f 318/128/10 310/159/10 302/129/10
f 302/129/10 286/210/10 270/127/10
f 326/130/45 328/132/45 327/131/45
f 328/132/46 266/248/46 265/133/46
f 323/136/8 325/570/8 327/215/8
f 327/215/8 265/571/8 267/572/8
f 267/572/8 269/573/8 271/574/8
f 271/574/8 273/575/8 275/576/8
f 275/576/8 277/577/8 279/578/8
f 279/578/8 281/579/8 283/580/8
f 283/580/8 285/581/8 287/582/8
f 287/582/8 289/583/8 291/134/8
f 291/134/8 293/584/8 295/529/8
f 295/529/8 297/585/8 299/586/8
f 299/586/8 301/587/8 303/588/8
f 303/588/8 305/589/8 307/135/8
f 307/135/8 309/590/8 311/214/8
f 311/214/8 313/591/8 315/592/8
f 315/592/8 317/593/8 319/594/8
f 319/594/8 321/595/8 323/136/8
f 323/136/8 327/215/8 267/572/8
f 267/572/8 271/574/8 275/576/8
f 275/576/8 279/578/8 283/580/8
f 283/580/8 287/582/8 291/134/8
f 291/134/8 295/529/8 299/586/8
f 299/586/8 303/588/8 307/135/8
f 307/135/8 311/214/8 315/592/8
f 315/592/8 319/594/8 323/136/8
f 323/136/8 267/572/8 275/576/8
f 275/576/8 283/580/8 291/134/8
f 291/134/8 299/586/8 307/135/8
f 307/135/8 315/592/8 323/136/8
f 323/136/8 275/576/8 291/134/8
f 330/73/15 332/76/15 331/74/15
f 332/76/16 334/78/16 333/77/16
f 334/78/17 336/80/17 335/79/17
f 336/80/18 338/81/18 337/22/18
f 338/81/19 340/83/19 339/82/19
f 339/82/20 340/83/20 342/85/20
f 342/85/21 344/87/21 343/86/21
f 344/87/22 346/89/22 345/88/22
f 346/89/23 348/91/23 347/90/23
f 347/90/24 348/91/24 350/93/24
f 350/93/25 352/95/25 351/94/25
f 352/95/26 354/32/26 353/23/26
f 354/32/27 356/97/27 355/96/27
f 356/97/28 358/99/28 357/98/28
f 358/99/29 360/101/29 359/100/29
f 360/101/30 362/103/30 361/102/30
f 362/103/31 364/105/31 363/104/31
f 364/105/32 366/107/32 365/106/32
f 366/107/33 368/109/33 367/108/33
f 368/109/34 370/16/34 369/11/34
f 370/16/35 372/111/35 371/110/35
f 372/111/36 374/113/36 373/112/36
f 374/113/37 376/115/37 375/114/37
f 376/115/38 378/117/38 377/116/38
f 378/117/39 380/137/39 379/118/39
f 380/137/40 382/119/40 381/120/40
f 382/119/41 384/122/41 383/121/41
f 384/122/42 386/123/42 385/19/42
f 386/123/43 388/125/43 387/124/43
f 388/125/44 390/130/44 389/126/44
f 366/129/10 364/548/10 362/549/10
f 362/549/10 360/550/10 358/551/10
f 358/551/10 356/552/10 354/156/10
f 354/156/10 352/553/10 350/210/10
f 350/210/10 348/554/10 346/555/10
f 346/555/10 344/556/10 342/157/10
f 342/157/10 340/557/10 338/558/10
f 338/558/10 336/559/10 334/127/10
f 334/127/10 332/560/10 330/561/10
f 330/561/10 392/562/10 390/158/10
f 390/158/10 388/563/10 386/154/10
f 386/154/10 384/564/10 382/128/10
f 382/128/10 380/565/10 378/566/10
f 378/566/10 376/567/10 374/159/10
f 374/159/10 372/568/10 370/155/10
f 370/155/10 368/569/10 366/129/10
f 366/129/10 362/549/10 358/551/10
f 358/551/10 354/156/10 350/210/10
f 350/210/10 346/555/10 342/157/10
f 342/157/10 338/558/10 334/127/10
f 334/127/10 330/561/10 390/158/10
f 390/158/10 386/154/10 382/128/10
f 382/128/10 378/566/10 374/159/10
f 374/159/10 370/155/10 366/129/10
f 366/129/10 358/551/10 350/210/10
f 350/210/10 342/157/10 334/127/10
f 334/127/10 390/158/10 382/128/10
f 382/128/10 374/159/10 366/129/10
f 366/129/10 350/210/10 334/127/10
f 390/130/45 392/132/45 391/131/45
f 392/132/46 330/248/46 329/133/46
f 387/136/8 389/570/8 391/215/8
f 391/215/8 329/571/8 331/572/8
f 331/572/8 333/573/8 335/574/8
f 335/574/8 337/575/8 339/576/8
f 339/576/8 341/577/8 343/578/8
f 343/578/8 345/579/8 347/580/8
f 347/580/8 349/581/8 351/582/8
f 351/582/8 353/583/8 355/134/8
f 355/134/8 357/584/8 359/529/8
f 359/529/8 361/585/8 363/586/8
f 363/586/8 365/587/8 367/588/8
f 367/588/8 369/589/8 371/135/8
f 371/135/8 373/590/8 375/214/8
f 375/214/8 377/591/8 379/592/8
f 379/592/8 381/593/8 383/594/8
f 383/594/8 385/595/8 387/136/8
f 387/136/8 391/215/8 331/572/8
f 331/572/8 335/574/8 339/576/8
f 339/576/8 343/578/8 347/580/8
f 347/580/8 351/582/8 355/134/8
f 355/134/8 359/529/8 363/586/8
f 363/586/8 367/588/8 371/135/8
f 371/135/8 375/214/8 379/592/8
f 379/592/8 383/594/8 387/136/8
f 387/136/8 331/572/8 339/576/8
f 339/576/8 347/580/8 355/134/8
f 355/134/8 363/586/8 371/135/8
f 371/135/8 379/592/8 387/136/8
f 387/136/8 339/576/8 355/134/8
f 402/73/15 404/76/15 403/74/15
f 404/76/16 406/78/16 405/77/16
f 406/78/17 408/80/17 407/79/17
f 408/80/18 410/81/18 409/22/18
f 410/81/19 412/83/19 411/82/19
f 412/83/20 414/85/20 413/84/20
f 413/84/21 414/85/21 416/87/21
f 416/87/22 418/89/22 417/88/22
f 418/89/23 420/91/23 419/90/23
f 419/90/24 420/91/24 422/93/24
f 422/93/25 424/95/25 423/94/25
f 424/95/26 426/32/26 425/23/26
f 426/32/27 428/97/27 427/96/27
f 428/97/28 430/99/28 429/98/28
f 430/99/29 432/101/29 431/100/29
f 432/101/30 434/103/30 433/102/30
f 434/103/31 436/105/31 435/104/31
f 436/105/32 438/107/32 437/106/32
f 438/107/33 440/109/33 439/108/33
f 440/109/34 442/16/34 441/11/34
f 442/16/35 444/111/35 443/110/35
f 444/111/36 446/113/36 445/112/36
f 446/113/37 448/115/37 447/114/37
f 448/115/38 450/117/38 449/116/38
f 450/117/39 452/137/39 451/118/39
f 452/137/40 454/119/40 453/120/40
f 454/119/41 456/122/41 455/121/41
f 456/122/42 458/123/42 457/19/42
f 458/123/43 460/125/43 459/124/43
f 460/125/44 462/130/44 461/126/44
f 438/129/10 436/548/10 434/549/10
f 434/549/10 432/550/10 430/551/10
f 430/551/10 428/552/10 426/156/10
f 426/156/10 424/553/10 422/210/10
f 422/210/10 420/554/10 418/555/10
f 418/555/10 416/556/10 414/157/10
f 414/157/10 412/557/10 410/558/10
f 410/558/10 408/559/10 406/127/10
f 406/127/10 404/560/10 402/561/10
f 402/561/10 464/562/10 462/158/10
f 462/158/10 460/563/10 458/154/10
f 458/154/10 456/564/10 454/128/10
f 454/128/10 452/565/10 450/566/10
f 450/566/10 448/567/10 446/159/10
f 446/159/10 444/568/10 442/155/10
f 442/155/10 440/569/10 438/129/10
f 438/129/10 434/549/10 430/551/10
f 430/551/10 426/156/10 422/210/10
f 422/210/10 418/555/10 414/157/10
f 414/157/10 410/558/10 406/127/10
f 406/127/10 402/561/10 462/158/10
f 462/158/10 458/154/10 454/128/10
f 454/128/10 450/566/10 446/159/10
f 446/159/10 442/155/10 438/129/10
f 438/129/10 430/551/10 422/210/10
f 422/210/10 414/157/10 406/127/10
f 406/127/10 462/158/10 454/128/10
f 454/128/10 446/159/10 438/129/10
f 438/129/10 422/210/10 406/127/10
f 462/130/45 464/132/45 463/131/45
f 464/132/46 402/248/46 401/133/46
f 459/136/8 461/570/8 463/215/8
f 463/215/8 401/571/8 403/572/8
f 403/572/8 405/573/8 407/574/8
f 407/574/8 409/575/8 411/576/8
f 411/576/8 413/577/8 415/578/8
f 415/578/8 417/579/8 419/580/8
f 419/580/8 421/581/8 423/582/8
f 423/582/8 425/583/8 427/134/8
f 427/134/8 429/584/8 431/529/8
f 431/529/8 433/585/8 435/586/8
f 435/586/8 437/587/8 439/588/8
f 439/588/8 441/589/8 443/135/8
f 443/135/8 445/590/8 447/214/8
f 447/214/8 449/591/8 451/592/8
f 451/592/8 453/593/8 455/594/8
f 455/594/8 457/595/8 459/136/8
f 459/136/8 463/215/8 403/572/8
f 403/572/8 407/574/8 411/576/8
f 411/576/8 415/578/8 419/580/8
f 419/580/8 423/582/8 427/134/8
f 427/134/8 431/529/8 435/586/8
f 435/586/8 439/588/8 443/135/8
f 443/135/8 447/214/8 451/592/8
f 451/592/8 455/594/8 459/136/8
f 459/136/8 403/572/8 411/576/8
f 411/576/8 419/580/8 427/134/8
f 427/134/8 435/586/8 443/135/8
f 443/135/8 451/592/8 459/136/8
f 459/136/8 411/576/8 427/134/8
f 466/73/15 468/76/15 467/74/15
f 468/76/16 470/78/16 469/77/16
f 470/78/17 472/80/17 471/79/17
f 472/80/18 474/81/18 473/22/18
f 474/81/19 476/83/19 475/82/19
f 476/83/20 478/85/20 477/84/20
f 478/85/21 480/87/21 479/86/21
f 480/87/22 482/89/22 481/88/22
f 482/89/23 484/91/23 483/90/23
f 484/91/24 486/93/24 485/92/24
f 486/93/25 488/95/25 487/94/25
f 488/95/26 490/32/26 489/23/26
f 490/32/27 492/97/27 491/96/27
f 492/97/28 494/99/28 493/98/28
f 494/99/29 496/101/29 495/100/29
f 496/101/30 498/103/30 497/102/30
f 498/103/31 500/105/31 499/104/31
f 500/105/32 502/107/32 501/106/32
f 502/107/33 504/109/33 503/108/33
f 504/109/34 506/16/34 505/11/34
f 506/16/35 508/111/35 507/110/35
f 508/111/36 510/113/36 509/112/36
f 510/113/37 512/115/37 511/114/37
f 512/115/38 514/117/38 513/116/38
f 514/117/39 516/137/39 515/118/39
f 516/137/40 518/119/40 517/120/40
f 518/119/41 520/122/41 519/121/41
f 520/122/42 522/123/42 521/19/42
f 522/123/43 524/125/43 523/124/43
f 524/125/44 526/130/44 525/126/44
f 502/129/10 500/548/10 498/549/10
f 498/549/10 496/550/10 494/551/10
f 494/551/10 492/552/10 490/156/10
f 490/156/10 488/553/10 486/210/10
f 486/210/10 484/554/10 482/555/10
f 482/555/10 480/556/10 478/157/10
f 478/157/10 476/557/10 474/558/10
f 474/558/10 472/559/10 470/127/10
f 470/127/10 468/560/10 466/561/10
f 466/561/10 528/562/10 526/158/10
f 526/158/10 524/563/10 522/154/10
f 522/154/10 520/564/10 518/128/10
f 518/128/10 516/565/10 514/566/10
f 514/566/10 512/567/10 510/159/10
f 510/159/10 508/568/10 506/155/10
f 506/155/10 504/569/10 502/129/10
f 502/129/10 498/549/10 494/551/10
f 494/551/10 490/156/10 486/210/10
f 486/210/10 482/555/10 478/157/10
f 478/157/10 474/558/10 470/127/10
f 470/127/10 466/561/10 526/158/10
f 526/158/10 522/154/10 518/128/10
f 518/128/10 514/566/10 510/159/10
f 510/159/10 506/155/10 502/129/10
f 502/129/10 494/551/10 486/210/10
f 486/210/10 478/157/10 470/127/10
f 470/127/10 526/158/10 518/128/10
f 518/128/10 510/159/10 502/129/10
f 502/129/10 486/210/10 470/127/10
f 526/130/45 528/132/45 527/131/45
f 528/132/46 466/248/46 465/133/46
f 523/136/8 525/570/8 527/215/8
f 527/215/8 465/571/8 467/572/8
f 467/572/8 469/573/8 471/574/8
f 471/574/8 473/575/8 475/576/8
f 475/576/8 477/577/8 479/578/8
f 479/578/8 481/579/8 483/580/8
f 483/580/8 485/581/8 487/582/8
f 487/582/8 489/583/8 491/134/8
f 491/134/8 493/584/8 495/529/8
f 495/529/8 497/585/8 499/586/8
f 499/586/8 501/587/8 503/588/8
f 503/588/8 505/589/8 507/135/8
f 507/135/8 509/590/8 511/214/8
f 511/214/8 513/591/8 515/592/8
f 515/592/8 517/593/8 519/594/8
f 519/594/8 521/595/8 523/136/8
f 523/136/8 527/215/8 467/572/8
f 467/572/8 471/574/8 475/576/8
f 475/576/8 479/578/8 483/580/8
f 483/580/8 487/582/8 491/134/8
f 491/134/8 495/529/8 499/586/8
f 499/586/8 503/588/8 507/135/8
f 507/135/8 511/214/8 515/592/8
f 515/592/8 519/594/8 523/136/8
f 523/136/8 467/572/8 475/576/8
f 475/576/8 483/580/8 491/134/8
f 491/134/8 499/586/8 507/135/8
f 507/135/8 515/592/8 523/136/8
f 523/136/8 475/576/8 491/134/8
f 530/73/15 532/76/15 531/74/15
f 532/76/16 534/78/16 533/77/16
f 534/78/17 536/80/17 535/79/17
f 536/80/18 538/81/18 537/22/18
f 538/81/19 540/83/19 539/82/19
f 540/83/20 542/85/20 541/84/20
f 542/85/21 544/87/21 543/86/21
f 544/87/22 546/89/22 545/88/22
f 546/89/23 548/91/23 547/90/23
f 547/90/24 548/91/24 550/93/24
f 550/93/25 552/95/25 551/94/25
f 552/95/26 554/32/26 553/23/26
f 554/32/27 556/97/27 555/96/27
f 556/97/28 558/99/28 557/98/28
f 558/99/29 560/101/29 559/100/29
f 560/101/30 562/103/30 561/102/30
f 562/103/31 564/105/31 563/104/31
f 564/105/32 566/107/32 565/106/32
f 566/107/33 568/109/33 567/108/33
f 568/109/34 570/16/34 569/11/34
f 570/16/35 572/111/35 571/110/35
f 572/111/36 574/113/36 573/112/36
f 574/113/37 576/115/37 575/114/37
f 576/115/38 578/117/38 577/116/38
f 578/117/39 580/137/39 579/118/39
f 580/137/40 582/119/40 581/120/40
f 582/119/41 584/122/41 583/121/41
f 584/122/42 586/123/42 585/19/42
f 586/123/43 588/125/43 587/124/43
f 588/125/44 590/130/44 589/126/44
f 566/129/10 564/548/10 562/549/10
f 562/549/10 560/550/10 558/551/10
f 558/551/10 556/552/10 554/156/10
f 554/156/10 552/553/10 550/210/10
f 550/210/10 548/554/10 546/555/10
f 546/555/10 544/556/10 542/157/10
f 542/157/10 540/557/10 538/558/10
f 538/558/10 536/559/10 534/127/10
f 534/127/10 532/560/10 530/561/10
f 530/561/10 592/562/10 590/158/10
f 590/158/10 588/563/10 586/154/10
f 586/154/10 584/564/10 582/128/10
f 582/128/10 580/565/10 578/566/10
f 578/566/10 576/567/10 574/159/10
f 574/159/10 572/568/10 570/155/10
f 570/155/10 568/569/10 566/129/10
f 566/129/10 562/549/10 558/551/10
f 558/551/10 554/156/10 550/210/10
f 550/210/10 546/555/10 542/157/10
f 542/157/10 538/558/10 534/127/10
f 534/127/10 530/561/10 590/158/10
f 590/158/10 586/154/10 582/128/10
f 582/128/10 578/566/10 574/159/10
f 574/159/10 570/155/10 566/129/10
f 566/129/10 558/551/10 550/210/10
f 550/210/10 542/157/10 534/127/10
f 534/127/10 590/158/10 582/128/10
f 582/128/10 574/159/10 566/129/10
f 566/129/10 550/210/10 534/127/10
f 590/130/45 592/132/45 591/131/45
f 592/132/46 530/248/46 529/133/46
f 587/136/8 589/570/8 591/215/8
f 591/215/8 529/571/8 531/572/8
f 531/572/8 533/573/8 535/574/8
f 535/574/8 537/575/8 539/576/8
f 539/576/8 541/577/8 543/578/8
f 543/578/8 545/579/8 547/580/8
f 547/580/8 549/581/8 551/582/8
f 551/582/8 553/583/8 555/134/8
f 555/134/8 557/584/8 559/529/8
f 559/529/8 561/585/8 563/586/8
f 563/586/8 565/587/8 567/588/8
f 567/588/8 569/589/8 571/135/8
f 571/135/8 573/590/8 575/214/8
f 575/214/8 577/591/8 579/592/8
f 579/592/8 581/593/8 583/594/8
f 583/594/8 585/595/8 587/136/8
f 587/136/8 591/215/8 531/572/8
f 531/572/8 535/574/8 539/576/8
f 539/576/8 543/578/8 547/580/8
f 547/580/8 551/582/8 555/134/8
f 555/134/8 559/529/8 563/586/8
f 563/586/8 567/588/8 571/135/8
f 571/135/8 575/214/8 579/592/8
f 579/592/8 583/594/8 587/136/8
f 587/136/8 531/572/8 539/576/8
f 539/576/8 547/580/8 555/134/8
f 555/134/8 563/586/8 571/135/8
f 571/135/8 579/592/8 587/136/8
f 587/136/8 539/576/8 555/134/8
f 594/73/15 596/76/15 595/74/15
f 596/76/16 598/78/16 597/77/16
f 598/78/17 600/80/17 599/79/17
f 600/80/18 602/81/18 601/22/18
f 602/81/19 604/83/19 603/82/19
f 604/83/20 606/85/20 605/84/20
f 605/84/21 606/85/21 608/87/21
f 608/87/22 610/89/22 609/88/22
f 610/89/23 612/91/23 611/90/23
f 611/90/24 612/91/24 614/93/24
f 614/93/25 616/95/25 615/94/25
f 616/95/26 618/32/26 617/23/26
f 618/32/27 620/97/27 619/96/27
f 620/97/28 622/99/28 621/98/28
f 622/99/29 624/101/29 623/100/29
f 624/101/30 626/103/30 625/102/30
f 626/103/31 628/105/31 627/104/31
f 628/105/32 630/107/32 629/106/32
f 630/107/33 632/109/33 631/108/33
f 632/109/34 634/16/34 633/11/34
f 634/16/35 636/111/35 635/110/35
f 636/111/36 638/113/36 637/112/36
f 638/113/37 640/115/37 639/114/37
f 640/115/38 642/117/38 641/116/38
f 642/117/39 644/137/39 643/118/39
f 644/137/40 646/119/40 645/120/40
f 646/119/41 648/122/41 647/121/41
f 648/122/42 650/123/42 649/19/42
f 650/123/43 652/125/43 651/124/43
f 652/125/44 654/130/44 653/126/44
f 630/129/10 628/548/10 626/549/10
f 626/549/10 624/550/10 622/551/10
f 622/551/10 620/552/10 618/156/10
f 618/156/10 616/553/10 614/210/10
f 614/210/10 612/554/10 610/555/10
f 610/555/10 608/556/10 606/157/10
f 606/157/10 604/557/10 602/558/10
f 602/558/10 600/559/10 598/127/10
f 598/127/10 596/560/10 594/561/10
f 594/561/10 656/562/10 654/158/10
f 654/158/10 652/563/10 650/154/10
f 650/154/10 648/564/10 646/128/10
f 646/128/10 644/565/10 642/566/10
f 642/566/10 640/567/10 638/159/10
f 638/159/10 636/568/10 634/155/10
f 634/155/10 632/569/10 630/129/10
f 630/129/10 626/549/10 622/551/10
f 622/551/10 618/156/10 614/210/10
f 614/210/10 610/555/10 606/157/10
f 606/157/10 602/558/10 598/127/10
f 598/127/10 594/561/10 654/158/10
f 654/158/10 650/154/10 646/128/10
f 646/128/10 642/566/10 638/159/10
f 638/159/10 634/155/10 630/129/10
f 630/129/10 622/551/10 614/210/10
f 614/210/10 606/157/10 598/127/10
f 598/127/10 654/158/10 646/128/10
f 646/128/10 638/159/10 630/129/10
f 630/129/10 614/210/10 598/127/10
f 654/130/45 656/132/45 655/131/45
f 656/132/46 594/248/46 593/133/46
f 651/136/8 653/570/8 655/215/8
f 655/215/8 593/571/8 595/572/8
f 595/572/8 597/573/8 599/574/8
f 599/574/8 601/575/8 603/576/8
f 603/576/8 605/577/8 607/578/8
f 607/578/8 609/579/8 611/580/8
f 611/580/8 613/581/8 615/582/8
f 615/582/8 617/583/8 619/134/8
f 619/134/8 621/584/8 623/529/8
f 623/529/8 625/585/8 627/586/8
f 627/586/8 629/587/8 631/588/8
f 631/588/8 633/589/8 635/135/8
f 635/135/8 637/590/8 639/214/8
f 639/214/8 641/591/8 643/592/8
f 643/592/8 645/593/8 647/594/8
f 647/594/8 649/595/8 651/136/8
f 651/136/8 655/215/8 595/572/8
f 595/572/8 599/574/8 603/576/8
f 603/576/8 607/578/8 611/580/8
f 611/580/8 615/582/8 619/134/8
f 619/134/8 623/529/8 627/586/8
f 627/586/8 631/588/8 635/135/8
f 635/135/8 639/214/8 643/592/8
f 643/592/8 647/594/8 651/136/8
f 651/136/8 595/572/8 603/576/8
f 603/576/8 611/580/8 619/134/8
f 619/134/8 627/586/8 635/135/8
f 635/135/8 643/592/8 651/136/8
f 651/136/8 603/576/8 619/134/8
f 682/73/15 684/76/15 683/74/15
f 684/76/16 686/78/16 685/77/16
f 686/78/17 688/80/17 687/79/17
f 688/80/18 690/81/18 689/22/18
f 690/81/19 692/83/19 691/82/19
f 692/83/20 694/85/20 693/84/20
f 693/84/21 694/85/21 696/87/21
f 696/87/22 698/89/22 697/88/22
f 698/89/23 700/91/23 699/90/23
f 700/91/24 702/93/24 701/92/24
f 702/93/25 704/95/25 703/94/25
f 704/95/26 706/32/26 705/23/26
f 706/32/27 708/97/27 707/96/27
f 708/97/28 710/99/28 709/98/28
f 710/99/29 712/101/29 711/100/29
f 712/101/30 714/103/30 713/102/30
f 714/103/31 716/105/31 715/104/31
f 716/105/32 718/107/32 717/106/32
f 718/107/33 720/109/33 719/108/33
f 720/109/34 722/16/34 721/11/34
f 722/16/35 724/111/35 723/110/35
f 724/111/36 726/113/36 725/112/36
f 726/113/37 728/115/37 727/114/37
f 728/115/38 730/117/38 729/116/38
f 730/117/39 732/137/39 731/118/39
f 732/137/40 734/119/40 733/120/40
f 734/119/41 736/122/41 735/121/41
f 736/122/42 738/123/42 737/19/42
f 738/123/43 740/125/43 739/124/43
f 740/125/44 742/130/44 741/126/44
f 718/129/10 716/548/10 714/549/10
f 714/549/10 712/550/10 710/551/10
f 710/551/10 708/552/10 706/156/10
f 706/156/10 704/553/10 702/210/10
f 702/210/10 700/554/10 698/555/10
f 698/555/10 696/556/10 694/157/10
f 694/157/10 692/557/10 690/558/10
f 690/558/10 688/559/10 686/127/10
f 686/127/10 684/560/10 682/561/10
f 682/561/10 744/562/10 742/158/10
f 742/158/10 740/563/10 738/154/10
f 738/154/10 736/564/10 734/128/10
f 734/128/10 732/565/10 730/566/10
f 730/566/10 728/567/10 726/159/10
f 726/159/10 724/568/10 722/155/10
f 722/155/10 720/569/10 718/129/10
f 718/129/10 714/549/10 710/551/10
f 710/551/10 706/156/10 702/210/10
f 702/210/10 698/555/10 694/157/10
f 694/157/10 690/558/10 686/127/10
f 686/127/10 682/561/10 742/158/10
f 742/158/10 738/154/10 734/128/10
f 734/128/10 730/566/10 726/159/10
f 726/159/10 722/155/10 718/129/10
f 718/129/10 710/551/10 702/210/10
f 702/210/10 694/157/10 686/127/10
f 686/127/10 742/158/10 734/128/10
f 734/128/10 726/159/10 718/129/10
f 718/129/10 702/210/10 686/127/10
f 742/130/45 744/132/45 743/131/45
f 744/132/46 682/248/46 681/133/46
f 739/136/8 741/570/8 743/215/8
f 743/215/8 681/571/8 683/572/8
f 683/572/8 685/573/8 687/574/8
f 687/574/8 689/575/8 691/576/8
f 691/576/8 693/577/8 695/578/8
f 695/578/8 697/579/8 699/580/8
f 699/580/8 701/581/8 703/582/8
f 703/582/8 705/583/8 707/134/8
f 707/134/8 709/584/8 711/529/8
f 711/529/8 713/585/8 715/586/8
f 715/586/8 717/587/8 719/588/8
f 719/588/8 721/589/8 723/135/8
f 723/135/8 725/590/8 727/214/8
f 727/214/8 729/591/8 731/592/8
f 731/592/8 733/593/8 735/594/8
f 735/594/8 737/595/8 739/136/8
f 739/136/8 743/215/8 683/572/8
f 683/572/8 687/574/8 691/576/8
f 691/576/8 695/578/8 699/580/8
f 699/580/8 703/582/8 707/134/8
f 707/134/8 711/529/8 715/586/8
f 715/586/8 719/588/8 723/135/8
f 723/135/8 727/214/8 731/592/8
f 731/592/8 735/594/8 739/136/8
f 739/136/8 683/572/8 691/576/8
f 691/576/8 699/580/8 707/134/8
f 707/134/8 715/586/8 723/135/8
f 723/135/8 731/592/8 739/136/8
f 739/136/8 691/576/8 707/134/8
f 746/73/15 748/76/15 747/74/15
f 748/76/16 750/78/16 749/77/16
f 750/78/17 752/80/17 751/79/17
f 752/80/18 754/81/18 753/22/18
f 754/81/19 756/83/19 755/82/19
f 756/83/20 758/85/20 757/84/20
f 758/85/21 760/87/21 759/86/21
f 760/87/22 762/89/22 761/88/22
f 762/89/23 764/91/23 763/90/23
f 764/91/24 766/93/24 765/92/24
f 766/93/25 768/95/25 767/94/25
f 768/95/26 770/32/26 769/23/26
f 770/32/27 772/97/27 771/96/27
f 772/97/28 774/99/28 773/98/28
f 774/99/29 776/101/29 775/100/29
f 776/101/30 778/103/30 777/102/30
f 778/103/31 780/105/31 779/104/31
f 780/105/32 782/107/32 781/106/32
f 782/107/33 784/109/33 783/108/33
f 784/109/34 786/16/34 785/11/34
f 786/16/35 788/111/35 787/110/35
f 788/111/36 790/113/36 789/112/36
f 790/113/37 792/115/37 791/114/37
f 792/115/38 794/117/38 793/116/38
f 794/117/39 796/137/39 795/118/39
f 796/137/40 798/119/40 797/120/40
f 798/119/41 800/122/41 799/121/41
f 800/122/42 802/123/42 801/19/42
f 802/123/43 804/125/43 803/124/43
f 804/125/44 806/130/44 805/126/44
f 782/129/10 780/548/10 778/549/10
f 778/549/10 776/550/10 774/551/10
f 774/551/10 772/552/10 770/156/10
f 770/156/10 768/553/10 766/210/10
f 766/210/10 764/554/10 762/555/10
f 762/555/10 760/556/10 758/157/10
f 758/157/10 756/557/10 754/558/10
f 754/558/10 752/559/10 750/127/10
f 750/127/10 748/560/10 746/561/10
f 746/561/10 808/562/10 806/158/10
f 806/158/10 804/563/10 802/154/10
f 802/154/10 800/564/10 798/128/10
f 798/128/10 796/565/10 794/566/10
f 794/566/10 792/567/10 790/159/10
f 790/159/10 788/568/10 786/155/10
f 786/155/10 784/569/10 782/129/10
f 782/129/10 778/549/10 774/551/10
f 774/551/10 770/156/10 766/210/10
f 766/210/10 762/555/10 758/157/10
f 758/157/10 754/558/10 750/127/10
f 750/127/10 746/561/10 806/158/10
f 806/158/10 802/154/10 798/128/10
f 798/128/10 794/566/10 790/159/10
f 790/159/10 786/155/10 782/129/10
f 782/129/10 774/551/10 766/210/10
f 766/210/10 758/157/10 750/127/10
f 750/127/10 806/158/10 798/128/10
f 798/128/10 790/159/10 782/129/10
f 782/129/10 766/210/10 750/127/10
f 806/130/45 808/132/45 807/131/45
f 808/132/46 746/248/46 745/133/46
f 803/136/8 805/570/8 807/215/8
f 807/215/8 745/571/8 747/572/8
f 747/572/8 749/573/8 751/574/8
f 751/574/8 753/575/8 755/576/8
f 755/576/8 757/577/8 759/578/8
f 759/578/8 761/579/8 763/580/8
f 763/580/8 765/581/8 767/582/8
f 767/582/8 769/583/8 771/134/8
f 771/134/8 773/584/8 775/529/8
f 775/529/8 777/585/8 779/586/8
f 779/586/8 781/587/8 783/588/8
f 783/588/8 785/589/8 787/135/8
f 787/135/8 789/590/8 791/214/8
f 791/214/8 793/591/8 795/592/8
f 795/592/8 797/593/8 799/594/8
f 799/594/8 801/595/8 803/136/8
f 803/136/8 807/215/8 747/572/8
f 747/572/8 751/574/8 755/576/8
f 755/576/8 759/578/8 763/580/8
f 763/580/8 767/582/8 771/134/8
f 771/134/8 775/529/8 779/586/8
f 779/586/8 783/588/8 787/135/8
f 787/135/8 791/214/8 795/592/8
f 795/592/8 799/594/8 803/136/8
f 803/136/8 747/572/8 755/576/8
f 755/576/8 763/580/8 771/134/8
f 771/134/8 779/586/8 787/135/8
f 787/135/8 795/592/8 803/136/8
f 803/136/8 755/576/8 771/134/8
f 810/73/15 812/76/15 811/74/15
f 812/76/16 814/78/16 813/77/16
f 814/78/17 816/80/17 815/79/17
f 816/80/18 818/81/18 817/22/18
f 818/81/19 820/83/19 819/82/19
f 820/83/20 822/85/20 821/84/20
f 822/85/21 824/87/21 823/86/21
f 824/87/22 826/89/22 825/88/22
f 826/89/23 828/91/23 827/90/23
f 827/90/24 828/91/24 830/93/24
f 830/93/25 832/95/25 831/94/25
f 832/95/26 834/32/26 833/23/26
f 834/32/27 836/97/27 835/96/27
f 836/97/28 838/99/28 837/98/28
f 838/99/29 840/101/29 839/100/29
f 840/101/30 842/103/30 841/102/30
f 842/103/31 844/105/31 843/104/31
f 844/105/32 846/107/32 845/106/32
f 846/107/33 848/109/33 847/108/33
f 848/109/34 850/16/34 849/11/34
f 850/16/35 852/111/35 851/110/35
f 852/111/36 854/113/36 853/112/36
f 854/113/37 856/115/37 855/114/37
f 856/115/38 858/117/38 857/116/38
f 858/117/39 860/137/39 859/118/39
f 859/118/40 860/137/40 862/119/40
f 862/119/41 864/122/41 863/121/41
f 864/122/42 866/123/42 865/19/42
f 866/123/43 868/125/43 867/124/43
f 868/125/44 870/130/44 869/126/44
f 846/129/10 844/548/10 842/549/10
f 842/549/10 840/550/10 838/551/10
f 838/551/10 836/552/10 834/156/10
f 834/156/10 832/553/10 830/210/10
f 830/210/10 828/554/10 826/555/10
f 826/555/10 824/556/10 822/157/10
f 822/157/10 820/557/10 818/558/10
f 818/558/10 816/559/10 814/127/10
f 814/127/10 812/560/10 810/561/10
f 810/561/10 872/562/10 870/158/10
f 870/158/10 868/563/10 866/154/10
f 866/154/10 864/564/10 862/128/10
f 862/128/10 860/565/10 858/566/10
f 858/566/10 856/567/10 854/159/10
f 854/159/10 852/568/10 850/155/10
f 850/155/10 848/569/10 846/129/10
f 846/129/10 842/549/10 838/551/10
f 838/551/10 834/156/10 830/210/10
f 830/210/10 826/555/10 822/157/10
f 822/157/10 818/558/10 814/127/10
f 814/127/10 810/561/10 870/158/10
f 870/158/10 866/154/10 862/128/10
f 862/128/10 858/566/10 854/159/10
f 854/159/10 850/155/10 846/129/10
f 846/129/10 838/551/10 830/210/10
f 830/210/10 822/157/10 814/127/10
f 814/127/10 870/158/10 862/128/10
f 862/128/10 854/159/10 846/129/10
f 846/129/10 830/210/10 814/127/10
f 870/130/45 872/132/45 871/131/45
f 872/132/46 810/248/46 809/133/46
f 867/136/8 869/570/8 871/215/8
f 871/215/8 809/571/8 811/572/8
f 811/572/8 813/573/8 815/574/8
f 815/574/8 817/575/8 819/576/8
f 819/576/8 821/577/8 823/578/8
f 823/578/8 825/579/8 827/580/8
f 827/580/8 829/581/8 831/582/8
f 831/582/8 833/583/8 835/134/8
f 835/134/8 837/584/8 839/529/8
f 839/529/8 841/585/8 843/586/8
f 843/586/8 845/587/8 847/588/8
f 847/588/8 849/589/8 851/135/8
f 851/135/8 853/590/8 855/214/8
f 855/214/8 857/591/8 859/592/8
f 859/592/8 861/593/8 863/594/8
f 863/594/8 865/595/8 867/136/8
f 867/136/8 871/215/8 811/572/8
f 811/572/8 815/574/8 819/576/8
f 819/576/8 823/578/8 827/580/8
f 827/580/8 831/582/8 835/134/8
f 835/134/8 839/529/8 843/586/8
f 843/586/8 847/588/8 851/135/8
f 851/135/8 855/214/8 859/592/8
f 859/592/8 863/594/8 867/136/8
f 867/136/8 811/572/8 819/576/8
f 819/576/8 827/580/8 835/134/8
f 835/134/8 843/586/8 851/135/8
f 851/135/8 859/592/8 867/136/8
f 867/136/8 819/576/8 835/134/8
f 874/73/15 876/76/15 875/74/15
f 876/76/16 878/78/16 877/77/16
f 878/78/17 880/80/17 879/79/17
f 880/80/18 882/81/18 881/22/18
f 882/81/19 884/83/19 883/82/19
f 884/83/20 886/85/20 885/84/20
f 885/84/21 886/85/21 888/87/21
f 888/87/22 890/89/22 889/88/22
f 890/89/23 892/91/23 891/90/23
f 892/91/24 894/93/24 893/92/24
f 894/93/25 896/95/25 895/94/25
f 896/95/26 898/32/26 897/23/26
f 898/32/27 900/97/27 899/96/27
f 900/97/28 902/99/28 901/98/28
f 902/99/29 904/101/29 903/100/29
f 904/101/30 906/103/30 905/102/30
f 906/103/31 908/105/31 907/104/31
f 908/105/32 910/107/32 909/106/32
f 910/107/33 912/109/33 911/108/33
f 912/109/34 914/16/34 913/11/34
f 914/16/35 916/111/35 915/110/35
f 916/111/36 918/113/36 917/112/36
f 918/113/37 920/115/37 919/114/37
f 920/115/38 922/117/38 921/116/38
f 922/117/39 924/137/39 923/118/39
f 924/137/40 926/119/40 925/120/40
f 926/119/41 928/122/41 927/121/41
f 928/122/42 930/123/42 929/19/42
f 930/123/43 932/125/43 931/124/43
f 932/125/44 934/130/44 933/126/44
f 910/129/10 908/548/10 906/549/10
f 906/549/10 904/550/10 902/551/10
f 902/551/10 900/552/10 898/156/10
f 898/156/10 896/553/10 894/210/10
f 894/210/10 892/554/10 890/555/10
f 890/555/10 888/556/10 886/157/10
f 886/157/10 884/557/10 882/558/10
f 882/558/10 880/559/10 878/127/10
f 878/127/10 876/560/10 874/561/10
f 874/561/10 936/562/10 934/158/10
f 934/158/10 932/563/10 930/154/10
f 930/154/10 928/564/10 926/128/10
f 926/128/10 924/565/10 922/566/10
f 922/566/10 920/567/10 918/159/10
f 918/159/10 916/568/10 914/155/10
f 914/155/10 912/569/10 910/129/10
f 910/129/10 906/549/10 902/551/10
f 902/551/10 898/156/10 894/210/10
f 894/210/10 890/555/10 886/157/10
f 886/157/10 882/558/10 878/127/10
f 878/127/10 874/561/10 934/158/10
f 934/158/10 930/154/10 926/128/10
f 926/128/10 922/566/10 918/159/10
f 918/159/10 914/155/10 910/129/10
f 910/129/10 902/551/10 894/210/10
f 894/210/10 886/157/10 878/127/10
f 878/127/10 934/158/10 926/128/10
f 926/128/10 918/159/10 910/129/10
f 910/129/10 894/210/10 878/127/10
f 934/130/45 936/132/45 935/131/45
f 936/132/46 874/248/46 873/133/46
f 931/136/8 933/570/8 935/215/8
f 935/215/8 873/571/8 875/572/8
f 875/572/8 877/573/8 879/574/8
f 879/574/8 881/575/8 883/576/8
f 883/576/8 885/577/8 887/578/8
f 887/578/8 889/579/8 891/580/8
f 891/580/8 893/581/8 895/582/8
f 895/582/8 897/583/8 899/134/8
f 899/134/8 901/584/8 903/529/8
f 903/529/8 905/585/8 907/586/8
f 907/586/8 909/587/8 911/588/8
f 911/588/8 913/589/8 915/135/8
f 915/135/8 917/590/8 919/214/8
f 919/214/8 921/591/8 923/592/8
f 923/592/8 925/593/8 927/594/8
f 927/594/8 929/595/8 931/136/8
f 931/136/8 935/215/8 875/572/8
f 875/572/8 879/574/8 883/576/8
f 883/576/8 887/578/8 891/580/8
f 891/580/8 895/582/8 899/134/8
f 899/134/8 903/529/8 907/586/8
f 907/586/8 911/588/8 915/135/8
f 915/135/8 919/214/8 923/592/8
f 923/592/8 927/594/8 931/136/8
f 931/136/8 875/572/8 883/576/8
f 883/576/8 891/580/8 899/134/8
f 899/134/8 907/586/8 915/135/8
f 915/135/8 923/592/8 931/136/8
f 931/136/8 883/576/8 899/134/8
usemtl Material.016
f 15/23/88 7/20/88 14/11/88
f 12/23/88 6/20/88 9/11/88
f 15/23/88 11/8/88 7/20/88
f 12/23/88 8/8/88 6/20/88
usemtl Material.017
f 1870/24/171 1871/1/171 1869/31/171
f 1872/4/2 1875/11/2 1871/1/2
f 1876/23/172 1873/20/172 1875/11/172
f 1874/8/4 1869/16/4 1873/20/4
f 1871/19/11 1873/20/11 1869/21/11
f 1872/22/12 1874/8/12 1876/23/12
f 1878/73/173 1879/74/173 1877/75/173
f 1880/76/174 1881/77/174 1879/74/174
f 1882/78/175 1883/79/175 1881/77/175
f 1884/80/176 1885/22/176 1883/79/176
f 1886/81/177 1887/82/177 1885/22/177
f 1888/83/178 1889/84/178 1887/82/178
f 1890/85/179 1891/86/179 1889/84/179
f 1892/87/180 1893/88/180 1891/86/180
f 1893/88/181 1896/91/181 1895/90/181
f 1895/90/182 1898/93/182 1897/92/182
f 1897/92/183 1900/95/183 1899/94/183
f 1899/94/184 1902/32/184 1901/23/184
f 1901/23/185 1904/97/185 1903/96/185
f 1903/96/186 1906/99/186 1905/98/186
f 1905/98/187 1908/101/187 1907/100/187
f 1907/100/188 1910/103/188 1909/102/188
f 1909/102/189 1912/105/189 1911/104/189
f 1911/104/190 1914/107/190 1913/106/190
f 1913/106/191 1916/109/191 1915/108/191
f 1915/108/192 1918/16/192 1917/11/192
f 1917/11/193 1920/111/193 1919/110/193
f 1919/110/194 1922/113/194 1921/112/194
f 1921/112/195 1924/115/195 1923/114/195
f 1923/114/196 1926/117/196 1925/116/196
f 1926/117/197 1927/118/197 1925/116/197
f 1928/137/198 1929/120/198 1927/118/198
f 1930/119/199 1931/121/199 1929/120/199
f 1932/122/200 1933/19/200 1931/121/200
f 1934/123/201 1935/124/201 1933/19/201
f 1936/125/202 1937/126/202 1935/124/202
f 1914/209/203 1898/210/203 1882/127/203
f 1938/130/204 1939/131/204 1937/126/204
f 1940/132/205 1877/133/205 1939/131/205
f 1907/213/206 1923/214/206 1939/215/206
f 1942/73/173 1943/74/173 1941/75/173
f 1944/76/174 1945/77/174 1943/74/174
f 1946/78/175 1947/79/175 1945/77/175
f 1948/80/176 1949/22/176 1947/79/176
f 1950/81/177 1951/82/177 1949/22/177
f 1952/83/178 1953/84/178 1951/82/178
f 1954/85/179 1955/86/179 1953/84/179
f 1956/87/180 1957/88/180 1955/86/180
f 1957/88/181 1960/91/181 1959/90/181
f 1959/90/182 1962/93/182 1961/92/182
f 1961/92/183 1964/95/183 1963/94/183
f 1963/94/184 1966/32/184 1965/23/184
f 1965/23/185 1968/97/185 1967/96/185
f 1967/96/186 1970/99/186 1969/98/186
f 1969/98/187 1972/101/187 1971/100/187
f 1971/100/188 1974/103/188 1973/102/188
f 1973/102/189 1976/105/189 1975/104/189
f 1975/104/207 1978/107/207 1977/106/207
f 1977/106/191 1980/109/191 1979/108/191
f 1979/108/192 1982/16/192 1981/11/192
f 1981/11/193 1984/111/193 1983/110/193
f 1983/110/194 1986/113/194 1985/112/194
f 1985/112/195 1988/115/195 1987/114/195
f 1987/114/196 1990/117/196 1989/116/196
f 1990/117/197 1991/118/197 1989/116/197
f 1992/137/198 1993/120/198 1991/118/198
f 1994/119/199 1995/121/199 1993/120/199
f 1996/122/200 1997/19/200 1995/121/200
f 1998/123/201 1999/124/201 1997/19/201
f 2000/125/202 2001/126/202 1999/124/202
f 1978/209/203 1962/210/203 1946/127/203
f 2002/130/204 2003/131/204 2001/126/204
f 2004/132/205 1941/133/205 2003/131/205
f 1971/213/206 1987/214/206 2003/215/206
f 1870/24/171 1872/4/171 1871/1/171
f 1872/4/2 1876/23/2 1875/11/2
f 1876/23/172 1874/8/172 1873/20/172
f 1874/8/4 1870/32/4 1869/16/4
f 1871/19/11 1875/11/11 1873/20/11
f 1872/22/12 1870/37/12 1874/8/12
f 1878/73/173 1880/76/173 1879/74/173
f 1880/76/174 1882/78/174 1881/77/174
f 1882/78/175 1884/80/175 1883/79/175
f 1884/80/176 1886/81/176 1885/22/176
f 1886/81/177 1888/83/177 1887/82/177
f 1888/83/178 1890/85/178 1889/84/178
f 1890/85/179 1892/87/179 1891/86/179
f 1892/87/180 1894/89/180 1893/88/180
f 1893/88/181 1894/89/181 1896/91/181
f 1895/90/503 1896/91/503 1898/93/503
f 1897/92/183 1898/93/183 1900/95/183
f 1899/94/184 1900/95/184 1902/32/184
f 1901/23/185 1902/32/185 1904/97/185
f 1903/96/186 1904/97/186 1906/99/186
f 1905/98/187 1906/99/187 1908/101/187
f 1907/100/188 1908/101/188 1910/103/188
f 1909/102/189 1910/103/189 1912/105/189
f 1911/104/190 1912/105/190 1914/107/190
f 1913/106/191 1914/107/191 1916/109/191
f 1915/108/192 1916/109/192 1918/16/192
f 1917/11/193 1918/16/193 1920/111/193
f 1919/110/194 1920/111/194 1922/113/194
f 1921/112/195 1922/113/195 1924/115/195
f 1923/114/196 1924/115/196 1926/117/196
f 1926/117/197 1928/137/197 1927/118/197
f 1928/137/198 1930/119/198 1929/120/198
f 1930/119/199 1932/122/199 1931/121/199
f 1932/122/200 1934/123/200 1933/19/200
f 1934/123/201 1936/125/201 1935/124/201
f 1936/125/202 1938/130/202 1937/126/202
f 1882/127/203 1880/560/203 1878/561/203
f 1878/561/504 1940/562/504 1938/158/504
f 1938/158/505 1936/599/505 1934/600/505
f 1934/600/506 1932/601/506 1930/602/506
f 1930/602/504 1928/603/504 1926/566/504
f 1926/566/203 1924/604/203 1922/605/203
f 1922/605/505 1920/606/505 1918/607/505
f 1918/607/504 1916/608/504 1914/209/504
f 1914/209/504 1912/609/504 1910/549/504
f 1910/549/504 1908/610/504 1906/611/504
f 1906/611/504 1904/612/504 1902/613/504
f 1902/613/504 1900/614/504 1898/210/504
f 1898/210/504 1896/554/504 1894/555/504
f 1894/555/203 1892/556/203 1890/157/203
f 1890/157/203 1888/615/203 1886/558/203
f 1886/558/504 1884/616/504 1882/127/504
f 1882/127/504 1878/561/504 1938/158/504
f 1938/158/504 1934/600/504 1930/602/504
f 1930/602/203 1926/566/203 1922/605/203
f 1922/605/504 1918/607/504 1914/209/504
f 1914/209/504 1910/549/504 1906/611/504
f 1906/611/504 1902/613/504 1898/210/504
f 1898/210/203 1894/555/203 1890/157/203
f 1890/157/504 1886/558/504 1882/127/504
f 1882/127/203 1938/158/203 1930/602/203
f 1930/602/203 1922/605/203 1914/209/203
f 1914/209/203 1906/611/203 1898/210/203
f 1898/210/203 1890/157/203 1882/127/203
f 1882/127/203 1930/602/203 1914/209/203
f 1938/130/204 1940/132/204 1939/131/204
f 1940/132/205 1878/248/205 1877/133/205
f 1939/215/507 1877/571/507 1879/572/507
f 1879/572/457 1881/573/457 1883/617/457
f 1883/617/206 1885/575/206 1887/618/206
f 1887/618/206 1889/577/206 1891/578/206
f 1891/578/508 1893/579/508 1895/580/508
f 1895/580/509 1897/581/509 1899/619/509
f 1899/619/457 1901/620/457 1903/621/457
f 1903/621/206 1905/622/206 1907/213/206
f 1907/213/510 1909/585/510 1911/623/510
f 1911/623/206 1913/624/206 1915/625/206
f 1915/625/206 1917/626/206 1919/627/206
f 1919/627/206 1921/590/206 1923/214/206
f 1923/214/508 1925/591/508 1927/592/508
f 1927/592/457 1929/593/457 1931/628/457
f 1931/628/457 1933/595/457 1935/629/457
f 1935/629/206 1937/570/206 1939/215/206
f 1939/215/206 1879/572/206 1883/617/206
f 1883/617/206 1887/618/206 1891/578/206
f 1891/578/206 1895/580/206 1899/619/206
f 1899/619/206 1903/621/206 1907/213/206
f 1907/213/206 1911/623/206 1915/625/206
f 1915/625/206 1919/627/206 1923/214/206
f 1923/214/457 1927/592/457 1931/628/457
f 1931/628/457 1935/629/457 1939/215/457
f 1939/215/457 1883/617/457 1891/578/457
f 1891/578/206 1899/619/206 1907/213/206
f 1907/213/457 1915/625/457 1923/214/457
f 1923/214/206 1931/628/206 1939/215/206
f 1939/215/206 1891/578/206 1907/213/206
f 1942/73/173 1944/76/173 1943/74/173
f 1944/76/450 1946/78/450 1945/77/450
f 1946/78/175 1948/80/175 1947/79/175
f 1948/80/176 1950/81/176 1949/22/176
f 1950/81/511 1952/83/511 1951/82/511
f 1952/83/178 1954/85/178 1953/84/178
f 1954/85/179 1956/87/179 1955/86/179
f 1956/87/180 1958/89/180 1957/88/180
f 1957/88/181 1958/89/181 1960/91/181
f 1959/90/182 1960/91/182 1962/93/182
f 1961/92/183 1962/93/183 1964/95/183
f 1963/94/184 1964/95/184 1966/32/184
f 1965/23/185 1966/32/185 1968/97/185
f 1967/96/186 1968/97/186 1970/99/186
f 1969/98/187 1970/99/187 1972/101/187
f 1971/100/188 1972/101/188 1974/103/188
f 1973/102/189 1974/103/189 1976/105/189
f 1975/104/190 1976/105/190 1978/107/190
f 1977/106/191 1978/107/191 1980/109/191
f 1979/108/192 1980/109/192 1982/16/192
f 1981/11/193 1982/16/193 1984/111/193
f 1983/110/194 1984/111/194 1986/113/194
f 1985/112/195 1986/113/195 1988/115/195
f 1987/114/196 1988/115/196 1990/117/196
f 1990/117/197 1992/137/197 1991/118/197
f 1992/137/512 1994/119/512 1993/120/512
f 1994/119/199 1996/122/199 1995/121/199
f 1996/122/200 1998/123/200 1997/19/200
f 1998/123/201 2000/125/201 1999/124/201
f 2000/125/202 2002/130/202 2001/126/202
f 1946/127/504 1944/560/504 1942/561/504
f 1942/561/203 2004/562/203 2002/158/203
f 2002/158/505 2000/599/505 1998/600/505
f 1998/600/504 1996/601/504 1994/602/504
f 1994/602/504 1992/603/504 1990/566/504
f 1990/566/506 1988/604/506 1986/605/506
f 1986/605/506 1984/606/506 1982/607/506
f 1982/607/513 1980/608/513 1978/209/513
f 1978/209/203 1976/609/203 1974/549/203
f 1974/549/203 1972/610/203 1970/611/203
f 1970/611/504 1968/612/504 1966/613/504
f 1966/613/504 1964/614/504 1962/210/504
f 1962/210/504 1960/554/504 1958/555/504
f 1958/555/203 1956/556/203 1954/157/203
f 1954/157/203 1952/615/203 1950/558/203
f 1950/558/203 1948/616/203 1946/127/203
f 1946/127/504 1942/561/504 2002/158/504
f 2002/158/504 1998/600/504 1994/602/504
f 1994/602/203 1990/566/203 1986/605/203
f 1986/605/203 1982/607/203 1978/209/203
f 1978/209/504 1974/549/504 1970/611/504
f 1970/611/203 1966/613/203 1962/210/203
f 1962/210/506 1958/555/506 1954/157/506
f 1954/157/504 1950/558/504 1946/127/504
f 1946/127/203 2002/158/203 1994/602/203
f 1994/602/203 1986/605/203 1978/209/203
f 1978/209/203 1970/611/203 1962/210/203
f 1962/210/203 1954/157/203 1946/127/203
f 1946/127/203 1994/602/203 1978/209/203
f 2002/130/204 2004/132/204 2003/131/204
f 2004/132/205 1942/248/205 1941/133/205
f 2003/215/514 1941/571/514 1943/572/514
f 1943/572/507 1945/573/507 1947/617/507
f 1947/617/206 1949/575/206 1951/618/206
f 1951/618/206 1953/577/206 1955/578/206
f 1955/578/510 1957/579/510 1959/580/510
f 1959/580/457 1961/581/457 1963/619/457
f 1963/619/457 1965/620/457 1967/621/457
f 1967/621/457 1969/622/457 1971/213/457
f 1971/213/510 1973/585/510 1975/623/510
f 1975/623/206 1977/624/206 1979/625/206
f 1979/625/206 1981/626/206 1983/627/206
f 1983/627/206 1985/590/206 1987/214/206
f 1987/214/509 1989/591/509 1991/592/509
f 1991/592/206 1993/593/206 1995/628/206
f 1995/628/457 1997/595/457 1999/629/457
f 1999/629/457 2001/570/457 2003/215/457
f 2003/215/206 1943/572/206 1947/617/206
f 1947/617/206 1951/618/206 1955/578/206
f 1955/578/206 1959/580/206 1963/619/206
f 1963/619/206 1967/621/206 1971/213/206
f 1971/213/206 1975/623/206 1979/625/206
f 1979/625/206 1983/627/206 1987/214/206
f 1987/214/457 1991/592/457 1995/628/457
f 1995/628/206 1999/629/206 2003/215/206
f 2003/215/206 1947/617/206 1955/578/206
f 1955/578/206 1963/619/206 1971/213/206
f 1971/213/206 1979/625/206 1987/214/206
f 1987/214/206 1995/628/206 2003/215/206
f 2003/215/206 1955/578/206 1971/213/206
usemtl Material.018
f 2006/24/208 2007/1/208 2005/31/208
f 2008/4/209 2018/57/209 2007/1/209
f 2012/23/210 2009/20/210 2011/11/210
f 2010/8/211 2016/59/211 2009/20/211
f 2007/19/11 2017/70/11 2005/21/11
f 2015/61/12 2010/8/12 2012/23/12
f 2015/62/209 2011/11/209 2013/63/209
f 2013/64/11 2009/20/11 2016/65/11
f 2014/67/212 2019/71/212 2020/66/212
f 2016/59/211 2020/68/211 2017/69/211
f 2020/68/211 2005/16/211 2017/69/211
f 2018/60/213 2016/65/213 2017/70/213
f 2020/66/12 2008/22/12 2006/37/12
f 2019/72/209 2013/63/209 2018/57/209
f 2022/24/208 2023/1/208 2021/31/208
f 2024/4/209 2027/11/209 2023/1/209
f 2028/23/210 2025/20/210 2027/11/210
f 2026/8/211 2021/16/211 2025/20/211
f 2023/19/11 2025/20/11 2021/21/11
f 2024/22/12 2026/8/12 2028/23/12
f 2029/31/208 2032/4/208 2031/1/208
f 2032/4/209 2035/11/209 2031/1/209
f 2036/23/210 2033/20/210 2035/11/210
f 2033/20/211 2030/32/211 2029/16/211
f 2031/19/11 2033/20/11 2029/21/11
f 2032/22/12 2034/8/12 2036/23/12
f 2293/75/246 2395/181/246 2295/74/246
f 2295/74/247 2403/182/247 2297/77/247
f 2297/77/248 2410/183/248 2299/79/248
f 2299/79/249 2418/184/249 2301/22/249
f 2418/184/250 2303/82/250 2301/22/250
f 2393/185/251 2305/84/251 2303/82/251
f 2401/186/252 2307/86/252 2305/84/252
f 2408/187/253 2309/88/253 2307/86/253
f 2416/251/254 2311/90/254 2309/88/254
f 2391/188/255 2313/92/255 2311/90/255
f 2399/189/256 2315/94/256 2313/92/256
f 2406/190/257 2317/23/257 2315/94/257
f 2317/23/258 2389/192/258 2319/96/258
f 2319/96/259 2397/193/259 2321/98/259
f 2321/98/260 2404/194/260 2323/100/260
f 2323/100/261 2412/195/261 2325/102/261
f 2325/102/262 2419/196/262 2327/104/262
f 2327/104/263 2394/197/263 2329/106/263
f 2329/106/264 2402/198/264 2331/108/264
f 2331/108/265 2409/199/265 2333/11/265
f 2409/199/266 2335/110/266 2333/11/266
f 2417/200/267 2337/112/267 2335/110/267
f 2392/201/268 2339/114/268 2337/112/268
f 2400/202/269 2341/116/269 2339/114/269
f 2407/250/270 2343/118/270 2341/116/270
f 2415/203/271 2345/120/271 2343/118/271
f 2390/204/272 2347/121/272 2345/120/272
f 2398/205/273 2349/19/273 2347/121/273
f 2349/19/274 2413/207/274 2351/124/274
f 2351/124/275 2420/208/275 2353/126/275
f 2330/209/12 2314/210/12 2298/127/12
f 2353/126/276 2396/211/276 2355/131/276
f 2355/131/277 2411/212/277 2293/133/277
f 2323/213/11 2339/214/11 2355/215/11
f 2373/216/278 2326/103/278 2380/217/278
f 2380/217/279 2328/105/279 2387/218/279
f 2387/218/280 2330/107/280 2362/219/280
f 2362/219/281 2332/109/281 2371/220/281
f 2363/221/282 2294/73/282 2296/76/282
f 2371/220/283 2334/16/283 2378/222/283
f 2372/223/284 2296/76/284 2298/78/284
f 2378/222/285 2336/111/285 2385/224/285
f 2379/225/286 2298/78/286 2300/80/286
f 2385/224/287 2338/113/287 2364/226/287
f 2386/227/288 2300/80/288 2302/81/288
f 2364/226/289 2340/115/289 2369/228/289
f 2361/229/290 2302/81/290 2304/83/290
f 2369/228/291 2342/117/291 2376/230/291
f 2370/231/292 2304/83/292 2306/85/292
f 2383/232/293 2342/117/293 2344/137/293
f 2377/233/294 2306/85/294 2308/87/294
f 2358/234/295 2344/137/295 2346/119/295
f 2384/235/296 2308/87/296 2310/89/296
f 2367/236/297 2346/119/297 2348/122/297
f 2384/235/298 2312/91/298 2359/237/298
f 2374/238/299 2348/122/299 2350/123/299
f 2359/237/300 2314/93/300 2368/239/300
f 2381/240/301 2350/123/301 2352/125/301
f 2368/239/302 2316/95/302 2375/241/302
f 2388/242/303 2352/125/303 2354/130/303
f 2375/241/304 2318/32/304 2382/243/304
f 2382/243/305 2320/97/305 2357/244/305
f 2366/245/306 2354/130/306 2356/132/306
f 2357/244/307 2322/99/307 2365/246/307
f 2360/247/308 2356/132/308 2294/248/308
f 2365/246/309 2324/101/309 2373/216/309
f 2404/194/278 2380/217/278 2412/195/278
f 2412/195/279 2387/218/279 2419/196/279
f 2419/196/280 2362/219/280 2394/197/280
f 2394/197/281 2371/220/281 2402/198/281
f 2395/181/282 2360/249/282 2363/221/282
f 2402/198/283 2378/222/283 2409/199/283
f 2403/182/284 2363/221/284 2372/223/284
f 2409/199/285 2385/224/285 2417/200/285
f 2410/183/286 2372/223/286 2379/225/286
f 2417/200/287 2364/226/287 2392/201/287
f 2418/184/288 2379/225/288 2386/227/288
f 2392/201/289 2369/228/289 2400/202/289
f 2393/185/290 2386/227/290 2361/229/290
f 2400/202/291 2376/230/291 2407/250/291
f 2401/186/292 2361/229/292 2370/231/292
f 2415/203/293 2376/230/293 2383/232/293
f 2408/187/294 2370/231/294 2377/233/294
f 2390/204/295 2383/232/295 2358/234/295
f 2416/251/296 2377/233/296 2384/235/296
f 2398/205/297 2358/234/297 2367/236/297
f 2416/251/310 2359/237/310 2391/188/310
f 2405/206/299 2367/236/299 2374/238/299
f 2391/188/300 2368/239/300 2399/189/300
f 2413/207/301 2374/238/301 2381/240/301
f 2399/189/302 2375/241/302 2406/190/302
f 2420/208/303 2381/240/303 2388/242/303
f 2406/190/304 2382/243/304 2414/191/304
f 2414/191/305 2357/244/305 2389/192/305
f 2396/211/306 2388/242/306 2366/245/306
f 2389/192/307 2365/246/307 2397/193/307
f 2411/212/308 2366/245/308 2360/247/308
f 2397/193/311 2373/216/311 2404/194/311
f 2421/75/246 2538/253/246 2423/74/246
f 2423/74/247 2546/254/247 2425/77/247
f 2425/77/312 2522/255/312 2427/79/312
f 2427/79/249 2529/256/249 2429/22/249
f 2529/256/250 2431/82/250 2429/22/250
f 2536/257/251 2433/84/251 2431/82/251
f 2544/258/252 2435/86/252 2433/84/252
f 2520/259/253 2437/88/253 2435/86/253
f 2527/315/254 2439/90/254 2437/88/254
f 2534/260/255 2441/92/255 2439/90/255
f 2542/261/256 2443/94/256 2441/92/256
f 2518/262/313 2445/23/313 2443/94/313
f 2445/23/258 2532/264/258 2447/96/258
f 2447/96/259 2540/265/259 2449/98/259
f 2449/98/260 2547/266/260 2451/100/260
f 2451/100/261 2523/267/261 2453/102/261
f 2453/102/262 2530/268/262 2455/104/262
f 2455/104/263 2537/269/263 2457/106/263
f 2457/106/314 2545/270/314 2459/108/314
f 2459/108/315 2521/271/315 2461/11/315
f 2521/271/266 2463/110/266 2461/11/266
f 2528/272/267 2465/112/267 2463/110/267
f 2535/273/268 2467/114/268 2465/112/268
f 2543/274/269 2469/116/269 2467/114/269
f 2519/317/270 2471/118/270 2469/116/270
f 2526/275/271 2473/120/271 2471/118/271
f 2533/276/272 2475/121/272 2473/120/272
f 2541/277/273 2477/19/273 2475/121/273
f 2477/19/274 2524/279/274 2479/124/274
f 2479/124/275 2531/280/275 2481/126/275
f 2458/209/12 2442/210/12 2426/127/12
f 2481/126/276 2539/281/276 2483/131/276
f 2483/131/316 2548/282/316 2421/133/316
f 2451/213/11 2467/214/11 2483/215/11
f 2509/283/317 2474/119/317 2476/122/317
f 2495/284/298 2440/91/298 2502/285/298
f 2485/286/299 2476/122/299 2478/123/299
f 2502/285/300 2442/93/300 2510/287/300
f 2492/288/318 2478/123/318 2480/125/318
f 2510/287/302 2444/95/302 2486/289/302
f 2499/290/319 2480/125/319 2482/130/319
f 2486/289/304 2446/32/304 2493/291/304
f 2493/291/305 2448/97/305 2500/292/305
f 2507/293/320 2482/130/320 2484/132/320
f 2500/292/321 2450/99/321 2508/294/321
f 2511/295/322 2484/132/322 2422/248/322
f 2508/294/323 2452/101/323 2516/296/323
f 2516/296/324 2454/103/324 2491/297/324
f 2491/297/325 2456/105/325 2498/298/325
f 2498/298/326 2458/107/326 2505/299/326
f 2505/299/281 2460/109/281 2514/300/281
f 2506/301/282 2422/73/282 2424/76/282
f 2514/300/283 2462/16/283 2489/302/283
f 2515/303/284 2424/76/284 2426/78/284
f 2489/302/285 2464/111/285 2496/304/285
f 2490/305/327 2426/78/327 2428/80/327
f 2496/304/328 2466/113/328 2503/306/328
f 2497/307/288 2428/80/288 2430/81/288
f 2503/306/289 2468/115/289 2512/308/289
f 2504/309/290 2430/81/290 2432/83/290
f 2512/308/291 2470/117/291 2487/310/291
f 2513/311/329 2432/83/329 2434/85/329
f 2494/312/293 2470/117/293 2472/137/293
f 2488/313/294 2434/85/294 2436/87/294
f 2501/314/330 2472/137/330 2474/119/330
f 2495/284/296 2436/87/296 2438/89/296
f 2541/277/317 2501/314/317 2509/283/317
f 2527/315/298 2502/285/298 2534/260/298
f 2517/278/299 2509/283/299 2485/286/299
f 2534/260/300 2510/287/300 2542/261/300
f 2524/279/301 2485/286/301 2492/288/301
f 2542/261/302 2486/289/302 2518/262/302
f 2531/280/303 2492/288/303 2499/290/303
f 2518/262/304 2493/291/304 2525/263/304
f 2525/263/305 2500/292/305 2532/264/305
f 2539/281/320 2499/290/320 2507/293/320
f 2532/264/321 2508/294/321 2540/265/321
f 2548/282/308 2507/293/308 2511/295/308
f 2540/265/323 2516/296/323 2547/266/323
f 2547/266/324 2491/297/324 2523/267/324
f 2523/267/325 2498/298/325 2530/268/325
f 2530/268/326 2505/299/326 2537/269/326
f 2537/269/281 2514/300/281 2545/270/281
f 2538/253/282 2511/316/282 2506/301/282
f 2545/270/283 2489/302/283 2521/271/283
f 2546/254/284 2506/301/284 2515/303/284
f 2521/271/285 2496/304/285 2528/272/285
f 2522/255/327 2515/303/327 2490/305/327
f 2528/272/287 2503/306/287 2535/273/287
f 2529/256/288 2490/305/288 2497/307/288
f 2535/273/289 2512/308/289 2543/274/289
f 2536/257/290 2497/307/290 2504/309/290
f 2543/274/291 2487/310/291 2519/317/291
f 2544/258/292 2504/309/292 2513/311/292
f 2526/275/293 2487/310/293 2494/312/293
f 2520/259/294 2513/311/294 2488/313/294
f 2533/276/330 2494/312/330 2501/314/330
f 2527/315/296 2488/313/296 2495/284/296
f 3130/447/208 2552/4/208 3096/385/208
f 3088/387/209 3099/98/209 3166/512/209
f 3091/492/210 3100/390/210 3128/430/210
f 3094/513/211 3084/99/211 3127/392/211
f 3126/413/11 2553/20/11 3093/168/11
f 3085/497/12 3094/396/12 3125/404/12
f 2557/75/331 2655/253/331 2559/74/331
f 2559/74/247 2663/254/247 2561/77/247
f 2561/77/312 2670/255/312 2563/79/312
f 2563/79/332 2678/256/332 2565/22/332
f 2678/256/250 2567/82/250 2565/22/250
f 2653/257/251 2569/84/251 2567/82/251
f 2661/258/252 2571/86/252 2569/84/252
f 2668/259/253 2573/88/253 2571/86/253
f 2675/315/333 2575/90/333 2573/88/333
f 2683/260/255 2577/92/255 2575/90/255
f 2659/261/256 2579/94/256 2577/92/256
f 2666/262/313 2581/23/313 2579/94/313
f 2581/23/258 2681/264/258 2583/96/258
f 2583/96/259 2657/265/259 2585/98/259
f 2585/98/260 2664/266/260 2587/100/260
f 2587/100/334 2671/267/334 2589/102/334
f 2589/102/335 2679/268/335 2591/104/335
f 2591/104/263 2654/269/263 2593/106/263
f 2593/106/264 2662/270/264 2595/108/264
f 2595/108/265 2669/271/265 2597/11/265
f 2669/271/266 2599/110/266 2597/11/266
f 2677/272/267 2601/112/267 2599/110/267
f 2684/273/268 2603/114/268 2601/112/268
f 2660/274/269 2605/116/269 2603/114/269
f 2667/317/336 2607/118/336 2605/116/336
f 2674/275/271 2609/120/271 2607/118/271
f 2682/276/272 2611/121/272 2609/120/272
f 2658/277/273 2613/19/273 2611/121/273
f 2613/19/274 2672/279/274 2615/124/274
f 2615/124/275 2680/280/275 2617/126/275
f 2594/209/12 2578/210/12 2562/127/12
f 2617/126/276 2656/281/276 2619/131/276
f 2619/131/277 2676/282/277 2557/133/277
f 2587/213/11 2603/214/11 2619/215/11
f 2631/318/284 2560/76/284 2562/78/284
f 2637/319/285 2600/111/285 2645/320/285
f 2638/321/286 2562/78/286 2564/80/286
f 2645/320/328 2602/113/328 2652/322/328
f 2646/323/337 2564/80/337 2566/81/337
f 2652/322/338 2604/115/338 2628/324/338
f 2621/325/290 2566/81/290 2568/83/290
f 2628/324/339 2606/117/339 2635/326/339
f 2629/327/329 2568/83/329 2570/85/329
f 2643/328/340 2606/117/340 2608/137/340
f 2636/329/341 2570/85/341 2572/87/341
f 2650/330/330 2608/137/330 2610/119/330
f 2644/331/342 2572/87/342 2574/89/342
f 2626/332/343 2610/119/343 2612/122/343
f 2644/331/344 2576/91/344 2651/333/344
f 2633/334/299 2612/122/299 2614/123/299
f 2651/333/300 2578/93/300 2627/335/300
f 2641/336/301 2614/123/301 2616/125/301
f 2627/335/345 2580/95/345 2634/337/345
f 2648/338/319 2616/125/319 2618/130/319
f 2634/337/304 2582/32/304 2642/339/304
f 2642/339/305 2584/97/305 2649/340/305
f 2624/341/320 2618/130/320 2620/132/320
f 2649/340/346 2586/99/346 2625/342/346
f 2639/343/322 2620/132/322 2558/248/322
f 2625/342/309 2588/101/309 2632/344/309
f 2632/344/324 2590/103/324 2640/345/324
f 2640/345/347 2592/105/347 2647/346/347
f 2647/346/280 2594/107/280 2622/347/280
f 2622/347/348 2596/109/348 2630/348/348
f 2623/349/282 2558/73/282 2560/76/282
f 2630/348/283 2598/16/283 2637/319/283
f 2663/254/284 2623/349/284 2631/318/284
f 2669/271/285 2645/320/285 2677/272/285
f 2670/255/286 2631/318/286 2638/321/286
f 2677/272/349 2652/322/349 2684/273/349
f 2678/256/288 2638/321/288 2646/323/288
f 2684/273/350 2628/324/350 2660/274/350
f 2653/257/290 2646/323/290 2621/325/290
f 2660/274/339 2635/326/339 2667/317/339
f 2661/258/329 2621/325/329 2629/327/329
f 2674/275/293 2635/326/293 2643/328/293
f 2668/259/351 2629/327/351 2636/329/351
f 2682/276/330 2643/328/330 2650/330/330
f 2675/315/352 2636/329/352 2644/331/352
f 2658/277/297 2650/330/297 2626/332/297
f 2675/315/298 2651/333/298 2683/260/298
f 2665/278/299 2626/332/299 2633/334/299
f 2683/260/300 2627/335/300 2659/261/300
f 2672/279/301 2633/334/301 2641/336/301
f 2659/261/345 2634/337/345 2666/262/345
f 2680/280/319 2641/336/319 2648/338/319
f 2666/262/304 2642/339/304 2673/263/304
f 2673/263/305 2649/340/305 2681/264/305
f 2656/281/320 2648/338/320 2624/341/320
f 2681/264/346 2625/342/346 2657/265/346
f 2676/282/322 2624/341/322 2639/343/322
f 2657/265/309 2632/344/309 2664/266/309
f 2664/266/324 2640/345/324 2671/267/324
f 2671/267/353 2647/346/353 2679/268/353
f 2679/268/280 2622/347/280 2654/269/280
f 2654/269/281 2630/348/281 2662/270/281
f 2655/253/282 2639/350/282 2623/349/282
f 2662/270/283 2637/319/283 2669/271/283
f 2685/75/246 2806/181/246 2687/74/246
f 2687/74/247 2782/182/247 2689/77/247
f 2689/77/248 2789/183/248 2691/79/248
f 2691/79/332 2797/184/332 2693/22/332
f 2797/184/250 2695/82/250 2693/22/250
f 2804/185/251 2697/84/251 2695/82/251
f 2812/186/252 2699/86/252 2697/84/252
f 2787/187/253 2701/88/253 2699/86/253
f 2794/251/333 2703/90/333 2701/88/333
f 2802/188/255 2705/92/255 2703/90/255
f 2810/189/256 2707/94/256 2705/92/256
f 2785/190/313 2709/23/313 2707/94/313
f 2709/23/258 2800/192/258 2711/96/258
f 2711/96/259 2808/193/259 2713/98/259
f 2713/98/260 2783/194/260 2715/100/260
f 2715/100/261 2790/195/261 2717/102/261
f 2717/102/262 2798/196/262 2719/104/262
f 2719/104/263 2805/197/263 2721/106/263
f 2721/106/314 2781/198/314 2723/108/314
f 2723/108/315 2788/199/315 2725/11/315
f 2788/199/266 2727/110/266 2725/11/266
f 2796/200/267 2729/112/267 2727/110/267
f 2803/201/268 2731/114/268 2729/112/268
f 2811/202/354 2733/116/354 2731/114/354
f 2786/250/270 2735/118/270 2733/116/270
f 2793/203/271 2737/120/271 2735/118/271
f 2801/204/272 2739/121/272 2737/120/272
f 2809/205/273 2741/19/273 2739/121/273
f 2741/19/274 2791/207/274 2743/124/274
f 2743/124/275 2799/208/275 2745/126/275
f 2722/209/12 2706/210/12 2690/127/12
f 2745/126/276 2807/211/276 2747/131/276
f 2747/131/355 2795/212/355 2685/133/355
f 2715/213/11 2731/214/11 2747/215/11
f 2762/351/340 2734/117/340 2736/137/340
f 2756/352/351 2698/85/351 2700/87/351
f 2769/353/356 2736/137/356 2738/119/356
f 2763/354/352 2700/87/352 2702/89/352
f 2777/355/297 2738/119/297 2740/122/297
f 2763/354/298 2704/91/298 2770/356/298
f 2752/357/299 2740/122/299 2742/123/299
f 2770/356/357 2706/93/357 2778/358/357
f 2760/359/301 2742/123/301 2744/125/301
f 2778/358/345 2708/95/345 2753/360/345
f 2767/361/358 2744/125/358 2746/130/358
f 2753/360/304 2710/32/304 2761/362/304
f 2761/362/305 2712/97/305 2768/363/305
f 2775/364/359 2746/130/359 2748/132/359
f 2768/363/346 2714/99/346 2776/365/346
f 2754/366/308 2748/132/308 2686/248/308
f 2776/365/360 2716/101/360 2751/367/360
f 2751/367/361 2718/103/361 2759/368/361
f 2759/368/347 2720/105/347 2766/369/347
f 2766/369/280 2722/107/280 2773/370/280
f 2773/370/348 2724/109/348 2749/371/348
f 2774/372/362 2686/73/362 2688/76/362
f 2749/371/363 2726/16/363 2757/373/363
f 2750/374/364 2688/76/364 2690/78/364
f 2757/373/285 2728/111/285 2764/375/285
f 2758/376/365 2690/78/365 2692/80/365
f 2764/375/328 2730/113/328 2771/377/328
f 2765/378/288 2692/80/288 2694/81/288
f 2771/377/338 2732/115/338 2779/379/338
f 2772/380/290 2694/81/290 2696/83/290
f 2779/379/366 2734/117/366 2755/381/366
f 2780/382/367 2696/83/367 2698/85/367
f 2793/203/293 2755/381/293 2762/351/293
f 2787/187/341 2780/382/341 2756/352/341
f 2801/204/356 2762/351/356 2769/353/356
f 2794/251/352 2756/352/352 2763/354/352
f 2809/205/297 2769/353/297 2777/355/297
f 2794/251/310 2770/356/310 2802/188/310
f 2784/206/368 2777/355/368 2752/357/368
f 2802/188/357 2778/358/357 2810/189/357
f 2791/207/318 2752/357/318 2760/359/318
f 2810/189/345 2753/360/345 2785/190/345
f 2799/208/358 2760/359/358 2767/361/358
f 2785/190/304 2761/362/304 2792/191/304
f 2792/191/305 2768/363/305 2800/192/305
f 2807/211/369 2767/361/369 2775/364/369
f 2800/192/346 2776/365/346 2808/193/346
f 2795/212/370 2775/364/370 2754/366/370
f 2808/193/360 2751/367/360 2783/194/360
f 2783/194/361 2759/368/361 2790/195/361
f 2790/195/347 2766/369/347 2798/196/347
f 2798/196/371 2773/370/371 2805/197/371
f 2805/197/348 2749/371/348 2781/198/348
f 2806/181/362 2754/383/362 2774/372/362
f 2781/198/363 2757/373/363 2788/199/363
f 2782/182/364 2774/372/364 2750/374/364
f 2788/199/285 2764/375/285 2796/200/285
f 2789/183/365 2750/374/365 2758/376/365
f 2796/200/349 2771/377/349 2803/201/349
f 2797/184/288 2758/376/288 2765/378/288
f 2803/201/372 2779/379/372 2811/202/372
f 2804/185/290 2765/378/290 2772/380/290
f 2811/202/366 2755/381/366 2786/250/366
f 2812/186/329 2772/380/329 2780/382/329
f 2942/386/208 2816/4/208 2854/385/208
f 2844/387/209 2857/98/209 2909/388/209
f 2914/389/210 2860/390/210 2941/391/210
f 2907/392/211 2814/32/211 2840/99/211
f 2940/394/11 2817/20/11 2849/168/11
f 2920/395/12 2850/396/12 2939/397/12
f 2915/398/12 2862/171/12 2938/399/12
f 2864/400/12 2865/401/12 2903/402/12
f 2841/403/12 2866/404/12 2902/405/12
f 2935/408/11 2831/170/11 2861/407/11
f 2900/411/11 2834/478/11 2869/410/11
f 2899/414/11 2828/468/11 2870/413/11
f 2871/415/211 2852/107/211 2898/416/211
f 2872/417/211 2873/418/211 2897/419/211
f 2862/420/211 2874/421/211 2896/422/211
f 2917/423/210 2848/424/210 2932/425/210
f 2876/426/210 2877/427/210 2894/428/210
f 2859/429/210 2878/430/210 2893/431/210
f 2879/432/209 2845/106/209 2892/433/209
f 2880/434/209 2881/435/209 2891/436/209
f 2856/437/209 2882/438/209 2890/439/209
f 2918/440/208 2842/441/208 2929/442/208
f 2884/443/208 2885/444/208 2888/445/208
f 2853/446/208 2886/447/208 2887/448/208
f 2887/448/208 2838/449/208 2884/443/208
f 2926/451/373 2887/448/373 2884/443/373
f 2927/450/373 2853/446/373 2887/448/373
f 2888/445/208 2821/453/208 2839/454/208
f 2911/456/373 2888/445/373 2839/454/373
f 2928/455/373 2884/443/373 2888/445/373
f 2929/442/208 2815/1/208 2919/457/208
f 2885/444/208 2851/458/208 2821/453/208
f 2885/444/208 2883/504/208 2889/459/208
f 2890/439/209 2837/460/209 2880/434/209
f 2854/385/209 2880/434/209 2824/461/209
f 2816/4/209 2890/439/209 2854/385/209
f 2891/436/209 2825/160/209 2843/462/209
f 2842/441/209 2843/462/209 2815/1/209
f 2824/461/209 2891/436/209 2842/441/209
f 2892/433/209 2819/11/209 2855/463/209
f 2881/435/209 2855/463/209 2825/160/209
f 2837/460/209 2892/433/209 2881/435/209
f 2893/431/210 2836/464/210 2876/426/210
f 2930/465/374 2876/426/374 2925/466/374
f 2922/467/374 2893/431/374 2930/465/374
f 2894/428/210 2828/468/210 2846/412/210
f 2931/469/374 2846/412/374 2913/470/374
f 2925/466/374 2894/428/374 2931/469/374
f 2932/425/210 2817/20/210 2921/393/210
f 2877/427/210 2858/471/210 2828/468/210
f 2836/464/210 2895/472/210 2877/427/210
f 2896/422/211 2835/473/211 2872/417/211
f 2860/390/211 2872/417/211 2830/474/211
f 2818/8/211 2896/422/211 2860/390/211
f 2897/419/211 2831/475/211 2849/476/211
f 2817/20/211 2897/419/211 2849/476/211
f 2830/474/211 2897/419/211 2848/424/211
f 2898/416/211 2813/16/211 2861/477/211
f 2873/418/211 2861/477/211 2831/475/211
f 2835/473/211 2898/416/211 2873/418/211
f 2868/409/11 2870/413/11 2834/478/11
f 2924/479/11 2899/414/11 2868/409/11
f 2933/480/11 2846/412/11 2899/414/11
f 2851/482/11 2869/410/11 2821/481/11
f 2919/483/11 2900/411/11 2851/482/11
f 2934/484/11 2868/409/11 2900/411/11
f 2911/485/11 2861/407/11 2813/21/11
f 2821/481/11 2901/487/11 2839/486/11
f 2869/410/11 2867/499/11 2901/487/11
f 2902/405/12 2833/488/12 2864/400/12
f 2936/489/12 2864/400/12 2923/490/12
f 2912/491/12 2902/405/12 2936/489/12
f 2903/402/12 2829/492/12 2859/429/12
f 2937/493/12 2859/429/12 2922/467/12
f 2923/490/12 2903/402/12 2937/493/12
f 2938/399/12 2818/8/12 2914/389/12
f 2865/401/12 2847/494/12 2829/492/12
f 2833/488/12 2904/495/12 2865/401/12
f 2939/397/12 2832/169/12 2915/398/12
f 2866/404/12 2863/496/12 2833/488/12
f 2823/497/12 2905/498/12 2866/404/12
f 2916/406/11 2849/168/11 2831/170/11
f 2834/478/11 2906/500/11 2867/499/11
f 2870/413/11 2858/471/11 2906/500/11
f 2907/392/211 2822/103/211 2871/415/211
f 2874/421/211 2871/415/211 2835/473/211
f 2832/167/211 2907/392/211 2874/421/211
f 2941/391/210 2830/474/210 2917/423/210
f 2878/430/210 2875/501/210 2836/464/210
f 2829/492/210 2908/502/210 2878/430/210
f 2909/388/209 2827/102/209 2879/432/209
f 2882/438/209 2879/432/209 2837/460/209
f 2826/503/209 2909/388/209 2882/438/209
f 2942/386/208 2824/461/208 2918/440/208
f 2838/449/208 2910/506/208 2883/504/208
f 2886/447/208 2841/510/208 2910/506/208
f 2910/506/375 2918/440/375 2883/504/375
f 2908/502/376 2917/423/376 2875/501/376
f 2906/500/11 2916/406/11 2867/499/11
f 2863/496/12 2939/397/12 2915/398/12
f 2847/494/12 2938/399/12 2914/389/12
f 2826/88/12 2937/493/12 2844/92/12
f 2844/92/12 2922/467/12 2820/23/12
f 2816/22/12 2936/489/12 2856/84/12
f 2856/84/12 2923/490/12 2826/88/12
f 2901/487/11 2911/485/11 2839/486/11
f 2843/120/11 2924/479/11 2934/484/11
f 2815/19/11 2934/484/11 2919/483/11
f 2855/112/11 2913/470/11 2933/480/11
f 2825/116/11 2933/480/11 2924/479/11
f 2895/472/376 2921/393/376 2858/471/376
f 2827/102/210 2931/469/210 2845/106/210
f 2845/106/210 2913/470/210 2819/11/210
f 2820/23/210 2930/465/210 2857/98/210
f 2857/98/210 2925/466/210 2827/102/210
f 2889/459/375 2919/457/375 2851/458/375
f 2822/507/208 2928/455/208 2852/508/208
f 2852/508/208 2911/456/208 2813/31/208
f 2814/24/208 2927/450/208 2840/509/208
f 2840/509/208 2926/451/208 2822/507/208
f 2883/504/375 2929/442/375 2889/459/375
f 2875/501/376 2932/425/376 2895/472/376
f 2867/499/11 2935/408/11 2901/487/11
f 2904/495/12 2915/398/12 2938/399/12
f 2905/498/12 2920/395/12 2939/397/12
f 2858/471/11 2940/394/11 2906/500/11
f 2847/494/376 2941/391/376 2908/502/376
f 2841/510/375 2942/386/375 2910/506/375
f 3072/386/208 2946/4/208 2984/385/208
f 2974/387/209 2987/98/209 3039/388/209
f 3044/389/210 2990/390/210 3071/391/210
f 3037/392/211 2944/32/211 2970/99/211
f 3070/394/11 2947/20/11 2979/168/11
f 3050/395/12 2980/396/12 3069/397/12
f 3045/398/12 2992/171/12 3068/399/12
f 2994/400/12 2995/401/12 3033/402/12
f 2971/403/12 2996/404/12 3032/405/12
f 3065/408/11 2961/170/11 2991/407/11
f 3030/411/11 2964/478/11 2999/410/11
f 3029/414/11 2958/468/11 3000/413/11
f 3001/415/211 2982/107/211 3028/416/211
f 3002/417/211 3003/418/211 3027/419/211
f 2992/420/211 3004/421/211 3026/422/211
f 3047/423/210 2978/424/210 3062/425/210
f 3006/426/210 3007/427/210 3024/428/210
f 2989/429/210 3008/430/210 3023/431/210
f 3009/432/209 2975/106/209 3022/433/209
f 3010/434/209 3011/435/209 3021/436/209
f 2986/437/209 3012/438/209 3020/439/209
f 3048/440/208 2972/441/208 3059/442/208
f 3014/443/208 3015/444/208 3018/445/208
f 2983/446/208 3016/447/208 3017/448/208
f 3017/448/208 2968/449/208 3014/443/208
f 3057/450/377 3014/443/377 3056/451/377
f 3050/452/377 3017/448/377 3057/450/377
f 3018/445/208 2951/453/208 2969/454/208
f 3058/455/377 2969/454/377 3041/456/377
f 3056/451/377 3018/445/377 3058/455/377
f 3059/442/208 2945/1/208 3049/457/208
f 2951/453/208 3019/459/208 2981/458/208
f 2968/449/208 3019/459/208 3015/444/208
f 3020/439/209 2967/460/209 3010/434/209
f 2984/385/209 3010/434/209 2954/461/209
f 2946/4/209 3020/439/209 2984/385/209
f 3021/436/209 2955/160/209 2973/462/209
f 2972/441/209 2973/462/209 2945/1/209
f 2954/461/209 3021/436/209 2972/441/209
f 3022/433/209 2949/11/209 2985/463/209
f 3011/435/209 2985/463/209 2955/160/209
f 2967/460/209 3022/433/209 3011/435/209
f 3023/431/210 2966/464/210 3006/426/210
f 3060/465/378 3006/426/378 3055/466/378
f 3052/467/378 3023/431/378 3060/465/378
f 3024/428/210 2958/468/210 2976/412/210
f 3061/469/378 2976/412/378 3043/470/378
f 3055/466/378 3024/428/378 3061/469/378
f 3062/425/210 2947/20/210 3051/393/210
f 3007/427/210 2988/471/210 2958/468/210
f 2966/464/210 3025/472/210 3007/427/210
f 3026/422/211 2965/473/211 3002/417/211
f 2990/390/211 3002/417/211 2960/474/211
f 2948/8/211 3026/422/211 2990/390/211
f 3027/419/211 2961/475/211 2979/476/211
f 2947/20/211 3027/419/211 2979/476/211
f 2960/474/211 3027/419/211 2978/424/211
f 3028/416/211 2943/16/211 2991/477/211
f 3003/418/211 2991/477/211 2961/475/211
f 2965/473/211 3028/416/211 3003/418/211
f 2998/409/11 3000/413/11 2964/478/11
f 3054/479/379 3029/414/379 2998/409/379
f 3063/480/379 2976/412/379 3029/414/379
f 2981/482/11 2999/410/11 2951/481/11
f 3049/483/379 3030/411/379 2981/482/379
f 3064/484/379 2998/409/379 3030/411/379
f 3041/485/11 2991/407/11 2943/21/11
f 2951/481/11 3031/487/11 2969/486/11
f 2999/410/11 2997/499/11 3031/487/11
f 3032/405/12 2963/488/12 2994/400/12
f 3066/489/380 2994/400/380 3053/490/380
f 3042/491/380 3032/405/380 3066/489/380
f 3033/402/12 2959/492/12 2989/429/12
f 3067/493/380 2989/429/380 3052/467/380
f 3053/490/380 3033/402/380 3067/493/380
f 3068/399/12 2948/8/12 3044/389/12
f 2995/401/12 2977/494/12 2959/492/12
f 2963/488/12 3034/495/12 2995/401/12
f 3069/397/12 2962/169/12 3045/398/12
f 2996/404/12 2993/496/12 2963/488/12
f 2953/497/12 3035/498/12 2996/404/12
f 3046/406/11 2979/168/11 2961/170/11
f 2964/478/11 3036/500/11 2997/499/11
f 3000/413/11 2988/471/11 3036/500/11
f 3037/392/211 2952/103/211 3001/415/211
f 3004/421/211 3001/415/211 2965/473/211
f 2962/167/211 3037/392/211 3004/421/211
f 3071/391/210 2960/474/210 3047/423/210
f 3008/430/210 3005/501/210 2966/464/210
f 3008/430/210 2977/494/210 3038/502/210
f 3039/388/209 2957/102/209 3009/432/209
f 3012/438/209 3009/432/209 2967/460/209
f 2956/503/209 3039/388/209 3012/438/209
f 3072/386/208 2954/461/208 3048/440/208
f 2968/449/208 3040/506/208 3013/504/208
f 3016/447/208 2971/510/208 3040/506/208
f 3013/504/381 3072/386/381 3048/440/381
f 3005/501/382 3071/391/382 3047/423/382
f 2997/499/383 3070/394/383 3046/406/383
f 3035/498/384 3045/398/384 2993/496/384
f 3034/495/384 3044/389/384 2977/494/384
f 2956/88/12 3067/493/12 2974/92/12
f 2974/92/12 3052/467/12 2950/23/12
f 2946/22/12 3066/489/12 2986/84/12
f 2986/84/12 3053/490/12 2956/88/12
f 2969/486/383 3065/408/383 3041/485/383
f 2973/120/11 3054/479/11 3064/484/11
f 2945/19/11 3064/484/11 3049/483/11
f 2985/112/11 3043/470/11 3063/480/11
f 2955/116/11 3063/480/11 3054/479/11
f 2988/471/382 3062/425/382 3051/393/382
f 2957/102/210 3061/469/210 2975/106/210
f 2975/106/210 3043/470/210 2949/11/210
f 2950/23/210 3060/465/210 2987/98/210
f 2987/98/210 3055/466/210 2957/102/210
f 2981/458/381 3059/442/381 3049/457/381
f 2952/507/208 3058/455/208 2982/508/208
f 2982/508/208 3041/456/208 2943/31/208
f 2944/24/208 3057/450/208 2970/509/208
f 2970/509/208 3056/451/208 2952/507/208
f 3019/459/381 3048/440/381 3059/442/381
f 3025/472/382 3047/423/382 3062/425/382
f 3031/487/383 3046/406/383 3065/408/383
f 2993/496/384 3068/399/384 3034/495/384
f 2983/511/384 3069/397/384 3035/498/384
f 3036/500/383 3051/393/383 3070/394/383
f 3038/502/382 3044/389/382 3071/391/382
f 3040/506/381 3042/384/381 3072/386/381
f 3103/488/12 3102/171/12 3124/401/12
f 3123/410/11 3079/170/11 3101/407/11
f 3122/416/211 3073/103/211 3095/107/211
f 3107/418/11 3154/419/11 3152/418/11
f 3127/392/385 3203/513/385 3094/513/385
f 3109/464/210 3179/514/210 3092/424/210
f 3162/515/209 3163/104/209 3169/516/209
f 3112/435/9 3136/436/9 3134/435/9
f 3098/437/208 3199/439/208 3116/439/208
f 3115/444/208 3074/461/208 3086/441/208
f 3115/444/208 2551/1/208 3083/453/208
f 2549/31/208 3115/444/208 3083/453/208
f 3095/508/208 3114/449/208 3115/444/208
f 3113/438/9 3132/460/9 3133/438/9
f 3096/385/209 3111/434/209 3074/461/209
f 2552/4/209 3116/439/209 3096/385/209
f 3117/436/209 3075/160/209 3087/462/209
f 3086/441/209 3087/462/209 2551/1/209
f 3074/461/209 3117/436/209 3086/441/209
f 3118/433/209 3164/517/209 2555/11/209
f 3112/435/209 3097/463/209 3075/160/209
f 3082/460/208 3155/438/208 3156/460/208
f 3119/427/210 2553/20/210 3090/468/210
f 3089/106/210 3090/468/210 2555/11/210
f 3163/104/210 3109/464/210 3119/427/210
f 3081/473/208 3152/418/208 3150/473/208
f 3184/518/208 3188/417/208 3106/417/208
f 2554/8/211 3120/422/211 3181/519/211
f 3121/419/211 3079/475/211 3093/476/211
f 3092/424/211 3183/520/211 3093/476/211
f 3106/417/385 3191/521/385 3182/521/385
f 3122/416/211 2549/16/211 3101/477/211
f 3107/418/211 3101/477/211 3079/475/211
f 3122/416/11 3146/418/11 3147/416/11
f 3083/481/11 3101/407/11 2549/21/11
f 2551/19/11 3123/410/11 3083/481/11
f 3087/120/11 3104/478/11 3123/410/11
f 3124/401/12 2554/8/12 3091/492/12
f 3088/92/12 3091/492/12 2556/23/12
f 3076/88/12 3124/401/12 3088/92/12
f 3125/404/12 3080/169/12 3103/488/12
f 3098/84/12 3103/488/12 3076/88/12
f 2552/22/12 3125/404/12 3098/84/12
f 3104/478/11 3093/168/11 3079/170/11
f 3075/116/11 3126/413/11 3104/478/11
f 3097/112/11 3090/468/11 3126/413/11
f 3105/415/211 3084/99/211 3073/103/211
f 3122/416/385 3145/415/385 3105/415/385
f 3108/421/11 3205/422/11 3204/421/11
f 3128/430/210 3178/522/210 3078/474/210
f 3161/100/210 3128/430/210 3109/464/210
f 2556/23/210 3128/430/210 3099/98/210
f 3166/512/209 3161/100/209 3168/523/209
f 3167/524/386 3157/432/386 3160/388/386
f 3129/388/11 3198/438/11 3200/388/11
f 3130/447/208 3074/461/208 3114/449/208
f 3073/507/208 3130/447/208 3114/449/208
f 3084/509/208 3085/505/208 3130/447/208
f 3134/435/11 3142/436/11 3140/435/11
f 3134/435/210 3138/460/210 3132/460/210
f 3082/460/9 3134/435/9 3132/460/9
f 3111/434/9 3135/439/9 3131/434/9
f 3116/439/9 3133/438/9 3135/439/9
f 3117/436/9 3131/434/9 3136/436/9
f 3137/434/209 3140/435/209 3142/436/209
f 3141/439/209 3138/460/209 3137/434/209
f 3133/438/12 3141/439/12 3135/439/12
f 3132/460/386 3139/438/386 3133/438/386
f 3136/436/208 3137/434/208 3142/436/208
f 3131/434/208 3141/439/208 3137/434/208
f 3146/418/211 3145/415/211 3147/416/211
f 3144/473/211 3148/392/211 3145/415/211
f 3127/392/12 3143/421/12 3108/421/12
f 3108/421/210 3144/473/210 3081/473/210
f 3081/473/210 3146/418/210 3107/418/210
f 3105/415/385 3148/392/385 3127/392/385
f 3154/419/211 3150/473/211 3152/418/211
f 3149/417/211 3151/421/211 3150/473/211
f 3182/521/210 3153/422/210 3149/417/210
f 3108/421/12 3153/422/12 3120/422/12
f 3184/518/210 3149/417/210 3154/419/210
f 3108/421/208 3150/473/208 3151/421/208
f 3158/435/209 3157/432/209 3159/433/209
f 3156/460/209 3160/388/209 3157/432/209
f 3082/460/208 3158/435/208 3112/435/208
f 3165/525/386 3159/433/386 3157/432/386
f 3129/388/12 3155/438/12 3113/438/12
f 3118/433/11 3158/435/11 3159/433/11
f 3168/523/209 3077/102/209 3162/515/209
f 3165/525/385 3171/432/385 3173/525/385
f 3129/388/208 3170/524/208 3167/524/208
f 3164/517/209 3163/104/209 3089/106/209
f 3118/433/209 3169/516/209 3164/517/209
f 3168/523/210 3175/512/210 3166/512/210
f 3170/524/209 3172/515/209 3171/432/209
f 3174/388/209 3176/523/209 3170/524/209
f 3173/525/209 3172/515/209 3177/516/209
f 3167/524/385 3171/432/385 3110/432/385
f 3162/515/210 3176/523/210 3168/523/210
f 3166/512/12 3174/388/12 3129/388/12
f 3169/516/210 3172/515/210 3162/515/210
f 3169/516/11 3173/525/11 3177/516/11
f 3183/520/211 3184/518/211 3121/419/211
f 3092/424/211 3185/526/211 3183/520/211
f 3179/514/211 3180/527/211 3185/526/211
f 3180/527/386 3193/526/386 3185/526/386
f 3178/522/211 3180/527/211 3078/474/211
f 3178/522/211 3181/519/211 3186/528/211
f 3194/528/211 3190/422/211 3191/521/211
f 3187/527/211 3192/518/211 3193/526/211
f 3187/527/211 3191/521/211 3188/417/211
f 3182/521/208 3190/422/208 3120/422/208
f 3186/528/386 3187/527/386 3180/527/386
f 3120/422/12 3189/519/12 3181/519/12
f 3184/518/11 3193/526/11 3192/518/11
f 3181/519/386 3194/528/386 3186/528/386
f 3195/437/209 3198/438/209 3199/439/209
f 3196/503/209 3200/388/209 3198/438/209
f 3076/88/12 3195/84/12 3098/84/12
f 3088/92/12 3196/88/12 3076/88/12
f 3088/387/210 3200/388/210 3197/387/210
f 3113/438/11 3199/439/11 3198/438/11
f 3205/422/211 3202/167/211 3204/421/211
f 3204/421/211 3203/513/211 3206/392/211
f 3127/392/11 3204/421/11 3206/392/11
f 3094/396/12 3202/169/12 3080/169/12
f 3102/420/386 3205/422/386 3120/422/386
f 3080/169/12 3201/171/12 3102/171/12
f 3207/31/387 3210/4/387 3209/1/387
f 3210/4/209 3215/102/209 3213/11/209
f 3215/102/388 3220/474/388 3216/474/388
f 3216/474/211 3208/32/211 3207/16/211
f 3209/19/389 3211/20/389 3207/21/389
f 3210/22/390 3212/8/390 3214/23/390
f 3215/102/391 3211/20/391 3213/11/391
f 3217/23/391 3220/474/391 3219/102/391
f 3214/23/392 3219/102/392 3215/102/392
f 3214/23/393 3218/8/393 3217/23/393
f 3212/8/211 3220/474/211 3218/8/211
f 3222/24/208 3223/1/208 3221/31/208
f 3224/4/209 3227/11/209 3223/1/209
f 3228/23/210 3225/20/210 3227/11/210
f 3225/20/211 3222/32/211 3221/16/211
f 3223/19/11 3225/20/11 3221/21/11
f 3224/22/12 3226/8/12 3228/23/12
f 3229/75/394 3232/76/394 3231/74/394
f 3231/74/395 3234/78/395 3233/77/395
f 3233/77/396 3236/80/396 3235/79/396
f 3235/79/397 3238/81/397 3237/22/397
f 3237/22/398 3240/83/398 3239/82/398
f 3239/82/399 3242/85/399 3241/84/399
f 3241/84/400 3244/87/400 3243/86/400
f 3243/86/401 3246/89/401 3245/88/401
f 3245/88/402 3248/91/402 3247/90/402
f 3247/90/403 3250/93/403 3249/92/403
f 3249/92/404 3252/95/404 3251/94/404
f 3251/94/405 3254/32/405 3253/23/405
f 3253/23/406 3256/97/406 3255/96/406
f 3255/96/407 3258/99/407 3257/98/407
f 3258/99/408 3259/100/408 3257/98/408
f 3260/101/409 3261/102/409 3259/100/409
f 3262/103/410 3263/104/410 3261/102/410
f 3264/105/411 3265/106/411 3263/104/411
f 3266/107/412 3267/108/412 3265/106/412
f 3268/109/413 3269/11/413 3267/108/413
f 3270/16/414 3271/110/414 3269/11/414
f 3272/111/415 3273/112/415 3271/110/415
f 3274/113/416 3275/114/416 3273/112/416
f 3276/115/417 3277/116/417 3275/114/417
f 3278/117/418 3279/118/418 3277/116/418
f 3280/137/419 3281/120/419 3279/118/419
f 3282/119/420 3283/121/420 3281/120/420
f 3284/122/421 3285/19/421 3283/121/421
f 3286/123/422 3287/124/422 3285/19/422
f 3288/125/423 3289/126/423 3287/124/423
f 3266/129/391 3250/210/391 3234/127/391
f 3289/126/424 3292/132/424 3291/131/424
f 3291/131/425 3230/248/425 3229/133/425
f 3259/529/387 3275/214/387 3291/215/387
f 2006/24/208 2008/4/208 2007/1/208
f 2008/4/209 2019/72/209 2018/57/209
f 2012/23/210 2010/8/210 2009/20/210
f 2010/8/211 2014/58/211 2016/59/211
f 2007/19/11 2018/60/11 2017/70/11
f 2015/61/12 2014/67/12 2010/8/12
f 2015/62/209 2012/23/209 2011/11/209
f 2013/64/11 2011/11/11 2009/20/11
f 2014/67/515 2015/61/515 2019/71/515
f 2016/59/211 2014/58/211 2020/68/211
f 2020/68/211 2006/32/211 2005/16/211
f 2018/60/516 2013/64/516 2016/65/516
f 2020/66/12 2019/71/12 2008/22/12
f 2019/72/209 2015/62/209 2013/63/209
f 2022/24/208 2024/4/208 2023/1/208
f 2024/4/209 2028/23/209 2027/11/209
f 2028/23/210 2026/8/210 2025/20/210
f 2026/8/211 2022/32/211 2021/16/211
f 2023/19/11 2027/11/11 2025/20/11
f 2024/22/12 2022/37/12 2026/8/12
f 2029/31/208 2030/24/208 2032/4/208
f 2032/4/209 2036/23/209 2035/11/209
f 2036/23/210 2034/8/210 2033/20/210
f 2033/20/211 2034/8/211 2030/32/211
f 2031/19/11 2035/11/11 2033/20/11
f 2032/22/12 2030/37/12 2034/8/12
f 2293/75/532 2411/180/532 2395/181/532
f 2295/74/247 2395/181/247 2403/182/247
f 2297/77/312 2403/182/312 2410/183/312
f 2299/79/533 2410/183/533 2418/184/533
f 2418/184/250 2393/185/250 2303/82/250
f 2393/185/251 2401/186/251 2305/84/251
f 2401/186/252 2408/187/252 2307/86/252
f 2408/187/534 2416/251/534 2309/88/534
f 2416/251/333 2391/188/333 2311/90/333
f 2391/188/255 2399/189/255 2313/92/255
f 2399/189/535 2406/190/535 2315/94/535
f 2406/190/313 2414/191/313 2317/23/313
f 2317/23/258 2414/191/258 2389/192/258
f 2319/96/259 2389/192/259 2397/193/259
f 2321/98/260 2397/193/260 2404/194/260
f 2323/100/261 2404/194/261 2412/195/261
f 2325/102/262 2412/195/262 2419/196/262
f 2327/104/263 2419/196/263 2394/197/263
f 2329/106/536 2394/197/536 2402/198/536
f 2331/108/537 2402/198/537 2409/199/537
f 2409/199/266 2417/200/266 2335/110/266
f 2417/200/538 2392/201/538 2337/112/538
f 2392/201/268 2400/202/268 2339/114/268
f 2400/202/269 2407/250/269 2341/116/269
f 2407/250/336 2415/203/336 2343/118/336
f 2415/203/271 2390/204/271 2345/120/271
f 2390/204/272 2398/205/272 2347/121/272
f 2398/205/273 2405/206/273 2349/19/273
f 2349/19/274 2405/206/274 2413/207/274
f 2351/124/275 2413/207/275 2420/208/275
f 2298/127/12 2296/560/12 2294/561/12
f 2294/561/12 2356/562/12 2354/158/12
f 2354/158/12 2352/599/12 2350/600/12
f 2350/600/12 2348/601/12 2346/602/12
f 2346/602/12 2344/603/12 2342/566/12
f 2342/566/12 2340/604/12 2338/605/12
f 2338/605/12 2336/606/12 2334/607/12
f 2334/607/12 2332/608/12 2330/209/12
f 2330/209/12 2328/609/12 2326/549/12
f 2326/549/12 2324/610/12 2322/611/12
f 2322/611/12 2320/612/12 2318/613/12
f 2318/613/12 2316/614/12 2314/210/12
f 2314/210/12 2312/554/12 2310/555/12
f 2310/555/12 2308/556/12 2306/157/12
f 2306/157/12 2304/615/12 2302/558/12
f 2302/558/12 2300/616/12 2298/127/12
f 2298/127/12 2294/561/12 2354/158/12
f 2354/158/12 2350/600/12 2346/602/12
f 2346/602/12 2342/566/12 2338/605/12
f 2338/605/12 2334/607/12 2330/209/12
f 2330/209/12 2326/549/12 2322/611/12
f 2322/611/12 2318/613/12 2314/210/12
f 2314/210/12 2310/555/12 2306/157/12
f 2306/157/12 2302/558/12 2298/127/12
f 2298/127/12 2354/158/12 2346/602/12
f 2346/602/12 2338/605/12 2330/209/12
f 2330/209/12 2322/611/12 2314/210/12
f 2314/210/12 2306/157/12 2298/127/12
f 2298/127/12 2346/602/12 2330/209/12
f 2353/126/276 2420/208/276 2396/211/276
f 2355/131/277 2396/211/277 2411/212/277
f 2355/215/498 2293/571/498 2295/572/498
f 2295/572/498 2297/573/498 2299/617/498
f 2299/617/11 2301/575/11 2303/618/11
f 2303/618/11 2305/577/11 2307/578/11
f 2307/578/11 2309/579/11 2311/580/11
f 2311/580/11 2313/581/11 2315/619/11
f 2315/619/11 2317/620/11 2319/621/11
f 2319/621/11 2321/622/11 2323/213/11
f 2323/213/11 2325/585/11 2327/623/11
f 2327/623/498 2329/624/498 2331/625/498
f 2331/625/11 2333/626/11 2335/627/11
f 2335/627/11 2337/590/11 2339/214/11
f 2339/214/11 2341/591/11 2343/592/11
f 2343/592/11 2345/593/11 2347/628/11
f 2347/628/11 2349/595/11 2351/629/11
f 2351/629/11 2353/570/11 2355/215/11
f 2355/215/11 2295/572/11 2299/617/11
f 2299/617/11 2303/618/11 2307/578/11
f 2307/578/11 2311/580/11 2315/619/11
f 2315/619/11 2319/621/11 2323/213/11
f 2323/213/11 2327/623/11 2331/625/11
f 2331/625/11 2335/627/11 2339/214/11
f 2339/214/11 2343/592/11 2347/628/11
f 2347/628/11 2351/629/11 2355/215/11
f 2355/215/11 2299/617/11 2307/578/11
f 2307/578/11 2315/619/11 2323/213/11
f 2323/213/11 2331/625/11 2339/214/11
f 2339/214/11 2347/628/11 2355/215/11
f 2355/215/11 2307/578/11 2323/213/11
f 2373/216/278 2324/101/278 2326/103/278
f 2380/217/279 2326/103/279 2328/105/279
f 2387/218/280 2328/105/280 2330/107/280
f 2362/219/281 2330/107/281 2332/109/281
f 2363/221/282 2360/249/282 2294/73/282
f 2371/220/283 2332/109/283 2334/16/283
f 2372/223/284 2363/221/284 2296/76/284
f 2378/222/285 2334/16/285 2336/111/285
f 2379/225/286 2372/223/286 2298/78/286
f 2385/224/287 2336/111/287 2338/113/287
f 2386/227/288 2379/225/288 2300/80/288
f 2364/226/289 2338/113/289 2340/115/289
f 2361/229/290 2386/227/290 2302/81/290
f 2369/228/291 2340/115/291 2342/117/291
f 2370/231/292 2361/229/292 2304/83/292
f 2383/232/293 2376/230/293 2342/117/293
f 2377/233/294 2370/231/294 2306/85/294
f 2358/234/295 2383/232/295 2344/137/295
f 2384/235/296 2377/233/296 2308/87/296
f 2367/236/297 2358/234/297 2346/119/297
f 2384/235/298 2310/89/298 2312/91/298
f 2374/238/299 2367/236/299 2348/122/299
f 2359/237/300 2312/91/300 2314/93/300
f 2381/240/301 2374/238/301 2350/123/301
f 2368/239/302 2314/93/302 2316/95/302
f 2388/242/303 2381/240/303 2352/125/303
f 2375/241/304 2316/95/304 2318/32/304
f 2382/243/305 2318/32/305 2320/97/305
f 2366/245/306 2388/242/306 2354/130/306
f 2357/244/539 2320/97/539 2322/99/539
f 2360/247/308 2366/245/308 2356/132/308
f 2365/246/323 2322/99/323 2324/101/323
f 2404/194/278 2373/216/278 2380/217/278
f 2412/195/279 2380/217/279 2387/218/279
f 2419/196/280 2387/218/280 2362/219/280
f 2394/197/281 2362/219/281 2371/220/281
f 2395/181/282 2411/180/282 2360/249/282
f 2402/198/283 2371/220/283 2378/222/283
f 2403/182/284 2395/181/284 2363/221/284
f 2409/199/285 2378/222/285 2385/224/285
f 2410/183/286 2403/182/286 2372/223/286
f 2417/200/287 2385/224/287 2364/226/287
f 2418/184/288 2410/183/288 2379/225/288
f 2392/201/289 2364/226/289 2369/228/289
f 2393/185/290 2418/184/290 2386/227/290
f 2400/202/291 2369/228/291 2376/230/291
f 2401/186/292 2393/185/292 2361/229/292
f 2415/203/293 2407/250/293 2376/230/293
f 2408/187/294 2401/186/294 2370/231/294
f 2390/204/295 2415/203/295 2383/232/295
f 2416/251/296 2408/187/296 2377/233/296
f 2398/205/297 2390/204/297 2358/234/297
f 2416/251/298 2384/235/298 2359/237/298
f 2405/206/299 2398/205/299 2367/236/299
f 2391/188/300 2359/237/300 2368/239/300
f 2413/207/301 2405/206/301 2374/238/301
f 2399/189/302 2368/239/302 2375/241/302
f 2420/208/303 2413/207/303 2381/240/303
f 2406/190/304 2375/241/304 2382/243/304
f 2414/191/305 2382/243/305 2357/244/305
f 2396/211/320 2420/208/320 2388/242/320
f 2389/192/307 2357/244/307 2365/246/307
f 2411/212/308 2396/211/308 2366/245/308
f 2397/193/309 2365/246/309 2373/216/309
f 2421/75/331 2548/252/331 2538/253/331
f 2423/74/247 2538/253/247 2546/254/247
f 2425/77/248 2546/254/248 2522/255/248
f 2427/79/332 2522/255/332 2529/256/332
f 2529/256/540 2536/257/540 2431/82/540
f 2536/257/251 2544/258/251 2433/84/251
f 2544/258/252 2520/259/252 2435/86/252
f 2520/259/253 2527/315/253 2437/88/253
f 2527/315/333 2534/260/333 2439/90/333
f 2534/260/255 2542/261/255 2441/92/255
f 2542/261/535 2518/262/535 2443/94/535
f 2518/262/313 2525/263/313 2445/23/313
f 2445/23/258 2525/263/258 2532/264/258
f 2447/96/259 2532/264/259 2540/265/259
f 2449/98/260 2540/265/260 2547/266/260
f 2451/100/261 2547/266/261 2523/267/261
f 2453/102/262 2523/267/262 2530/268/262
f 2455/104/263 2530/268/263 2537/269/263
f 2457/106/314 2537/269/314 2545/270/314
f 2459/108/265 2545/270/265 2521/271/265
f 2521/271/266 2528/272/266 2463/110/266
f 2528/272/267 2535/273/267 2465/112/267
f 2535/273/268 2543/274/268 2467/114/268
f 2543/274/541 2519/317/541 2469/116/541
f 2519/317/336 2526/275/336 2471/118/336
f 2526/275/271 2533/276/271 2473/120/271
f 2533/276/272 2541/277/272 2475/121/272
f 2541/277/273 2517/278/273 2477/19/273
f 2477/19/274 2517/278/274 2524/279/274
f 2479/124/275 2524/279/275 2531/280/275
f 2426/127/12 2424/560/12 2422/561/12
f 2422/561/12 2484/562/12 2482/158/12
f 2482/158/12 2480/599/12 2478/600/12
f 2478/600/12 2476/601/12 2474/602/12
f 2474/602/12 2472/603/12 2470/566/12
f 2470/566/12 2468/604/12 2466/605/12
f 2466/605/12 2464/606/12 2462/607/12
f 2462/607/12 2460/608/12 2458/209/12
f 2458/209/12 2456/609/12 2454/549/12
f 2454/549/12 2452/610/12 2450/611/12
f 2450/611/12 2448/612/12 2446/613/12
f 2446/613/12 2444/614/12 2442/210/12
f 2442/210/12 2440/554/12 2438/555/12
f 2438/555/12 2436/556/12 2434/157/12
f 2434/157/12 2432/615/12 2430/558/12
f 2430/558/12 2428/616/12 2426/127/12
f 2426/127/12 2422/561/12 2482/158/12
f 2482/158/12 2478/600/12 2474/602/12
f 2474/602/12 2470/566/12 2466/605/12
f 2466/605/12 2462/607/12 2458/209/12
f 2458/209/12 2454/549/12 2450/611/12
f 2450/611/12 2446/613/12 2442/210/12
f 2442/210/12 2438/555/12 2434/157/12
f 2434/157/12 2430/558/12 2426/127/12
f 2426/127/12 2482/158/12 2474/602/12
f 2474/602/12 2466/605/12 2458/209/12
f 2458/209/12 2450/611/12 2442/210/12
f 2442/210/12 2434/157/12 2426/127/12
f 2426/127/12 2474/602/12 2458/209/12
f 2481/126/276 2531/280/276 2539/281/276
f 2483/131/277 2539/281/277 2548/282/277
f 2483/215/11 2421/571/11 2423/572/11
f 2423/572/498 2425/573/498 2427/617/498
f 2427/617/11 2429/575/11 2431/618/11
f 2431/618/11 2433/577/11 2435/578/11
f 2435/578/11 2437/579/11 2439/580/11
f 2439/580/11 2441/581/11 2443/619/11
f 2443/619/11 2445/620/11 2447/621/11
f 2447/621/11 2449/622/11 2451/213/11
f 2451/213/11 2453/585/11 2455/623/11
f 2455/623/499 2457/624/499 2459/625/499
f 2459/625/11 2461/626/11 2463/627/11
f 2463/627/11 2465/590/11 2467/214/11
f 2467/214/11 2469/591/11 2471/592/11
f 2471/592/11 2473/593/11 2475/628/11
f 2475/628/11 2477/595/11 2479/629/11
f 2479/629/11 2481/570/11 2483/215/11
f 2483/215/11 2423/572/11 2427/617/11
f 2427/617/11 2431/618/11 2435/578/11
f 2435/578/11 2439/580/11 2443/619/11
f 2443/619/11 2447/621/11 2451/213/11
f 2451/213/11 2455/623/11 2459/625/11
f 2459/625/11 2463/627/11 2467/214/11
f 2467/214/11 2471/592/11 2475/628/11
f 2475/628/11 2479/629/11 2483/215/11
f 2483/215/11 2427/617/11 2435/578/11
f 2435/578/11 2443/619/11 2451/213/11
f 2451/213/11 2459/625/11 2467/214/11
f 2467/214/11 2475/628/11 2483/215/11
f 2483/215/11 2435/578/11 2451/213/11
f 2509/283/317 2501/314/317 2474/119/317
f 2495/284/298 2438/89/298 2440/91/298
f 2485/286/299 2509/283/299 2476/122/299
f 2502/285/300 2440/91/300 2442/93/300
f 2492/288/301 2485/286/301 2478/123/301
f 2510/287/302 2442/93/302 2444/95/302
f 2499/290/303 2492/288/303 2480/125/303
f 2486/289/542 2444/95/542 2446/32/542
f 2493/291/543 2446/32/543 2448/97/543
f 2507/293/320 2499/290/320 2482/130/320
f 2500/292/321 2448/97/321 2450/99/321
f 2511/295/308 2507/293/308 2484/132/308
f 2508/294/311 2450/99/311 2452/101/311
f 2516/296/278 2452/101/278 2454/103/278
f 2491/297/325 2454/103/325 2456/105/325
f 2498/298/280 2456/105/280 2458/107/280
f 2505/299/281 2458/107/281 2460/109/281
f 2506/301/282 2511/316/282 2422/73/282
f 2514/300/283 2460/109/283 2462/16/283
f 2515/303/284 2506/301/284 2424/76/284
f 2489/302/285 2462/16/285 2464/111/285
f 2490/305/286 2515/303/286 2426/78/286
f 2496/304/328 2464/111/328 2466/113/328
f 2497/307/288 2490/305/288 2428/80/288
f 2503/306/350 2466/113/350 2468/115/350
f 2504/309/290 2497/307/290 2430/81/290
f 2512/308/291 2468/115/291 2470/117/291
f 2513/311/292 2504/309/292 2432/83/292
f 2494/312/293 2487/310/293 2470/117/293
f 2488/313/294 2513/311/294 2434/85/294
f 2501/314/330 2494/312/330 2472/137/330
f 2495/284/296 2488/313/296 2436/87/296
f 2541/277/317 2533/276/317 2501/314/317
f 2527/315/298 2495/284/298 2502/285/298
f 2517/278/299 2541/277/299 2509/283/299
f 2534/260/300 2502/285/300 2510/287/300
f 2524/279/301 2517/278/301 2485/286/301
f 2542/261/302 2510/287/302 2486/289/302
f 2531/280/303 2524/279/303 2492/288/303
f 2518/262/304 2486/289/304 2493/291/304
f 2525/263/305 2493/291/305 2500/292/305
f 2539/281/320 2531/280/320 2499/290/320
f 2532/264/321 2500/292/321 2508/294/321
f 2548/282/308 2539/281/308 2507/293/308
f 2540/265/323 2508/294/323 2516/296/323
f 2547/266/324 2516/296/324 2491/297/324
f 2523/267/325 2491/297/325 2498/298/325
f 2530/268/326 2498/298/326 2505/299/326
f 2537/269/281 2505/299/281 2514/300/281
f 2538/253/282 2548/252/282 2511/316/282
f 2545/270/283 2514/300/283 2489/302/283
f 2546/254/284 2538/253/284 2506/301/284
f 2521/271/285 2489/302/285 2496/304/285
f 2522/255/327 2546/254/327 2515/303/327
f 2528/272/287 2496/304/287 2503/306/287
f 2529/256/288 2522/255/288 2490/305/288
f 2535/273/289 2503/306/289 2512/308/289
f 2536/257/290 2529/256/290 2497/307/290
f 2543/274/291 2512/308/291 2487/310/291
f 2544/258/292 2536/257/292 2504/309/292
f 2526/275/293 2519/317/293 2487/310/293
f 2520/259/294 2544/258/294 2513/311/294
f 2533/276/330 2526/275/330 2494/312/330
f 2527/315/296 2520/259/296 2488/313/296
f 3130/447/208 3085/505/208 2552/4/208
f 3166/512/209 3129/388/209 3088/387/209
f 3088/387/209 2556/23/209 3099/98/209
f 3091/492/210 2554/8/210 3100/390/210
f 3094/513/211 2550/32/211 3084/99/211
f 3126/413/11 3090/468/11 2553/20/11
f 3085/497/12 2550/37/12 3094/396/12
f 2557/75/246 2676/252/246 2655/253/246
f 2559/74/247 2655/253/247 2663/254/247
f 2561/77/248 2663/254/248 2670/255/248
f 2563/79/249 2670/255/249 2678/256/249
f 2678/256/250 2653/257/250 2567/82/250
f 2653/257/251 2661/258/251 2569/84/251
f 2661/258/252 2668/259/252 2571/86/252
f 2668/259/544 2675/315/544 2573/88/544
f 2675/315/333 2683/260/333 2575/90/333
f 2683/260/255 2659/261/255 2577/92/255
f 2659/261/256 2666/262/256 2579/94/256
f 2666/262/313 2673/263/313 2581/23/313
f 2581/23/258 2673/263/258 2681/264/258
f 2583/96/259 2681/264/259 2657/265/259
f 2585/98/260 2657/265/260 2664/266/260
f 2587/100/261 2664/266/261 2671/267/261
f 2589/102/335 2671/267/335 2679/268/335
f 2591/104/263 2679/268/263 2654/269/263
f 2593/106/314 2654/269/314 2662/270/314
f 2595/108/315 2662/270/315 2669/271/315
f 2669/271/266 2677/272/266 2599/110/266
f 2677/272/267 2684/273/267 2601/112/267
f 2684/273/268 2660/274/268 2603/114/268
f 2660/274/269 2667/317/269 2605/116/269
f 2667/317/336 2674/275/336 2607/118/336
f 2674/275/271 2682/276/271 2609/120/271
f 2682/276/272 2658/277/272 2611/121/272
f 2658/277/273 2665/278/273 2613/19/273
f 2613/19/274 2665/278/274 2672/279/274
f 2615/124/275 2672/279/275 2680/280/275
f 2562/127/12 2560/560/12 2558/561/12
f 2558/561/12 2620/562/12 2618/158/12
f 2618/158/12 2616/599/12 2614/600/12
f 2614/600/12 2612/601/12 2610/602/12
f 2610/602/12 2608/603/12 2606/566/12
f 2606/566/12 2604/604/12 2602/605/12
f 2602/605/12 2600/606/12 2598/607/12
f 2598/607/12 2596/608/12 2594/209/12
f 2594/209/12 2592/609/12 2590/549/12
f 2590/549/12 2588/610/12 2586/611/12
f 2586/611/12 2584/612/12 2582/613/12
f 2582/613/12 2580/614/12 2578/210/12
f 2578/210/12 2576/554/12 2574/555/12
f 2574/555/12 2572/556/12 2570/157/12
f 2570/157/12 2568/615/12 2566/558/12
f 2566/558/12 2564/616/12 2562/127/12
f 2562/127/12 2558/561/12 2618/158/12
f 2618/158/12 2614/600/12 2610/602/12
f 2610/602/12 2606/566/12 2602/605/12
f 2602/605/12 2598/607/12 2594/209/12
f 2594/209/12 2590/549/12 2586/611/12
f 2586/611/12 2582/613/12 2578/210/12
f 2578/210/12 2574/555/12 2570/157/12
f 2570/157/12 2566/558/12 2562/127/12
f 2562/127/12 2618/158/12 2610/602/12
f 2610/602/12 2602/605/12 2594/209/12
f 2594/209/12 2586/611/12 2578/210/12
f 2578/210/12 2570/157/12 2562/127/12
f 2562/127/12 2610/602/12 2594/209/12
f 2617/126/276 2680/280/276 2656/281/276
f 2619/131/277 2656/281/277 2676/282/277
f 2619/215/11 2557/571/11 2559/572/11
f 2559/572/11 2561/573/11 2563/617/11
f 2563/617/11 2565/575/11 2567/618/11
f 2567/618/11 2569/577/11 2571/578/11
f 2571/578/11 2573/579/11 2575/580/11
f 2575/580/11 2577/581/11 2579/619/11
f 2579/619/11 2581/620/11 2583/621/11
f 2583/621/11 2585/622/11 2587/213/11
f 2587/213/11 2589/585/11 2591/623/11
f 2591/623/11 2593/624/11 2595/625/11
f 2595/625/11 2597/626/11 2599/627/11
f 2599/627/499 2601/590/499 2603/214/499
f 2603/214/11 2605/591/11 2607/592/11
f 2607/592/11 2609/593/11 2611/628/11
f 2611/628/11 2613/595/11 2615/629/11
f 2615/629/11 2617/570/11 2619/215/11
f 2619/215/11 2559/572/11 2563/617/11
f 2563/617/11 2567/618/11 2571/578/11
f 2571/578/11 2575/580/11 2579/619/11
f 2579/619/11 2583/621/11 2587/213/11
f 2587/213/11 2591/623/11 2595/625/11
f 2595/625/11 2599/627/11 2603/214/11
f 2603/214/11 2607/592/11 2611/628/11
f 2611/628/11 2615/629/11 2619/215/11
f 2619/215/11 2563/617/11 2571/578/11
f 2571/578/11 2579/619/11 2587/213/11
f 2587/213/11 2595/625/11 2603/214/11
f 2603/214/11 2611/628/11 2619/215/11
f 2619/215/11 2571/578/11 2587/213/11
f 2631/318/284 2623/349/284 2560/76/284
f 2637/319/285 2598/16/285 2600/111/285
f 2638/321/286 2631/318/286 2562/78/286
f 2645/320/328 2600/111/328 2602/113/328
f 2646/323/288 2638/321/288 2564/80/288
f 2652/322/350 2602/113/350 2604/115/350
f 2621/325/290 2646/323/290 2566/81/290
f 2628/324/339 2604/115/339 2606/117/339
f 2629/327/367 2621/325/367 2568/83/367
f 2643/328/293 2635/326/293 2606/117/293
f 2636/329/351 2629/327/351 2570/85/351
f 2650/330/330 2643/328/330 2608/137/330
f 2644/331/352 2636/329/352 2572/87/352
f 2626/332/297 2650/330/297 2610/119/297
f 2644/331/298 2574/89/298 2576/91/298
f 2633/334/299 2626/332/299 2612/122/299
f 2651/333/357 2576/91/357 2578/93/357
f 2641/336/301 2633/334/301 2614/123/301
f 2627/335/302 2578/93/302 2580/95/302
f 2648/338/319 2641/336/319 2616/125/319
f 2634/337/304 2580/95/304 2582/32/304
f 2642/339/305 2582/32/305 2584/97/305
f 2624/341/320 2648/338/320 2618/130/320
f 2649/340/346 2584/97/346 2586/99/346
f 2639/343/322 2624/341/322 2620/132/322
f 2625/342/309 2586/99/309 2588/101/309
f 2632/344/324 2588/101/324 2590/103/324
f 2640/345/347 2590/103/347 2592/105/347
f 2647/346/280 2592/105/280 2594/107/280
f 2622/347/281 2594/107/281 2596/109/281
f 2623/349/282 2639/350/282 2558/73/282
f 2630/348/363 2596/109/363 2598/16/363
f 2663/254/284 2655/253/284 2623/349/284
f 2669/271/285 2637/319/285 2645/320/285
f 2670/255/286 2663/254/286 2631/318/286
f 2677/272/349 2645/320/349 2652/322/349
f 2678/256/288 2670/255/288 2638/321/288
f 2684/273/338 2652/322/338 2628/324/338
f 2653/257/290 2678/256/290 2646/323/290
f 2660/274/366 2628/324/366 2635/326/366
f 2661/258/329 2653/257/329 2621/325/329
f 2674/275/293 2667/317/293 2635/326/293
f 2668/259/351 2661/258/351 2629/327/351
f 2682/276/330 2674/275/330 2643/328/330
f 2675/315/352 2668/259/352 2636/329/352
f 2658/277/297 2682/276/297 2650/330/297
f 2675/315/310 2644/331/310 2651/333/310
f 2665/278/299 2658/277/299 2626/332/299
f 2683/260/300 2651/333/300 2627/335/300
f 2672/279/301 2665/278/301 2633/334/301
f 2659/261/345 2627/335/345 2634/337/345
f 2680/280/319 2672/279/319 2641/336/319
f 2666/262/304 2634/337/304 2642/339/304
f 2673/263/305 2642/339/305 2649/340/305
f 2656/281/369 2680/280/369 2648/338/369
f 2681/264/346 2649/340/346 2625/342/346
f 2676/282/322 2656/281/322 2624/341/322
f 2657/265/360 2625/342/360 2632/344/360
f 2664/266/324 2632/344/324 2640/345/324
f 2671/267/347 2640/345/347 2647/346/347
f 2679/268/280 2647/346/280 2622/347/280
f 2654/269/281 2622/347/281 2630/348/281
f 2655/253/282 2676/252/282 2639/350/282
f 2662/270/283 2630/348/283 2637/319/283
f 2685/75/246 2795/180/246 2806/181/246
f 2687/74/247 2806/181/247 2782/182/247
f 2689/77/545 2782/182/545 2789/183/545
f 2691/79/332 2789/183/332 2797/184/332
f 2797/184/250 2804/185/250 2695/82/250
f 2804/185/251 2812/186/251 2697/84/251
f 2812/186/252 2787/187/252 2699/86/252
f 2787/187/544 2794/251/544 2701/88/544
f 2794/251/333 2802/188/333 2703/90/333
f 2802/188/255 2810/189/255 2705/92/255
f 2810/189/256 2785/190/256 2707/94/256
f 2785/190/313 2792/191/313 2709/23/313
f 2709/23/258 2792/191/258 2800/192/258
f 2711/96/259 2800/192/259 2808/193/259
f 2713/98/260 2808/193/260 2783/194/260
f 2715/100/546 2783/194/546 2790/195/546
f 2717/102/262 2790/195/262 2798/196/262
f 2719/104/263 2798/196/263 2805/197/263
f 2721/106/264 2805/197/264 2781/198/264
f 2723/108/265 2781/198/265 2788/199/265
f 2788/199/266 2796/200/266 2727/110/266
f 2796/200/267 2803/201/267 2729/112/267
f 2803/201/268 2811/202/268 2731/114/268
f 2811/202/354 2786/250/354 2733/116/354
f 2786/250/336 2793/203/336 2735/118/336
f 2793/203/271 2801/204/271 2737/120/271
f 2801/204/272 2809/205/272 2739/121/272
f 2809/205/273 2784/206/273 2741/19/273
f 2741/19/274 2784/206/274 2791/207/274
f 2743/124/275 2791/207/275 2799/208/275
f 2690/127/12 2688/560/12 2686/561/12
f 2686/561/12 2748/562/12 2746/158/12
f 2746/158/12 2744/599/12 2742/600/12
f 2742/600/12 2740/601/12 2738/602/12
f 2738/602/12 2736/603/12 2734/566/12
f 2734/566/12 2732/604/12 2730/605/12
f 2730/605/12 2728/606/12 2726/607/12
f 2726/607/12 2724/608/12 2722/209/12
f 2722/209/12 2720/609/12 2718/549/12
f 2718/549/12 2716/610/12 2714/611/12
f 2714/611/12 2712/612/12 2710/613/12
f 2710/613/12 2708/614/12 2706/210/12
f 2706/210/12 2704/554/12 2702/555/12
f 2702/555/12 2700/556/12 2698/157/12
f 2698/157/12 2696/615/12 2694/558/12
f 2694/558/12 2692/616/12 2690/127/12
f 2690/127/12 2686/561/12 2746/158/12
f 2746/158/12 2742/600/12 2738/602/12
f 2738/602/12 2734/566/12 2730/605/12
f 2730/605/12 2726/607/12 2722/209/12
f 2722/209/12 2718/549/12 2714/611/12
f 2714/611/12 2710/613/12 2706/210/12
f 2706/210/12 2702/555/12 2698/157/12
f 2698/157/12 2694/558/12 2690/127/12
f 2690/127/12 2746/158/12 2738/602/12
f 2738/602/12 2730/605/12 2722/209/12
f 2722/209/12 2714/611/12 2706/210/12
f 2706/210/12 2698/157/12 2690/127/12
f 2690/127/12 2738/602/12 2722/209/12
f 2745/126/276 2799/208/276 2807/211/276
f 2747/131/277 2807/211/277 2795/212/277
f 2747/215/11 2685/571/11 2687/572/11
f 2687/572/11 2689/573/11 2691/617/11
f 2691/617/11 2693/575/11 2695/618/11
f 2695/618/11 2697/577/11 2699/578/11
f 2699/578/11 2701/579/11 2703/580/11
f 2703/580/11 2705/581/11 2707/619/11
f 2707/619/11 2709/620/11 2711/621/11
f 2711/621/11 2713/622/11 2715/213/11
f 2715/213/11 2717/585/11 2719/623/11
f 2719/623/11 2721/624/11 2723/625/11
f 2723/625/11 2725/626/11 2727/627/11
f 2727/627/11 2729/590/11 2731/214/11
f 2731/214/11 2733/591/11 2735/592/11
f 2735/592/11 2737/593/11 2739/628/11
f 2739/628/11 2741/595/11 2743/629/11
f 2743/629/11 2745/570/11 2747/215/11
f 2747/215/11 2687/572/11 2691/617/11
f 2691/617/11 2695/618/11 2699/578/11
f 2699/578/11 2703/580/11 2707/619/11
f 2707/619/11 2711/621/11 2715/213/11
f 2715/213/11 2719/623/11 2723/625/11
f 2723/625/11 2727/627/11 2731/214/11
f 2731/214/11 2735/592/11 2739/628/11
f 2739/628/11 2743/629/11 2747/215/11
f 2747/215/11 2691/617/11 2699/578/11
f 2699/578/11 2707/619/11 2715/213/11
f 2715/213/11 2723/625/11 2731/214/11
f 2731/214/11 2739/628/11 2747/215/11
f 2747/215/11 2699/578/11 2715/213/11
f 2762/351/293 2755/381/293 2734/117/293
f 2756/352/341 2780/382/341 2698/85/341
f 2769/353/356 2762/351/356 2736/137/356
f 2763/354/352 2756/352/352 2700/87/352
f 2777/355/297 2769/353/297 2738/119/297
f 2763/354/298 2702/89/298 2704/91/298
f 2752/357/368 2777/355/368 2740/122/368
f 2770/356/357 2704/91/357 2706/93/357
f 2760/359/318 2752/357/318 2742/123/318
f 2778/358/345 2706/93/345 2708/95/345
f 2767/361/358 2760/359/358 2744/125/358
f 2753/360/304 2708/95/304 2710/32/304
f 2761/362/547 2710/32/547 2712/97/547
f 2775/364/369 2767/361/369 2746/130/369
f 2768/363/346 2712/97/346 2714/99/346
f 2754/366/370 2775/364/370 2748/132/370
f 2776/365/360 2714/99/360 2716/101/360
f 2751/367/278 2716/101/278 2718/103/278
f 2759/368/347 2718/103/347 2720/105/347
f 2766/369/280 2720/105/280 2722/107/280
f 2773/370/281 2722/107/281 2724/109/281
f 2774/372/362 2754/383/362 2686/73/362
f 2749/371/283 2724/109/283 2726/16/283
f 2750/374/364 2774/372/364 2688/76/364
f 2757/373/548 2726/16/548 2728/111/548
f 2758/376/365 2750/374/365 2690/78/365
f 2764/375/349 2728/111/349 2730/113/349
f 2765/378/288 2758/376/288 2692/80/288
f 2771/377/338 2730/113/338 2732/115/338
f 2772/380/290 2765/378/290 2694/81/290
f 2779/379/366 2732/115/366 2734/117/366
f 2780/382/329 2772/380/329 2696/83/329
f 2793/203/293 2786/250/293 2755/381/293
f 2787/187/341 2812/186/341 2780/382/341
f 2801/204/356 2793/203/356 2762/351/356
f 2794/251/352 2787/187/352 2756/352/352
f 2809/205/297 2801/204/297 2769/353/297
f 2794/251/310 2763/354/310 2770/356/310
f 2784/206/368 2809/205/368 2777/355/368
f 2802/188/357 2770/356/357 2778/358/357
f 2791/207/318 2784/206/318 2752/357/318
f 2810/189/345 2778/358/345 2753/360/345
f 2799/208/358 2791/207/358 2760/359/358
f 2785/190/304 2753/360/304 2761/362/304
f 2792/191/305 2761/362/305 2768/363/305
f 2807/211/369 2799/208/369 2767/361/369
f 2800/192/346 2768/363/346 2776/365/346
f 2795/212/322 2807/211/322 2775/364/322
f 2808/193/360 2776/365/360 2751/367/360
f 2783/194/361 2751/367/361 2759/368/361
f 2790/195/347 2759/368/347 2766/369/347
f 2798/196/326 2766/369/326 2773/370/326
f 2805/197/549 2773/370/549 2749/371/549
f 2806/181/362 2795/180/362 2754/383/362
f 2781/198/283 2749/371/283 2757/373/283
f 2782/182/284 2806/181/284 2774/372/284
f 2788/199/285 2757/373/285 2764/375/285
f 2789/183/286 2782/182/286 2750/374/286
f 2796/200/328 2764/375/328 2771/377/328
f 2797/184/288 2789/183/288 2758/376/288
f 2803/201/338 2771/377/338 2779/379/338
f 2804/185/550 2797/184/550 2765/378/550
f 2811/202/366 2779/379/366 2755/381/366
f 2812/186/329 2804/185/329 2772/380/329
f 2942/386/208 2912/384/208 2816/4/208
f 2844/387/209 2820/23/209 2857/98/209
f 2914/389/210 2818/8/210 2860/390/210
f 2907/392/211 2850/513/211 2814/32/211
f 2940/394/11 2921/393/11 2817/20/11
f 2920/395/12 2814/37/12 2850/396/12
f 2915/398/12 2832/169/12 2862/171/12
f 2864/400/12 2833/488/12 2865/401/12
f 2841/403/12 2823/497/12 2866/404/12
f 2935/408/11 2916/406/11 2831/170/11
f 2900/411/11 2868/409/11 2834/478/11
f 2899/414/11 2846/412/11 2828/468/11
f 2871/415/211 2822/103/211 2852/107/211
f 2872/417/211 2835/473/211 2873/418/211
f 2862/420/211 2832/167/211 2874/421/211
f 2917/423/210 2830/474/210 2848/424/210
f 2876/426/210 2836/464/210 2877/427/210
f 2859/429/210 2829/492/210 2878/430/210
f 2879/432/209 2827/102/209 2845/106/209
f 2880/434/209 2837/460/209 2881/435/209
f 2856/437/209 2826/503/209 2882/438/209
f 2918/440/208 2824/461/208 2842/441/208
f 2884/443/208 2838/449/208 2885/444/208
f 2853/446/208 2823/505/208 2886/447/208
f 2887/448/208 2886/447/208 2838/449/208
f 2926/451/373 2927/450/373 2887/448/373
f 2927/450/373 2920/452/373 2853/446/373
f 2888/445/208 2885/444/208 2821/453/208
f 2911/456/373 2928/455/373 2888/445/373
f 2928/455/373 2926/451/373 2884/443/373
f 2929/442/208 2842/441/208 2815/1/208
f 2885/444/208 2889/459/208 2851/458/208
f 2885/444/208 2838/449/208 2883/504/208
f 2890/439/209 2882/438/209 2837/460/209
f 2854/385/209 2890/439/209 2880/434/209
f 2816/4/209 2856/437/209 2890/439/209
f 2891/436/209 2881/435/209 2825/160/209
f 2842/441/209 2891/436/209 2843/462/209
f 2824/461/209 2880/434/209 2891/436/209
f 2892/433/209 2845/106/209 2819/11/209
f 2881/435/209 2892/433/209 2855/463/209
f 2837/460/209 2879/432/209 2892/433/209
f 2893/431/210 2878/430/210 2836/464/210
f 2930/465/374 2893/431/374 2876/426/374
f 2922/467/374 2859/429/374 2893/431/374
f 2894/428/210 2877/427/210 2828/468/210
f 2931/469/374 2894/428/374 2846/412/374
f 2925/466/374 2876/426/374 2894/428/374
f 2932/425/210 2848/424/210 2817/20/210
f 2877/427/210 2895/472/210 2858/471/210
f 2836/464/210 2875/501/210 2895/472/210
f 2896/422/211 2874/421/211 2835/473/211
f 2860/390/211 2896/422/211 2872/417/211
f 2818/8/211 2862/420/211 2896/422/211
f 2897/419/211 2873/418/211 2831/475/211
f 2817/20/211 2848/424/211 2897/419/211
f 2830/474/211 2872/417/211 2897/419/211
f 2898/416/211 2852/107/211 2813/16/211
f 2873/418/211 2898/416/211 2861/477/211
f 2835/473/211 2871/415/211 2898/416/211
f 2868/409/11 2899/414/11 2870/413/11
f 2924/479/11 2933/480/11 2899/414/11
f 2933/480/11 2913/470/11 2846/412/11
f 2851/482/11 2900/411/11 2869/410/11
f 2919/483/11 2934/484/11 2900/411/11
f 2934/484/11 2924/479/11 2868/409/11
f 2911/485/11 2935/408/11 2861/407/11
f 2821/481/11 2869/410/11 2901/487/11
f 2869/410/11 2834/478/11 2867/499/11
f 2902/405/12 2866/404/12 2833/488/12
f 2936/489/12 2902/405/12 2864/400/12
f 2912/491/12 2841/403/12 2902/405/12
f 2903/402/12 2865/401/12 2829/492/12
f 2937/493/12 2903/402/12 2859/429/12
f 2923/490/12 2864/400/12 2903/402/12
f 2938/399/12 2862/171/12 2818/8/12
f 2865/401/12 2904/495/12 2847/494/12
f 2833/488/12 2863/496/12 2904/495/12
f 2939/397/12 2850/396/12 2832/169/12
f 2866/404/12 2905/498/12 2863/496/12
f 2823/497/12 2853/511/12 2905/498/12
f 2916/406/11 2940/394/11 2849/168/11
f 2834/478/11 2870/413/11 2906/500/11
f 2870/413/11 2828/468/11 2858/471/11
f 2907/392/211 2840/99/211 2822/103/211
f 2874/421/211 2907/392/211 2871/415/211
f 2832/167/211 2850/513/211 2907/392/211
f 2941/391/210 2860/390/210 2830/474/210
f 2878/430/210 2908/502/210 2875/501/210
f 2829/492/210 2847/494/210 2908/502/210
f 2909/388/209 2857/98/209 2827/102/209
f 2882/438/209 2909/388/209 2879/432/209
f 2826/503/209 2844/387/209 2909/388/209
f 2942/386/208 2854/385/208 2824/461/208
f 2838/449/208 2886/447/208 2910/506/208
f 2886/447/208 2823/505/208 2841/510/208
f 2910/506/375 2942/386/375 2918/440/375
f 2908/502/376 2941/391/376 2917/423/376
f 2906/500/11 2940/394/11 2916/406/11
f 2863/496/12 2905/498/12 2939/397/12
f 2847/494/12 2904/495/12 2938/399/12
f 2826/88/12 2923/490/12 2937/493/12
f 2844/92/12 2937/493/12 2922/467/12
f 2816/22/12 2912/491/12 2936/489/12
f 2856/84/12 2936/489/12 2923/490/12
f 2901/487/11 2935/408/11 2911/485/11
f 2843/120/11 2825/116/11 2924/479/11
f 2815/19/11 2843/120/11 2934/484/11
f 2855/112/11 2819/11/11 2913/470/11
f 2825/116/11 2855/112/11 2933/480/11
f 2895/472/376 2932/425/376 2921/393/376
f 2827/102/210 2925/466/210 2931/469/210
f 2845/106/210 2931/469/210 2913/470/210
f 2820/23/210 2922/467/210 2930/465/210
f 2857/98/210 2930/465/210 2925/466/210
f 2889/459/375 2929/442/375 2919/457/375
f 2822/507/208 2926/451/208 2928/455/208
f 2852/508/208 2928/455/208 2911/456/208
f 2814/24/208 2920/452/208 2927/450/208
f 2840/509/208 2927/450/208 2926/451/208
f 2883/504/375 2918/440/375 2929/442/375
f 2875/501/376 2917/423/376 2932/425/376
f 2867/499/11 2916/406/11 2935/408/11
f 2904/495/12 2863/496/12 2915/398/12
f 2905/498/12 2853/511/12 2920/395/12
f 2858/471/11 2921/393/11 2940/394/11
f 2847/494/376 2914/389/376 2941/391/376
f 2841/510/375 2912/384/375 2942/386/375
f 3072/386/208 3042/384/208 2946/4/208
f 2974/387/209 2950/23/209 2987/98/209
f 3044/389/210 2948/8/210 2990/390/210
f 3037/392/211 2980/513/211 2944/32/211
f 3070/394/11 3051/393/11 2947/20/11
f 3050/395/12 2944/37/12 2980/396/12
f 3045/398/12 2962/169/12 2992/171/12
f 2994/400/12 2963/488/12 2995/401/12
f 2971/403/12 2953/497/12 2996/404/12
f 3065/408/11 3046/406/11 2961/170/11
f 3030/411/11 2998/409/11 2964/478/11
f 3029/414/11 2976/412/11 2958/468/11
f 3001/415/211 2952/103/211 2982/107/211
f 3002/417/211 2965/473/211 3003/418/211
f 2992/420/211 2962/167/211 3004/421/211
f 3047/423/210 2960/474/210 2978/424/210
f 3006/426/210 2966/464/210 3007/427/210
f 2989/429/210 2959/492/210 3008/430/210
f 3009/432/209 2957/102/209 2975/106/209
f 3010/434/209 2967/460/209 3011/435/209
f 2986/437/209 2956/503/209 3012/438/209
f 3048/440/208 2954/461/208 2972/441/208
f 3014/443/208 2968/449/208 3015/444/208
f 2983/446/208 2953/505/208 3016/447/208
f 3017/448/208 3016/447/208 2968/449/208
f 3057/450/377 3017/448/377 3014/443/377
f 3050/452/377 2983/446/377 3017/448/377
f 3018/445/208 3015/444/208 2951/453/208
f 3058/455/377 3018/445/377 2969/454/377
f 3056/451/377 3014/443/377 3018/445/377
f 3059/442/208 2972/441/208 2945/1/208
f 2951/453/208 3015/444/208 3019/459/208
f 2968/449/208 3013/504/208 3019/459/208
f 3020/439/209 3012/438/209 2967/460/209
f 2984/385/209 3020/439/209 3010/434/209
f 2946/4/209 2986/437/209 3020/439/209
f 3021/436/209 3011/435/209 2955/160/209
f 2972/441/209 3021/436/209 2973/462/209
f 2954/461/209 3010/434/209 3021/436/209
f 3022/433/209 2975/106/209 2949/11/209
f 3011/435/209 3022/433/209 2985/463/209
f 2967/460/209 3009/432/209 3022/433/209
f 3023/431/210 3008/430/210 2966/464/210
f 3060/465/378 3023/431/378 3006/426/378
f 3052/467/378 2989/429/378 3023/431/378
f 3024/428/210 3007/427/210 2958/468/210
f 3061/469/378 3024/428/378 2976/412/378
f 3055/466/378 3006/426/378 3024/428/378
f 3062/425/210 2978/424/210 2947/20/210
f 3007/427/210 3025/472/210 2988/471/210
f 2966/464/210 3005/501/210 3025/472/210
f 3026/422/211 3004/421/211 2965/473/211
f 2990/390/211 3026/422/211 3002/417/211
f 2948/8/211 2992/420/211 3026/422/211
f 3027/419/211 3003/418/211 2961/475/211
f 2947/20/211 2978/424/211 3027/419/211
f 2960/474/211 3002/417/211 3027/419/211
f 3028/416/211 2982/107/211 2943/16/211
f 3003/418/211 3028/416/211 2991/477/211
f 2965/473/211 3001/415/211 3028/416/211
f 2998/409/11 3029/414/11 3000/413/11
f 3054/479/379 3063/480/379 3029/414/379
f 3063/480/379 3043/470/379 2976/412/379
f 2981/482/11 3030/411/11 2999/410/11
f 3049/483/379 3064/484/379 3030/411/379
f 3064/484/379 3054/479/379 2998/409/379
f 3041/485/11 3065/408/11 2991/407/11
f 2951/481/11 2999/410/11 3031/487/11
f 2999/410/11 2964/478/11 2997/499/11
f 3032/405/12 2996/404/12 2963/488/12
f 3066/489/380 3032/405/380 2994/400/380
f 3042/491/380 2971/403/380 3032/405/380
f 3033/402/12 2995/401/12 2959/492/12
f 3067/493/380 3033/402/380 2989/429/380
f 3053/490/380 2994/400/380 3033/402/380
f 3068/399/12 2992/171/12 2948/8/12
f 2995/401/12 3034/495/12 2977/494/12
f 2963/488/12 2993/496/12 3034/495/12
f 3069/397/12 2980/396/12 2962/169/12
f 2996/404/12 3035/498/12 2993/496/12
f 2953/497/12 2983/511/12 3035/498/12
f 3046/406/11 3070/394/11 2979/168/11
f 2964/478/11 3000/413/11 3036/500/11
f 3000/413/11 2958/468/11 2988/471/11
f 3037/392/211 2970/99/211 2952/103/211
f 3004/421/211 3037/392/211 3001/415/211
f 2962/167/211 2980/513/211 3037/392/211
f 3071/391/210 2990/390/210 2960/474/210
f 3008/430/210 3038/502/210 3005/501/210
f 3008/430/210 2959/492/210 2977/494/210
f 3039/388/209 2987/98/209 2957/102/209
f 3012/438/209 3039/388/209 3009/432/209
f 2956/503/209 2974/387/209 3039/388/209
f 3072/386/208 2984/385/208 2954/461/208
f 2968/449/208 3016/447/208 3040/506/208
f 3016/447/208 2953/505/208 2971/510/208
f 3013/504/381 3040/506/381 3072/386/381
f 3005/501/382 3038/502/382 3071/391/382
f 2997/499/383 3036/500/383 3070/394/383
f 3035/498/384 3069/397/384 3045/398/384
f 3034/495/384 3068/399/384 3044/389/384
f 2956/88/12 3053/490/12 3067/493/12
f 2974/92/12 3067/493/12 3052/467/12
f 2946/22/12 3042/491/12 3066/489/12
f 2986/84/12 3066/489/12 3053/490/12
f 2969/486/383 3031/487/383 3065/408/383
f 2973/120/11 2955/116/11 3054/479/11
f 2945/19/11 2973/120/11 3064/484/11
f 2985/112/11 2949/11/11 3043/470/11
f 2955/116/11 2985/112/11 3063/480/11
f 2988/471/382 3025/472/382 3062/425/382
f 2957/102/210 3055/466/210 3061/469/210
f 2975/106/210 3061/469/210 3043/470/210
f 2950/23/210 3052/467/210 3060/465/210
f 2987/98/210 3060/465/210 3055/466/210
f 2981/458/381 3019/459/381 3059/442/381
f 2952/507/208 3056/451/208 3058/455/208
f 2982/508/208 3058/455/208 3041/456/208
f 2944/24/208 3050/452/208 3057/450/208
f 2970/509/208 3057/450/208 3056/451/208
f 3019/459/381 3013/504/381 3048/440/381
f 3025/472/382 3005/501/382 3047/423/382
f 3031/487/383 2997/499/383 3046/406/383
f 2993/496/384 3045/398/384 3068/399/384
f 2983/511/384 3050/395/384 3069/397/384
f 3036/500/383 2988/471/383 3051/393/383
f 3038/502/382 2977/494/382 3044/389/382
f 3040/506/381 2971/510/381 3042/384/381
f 3103/488/12 3080/169/12 3102/171/12
f 3123/410/11 3104/478/11 3079/170/11
f 3122/416/211 3105/415/211 3073/103/211
f 3107/418/11 3121/419/11 3154/419/11
f 3127/392/385 3206/392/385 3203/513/385
f 3092/424/210 3119/427/210 3109/464/210
f 3109/464/210 3078/474/210 3179/514/210
f 3162/515/209 3077/102/209 3163/104/209
f 3112/435/9 3117/436/9 3136/436/9
f 3098/437/208 3195/437/208 3199/439/208
f 3115/444/208 3114/449/208 3074/461/208
f 3115/444/208 3086/441/208 2551/1/208
f 2549/31/208 3095/508/208 3115/444/208
f 3095/508/208 3073/507/208 3114/449/208
f 3113/438/9 3082/460/9 3132/460/9
f 3096/385/209 3116/439/209 3111/434/209
f 2552/4/209 3098/437/209 3116/439/209
f 3117/436/209 3112/435/209 3075/160/209
f 3086/441/209 3117/436/209 3087/462/209
f 3074/461/209 3111/434/209 3117/436/209
f 2555/11/209 3097/463/209 3118/433/209
f 3164/517/209 3089/106/209 2555/11/209
f 3112/435/209 3118/433/209 3097/463/209
f 3082/460/385 3113/438/385 3155/438/385
f 3119/427/210 3092/424/210 2553/20/210
f 3089/106/210 3119/427/210 3090/468/210
f 3119/427/210 3089/106/210 3163/104/210
f 3163/104/210 3077/102/210 3109/464/210
f 3081/473/208 3107/418/208 3152/418/208
f 3184/518/208 3192/518/208 3188/417/208
f 3181/519/211 3100/390/211 2554/8/211
f 2554/8/211 3102/420/211 3120/422/211
f 3121/419/211 3107/418/211 3079/475/211
f 3093/476/211 2553/20/211 3092/424/211
f 3183/520/211 3121/419/211 3093/476/211
f 3106/417/208 3188/417/208 3191/521/208
f 3122/416/211 3095/107/211 2549/16/211
f 3107/418/211 3122/416/211 3101/477/211
f 3122/416/11 3107/418/11 3146/418/11
f 3083/481/11 3123/410/11 3101/407/11
f 2551/19/11 3087/120/11 3123/410/11
f 3087/120/11 3075/116/11 3104/478/11
f 3124/401/12 3102/171/12 2554/8/12
f 3088/92/12 3124/401/12 3091/492/12
f 3076/88/12 3103/488/12 3124/401/12
f 3125/404/12 3094/396/12 3080/169/12
f 3098/84/12 3125/404/12 3103/488/12
f 2552/22/12 3085/497/12 3125/404/12
f 3104/478/11 3126/413/11 3093/168/11
f 3075/116/11 3097/112/11 3126/413/11
f 3097/112/11 2555/11/11 3090/468/11
f 3105/415/211 3127/392/211 3084/99/211
f 3122/416/385 3147/416/385 3145/415/385
f 3108/421/11 3120/422/11 3205/422/11
f 3078/474/210 3109/464/210 3128/430/210
f 3128/430/210 3100/390/210 3178/522/210
f 3109/464/210 3077/102/210 3161/100/210
f 3161/100/210 3099/98/210 3128/430/210
f 2556/23/210 3091/492/210 3128/430/210
f 3166/512/209 3099/98/209 3161/100/209
f 3160/388/210 3129/388/210 3167/524/210
f 3167/524/210 3110/432/210 3157/432/210
f 3129/388/11 3113/438/11 3198/438/11
f 3130/447/208 3096/385/208 3074/461/208
f 3073/507/208 3084/509/208 3130/447/208
f 3084/509/208 2550/24/208 3085/505/208
f 3134/435/11 3136/436/11 3142/436/11
f 3134/435/210 3140/435/210 3138/460/210
f 3082/460/9 3112/435/9 3134/435/9
f 3111/434/9 3116/439/9 3135/439/9
f 3116/439/9 3113/438/9 3133/438/9
f 3117/436/9 3111/434/9 3131/434/9
f 3137/434/209 3138/460/209 3140/435/209
f 3141/439/209 3139/438/209 3138/460/209
f 3133/438/12 3139/438/12 3141/439/12
f 3132/460/210 3138/460/210 3139/438/210
f 3136/436/208 3131/434/208 3137/434/208
f 3131/434/208 3135/439/208 3141/439/208
f 3146/418/211 3144/473/211 3145/415/211
f 3144/473/211 3143/421/211 3148/392/211
f 3127/392/12 3148/392/12 3143/421/12
f 3108/421/210 3143/421/210 3144/473/210
f 3081/473/210 3144/473/210 3146/418/210
f 3105/415/385 3145/415/385 3148/392/385
f 3154/419/211 3149/417/211 3150/473/211
f 3149/417/211 3153/422/211 3151/421/211
f 3149/417/210 3106/417/210 3182/521/210
f 3182/521/210 3120/422/210 3153/422/210
f 3108/421/12 3151/421/12 3153/422/12
f 3154/419/210 3121/419/210 3184/518/210
f 3184/518/210 3106/417/210 3149/417/210
f 3108/421/208 3081/473/208 3150/473/208
f 3158/435/209 3156/460/209 3157/432/209
f 3156/460/209 3155/438/209 3160/388/209
f 3082/460/208 3156/460/208 3158/435/208
f 3157/432/210 3110/432/210 3165/525/210
f 3165/525/210 3118/433/210 3159/433/210
f 3129/388/12 3160/388/12 3155/438/12
f 3118/433/11 3112/435/11 3158/435/11
f 3168/523/209 3161/100/209 3077/102/209
f 3165/525/208 3110/432/208 3171/432/208
f 3129/388/385 3174/388/385 3170/524/385
f 3164/517/209 3169/516/209 3163/104/209
f 3118/433/209 3165/525/209 3169/516/209
f 3168/523/210 3176/523/210 3175/512/210
f 3170/524/209 3176/523/209 3172/515/209
f 3174/388/209 3175/512/209 3176/523/209
f 3173/525/209 3171/432/209 3172/515/209
f 3167/524/208 3170/524/208 3171/432/208
f 3162/515/210 3172/515/210 3176/523/210
f 3166/512/12 3175/512/12 3174/388/12
f 3169/516/210 3177/516/210 3172/515/210
f 3169/516/11 3165/525/11 3173/525/11
f 3183/520/211 3185/526/211 3184/518/211
f 3092/424/211 3179/514/211 3185/526/211
f 3179/514/211 3078/474/211 3180/527/211
f 3180/527/386 3187/527/386 3193/526/386
f 3178/522/211 3186/528/211 3180/527/211
f 3178/522/211 3100/390/211 3181/519/211
f 3194/528/211 3189/519/211 3190/422/211
f 3187/527/211 3188/417/211 3192/518/211
f 3187/527/211 3194/528/211 3191/521/211
f 3182/521/385 3191/521/385 3190/422/385
f 3186/528/386 3194/528/386 3187/527/386
f 3120/422/12 3190/422/12 3189/519/12
f 3184/518/11 3185/526/11 3193/526/11
f 3181/519/386 3189/519/386 3194/528/386
f 3195/437/209 3196/503/209 3198/438/209
f 3196/503/209 3197/387/209 3200/388/209
f 3076/88/12 3196/88/12 3195/84/12
f 3088/92/12 3197/92/12 3196/88/12
f 3088/387/210 3129/388/210 3200/388/210
f 3113/438/11 3116/439/11 3199/439/11
f 3205/422/211 3201/420/211 3202/167/211
f 3204/421/211 3202/167/211 3203/513/211
f 3127/392/11 3108/421/11 3204/421/11
f 3094/396/12 3203/396/12 3202/169/12
f 3102/420/386 3201/420/386 3205/422/386
f 3080/169/12 3202/169/12 3201/171/12
f 3207/31/387 3208/24/387 3210/4/387
f 3213/11/209 3209/1/209 3210/4/209
f 3210/4/209 3214/23/209 3215/102/209
f 3215/102/389 3219/102/389 3220/474/389
f 3207/16/211 3211/20/211 3216/474/211
f 3216/474/211 3212/8/211 3208/32/211
f 3209/19/389 3213/11/389 3211/20/389
f 3210/22/390 3208/37/390 3212/8/390
f 3215/102/391 3216/474/391 3211/20/391
f 3217/23/391 3218/8/391 3220/474/391
f 3214/23/209 3217/23/209 3219/102/209
f 3214/23/390 3212/8/390 3218/8/390
f 3212/8/211 3216/474/211 3220/474/211
f 3222/24/208 3224/4/208 3223/1/208
f 3224/4/209 3228/23/209 3227/11/209
f 3228/23/210 3226/8/210 3225/20/210
f 3225/20/211 3226/8/211 3222/32/211
f 3223/19/11 3227/11/11 3225/20/11
f 3224/22/12 3222/37/12 3226/8/12
f 3229/75/394 3230/73/394 3232/76/394
f 3231/74/395 3232/76/395 3234/78/395
f 3233/77/396 3234/78/396 3236/80/396
f 3235/79/397 3236/80/397 3238/81/397
f 3237/22/398 3238/81/398 3240/83/398
f 3239/82/399 3240/83/399 3242/85/399
f 3241/84/400 3242/85/400 3244/87/400
f 3243/86/401 3244/87/401 3246/89/401
f 3245/88/402 3246/89/402 3248/91/402
f 3247/90/403 3248/91/403 3250/93/403
f 3249/92/551 3250/93/551 3252/95/551
f 3251/94/405 3252/95/405 3254/32/405
f 3253/23/406 3254/32/406 3256/97/406
f 3255/96/407 3256/97/407 3258/99/407
f 3258/99/552 3260/101/552 3259/100/552
f 3260/101/409 3262/103/409 3261/102/409
f 3262/103/410 3264/105/410 3263/104/410
f 3264/105/411 3266/107/411 3265/106/411
f 3266/107/412 3268/109/412 3267/108/412
f 3268/109/413 3270/16/413 3269/11/413
f 3270/16/414 3272/111/414 3271/110/414
f 3272/111/415 3274/113/415 3273/112/415
f 3274/113/416 3276/115/416 3275/114/416
f 3276/115/417 3278/117/417 3277/116/417
f 3278/117/418 3280/137/418 3279/118/418
f 3280/137/419 3282/119/419 3281/120/419
f 3282/119/420 3284/122/420 3283/121/420
f 3284/122/421 3286/123/421 3285/19/421
f 3286/123/422 3288/125/422 3287/124/422
f 3288/125/423 3290/130/423 3289/126/423
f 3234/127/553 3232/560/553 3230/561/553
f 3230/561/554 3292/562/554 3290/158/554
f 3290/158/391 3288/563/391 3286/154/391
f 3286/154/554 3284/564/554 3282/128/554
f 3282/128/555 3280/565/555 3278/566/555
f 3278/566/391 3276/567/391 3274/159/391
f 3274/159/556 3272/568/556 3270/155/556
f 3270/155/391 3268/569/391 3266/129/391
f 3266/129/391 3264/548/391 3262/549/391
f 3262/549/553 3260/550/553 3258/551/553
f 3258/551/557 3256/552/557 3254/156/557
f 3254/156/556 3252/553/556 3250/210/556
f 3250/210/556 3248/554/556 3246/555/556
f 3246/555/556 3244/556/556 3242/157/556
f 3242/157/554 3240/557/554 3238/558/554
f 3238/558/558 3236/559/558 3234/127/558
f 3234/127/391 3230/561/391 3290/158/391
f 3290/158/391 3286/154/391 3282/128/391
f 3282/128/391 3278/566/391 3274/159/391
f 3274/159/391 3270/155/391 3266/129/391
f 3266/129/391 3262/549/391 3258/551/391
f 3258/551/554 3254/156/554 3250/210/554
f 3250/210/554 3246/555/554 3242/157/554
f 3242/157/391 3238/558/391 3234/127/391
f 3234/127/391 3290/158/391 3282/128/391
f 3282/128/391 3274/159/391 3266/129/391
f 3266/129/391 3258/551/391 3250/210/391
f 3250/210/391 3242/157/391 3234/127/391
f 3234/127/391 3282/128/391 3266/129/391
f 3289/126/559 3290/130/559 3292/132/559
f 3291/131/425 3292/132/425 3230/248/425
f 3291/215/387 3229/571/387 3231/572/387
f 3231/572/387 3233/573/387 3235/574/387
f 3235/574/387 3237/575/387 3239/576/387
f 3239/576/387 3241/577/387 3243/578/387
f 3243/578/387 3245/579/387 3247/580/387
f 3247/580/560 3249/581/560 3251/582/560
f 3251/582/387 3253/583/387 3255/134/387
f 3255/134/387 3257/584/387 3259/529/387
f 3259/529/561 3261/585/561 3263/586/561
f 3263/586/562 3265/587/562 3267/588/562
f 3267/588/387 3269/589/387 3271/135/387
f 3271/135/560 3273/590/560 3275/214/560
f 3275/214/387 3277/591/387 3279/592/387
f 3279/592/387 3281/593/387 3283/594/387
f 3283/594/387 3285/595/387 3287/136/387
f 3287/136/387 3289/570/387 3291/215/387
f 3291/215/387 3231/572/387 3235/574/387
f 3235/574/560 3239/576/560 3243/578/560
f 3243/578/387 3247/580/387 3251/582/387
f 3251/582/387 3255/134/387 3259/529/387
f 3259/529/387 3263/586/387 3267/588/387
f 3267/588/387 3271/135/387 3275/214/387
f 3275/214/387 3279/592/387 3283/594/387
f 3283/594/387 3287/136/387 3291/215/387
f 3291/215/387 3235/574/387 3243/578/387
f 3243/578/387 3251/582/387 3259/529/387
f 3259/529/387 3267/588/387 3275/214/387
f 3275/214/387 3283/594/387 3291/215/387
f 3291/215/387 3243/578/387 3259/529/387
usemtl Material.019
f 2037/75/214 2040/76/214 2039/74/214
f 2039/74/215 2042/78/215 2041/77/215
f 2041/77/216 2044/80/216 2043/79/216
f 2043/79/217 2046/81/217 2045/22/217
f 2045/22/218 2048/83/218 2047/82/218
f 2047/82/219 2050/85/219 2049/84/219
f 2049/84/220 2052/87/220 2051/86/220
f 2051/86/221 2054/89/221 2053/88/221
f 2054/89/222 2055/90/222 2053/88/222
f 2056/91/223 2057/92/223 2055/90/223
f 2058/93/224 2059/94/224 2057/92/224
f 2060/95/225 2061/23/225 2059/94/225
f 2062/32/226 2063/96/226 2061/23/226
f 2064/97/227 2065/98/227 2063/96/227
f 2066/99/228 2067/100/228 2065/98/228
f 2068/101/229 2069/102/229 2067/100/229
f 2070/103/230 2071/104/230 2069/102/230
f 2072/105/231 2073/106/231 2071/104/231
f 2074/107/232 2075/108/232 2073/106/232
f 2076/109/233 2077/11/233 2075/108/233
f 2078/16/234 2079/110/234 2077/11/234
f 2080/111/235 2081/112/235 2079/110/235
f 2082/113/236 2083/114/236 2081/112/236
f 2084/115/237 2085/116/237 2083/114/237
f 2085/116/238 2088/137/238 2087/118/238
f 2087/118/239 2090/119/239 2089/120/239
f 2089/120/240 2092/122/240 2091/121/240
f 2091/121/241 2094/123/241 2093/19/241
f 2093/19/242 2096/125/242 2095/124/242
f 2095/124/243 2098/130/243 2097/126/243
f 2042/127/211 2090/128/211 2074/129/211
f 2097/126/244 2100/132/244 2099/131/244
f 2099/131/245 2038/248/245 2037/133/245
f 2063/134/209 2079/135/209 2095/136/209
f 2101/75/214 2104/76/214 2103/74/214
f 2103/74/215 2106/78/215 2105/77/215
f 2105/77/216 2108/80/216 2107/79/216
f 2107/79/217 2110/81/217 2109/22/217
f 2109/22/218 2112/83/218 2111/82/218
f 2111/82/219 2114/85/219 2113/84/219
f 2113/84/220 2116/87/220 2115/86/220
f 2115/86/221 2118/89/221 2117/88/221
f 2118/89/222 2119/90/222 2117/88/222
f 2120/91/223 2121/92/223 2119/90/223
f 2122/93/224 2123/94/224 2121/92/224
f 2124/95/225 2125/23/225 2123/94/225
f 2126/32/226 2127/96/226 2125/23/226
f 2128/97/227 2129/98/227 2127/96/227
f 2130/99/228 2131/100/228 2129/98/228
f 2132/101/229 2133/102/229 2131/100/229
f 2134/103/230 2135/104/230 2133/102/230
f 2136/105/231 2137/106/231 2135/104/231
f 2138/107/232 2139/108/232 2137/106/232
f 2140/109/233 2141/11/233 2139/108/233
f 2142/16/234 2143/110/234 2141/11/234
f 2144/111/235 2145/112/235 2143/110/235
f 2146/113/236 2147/114/236 2145/112/236
f 2148/115/237 2149/116/237 2147/114/237
f 2149/116/238 2152/137/238 2151/118/238
f 2151/118/239 2154/119/239 2153/120/239
f 2153/120/240 2156/122/240 2155/121/240
f 2155/121/241 2158/123/241 2157/19/241
f 2157/19/242 2160/125/242 2159/124/242
f 2159/124/243 2162/130/243 2161/126/243
f 2106/127/211 2154/128/211 2138/129/211
f 2161/126/244 2164/132/244 2163/131/244
f 2163/131/245 2102/248/245 2101/133/245
f 2127/134/209 2143/135/209 2159/136/209
f 2165/75/214 2168/76/214 2167/74/214
f 2167/74/215 2170/78/215 2169/77/215
f 2169/77/216 2172/80/216 2171/79/216
f 2171/79/217 2174/81/217 2173/22/217
f 2173/22/218 2176/83/218 2175/82/218
f 2175/82/219 2178/85/219 2177/84/219
f 2177/84/220 2180/87/220 2179/86/220
f 2179/86/221 2182/89/221 2181/88/221
f 2182/89/222 2183/90/222 2181/88/222
f 2184/91/223 2185/92/223 2183/90/223
f 2186/93/224 2187/94/224 2185/92/224
f 2188/95/225 2189/23/225 2187/94/225
f 2190/32/226 2191/96/226 2189/23/226
f 2192/97/227 2193/98/227 2191/96/227
f 2194/99/228 2195/100/228 2193/98/228
f 2196/101/229 2197/102/229 2195/100/229
f 2198/103/230 2199/104/230 2197/102/230
f 2200/105/231 2201/106/231 2199/104/231
f 2202/107/232 2203/108/232 2201/106/232
f 2204/109/233 2205/11/233 2203/108/233
f 2206/16/234 2207/110/234 2205/11/234
f 2208/111/235 2209/112/235 2207/110/235
f 2210/113/236 2211/114/236 2209/112/236
f 2212/115/237 2213/116/237 2211/114/237
f 2213/116/238 2216/137/238 2215/118/238
f 2215/118/239 2218/119/239 2217/120/239
f 2217/120/240 2220/122/240 2219/121/240
f 2219/121/241 2222/123/241 2221/19/241
f 2221/19/242 2224/125/242 2223/124/242
f 2223/124/243 2226/130/243 2225/126/243
f 2170/127/211 2218/128/211 2202/129/211
f 2225/126/244 2228/132/244 2227/131/244
f 2227/131/245 2166/248/245 2165/133/245
f 2191/134/209 2207/135/209 2223/136/209
f 2229/75/214 2232/76/214 2231/74/214
f 2231/74/215 2234/78/215 2233/77/215
f 2233/77/216 2236/80/216 2235/79/216
f 2235/79/217 2238/81/217 2237/22/217
f 2237/22/218 2240/83/218 2239/82/218
f 2239/82/219 2242/85/219 2241/84/219
f 2241/84/220 2244/87/220 2243/86/220
f 2243/86/221 2246/89/221 2245/88/221
f 2246/89/222 2247/90/222 2245/88/222
f 2248/91/223 2249/92/223 2247/90/223
f 2250/93/224 2251/94/224 2249/92/224
f 2252/95/225 2253/23/225 2251/94/225
f 2254/32/226 2255/96/226 2253/23/226
f 2256/97/227 2257/98/227 2255/96/227
f 2258/99/228 2259/100/228 2257/98/228
f 2260/101/229 2261/102/229 2259/100/229
f 2262/103/230 2263/104/230 2261/102/230
f 2264/105/231 2265/106/231 2263/104/231
f 2266/107/232 2267/108/232 2265/106/232
f 2268/109/233 2269/11/233 2267/108/233
f 2270/16/234 2271/110/234 2269/11/234
f 2272/111/235 2273/112/235 2271/110/235
f 2274/113/236 2275/114/236 2273/112/236
f 2276/115/237 2277/116/237 2275/114/237
f 2277/116/238 2280/137/238 2279/118/238
f 2279/118/239 2282/119/239 2281/120/239
f 2281/120/240 2284/122/240 2283/121/240
f 2283/121/241 2286/123/241 2285/19/241
f 2285/19/242 2288/125/242 2287/124/242
f 2287/124/243 2290/130/243 2289/126/243
f 2234/127/211 2282/128/211 2266/129/211
f 2289/126/244 2292/132/244 2291/131/244
f 2291/131/245 2230/248/245 2229/133/245
f 2255/134/209 2271/135/209 2287/136/209
f 2037/75/214 2038/73/214 2040/76/214
f 2039/74/215 2040/76/215 2042/78/215
f 2041/77/216 2042/78/216 2044/80/216
f 2043/79/217 2044/80/217 2046/81/217
f 2045/22/218 2046/81/218 2048/83/218
f 2047/82/219 2048/83/219 2050/85/219
f 2049/84/220 2050/85/220 2052/87/220
f 2051/86/221 2052/87/221 2054/89/221
f 2054/89/222 2056/91/222 2055/90/222
f 2056/91/223 2058/93/223 2057/92/223
f 2058/93/224 2060/95/224 2059/94/224
f 2060/95/225 2062/32/225 2061/23/225
f 2062/32/226 2064/97/226 2063/96/226
f 2064/97/227 2066/99/227 2065/98/227
f 2066/99/228 2068/101/228 2067/100/228
f 2068/101/229 2070/103/229 2069/102/229
f 2070/103/230 2072/105/230 2071/104/230
f 2072/105/231 2074/107/231 2073/106/231
f 2074/107/232 2076/109/232 2075/108/232
f 2076/109/233 2078/16/233 2077/11/233
f 2078/16/234 2080/111/234 2079/110/234
f 2080/111/235 2082/113/235 2081/112/235
f 2082/113/236 2084/115/236 2083/114/236
f 2084/115/237 2086/117/237 2085/116/237
f 2085/116/238 2086/117/238 2088/137/238
f 2087/118/239 2088/137/239 2090/119/239
f 2089/120/240 2090/119/240 2092/122/240
f 2091/121/241 2092/122/241 2094/123/241
f 2093/19/242 2094/123/242 2096/125/242
f 2095/124/243 2096/125/243 2098/130/243
f 2074/129/517 2072/548/517 2070/549/517
f 2070/549/211 2068/550/211 2066/551/211
f 2066/551/518 2064/552/518 2062/156/518
f 2062/156/211 2060/553/211 2058/210/211
f 2058/210/519 2056/554/519 2054/555/519
f 2054/555/519 2052/556/519 2050/157/519
f 2050/157/211 2048/557/211 2046/558/211
f 2046/558/520 2044/559/520 2042/127/520
f 2042/127/211 2040/560/211 2038/561/211
f 2038/561/521 2100/562/521 2098/158/521
f 2098/158/211 2096/563/211 2094/154/211
f 2094/154/519 2092/564/519 2090/128/519
f 2090/128/519 2088/565/519 2086/566/519
f 2086/566/519 2084/567/519 2082/159/519
f 2082/159/522 2080/568/522 2078/155/522
f 2078/155/523 2076/569/523 2074/129/523
f 2074/129/211 2070/549/211 2066/551/211
f 2066/551/211 2062/156/211 2058/210/211
f 2058/210/523 2054/555/523 2050/157/523
f 2050/157/211 2046/558/211 2042/127/211
f 2042/127/211 2038/561/211 2098/158/211
f 2098/158/211 2094/154/211 2090/128/211
f 2090/128/211 2086/566/211 2082/159/211
f 2082/159/523 2078/155/523 2074/129/523
f 2074/129/211 2066/551/211 2058/210/211
f 2058/210/211 2050/157/211 2042/127/211
f 2042/127/211 2098/158/211 2090/128/211
f 2090/128/211 2082/159/211 2074/129/211
f 2074/129/211 2058/210/211 2042/127/211
f 2097/126/244 2098/130/244 2100/132/244
f 2099/131/245 2100/132/245 2038/248/245
f 2095/136/209 2097/570/209 2099/215/209
f 2099/215/209 2037/571/209 2039/572/209
f 2039/572/209 2041/573/209 2043/574/209
f 2043/574/209 2045/575/209 2047/576/209
f 2047/576/209 2049/577/209 2051/578/209
f 2051/578/524 2053/579/524 2055/580/524
f 2055/580/209 2057/581/209 2059/582/209
f 2059/582/209 2061/583/209 2063/134/209
f 2063/134/209 2065/584/209 2067/529/209
f 2067/529/209 2069/585/209 2071/586/209
f 2071/586/525 2073/587/525 2075/588/525
f 2075/588/392 2077/589/392 2079/135/392
f 2079/135/392 2081/590/392 2083/214/392
f 2083/214/209 2085/591/209 2087/592/209
f 2087/592/392 2089/593/392 2091/594/392
f 2091/594/392 2093/595/392 2095/136/392
f 2095/136/209 2099/215/209 2039/572/209
f 2039/572/209 2043/574/209 2047/576/209
f 2047/576/209 2051/578/209 2055/580/209
f 2055/580/209 2059/582/209 2063/134/209
f 2063/134/209 2067/529/209 2071/586/209
f 2071/586/209 2075/588/209 2079/135/209
f 2079/135/209 2083/214/209 2087/592/209
f 2087/592/209 2091/594/209 2095/136/209
f 2095/136/209 2039/572/209 2047/576/209
f 2047/576/209 2055/580/209 2063/134/209
f 2063/134/209 2071/586/209 2079/135/209
f 2079/135/209 2087/592/209 2095/136/209
f 2095/136/209 2047/576/209 2063/134/209
f 2101/75/214 2102/73/214 2104/76/214
f 2103/74/215 2104/76/215 2106/78/215
f 2105/77/216 2106/78/216 2108/80/216
f 2107/79/217 2108/80/217 2110/81/217
f 2109/22/218 2110/81/218 2112/83/218
f 2111/82/219 2112/83/219 2114/85/219
f 2113/84/220 2114/85/220 2116/87/220
f 2115/86/221 2116/87/221 2118/89/221
f 2118/89/222 2120/91/222 2119/90/222
f 2120/91/223 2122/93/223 2121/92/223
f 2122/93/224 2124/95/224 2123/94/224
f 2124/95/225 2126/32/225 2125/23/225
f 2126/32/226 2128/97/226 2127/96/226
f 2128/97/227 2130/99/227 2129/98/227
f 2130/99/228 2132/101/228 2131/100/228
f 2132/101/229 2134/103/229 2133/102/229
f 2134/103/230 2136/105/230 2135/104/230
f 2136/105/231 2138/107/231 2137/106/231
f 2138/107/232 2140/109/232 2139/108/232
f 2140/109/233 2142/16/233 2141/11/233
f 2142/16/234 2144/111/234 2143/110/234
f 2144/111/235 2146/113/235 2145/112/235
f 2146/113/236 2148/115/236 2147/114/236
f 2148/115/237 2150/117/237 2149/116/237
f 2149/116/238 2150/117/238 2152/137/238
f 2151/118/239 2152/137/239 2154/119/239
f 2153/120/240 2154/119/240 2156/122/240
f 2155/121/241 2156/122/241 2158/123/241
f 2157/19/242 2158/123/242 2160/125/242
f 2159/124/243 2160/125/243 2162/130/243
f 2138/129/521 2136/548/521 2134/549/521
f 2134/549/211 2132/550/211 2130/551/211
f 2130/551/211 2128/552/211 2126/156/211
f 2126/156/518 2124/553/518 2122/210/518
f 2122/210/523 2120/554/523 2118/555/523
f 2118/555/523 2116/556/523 2114/157/523
f 2114/157/526 2112/557/526 2110/558/526
f 2110/558/211 2108/559/211 2106/127/211
f 2106/127/523 2104/560/523 2102/561/523
f 2102/561/517 2164/562/517 2162/158/517
f 2162/158/523 2160/563/523 2158/154/523
f 2158/154/519 2156/564/519 2154/128/519
f 2154/128/523 2152/565/523 2150/566/523
f 2150/566/523 2148/567/523 2146/159/523
f 2146/159/519 2144/568/519 2142/155/519
f 2142/155/526 2140/569/526 2138/129/526
f 2138/129/211 2134/549/211 2130/551/211
f 2130/551/211 2126/156/211 2122/210/211
f 2122/210/211 2118/555/211 2114/157/211
f 2114/157/211 2110/558/211 2106/127/211
f 2106/127/211 2102/561/211 2162/158/211
f 2162/158/211 2158/154/211 2154/128/211
f 2154/128/211 2150/566/211 2146/159/211
f 2146/159/211 2142/155/211 2138/129/211
f 2138/129/211 2130/551/211 2122/210/211
f 2122/210/211 2114/157/211 2106/127/211
f 2106/127/211 2162/158/211 2154/128/211
f 2154/128/211 2146/159/211 2138/129/211
f 2138/129/211 2122/210/211 2106/127/211
f 2161/126/244 2162/130/244 2164/132/244
f 2163/131/245 2164/132/245 2102/248/245
f 2159/136/525 2161/570/525 2163/215/525
f 2163/215/527 2101/571/527 2103/572/527
f 2103/572/527 2105/573/527 2107/574/527
f 2107/574/392 2109/575/392 2111/576/392
f 2111/576/209 2113/577/209 2115/578/209
f 2115/578/392 2117/579/392 2119/580/392
f 2119/580/209 2121/581/209 2123/582/209
f 2123/582/392 2125/583/392 2127/134/392
f 2127/134/528 2129/584/528 2131/529/528
f 2131/529/529 2133/585/529 2135/586/529
f 2135/586/525 2137/587/525 2139/588/525
f 2139/588/530 2141/589/530 2143/135/530
f 2143/135/209 2145/590/209 2147/214/209
f 2147/214/524 2149/591/524 2151/592/524
f 2151/592/209 2153/593/209 2155/594/209
f 2155/594/528 2157/595/528 2159/136/528
f 2159/136/209 2163/215/209 2103/572/209
f 2103/572/209 2107/574/209 2111/576/209
f 2111/576/209 2115/578/209 2119/580/209
f 2119/580/209 2123/582/209 2127/134/209
f 2127/134/209 2131/529/209 2135/586/209
f 2135/586/209 2139/588/209 2143/135/209
f 2143/135/209 2147/214/209 2151/592/209
f 2151/592/392 2155/594/392 2159/136/392
f 2159/136/209 2103/572/209 2111/576/209
f 2111/576/209 2119/580/209 2127/134/209
f 2127/134/209 2135/586/209 2143/135/209
f 2143/135/209 2151/592/209 2159/136/209
f 2159/136/209 2111/576/209 2127/134/209
f 2165/75/214 2166/73/214 2168/76/214
f 2167/74/215 2168/76/215 2170/78/215
f 2169/77/216 2170/78/216 2172/80/216
f 2171/79/217 2172/80/217 2174/81/217
f 2173/22/218 2174/81/218 2176/83/218
f 2175/82/219 2176/83/219 2178/85/219
f 2177/84/220 2178/85/220 2180/87/220
f 2179/86/221 2180/87/221 2182/89/221
f 2182/89/222 2184/91/222 2183/90/222
f 2184/91/223 2186/93/223 2185/92/223
f 2186/93/224 2188/95/224 2187/94/224
f 2188/95/225 2190/32/225 2189/23/225
f 2190/32/226 2192/97/226 2191/96/226
f 2192/97/227 2194/99/227 2193/98/227
f 2194/99/228 2196/101/228 2195/100/228
f 2196/101/229 2198/103/229 2197/102/229
f 2198/103/230 2200/105/230 2199/104/230
f 2200/105/231 2202/107/231 2201/106/231
f 2202/107/232 2204/109/232 2203/108/232
f 2204/109/233 2206/16/233 2205/11/233
f 2206/16/234 2208/111/234 2207/110/234
f 2208/111/235 2210/113/235 2209/112/235
f 2210/113/236 2212/115/236 2211/114/236
f 2212/115/237 2214/117/237 2213/116/237
f 2213/116/238 2214/117/238 2216/137/238
f 2215/118/239 2216/137/239 2218/119/239
f 2217/120/240 2218/119/240 2220/122/240
f 2219/121/241 2220/122/241 2222/123/241
f 2221/19/242 2222/123/242 2224/125/242
f 2223/124/243 2224/125/243 2226/130/243
f 2202/129/521 2200/548/521 2198/549/521
f 2198/549/211 2196/550/211 2194/551/211
f 2194/551/211 2192/552/211 2190/156/211
f 2190/156/519 2188/553/519 2186/210/519
f 2186/210/523 2184/554/523 2182/555/523
f 2182/555/523 2180/556/523 2178/157/523
f 2178/157/211 2176/557/211 2174/558/211
f 2174/558/211 2172/559/211 2170/127/211
f 2170/127/211 2168/560/211 2166/561/211
f 2166/561/517 2228/562/517 2226/158/517
f 2226/158/521 2224/563/521 2222/154/521
f 2222/154/518 2220/564/518 2218/128/518
f 2218/128/211 2216/565/211 2214/566/211
f 2214/566/523 2212/567/523 2210/159/523
f 2210/159/526 2208/568/526 2206/155/526
f 2206/155/517 2204/569/517 2202/129/517
f 2202/129/211 2198/549/211 2194/551/211
f 2194/551/523 2190/156/523 2186/210/523
f 2186/210/211 2182/555/211 2178/157/211
f 2178/157/211 2174/558/211 2170/127/211
f 2170/127/211 2166/561/211 2226/158/211
f 2226/158/211 2222/154/211 2218/128/211
f 2218/128/211 2214/566/211 2210/159/211
f 2210/159/211 2206/155/211 2202/129/211
f 2202/129/211 2194/551/211 2186/210/211
f 2186/210/211 2178/157/211 2170/127/211
f 2170/127/211 2226/158/211 2218/128/211
f 2218/128/211 2210/159/211 2202/129/211
f 2202/129/211 2186/210/211 2170/127/211
f 2225/126/244 2226/130/244 2228/132/244
f 2227/131/245 2228/132/245 2166/248/245
f 2223/136/528 2225/570/528 2227/215/528
f 2227/215/209 2165/571/209 2167/572/209
f 2167/572/209 2169/573/209 2171/574/209
f 2171/574/209 2173/575/209 2175/576/209
f 2175/576/392 2177/577/392 2179/578/392
f 2179/578/392 2181/579/392 2183/580/392
f 2183/580/529 2185/581/529 2187/582/529
f 2187/582/209 2189/583/209 2191/134/209
f 2191/134/527 2193/584/527 2195/529/527
f 2195/529/209 2197/585/209 2199/586/209
f 2199/586/527 2201/587/527 2203/588/527
f 2203/588/392 2205/589/392 2207/135/392
f 2207/135/392 2209/590/392 2211/214/392
f 2211/214/392 2213/591/392 2215/592/392
f 2215/592/209 2217/593/209 2219/594/209
f 2219/594/209 2221/595/209 2223/136/209
f 2223/136/209 2227/215/209 2167/572/209
f 2167/572/209 2171/574/209 2175/576/209
f 2175/576/209 2179/578/209 2183/580/209
f 2183/580/209 2187/582/209 2191/134/209
f 2191/134/209 2195/529/209 2199/586/209
f 2199/586/209 2203/588/209 2207/135/209
f 2207/135/209 2211/214/209 2215/592/209
f 2215/592/209 2219/594/209 2223/136/209
f 2223/136/209 2167/572/209 2175/576/209
f 2175/576/209 2183/580/209 2191/134/209
f 2191/134/209 2199/586/209 2207/135/209
f 2207/135/209 2215/592/209 2223/136/209
f 2223/136/209 2175/576/209 2191/134/209
f 2229/75/214 2230/73/214 2232/76/214
f 2231/74/215 2232/76/215 2234/78/215
f 2233/77/216 2234/78/216 2236/80/216
f 2235/79/217 2236/80/217 2238/81/217
f 2237/22/218 2238/81/218 2240/83/218
f 2239/82/219 2240/83/219 2242/85/219
f 2241/84/220 2242/85/220 2244/87/220
f 2243/86/221 2244/87/221 2246/89/221
f 2246/89/222 2248/91/222 2247/90/222
f 2248/91/223 2250/93/223 2249/92/223
f 2250/93/224 2252/95/224 2251/94/224
f 2252/95/225 2254/32/225 2253/23/225
f 2254/32/226 2256/97/226 2255/96/226
f 2256/97/227 2258/99/227 2257/98/227
f 2258/99/228 2260/101/228 2259/100/228
f 2260/101/229 2262/103/229 2261/102/229
f 2262/103/230 2264/105/230 2263/104/230
f 2264/105/231 2266/107/231 2265/106/231
f 2266/107/232 2268/109/232 2267/108/232
f 2268/109/233 2270/16/233 2269/11/233
f 2270/16/234 2272/111/234 2271/110/234
f 2272/111/235 2274/113/235 2273/112/235
f 2274/113/236 2276/115/236 2275/114/236
f 2276/115/237 2278/117/237 2277/116/237
f 2277/116/238 2278/117/238 2280/137/238
f 2279/118/239 2280/137/239 2282/119/239
f 2281/120/240 2282/119/240 2284/122/240
f 2283/121/241 2284/122/241 2286/123/241
f 2285/19/242 2286/123/242 2288/125/242
f 2287/124/243 2288/125/243 2290/130/243
f 2266/129/211 2264/548/211 2262/549/211
f 2262/549/517 2260/550/517 2258/551/517
f 2258/551/521 2256/552/521 2254/156/521
f 2254/156/523 2252/553/523 2250/210/523
f 2250/210/523 2248/554/523 2246/555/523
f 2246/555/523 2244/556/523 2242/157/523
f 2242/157/523 2240/557/523 2238/558/523
f 2238/558/517 2236/559/517 2234/127/517
f 2234/127/521 2232/560/521 2230/561/521
f 2230/561/521 2292/562/521 2290/158/521
f 2290/158/211 2288/563/211 2286/154/211
f 2286/154/523 2284/564/523 2282/128/523
f 2282/128/523 2280/565/523 2278/566/523
f 2278/566/523 2276/567/523 2274/159/523
f 2274/159/523 2272/568/523 2270/155/523
f 2270/155/211 2268/569/211 2266/129/211
f 2266/129/211 2262/549/211 2258/551/211
f 2258/551/211 2254/156/211 2250/210/211
f 2250/210/211 2246/555/211 2242/157/211
f 2242/157/211 2238/558/211 2234/127/211
f 2234/127/211 2230/561/211 2290/158/211
f 2290/158/211 2286/154/211 2282/128/211
f 2282/128/211 2278/566/211 2274/159/211
f 2274/159/211 2270/155/211 2266/129/211
f 2266/129/211 2258/551/211 2250/210/211
f 2250/210/211 2242/157/211 2234/127/211
f 2234/127/211 2290/158/211 2282/128/211
f 2282/128/211 2274/159/211 2266/129/211
f 2266/129/211 2250/210/211 2234/127/211
f 2289/126/244 2290/130/244 2292/132/244
f 2291/131/245 2292/132/245 2230/248/245
f 2287/136/209 2289/570/209 2291/215/209
f 2291/215/209 2229/571/209 2231/572/209
f 2231/572/209 2233/573/209 2235/574/209
f 2235/574/392 2237/575/392 2239/576/392
f 2239/576/392 2241/577/392 2243/578/392
f 2243/578/392 2245/579/392 2247/580/392
f 2247/580/392 2249/581/392 2251/582/392
f 2251/582/392 2253/583/392 2255/134/392
f 2255/134/527 2257/584/527 2259/529/527
f 2259/529/528 2261/585/528 2263/586/528
f 2263/586/528 2265/587/528 2267/588/528
f 2267/588/527 2269/589/527 2271/135/527
f 2271/135/209 2273/590/209 2275/214/209
f 2275/214/209 2277/591/209 2279/592/209
f 2279/592/209 2281/593/209 2283/594/209
f 2283/594/531 2285/595/531 2287/136/531
f 2287/136/209 2291/215/209 2231/572/209
f 2231/572/209 2235/574/209 2239/576/209
f 2239/576/209 2243/578/209 2247/580/209
f 2247/580/209 2251/582/209 2255/134/209
f 2255/134/209 2259/529/209 2263/586/209
f 2263/586/209 2267/588/209 2271/135/209
f 2271/135/209 2275/214/209 2279/592/209
f 2279/592/209 2283/594/209 2287/136/209
f 2287/136/209 2231/572/209 2239/576/209
f 2239/576/209 2247/580/209 2255/134/209
f 2255/134/209 2263/586/209 2271/135/209
f 2271/135/209 2279/592/209 2287/136/209
f 2287/136/209 2239/576/209 2255/134/209
usemtl Material.025
f 3365/26/426 3293/31/426 3381/28/426
f 3383/12/427 3363/23/427 3367/5/427
f 3368/7/3 3359/8/3 3347/9/3
f 3318/10/3 3361/11/3 3383/12/3
f 3384/6/3 3334/13/3 3332/14/3
f 3359/8/4 3365/15/4 3347/9/4
f 3293/16/4 3318/10/4 3382/17/4
f 3334/13/4 3381/18/4 3332/14/4
f 3349/19/5 3357/20/5 3293/21/5
f 3353/22/6 3359/8/6 3363/23/6
f 3341/24/1 3369/25/1 3342/26/1
f 3339/3/1 3385/27/1 3326/28/1
f 3351/1/1 3324/2/1 3386/29/1
f 3364/23/2 3385/27/2 3370/30/2
f 3388/10/3 3362/11/3 3372/13/3
f 3360/8/4 3342/15/4 3371/9/4
f 3319/16/4 3388/10/4 3324/17/4
f 3372/13/4 3326/18/4 3387/14/4
f 3351/19/5 3358/20/5 3319/21/5
f 3355/22/6 3360/8/6 3364/23/6
f 3328/24/1 3346/25/1 3375/26/1
f 3338/1/1 3392/2/1 3320/29/1
f 3376/3/1 3330/27/1 3391/28/1
f 3356/23/2 3346/25/2 3345/4/2
f 3373/5/2 3330/27/2 3335/30/2
f 3389/12/2 3338/1/2 3320/29/2
f 3374/7/428 3354/11/428 3390/6/428
f 3350/20/4 3376/530/4 3391/18/4
f 3338/19/5 3350/20/5 3312/21/5
f 3345/22/6 3352/8/6 3356/23/6
f 3393/29/1 3308/31/1 3377/30/1
f 3348/23/2 3378/25/2 3331/4/2
f 3321/12/2 3322/1/2 3393/29/2
f 3337/5/2 3394/27/2 3377/30/2
f 3343/11/3 3340/8/3 3380/9/3
f 3395/10/3 3344/11/3 3321/12/3
f 3327/6/3 3379/13/3 3396/14/3
f 3316/32/4 3395/10/4 3379/13/4
f 3322/19/5 3336/20/5 3308/21/5
f 3331/22/6 3340/8/6 3348/23/6
f 3297/24/1 3309/1/1 3295/31/1
f 3309/1/2 3329/23/2 3325/11/2
f 3325/11/3 3323/8/3 3317/20/3
f 3323/8/4 3295/16/4 3317/20/4
f 3309/19/5 3373/33/5 3335/531/5
f 3366/53/5 3317/20/5 3339/54/5
f 3314/22/6 3297/37/6 3342/38/6
f 3368/532/6 3329/23/6 3343/40/6
f 3369/41/3 3376/42/3 3375/43/3
f 3373/44/4 3378/45/4 3374/46/4
f 3379/47/1 3368/48/1 3380/49/1
f 3365/50/2 3372/51/2 3371/52/2
f 3296/24/1 3302/1/1 3294/31/1
f 3302/1/2 3315/23/2 3313/11/2
f 3313/11/3 3311/8/3 3310/20/3
f 3311/8/4 3294/16/4 3310/20/4
f 3302/19/5 3313/11/5 3389/33/5
f 3382/53/429 3310/20/429 3324/54/429
f 3391/36/6 3296/37/6 3326/38/6
f 3315/23/6 3327/40/6 3396/56/6
f 3385/41/3 3392/42/3 3391/43/3
f 3389/44/4 3394/45/4 3390/46/4
f 3395/47/1 3384/48/1 3396/49/1
f 3381/50/2 3388/51/2 3387/52/2
f 3398/24/7 3399/1/7 3397/31/7
f 3400/4/8 3410/57/8 3399/1/8
f 3404/23/9 3401/20/9 3403/11/9
f 3401/20/10 3406/58/10 3408/59/10
f 3410/60/11 3397/21/11 3399/19/11
f 3407/61/12 3402/8/12 3404/23/12
f 3407/62/8 3403/11/8 3405/63/8
f 3405/64/11 3401/20/11 3408/65/11
f 3406/67/13 3411/71/13 3412/66/13
f 3408/59/10 3412/68/10 3409/69/10
f 3412/68/10 3397/16/10 3409/69/10
f 3410/60/14 3408/65/14 3409/70/14
f 3411/71/12 3398/37/12 3412/66/12
f 3411/72/8 3405/63/8 3410/57/8
f 3414/24/7 3415/1/7 3413/31/7
f 3416/4/8 3419/11/8 3415/1/8
f 3420/23/9 3417/20/9 3419/11/9
f 3418/8/10 3413/16/10 3417/20/10
f 3419/11/11 3413/21/11 3415/19/11
f 3416/22/12 3418/8/12 3420/23/12
f 3422/24/7 3423/1/7 3421/31/7
f 3424/4/8 3427/11/8 3423/1/8
f 3428/23/9 3425/20/9 3427/11/9
f 3425/20/10 3422/32/10 3421/16/10
f 3427/11/11 3421/21/11 3423/19/11
f 3424/22/12 3426/8/12 3428/23/12
f 3686/24/7 3687/1/7 3685/31/7
f 3688/4/8 3691/11/8 3687/1/8
f 3692/23/9 3689/20/9 3691/11/9
f 3689/20/10 3686/32/10 3685/16/10
f 3691/11/11 3685/21/11 3687/19/11
f 3688/22/12 3690/8/12 3692/23/12
f 3950/24/7 3951/1/7 3949/31/7
f 3952/4/8 3962/57/8 3951/1/8
f 3956/23/9 3953/20/9 3955/11/9
f 3953/20/10 3970/138/10 3972/139/10
f 3962/60/11 3949/21/11 3951/19/11
f 3971/140/12 3954/8/12 3956/23/12
f 3959/62/8 3965/141/8 3957/63/8
f 3957/64/11 3968/142/11 3960/65/11
f 3959/61/47 3964/66/47 3958/67/47
f 3958/58/10 3961/69/10 3960/59/10
f 3961/69/10 3950/32/10 3949/16/10
f 3962/60/48 3960/65/48 3961/70/48
f 3963/71/12 3950/37/12 3964/66/12
f 3962/57/8 3959/62/8 3957/63/8
f 3967/143/8 3969/144/8 3965/141/8
f 3965/145/49 3972/146/49 3968/142/49
f 3967/147/12 3958/67/12 3966/148/12
f 3968/149/10 3958/58/10 3960/59/10
f 3971/150/8 3955/11/8 3969/144/8
f 3969/151/11 3953/20/11 3972/146/11
f 3971/140/50 3966/148/50 3970/152/50
f 3972/139/10 3966/153/10 3968/149/10
f 4230/73/51 4231/74/51 4229/75/51
f 4232/76/52 4233/77/52 4231/74/52
f 4234/78/53 4235/79/53 4233/77/53
f 4236/80/54 4237/22/54 4235/79/54
f 4238/81/55 4239/82/55 4237/22/55
f 4240/83/56 4241/84/56 4239/82/56
f 4242/85/57 4243/86/57 4241/84/57
f 4244/87/58 4245/88/58 4243/86/58
f 4246/89/59 4247/90/59 4245/88/59
f 4248/91/60 4249/92/60 4247/90/60
f 4250/93/61 4251/94/61 4249/92/61
f 4252/95/62 4253/23/62 4251/94/62
f 4254/32/63 4255/96/63 4253/23/63
f 4256/97/64 4257/98/64 4255/96/64
f 4258/99/65 4259/100/65 4257/98/65
f 4260/101/66 4261/102/66 4259/100/66
f 4262/103/67 4263/104/67 4261/102/67
f 4264/105/68 4265/106/68 4263/104/68
f 4266/107/69 4267/108/69 4265/106/69
f 4268/109/70 4269/11/70 4267/108/70
f 4270/16/71 4271/110/71 4269/11/71
f 4272/111/72 4273/112/72 4271/110/72
f 4274/113/73 4275/114/73 4273/112/73
f 4276/115/74 4277/116/74 4275/114/74
f 4278/117/75 4279/118/75 4277/116/75
f 4280/137/76 4281/120/76 4279/118/76
f 4282/119/77 4283/121/77 4281/120/77
f 4284/122/78 4285/19/78 4283/121/78
f 4286/123/79 4287/124/79 4285/19/79
f 4288/125/80 4289/126/80 4287/124/80
f 4286/154/9 4270/155/9 4254/156/9
f 4290/130/81 4291/131/81 4289/126/81
f 4292/132/82 4229/133/82 4291/131/82
f 4255/134/7 4271/135/7 4287/136/7
f 4294/73/51 4295/74/51 4293/75/51
f 4296/76/52 4297/77/52 4295/74/52
f 4298/78/53 4299/79/53 4297/77/53
f 4300/80/54 4301/22/54 4299/79/54
f 4302/81/55 4303/82/55 4301/22/55
f 4304/83/56 4305/84/56 4303/82/56
f 4306/85/57 4307/86/57 4305/84/57
f 4308/87/58 4309/88/58 4307/86/58
f 4310/89/59 4311/90/59 4309/88/59
f 4312/91/60 4313/92/60 4311/90/60
f 4314/93/61 4315/94/61 4313/92/61
f 4316/95/62 4317/23/62 4315/94/62
f 4318/32/63 4319/96/63 4317/23/63
f 4320/97/64 4321/98/64 4319/96/64
f 4322/99/65 4323/100/65 4321/98/65
f 4324/101/66 4325/102/66 4323/100/66
f 4326/103/67 4327/104/67 4325/102/67
f 4328/105/68 4329/106/68 4327/104/68
f 4330/107/69 4331/108/69 4329/106/69
f 4332/109/70 4333/11/70 4331/108/70
f 4334/16/71 4335/110/71 4333/11/71
f 4336/111/72 4337/112/72 4335/110/72
f 4338/113/73 4339/114/73 4337/112/73
f 4340/115/74 4341/116/74 4339/114/74
f 4342/117/75 4343/118/75 4341/116/75
f 4344/137/76 4345/120/76 4343/118/76
f 4346/119/77 4347/121/77 4345/120/77
f 4348/122/78 4349/19/78 4347/121/78
f 4350/123/79 4351/124/79 4349/19/79
f 4352/125/80 4353/126/80 4351/124/80
f 4306/157/9 4354/158/9 4338/159/9
f 4354/130/81 4355/131/81 4353/126/81
f 4356/132/82 4293/133/82 4355/131/82
f 4319/134/7 4335/135/7 4351/136/7
f 4358/24/7 4359/1/7 4357/31/7
f 4364/23/8 4365/160/8 4360/4/8
f 4362/8/83 4376/161/83 4374/162/83
f 4375/163/83 4363/11/83 4380/164/83
f 4362/8/83 4373/165/83 4377/166/83
f 4361/20/10 4370/167/10 4357/16/10
f 4363/11/85 4367/168/85 4368/112/85
f 4360/22/12 4370/169/12 4369/88/12
f 4365/116/11 4357/21/11 4359/19/11
f 4368/112/86 4366/170/86 4365/116/86
f 4369/88/12 4372/171/12 4371/92/12
f 4371/92/87 4362/8/87 4364/23/87
f 3306/11/8 4373/172/8 3307/23/8
f 3299/20/10 4374/173/10 4376/174/10
f 3306/11/89 4376/175/89 4375/176/89
f 3307/23/90 4374/177/90 3303/8/90
f 3301/11/8 4378/172/8 3304/23/8
f 3298/20/10 4377/173/10 4379/174/10
f 3301/11/89 4379/178/89 4380/176/89
f 3300/8/90 4378/179/90 4377/177/90
f 4499/180/91 4383/74/91 4381/75/91
f 4483/181/92 4385/77/92 4383/74/92
f 4491/182/93 4387/79/93 4385/77/93
f 4498/183/94 4389/22/94 4387/79/94
f 4506/184/95 4391/82/95 4389/22/95
f 4481/185/96 4393/84/96 4391/82/96
f 4489/186/97 4395/86/97 4393/84/97
f 4496/187/98 4397/88/98 4395/86/98
f 4397/88/430 4479/188/430 4399/90/430
f 4399/90/100 4487/189/100 4401/92/100
f 4401/92/101 4494/190/101 4403/94/101
f 4403/94/102 4502/191/102 4405/23/102
f 4405/23/103 4477/192/103 4407/96/103
f 4407/96/104 4485/193/104 4409/98/104
f 4409/98/105 4492/194/105 4411/100/105
f 4411/100/106 4500/195/106 4413/102/106
f 4500/195/107 4415/104/107 4413/102/107
f 4507/196/108 4417/106/108 4415/104/108
f 4482/197/109 4419/108/109 4417/106/109
f 4490/198/110 4421/11/110 4419/108/110
f 4497/199/111 4423/110/111 4421/11/111
f 4505/200/112 4425/112/112 4423/110/112
f 4480/201/113 4427/114/113 4425/112/113
f 4488/202/114 4429/116/114 4427/114/114
f 4429/116/115 4503/203/115 4431/118/115
f 4431/118/116 4478/204/116 4433/120/116
f 4433/120/117 4486/205/117 4435/121/117
f 4435/121/118 4493/206/118 4437/19/118
f 4437/19/119 4501/207/119 4439/124/119
f 4439/124/120 4508/208/120 4441/126/120
f 4418/209/12 4402/210/12 4386/127/12
f 4441/126/121 4484/211/121 4443/131/121
f 4443/131/122 4499/212/122 4381/133/122
f 4411/213/11 4427/214/11 4443/215/11
f 4461/216/431 4414/103/431 4468/217/431
f 4468/217/432 4416/105/432 4475/218/432
f 4475/218/433 4418/107/433 4450/219/433
f 4450/219/126 4420/109/126 4459/220/126
f 4451/221/127 4382/73/127 4384/76/127
f 4459/220/128 4422/16/128 4466/222/128
f 4460/223/434 4384/76/434 4386/78/434
f 4466/222/130 4424/111/130 4473/224/130
f 4467/225/131 4386/78/131 4388/80/131
f 4473/224/132 4426/113/132 4452/226/132
f 4474/227/133 4388/80/133 4390/81/133
f 4452/226/134 4428/115/134 4457/228/134
f 4449/229/135 4390/81/135 4392/83/135
f 4457/228/136 4430/117/136 4464/230/136
f 4458/231/137 4392/83/137 4394/85/137
f 4471/232/138 4430/117/138 4432/137/138
f 4465/233/139 4394/85/139 4396/87/139
f 4446/234/140 4432/137/140 4434/119/140
f 4472/235/141 4396/87/141 4398/89/141
f 4455/236/142 4434/119/142 4436/122/142
f 4472/235/143 4400/91/143 4447/237/143
f 4462/238/144 4436/122/144 4438/123/144
f 4447/237/145 4402/93/145 4456/239/145
f 4469/240/435 4438/123/435 4440/125/435
f 4456/239/147 4404/95/147 4463/241/147
f 4476/242/148 4440/125/148 4442/130/148
f 4463/241/149 4406/32/149 4470/243/149
f 4470/243/150 4408/97/150 4445/244/150
f 4454/245/151 4442/130/151 4444/132/151
f 4445/244/436 4410/99/436 4453/246/436
f 4448/247/153 4444/132/153 4382/248/153
f 4453/246/154 4412/101/154 4461/216/154
f 4492/194/431 4468/217/431 4500/195/431
f 4500/195/124 4475/218/124 4507/196/124
f 4507/196/125 4450/219/125 4482/197/125
f 4482/197/126 4459/220/126 4490/198/126
f 4483/181/127 4448/249/127 4451/221/127
f 4490/198/437 4466/222/437 4497/199/437
f 4491/182/129 4451/221/129 4460/223/129
f 4497/199/130 4473/224/130 4505/200/130
f 4498/183/131 4460/223/131 4467/225/131
f 4505/200/132 4452/226/132 4480/201/132
f 4506/184/133 4467/225/133 4474/227/133
f 4480/201/134 4457/228/134 4488/202/134
f 4481/185/135 4474/227/135 4449/229/135
f 4488/202/136 4464/230/136 4495/250/136
f 4489/186/137 4449/229/137 4458/231/137
f 4503/203/138 4464/230/138 4471/232/138
f 4496/187/139 4458/231/139 4465/233/139
f 4478/204/140 4471/232/140 4446/234/140
f 4504/251/141 4465/233/141 4472/235/141
f 4486/205/142 4446/234/142 4455/236/142
f 4504/251/143 4447/237/143 4479/188/143
f 4493/206/144 4455/236/144 4462/238/144
f 4479/188/145 4456/239/145 4487/189/145
f 4501/207/146 4462/238/146 4469/240/146
f 4487/189/147 4463/241/147 4494/190/147
f 4508/208/148 4469/240/148 4476/242/148
f 4494/190/149 4470/243/149 4502/191/149
f 4502/191/150 4445/244/150 4477/192/150
f 4484/211/438 4476/242/438 4454/245/438
f 4477/192/152 4453/246/152 4485/193/152
f 4499/212/439 4454/245/439 4448/247/439
f 4485/193/154 4461/216/154 4492/194/154
f 4636/252/91 4511/74/91 4509/75/91
f 4626/253/92 4513/77/92 4511/74/92
f 4634/254/93 4515/79/93 4513/77/93
f 4610/255/94 4517/22/94 4515/79/94
f 4617/256/95 4519/82/95 4517/22/95
f 4624/257/96 4521/84/96 4519/82/96
f 4632/258/97 4523/86/97 4521/84/97
f 4608/259/98 4525/88/98 4523/86/98
f 4525/88/430 4622/260/430 4527/90/430
f 4527/90/100 4630/261/100 4529/92/100
f 4529/92/101 4606/262/101 4531/94/101
f 4531/94/102 4613/263/102 4533/23/102
f 4533/23/103 4620/264/103 4535/96/103
f 4535/96/104 4628/265/104 4537/98/104
f 4537/98/105 4635/266/105 4539/100/105
f 4539/100/106 4611/267/106 4541/102/106
f 4611/267/107 4543/104/107 4541/102/107
f 4618/268/108 4545/106/108 4543/104/108
f 4625/269/109 4547/108/109 4545/106/109
f 4633/270/110 4549/11/110 4547/108/110
f 4609/271/111 4551/110/111 4549/11/111
f 4616/272/112 4553/112/112 4551/110/112
f 4623/273/113 4555/114/113 4553/112/113
f 4631/274/114 4557/116/114 4555/114/114
f 4557/116/115 4614/275/115 4559/118/115
f 4559/118/116 4621/276/116 4561/120/116
f 4561/120/117 4629/277/117 4563/121/117
f 4563/121/118 4605/278/118 4565/19/118
f 4565/19/119 4612/279/119 4567/124/119
f 4567/124/120 4619/280/120 4569/126/120
f 4546/209/12 4530/210/12 4514/127/12
f 4569/126/121 4627/281/121 4571/131/121
f 4571/131/122 4636/282/122 4509/133/122
f 4539/213/11 4555/214/11 4571/215/11
f 4597/283/142 4562/119/142 4564/122/142
f 4583/284/143 4528/91/143 4590/285/143
f 4573/286/144 4564/122/144 4566/123/144
f 4590/285/145 4530/93/145 4598/287/145
f 4580/288/146 4566/123/146 4568/125/146
f 4598/287/147 4532/95/147 4574/289/147
f 4587/290/148 4568/125/148 4570/130/148
f 4574/289/149 4534/32/149 4581/291/149
f 4581/291/150 4536/97/150 4588/292/150
f 4595/293/151 4570/130/151 4572/132/151
f 4588/292/152 4538/99/152 4596/294/152
f 4599/295/153 4572/132/153 4510/248/153
f 4596/294/154 4540/101/154 4604/296/154
f 4604/296/123 4542/103/123 4579/297/123
f 4579/297/124 4544/105/124 4586/298/124
f 4586/298/125 4546/107/125 4593/299/125
f 4593/299/126 4548/109/126 4602/300/126
f 4594/301/440 4510/73/440 4512/76/440
f 4602/300/128 4550/16/128 4577/302/128
f 4603/303/129 4512/76/129 4514/78/129
f 4577/302/130 4552/111/130 4584/304/130
f 4578/305/131 4514/78/131 4516/80/131
f 4584/304/132 4554/113/132 4591/306/132
f 4585/307/133 4516/80/133 4518/81/133
f 4591/306/134 4556/115/134 4600/308/134
f 4592/309/135 4518/81/135 4520/83/135
f 4600/308/136 4558/117/136 4575/310/136
f 4601/311/137 4520/83/137 4522/85/137
f 4582/312/138 4558/117/138 4560/137/138
f 4576/313/139 4522/85/139 4524/87/139
f 4589/314/140 4560/137/140 4562/119/140
f 4583/284/141 4524/87/141 4526/89/141
f 4629/277/142 4589/314/142 4597/283/142
f 4615/315/143 4590/285/143 4622/260/143
f 4605/278/144 4597/283/144 4573/286/144
f 4622/260/145 4598/287/145 4630/261/145
f 4612/279/146 4573/286/146 4580/288/146
f 4630/261/147 4574/289/147 4606/262/147
f 4619/280/148 4580/288/148 4587/290/148
f 4606/262/149 4581/291/149 4613/263/149
f 4613/263/150 4588/292/150 4620/264/150
f 4627/281/151 4587/290/151 4595/293/151
f 4620/264/152 4596/294/152 4628/265/152
f 4636/282/153 4595/293/153 4599/295/153
f 4628/265/154 4604/296/154 4635/266/154
f 4635/266/123 4579/297/123 4611/267/123
f 4611/267/124 4586/298/124 4618/268/124
f 4618/268/125 4593/299/125 4625/269/125
f 4625/269/126 4602/300/126 4633/270/126
f 4626/253/127 4599/316/127 4594/301/127
f 4633/270/128 4577/302/128 4609/271/128
f 4634/254/129 4594/301/129 4603/303/129
f 4609/271/130 4584/304/130 4616/272/130
f 4610/255/131 4603/303/131 4578/305/131
f 4616/272/132 4591/306/132 4623/273/132
f 4617/256/133 4578/305/133 4585/307/133
f 4623/273/134 4600/308/134 4631/274/134
f 4624/257/135 4585/307/135 4592/309/135
f 4631/274/136 4575/310/136 4607/317/136
f 4632/258/137 4592/309/137 4601/311/137
f 4614/275/138 4575/310/138 4582/312/138
f 4608/259/139 4601/311/139 4576/313/139
f 4621/276/140 4582/312/140 4589/314/140
f 4615/315/141 4576/313/141 4583/284/141
f 4638/24/7 4639/1/7 4637/31/7
f 4640/4/8 4643/11/8 4639/1/8
f 4644/23/9 4641/20/9 4643/11/9
f 4642/8/10 4637/16/10 4641/20/10
f 4643/11/11 4637/21/11 4639/19/11
f 4640/22/12 4642/8/12 4644/23/12
f 4764/252/91 4647/74/91 4645/75/91
f 4743/253/92 4649/77/92 4647/74/92
f 4751/254/93 4651/79/93 4649/77/93
f 4758/255/94 4653/22/94 4651/79/94
f 4766/256/95 4655/82/95 4653/22/95
f 4741/257/96 4657/84/96 4655/82/96
f 4749/258/97 4659/86/97 4657/84/97
f 4756/259/98 4661/88/98 4659/86/98
f 4661/88/430 4771/260/430 4663/90/430
f 4663/90/100 4747/261/100 4665/92/100
f 4665/92/101 4754/262/101 4667/94/101
f 4667/94/102 4761/263/102 4669/23/102
f 4669/23/103 4769/264/103 4671/96/103
f 4671/96/104 4745/265/104 4673/98/104
f 4673/98/105 4752/266/105 4675/100/105
f 4675/100/106 4759/267/106 4677/102/106
f 4759/267/107 4679/104/107 4677/102/107
f 4767/268/108 4681/106/108 4679/104/108
f 4742/269/109 4683/108/109 4681/106/109
f 4750/270/110 4685/11/110 4683/108/110
f 4757/271/111 4687/110/111 4685/11/111
f 4765/272/112 4689/112/112 4687/110/112
f 4772/273/113 4691/114/113 4689/112/113
f 4748/274/114 4693/116/114 4691/114/114
f 4693/116/115 4762/275/115 4695/118/115
f 4695/118/116 4770/276/116 4697/120/116
f 4697/120/117 4746/277/117 4699/121/117
f 4699/121/118 4753/278/118 4701/19/118
f 4701/19/119 4760/279/119 4703/124/119
f 4703/124/120 4768/280/120 4705/126/120
f 4682/209/12 4666/210/12 4650/127/12
f 4705/126/121 4744/281/121 4707/131/121
f 4707/131/122 4764/282/122 4645/133/122
f 4675/213/11 4691/214/11 4707/215/11
f 4719/318/441 4648/76/441 4650/78/441
f 4725/319/130 4688/111/130 4733/320/130
f 4726/321/131 4650/78/131 4652/80/131
f 4733/320/132 4690/113/132 4740/322/132
f 4734/323/133 4652/80/133 4654/81/133
f 4740/322/134 4692/115/134 4716/324/134
f 4709/325/135 4654/81/135 4656/83/135
f 4716/324/136 4694/117/136 4723/326/136
f 4717/327/137 4656/83/137 4658/85/137
f 4731/328/138 4694/117/138 4696/137/138
f 4724/329/139 4658/85/139 4660/87/139
f 4738/330/140 4696/137/140 4698/119/140
f 4732/331/141 4660/87/141 4662/89/141
f 4714/332/142 4698/119/142 4700/122/142
f 4732/331/143 4664/91/143 4739/333/143
f 4721/334/144 4700/122/144 4702/123/144
f 4739/333/145 4666/93/145 4715/335/145
f 4729/336/146 4702/123/146 4704/125/146
f 4715/335/147 4668/95/147 4722/337/147
f 4736/338/148 4704/125/148 4706/130/148
f 4722/337/149 4670/32/149 4730/339/149
f 4730/339/150 4672/97/150 4737/340/150
f 4712/341/151 4706/130/151 4708/132/151
f 4737/340/152 4674/99/152 4713/342/152
f 4727/343/153 4708/132/153 4646/248/153
f 4713/342/154 4676/101/154 4720/344/154
f 4720/344/123 4678/103/123 4728/345/123
f 4728/345/124 4680/105/124 4735/346/124
f 4735/346/125 4682/107/125 4710/347/125
f 4710/347/126 4684/109/126 4718/348/126
f 4711/349/127 4646/73/127 4648/76/127
f 4718/348/128 4686/16/128 4725/319/128
f 4751/254/441 4711/349/441 4719/318/441
f 4757/271/130 4733/320/130 4765/272/130
f 4758/255/131 4719/318/131 4726/321/131
f 4765/272/132 4740/322/132 4772/273/132
f 4766/256/133 4726/321/133 4734/323/133
f 4772/273/134 4716/324/134 4748/274/134
f 4741/257/135 4734/323/135 4709/325/135
f 4748/274/136 4723/326/136 4755/317/136
f 4749/258/137 4709/325/137 4717/327/137
f 4762/275/138 4723/326/138 4731/328/138
f 4756/259/139 4717/327/139 4724/329/139
f 4770/276/140 4731/328/140 4738/330/140
f 4763/315/141 4724/329/141 4732/331/141
f 4746/277/142 4738/330/142 4714/332/142
f 4763/315/143 4739/333/143 4771/260/143
f 4753/278/144 4714/332/144 4721/334/144
f 4771/260/145 4715/335/145 4747/261/145
f 4760/279/146 4721/334/146 4729/336/146
f 4747/261/147 4722/337/147 4754/262/147
f 4768/280/148 4729/336/148 4736/338/148
f 4754/262/149 4730/339/149 4761/263/149
f 4761/263/150 4737/340/150 4769/264/150
f 4744/281/151 4736/338/151 4712/341/151
f 4769/264/152 4713/342/152 4745/265/152
f 4764/282/439 4712/341/439 4727/343/439
f 4745/265/154 4720/344/154 4752/266/154
f 4752/266/123 4728/345/123 4759/267/123
f 4759/267/124 4735/346/124 4767/268/124
f 4767/268/125 4710/347/125 4742/269/125
f 4742/269/126 4718/348/126 4750/270/126
f 4743/253/440 4727/350/440 4711/349/440
f 4750/270/128 4725/319/128 4757/271/128
f 4883/180/91 4775/74/91 4773/75/91
f 4894/181/92 4777/77/92 4775/74/92
f 4870/182/93 4779/79/93 4777/77/93
f 4877/183/94 4781/22/94 4779/79/94
f 4885/184/95 4783/82/95 4781/22/95
f 4892/185/96 4785/84/96 4783/82/96
f 4900/186/97 4787/86/97 4785/84/97
f 4875/187/98 4789/88/98 4787/86/98
f 4789/88/430 4890/188/430 4791/90/430
f 4791/90/100 4898/189/100 4793/92/100
f 4793/92/101 4873/190/101 4795/94/101
f 4795/94/102 4880/191/102 4797/23/102
f 4797/23/103 4888/192/103 4799/96/103
f 4799/96/104 4896/193/104 4801/98/104
f 4801/98/105 4871/194/105 4803/100/105
f 4803/100/106 4878/195/106 4805/102/106
f 4878/195/107 4807/104/107 4805/102/107
f 4886/196/108 4809/106/108 4807/104/108
f 4893/197/109 4811/108/109 4809/106/109
f 4869/198/110 4813/11/110 4811/108/110
f 4876/199/111 4815/110/111 4813/11/111
f 4884/200/112 4817/112/112 4815/110/112
f 4891/201/113 4819/114/113 4817/112/113
f 4899/202/114 4821/116/114 4819/114/114
f 4821/116/115 4881/203/115 4823/118/115
f 4823/118/116 4889/204/116 4825/120/116
f 4825/120/117 4897/205/117 4827/121/117
f 4827/121/442 4872/206/442 4829/19/442
f 4829/19/119 4879/207/119 4831/124/119
f 4831/124/120 4887/208/120 4833/126/120
f 4810/209/12 4794/210/12 4778/127/12
f 4833/126/121 4895/211/121 4835/131/121
f 4835/131/122 4883/212/122 4773/133/122
f 4803/213/11 4819/214/11 4835/215/11
f 4850/351/138 4822/117/138 4824/137/138
f 4844/352/139 4786/85/139 4788/87/139
f 4857/353/140 4824/137/140 4826/119/140
f 4851/354/141 4788/87/141 4790/89/141
f 4865/355/142 4826/119/142 4828/122/142
f 4851/354/143 4792/91/143 4858/356/143
f 4840/357/144 4828/122/144 4830/123/144
f 4858/356/145 4794/93/145 4866/358/145
f 4848/359/146 4830/123/146 4832/125/146
f 4866/358/147 4796/95/147 4841/360/147
f 4855/361/443 4832/125/443 4834/130/443
f 4841/360/149 4798/32/149 4849/362/149
f 4849/362/150 4800/97/150 4856/363/150
f 4863/364/438 4834/130/438 4836/132/438
f 4856/363/152 4802/99/152 4864/365/152
f 4842/366/153 4836/132/153 4774/248/153
f 4864/365/444 4804/101/444 4839/367/444
f 4839/367/431 4806/103/431 4847/368/431
f 4847/368/124 4808/105/124 4854/369/124
f 4854/369/445 4810/107/445 4861/370/445
f 4861/370/126 4812/109/126 4837/371/126
f 4862/372/127 4774/73/127 4776/76/127
f 4837/371/446 4814/16/446 4845/373/446
f 4838/374/129 4776/76/129 4778/78/129
f 4845/373/447 4816/111/447 4852/375/447
f 4846/376/131 4778/78/131 4780/80/131
f 4852/375/132 4818/113/132 4859/377/132
f 4853/378/133 4780/80/133 4782/81/133
f 4859/377/134 4820/115/134 4867/379/134
f 4860/380/448 4782/81/448 4784/83/448
f 4867/379/136 4822/117/136 4843/381/136
f 4868/382/449 4784/83/449 4786/85/449
f 4881/203/138 4843/381/138 4850/351/138
f 4875/187/139 4868/382/139 4844/352/139
f 4889/204/140 4850/351/140 4857/353/140
f 4882/251/141 4844/352/141 4851/354/141
f 4897/205/142 4857/353/142 4865/355/142
f 4882/251/143 4858/356/143 4890/188/143
f 4872/206/144 4865/355/144 4840/357/144
f 4890/188/145 4866/358/145 4898/189/145
f 4879/207/146 4840/357/146 4848/359/146
f 4898/189/147 4841/360/147 4873/190/147
f 4887/208/148 4848/359/148 4855/361/148
f 4873/190/149 4849/362/149 4880/191/149
f 4880/191/150 4856/363/150 4888/192/150
f 4895/211/438 4855/361/438 4863/364/438
f 4888/192/152 4864/365/152 4896/193/152
f 4883/212/439 4863/364/439 4842/366/439
f 4896/193/154 4839/367/154 4871/194/154
f 4871/194/431 4847/368/431 4878/195/431
f 4878/195/124 4854/369/124 4886/196/124
f 4886/196/125 4861/370/125 4893/197/125
f 4893/197/126 4837/371/126 4869/198/126
f 4894/181/127 4842/383/127 4862/372/127
f 4869/198/128 4845/373/128 4876/199/128
f 4870/182/129 4862/372/129 4838/374/129
f 4876/199/130 4852/375/130 4884/200/130
f 4877/183/131 4838/374/131 4846/376/131
f 4884/200/132 4859/377/132 4891/201/132
f 4885/184/133 4846/376/133 4853/378/133
f 4891/201/134 4867/379/134 4899/202/134
f 4892/185/135 4853/378/135 4860/380/135
f 4899/202/136 4843/381/136 4874/250/136
f 4900/186/449 4860/380/449 4868/382/449
f 5000/384/7 4942/385/7 5030/386/7
f 4932/387/8 4945/98/8 4997/388/8
f 5002/389/9 4948/390/9 5029/391/9
f 4995/392/10 4902/32/10 4928/99/10
f 5009/393/11 4937/168/11 5028/394/11
f 5008/395/12 4938/396/12 5027/397/12
f 5003/398/12 4950/171/12 5026/399/12
f 4952/400/12 4953/401/12 4991/402/12
f 4929/403/12 4954/404/12 4990/405/12
f 5004/406/11 4949/407/11 5023/408/11
f 4956/409/11 4957/410/11 4988/411/11
f 4934/412/11 4958/413/11 4987/414/11
f 4959/415/10 4940/107/10 4986/416/10
f 4960/417/10 4961/418/10 4985/419/10
f 4950/420/10 4962/421/10 4984/422/10
f 5005/423/9 4936/424/9 5020/425/9
f 4964/426/9 4965/427/9 4982/428/9
f 4947/429/9 4966/430/9 4981/431/9
f 4967/432/8 4933/106/8 4980/433/8
f 4968/434/8 4969/435/8 4979/436/8
f 4944/437/8 4970/438/8 4978/439/8
f 5006/440/7 4930/441/7 5017/442/7
f 4972/443/7 4973/444/7 4976/445/7
f 4941/446/7 4974/447/7 4975/448/7
f 4975/448/7 4926/449/7 4972/443/7
f 5015/450/159 4972/443/159 5014/451/159
f 5008/452/159 4975/448/159 5015/450/159
f 4976/445/7 4909/453/7 4927/454/7
f 5016/455/159 4927/454/159 4999/456/159
f 5014/451/159 4976/445/159 5016/455/159
f 5017/442/7 4903/1/7 5007/457/7
f 4973/444/7 4939/458/7 4909/453/7
f 4926/449/7 4977/459/7 4973/444/7
f 4978/439/8 4925/460/8 4968/434/8
f 4942/385/8 4968/434/8 4912/461/8
f 4904/4/8 4978/439/8 4942/385/8
f 4979/436/8 4913/160/8 4931/462/8
f 4930/441/8 4931/462/8 4903/1/8
f 4912/461/8 4979/436/8 4930/441/8
f 4980/433/8 4907/11/8 4943/463/8
f 4969/435/8 4943/463/8 4913/160/8
f 4925/460/8 4980/433/8 4969/435/8
f 4981/431/9 4924/464/9 4964/426/9
f 5018/465/160 4964/426/160 5013/466/160
f 5010/467/160 4981/431/160 5018/465/160
f 4982/428/9 4916/468/9 4934/412/9
f 5019/469/160 4934/412/160 5001/470/160
f 5013/466/160 4982/428/160 5019/469/160
f 5020/425/9 4905/20/9 5009/393/9
f 4965/427/9 4946/471/9 4916/468/9
f 4924/464/9 4983/472/9 4965/427/9
f 4984/422/10 4923/473/10 4960/417/10
f 4948/390/10 4960/417/10 4918/474/10
f 4906/8/10 4984/422/10 4948/390/10
f 4985/419/10 4919/475/10 4937/476/10
f 4905/20/10 4985/419/10 4937/476/10
f 4918/474/10 4985/419/10 4936/424/10
f 4986/416/10 4901/16/10 4949/477/10
f 4961/418/10 4949/477/10 4919/475/10
f 4923/473/10 4986/416/10 4961/418/10
f 4987/414/11 4922/478/11 4956/409/11
f 5012/479/11 4987/414/11 4956/409/11
f 5021/480/11 4934/412/11 4987/414/11
f 4988/411/11 4909/481/11 4939/482/11
f 5007/483/11 4988/411/11 4939/482/11
f 5022/484/11 4956/409/11 4988/411/11
f 5023/408/11 4901/21/11 4999/485/11
f 4957/410/11 4927/486/11 4909/481/11
f 4922/478/11 4989/487/11 4957/410/11
f 4990/405/12 4921/488/12 4952/400/12
f 5024/489/12 4952/400/12 5011/490/12
f 5000/491/12 4990/405/12 5024/489/12
f 4991/402/12 4917/492/12 4947/429/12
f 5025/493/12 4947/429/12 5010/467/12
f 5011/490/12 4991/402/12 5025/493/12
f 5026/399/12 4906/8/12 5002/389/12
f 4953/401/12 4935/494/12 4917/492/12
f 4921/488/12 4992/495/12 4953/401/12
f 5027/397/12 4920/169/12 5003/398/12
f 4954/404/12 4951/496/12 4921/488/12
f 4911/497/12 4993/498/12 4954/404/12
f 5028/394/11 4919/170/11 5004/406/11
f 4958/413/11 4955/499/11 4922/478/11
f 4916/468/11 4994/500/11 4958/413/11
f 4995/392/10 4910/103/10 4959/415/10
f 4962/421/10 4959/415/10 4923/473/10
f 4920/167/10 4995/392/10 4962/421/10
f 5029/391/9 4918/474/9 5005/423/9
f 4966/430/9 4963/501/9 4924/464/9
f 4917/492/9 4996/502/9 4966/430/9
f 4997/388/8 4915/102/8 4967/432/8
f 4970/438/8 4967/432/8 4925/460/8
f 4914/503/8 4997/388/8 4970/438/8
f 5030/386/7 4912/461/7 5006/440/7
f 4974/447/7 4971/504/7 4926/449/7
f 4911/505/7 4998/506/7 4974/447/7
f 4971/504/161 5030/386/161 5006/440/161
f 4996/502/162 5005/423/162 4963/501/162
f 4994/500/11 5004/406/11 4955/499/11
f 4951/496/12 5027/397/12 5003/398/12
f 4935/494/12 5026/399/12 5002/389/12
f 4914/88/12 5025/493/12 4932/92/12
f 4932/92/12 5010/467/12 4908/23/12
f 4904/22/12 5024/489/12 4944/84/12
f 4944/84/12 5011/490/12 4914/88/12
f 4989/487/11 4999/485/11 4927/486/11
f 4913/116/11 5022/484/11 4931/120/11
f 4931/120/11 5007/483/11 4903/19/11
f 4907/11/11 5021/480/11 4943/112/11
f 4943/112/11 5012/479/11 4913/116/11
f 4983/472/162 5009/393/162 4946/471/162
f 4915/102/9 5019/469/9 4933/106/9
f 4933/106/9 5001/470/9 4907/11/9
f 4908/23/9 5018/465/9 4945/98/9
f 4945/98/9 5013/466/9 4915/102/9
f 4977/459/161 5007/457/161 4939/458/161
f 4910/507/7 5016/455/7 4940/508/7
f 4940/508/7 4999/456/7 4901/31/7
f 4902/24/7 5015/450/7 4928/509/7
f 4928/509/7 5014/451/7 4910/507/7
f 4977/459/161 5006/440/161 5017/442/161
f 4963/501/162 5020/425/162 4983/472/162
f 4955/499/11 5023/408/11 4989/487/11
f 4992/495/12 5003/398/12 5026/399/12
f 4993/498/12 5008/395/12 5027/397/12
f 4946/471/11 5028/394/11 4994/500/11
f 4935/494/162 5029/391/162 4996/502/162
f 4998/506/161 5000/384/161 5030/386/161
f 5130/384/7 5072/385/7 5160/386/7
f 5062/387/8 5075/98/8 5127/388/8
f 5132/389/9 5078/390/9 5159/391/9
f 5125/392/10 5032/32/10 5058/99/10
f 5139/393/11 5067/168/11 5158/394/11
f 5138/395/12 5068/396/12 5157/397/12
f 5133/398/12 5080/171/12 5156/399/12
f 5082/400/12 5083/401/12 5121/402/12
f 5059/403/12 5084/404/12 5120/405/12
f 5134/406/11 5079/407/11 5153/408/11
f 5086/409/11 5087/410/11 5118/411/11
f 5064/412/11 5088/413/11 5117/414/11
f 5089/415/10 5070/107/10 5116/416/10
f 5090/417/10 5091/418/10 5115/419/10
f 5080/420/10 5092/421/10 5114/422/10
f 5135/423/9 5066/424/9 5150/425/9
f 5094/426/9 5095/427/9 5112/428/9
f 5077/429/9 5096/430/9 5111/431/9
f 5097/432/8 5063/106/8 5110/433/8
f 5098/434/8 5099/435/8 5109/436/8
f 5074/437/8 5100/438/8 5108/439/8
f 5136/440/7 5060/441/7 5147/442/7
f 5102/443/7 5103/444/7 5106/445/7
f 5071/446/7 5104/447/7 5105/448/7
f 5105/448/7 5056/449/7 5102/443/7
f 5145/450/163 5102/443/163 5144/451/163
f 5138/452/163 5105/448/163 5145/450/163
f 5106/445/7 5039/453/7 5057/454/7
f 5146/455/163 5057/454/163 5129/456/163
f 5144/451/163 5106/445/163 5146/455/163
f 5147/442/7 5033/1/7 5137/457/7
f 5103/444/7 5069/458/7 5039/453/7
f 5056/449/7 5107/459/7 5103/444/7
f 5108/439/8 5055/460/8 5098/434/8
f 5072/385/8 5098/434/8 5042/461/8
f 5034/4/8 5108/439/8 5072/385/8
f 5109/436/8 5043/160/8 5061/462/8
f 5060/441/8 5061/462/8 5033/1/8
f 5042/461/8 5109/436/8 5060/441/8
f 5110/433/8 5037/11/8 5073/463/8
f 5099/435/8 5073/463/8 5043/160/8
f 5055/460/8 5110/433/8 5099/435/8
f 5111/431/9 5054/464/9 5094/426/9
f 5148/465/164 5094/426/164 5143/466/164
f 5140/467/164 5111/431/164 5148/465/164
f 5112/428/9 5046/468/9 5064/412/9
f 5149/469/164 5064/412/164 5131/470/164
f 5143/466/164 5112/428/164 5149/469/164
f 5150/425/9 5035/20/9 5139/393/9
f 5095/427/9 5076/471/9 5046/468/9
f 5054/464/9 5113/472/9 5095/427/9
f 5114/422/10 5053/473/10 5090/417/10
f 5078/390/10 5090/417/10 5048/474/10
f 5036/8/10 5114/422/10 5078/390/10
f 5115/419/10 5049/475/10 5067/476/10
f 5035/20/10 5115/419/10 5067/476/10
f 5048/474/10 5115/419/10 5066/424/10
f 5116/416/10 5031/16/10 5079/477/10
f 5091/418/10 5079/477/10 5049/475/10
f 5053/473/10 5116/416/10 5091/418/10
f 5117/414/11 5052/478/11 5086/409/11
f 5151/480/165 5086/409/165 5142/479/165
f 5131/470/165 5117/414/165 5151/480/165
f 5118/411/11 5039/481/11 5069/482/11
f 5152/484/165 5069/482/165 5137/483/165
f 5142/479/165 5118/411/165 5152/484/165
f 5153/408/11 5031/21/11 5129/485/11
f 5087/410/11 5057/486/11 5039/481/11
f 5052/478/11 5119/487/11 5087/410/11
f 5120/405/12 5051/488/12 5082/400/12
f 5141/490/166 5120/405/166 5082/400/166
f 5154/489/166 5059/403/166 5120/405/166
f 5121/402/12 5047/492/12 5077/429/12
f 5140/467/166 5121/402/166 5077/429/166
f 5155/493/166 5082/400/166 5121/402/166
f 5156/399/12 5036/8/12 5132/389/12
f 5083/401/12 5065/494/12 5047/492/12
f 5051/488/12 5122/495/12 5083/401/12
f 5157/397/12 5050/169/12 5133/398/12
f 5084/404/12 5081/496/12 5051/488/12
f 5041/497/12 5123/498/12 5084/404/12
f 5158/394/11 5049/170/11 5134/406/11
f 5088/413/11 5085/499/11 5052/478/11
f 5046/468/11 5124/500/11 5088/413/11
f 5125/392/10 5040/103/10 5089/415/10
f 5092/421/10 5089/415/10 5053/473/10
f 5050/167/10 5125/392/10 5092/421/10
f 5159/391/9 5048/474/9 5135/423/9
f 5096/430/9 5093/501/9 5054/464/9
f 5047/492/9 5126/502/9 5096/430/9
f 5127/388/8 5045/102/8 5097/432/8
f 5100/438/8 5097/432/8 5055/460/8
f 5044/503/8 5127/388/8 5100/438/8
f 5160/386/7 5042/461/7 5136/440/7
f 5104/447/7 5101/504/7 5056/449/7
f 5041/505/7 5128/506/7 5104/447/7
f 5101/504/167 5160/386/167 5136/440/167
f 5093/501/168 5159/391/168 5135/423/168
f 5085/499/169 5158/394/169 5134/406/169
f 5123/498/170 5133/398/170 5081/496/170
f 5122/495/170 5132/389/170 5065/494/170
f 5044/88/12 5155/493/12 5062/92/12
f 5062/92/12 5140/467/12 5038/23/12
f 5034/22/12 5154/489/12 5074/84/12
f 5074/84/12 5141/490/12 5044/88/12
f 5057/486/169 5153/408/169 5129/485/169
f 5043/116/11 5152/484/11 5061/120/11
f 5061/120/11 5137/483/11 5033/19/11
f 5037/11/11 5151/480/11 5073/112/11
f 5073/112/11 5142/479/11 5043/116/11
f 5076/471/168 5150/425/168 5139/393/168
f 5045/102/9 5149/469/9 5063/106/9
f 5063/106/9 5131/470/9 5037/11/9
f 5038/23/9 5148/465/9 5075/98/9
f 5075/98/9 5143/466/9 5045/102/9
f 5069/458/167 5147/442/167 5137/457/167
f 5040/507/7 5146/455/7 5070/508/7
f 5070/508/7 5129/456/7 5031/31/7
f 5032/24/7 5145/450/7 5058/509/7
f 5058/509/7 5144/451/7 5040/507/7
f 5107/459/167 5136/440/167 5147/442/167
f 5113/472/168 5135/423/168 5150/425/168
f 5119/487/169 5134/406/169 5153/408/169
f 5081/496/170 5156/399/170 5122/495/170
f 5071/511/170 5157/397/170 5123/498/170
f 5124/500/169 5139/393/169 5158/394/169
f 5126/502/168 5132/389/168 5159/391/168
f 5128/506/167 5130/384/167 5160/386/167
f 3365/26/1 3333/24/1 3353/4/1
f 3353/4/1 3349/1/1 3293/31/1
f 3293/31/563 3382/2/563 3381/28/563
f 3381/28/564 3366/3/564 3365/26/564
f 3365/26/1 3353/4/1 3293/31/1
f 3383/12/2 3361/11/2 3349/1/2
f 3349/1/2 3353/4/2 3363/23/2
f 3363/23/565 3368/7/565 3367/5/565
f 3367/5/566 3384/6/566 3383/12/566
f 3383/12/2 3349/1/2 3363/23/2
f 3368/7/3 3363/23/3 3359/8/3
f 3318/10/3 3357/20/3 3361/11/3
f 3384/6/3 3367/5/3 3334/13/3
f 3359/8/4 3333/32/4 3365/15/4
f 3293/16/4 3357/20/4 3318/10/4
f 3334/13/4 3366/530/4 3381/18/4
f 3349/19/5 3361/11/5 3357/20/5
f 3353/22/6 3333/37/6 3359/8/6
f 3341/24/1 3355/4/1 3369/25/1
f 3339/3/1 3370/30/1 3385/27/1
f 3351/1/1 3319/31/1 3324/2/1
f 3369/25/2 3355/4/2 3364/23/2
f 3364/23/2 3362/11/2 3351/1/2
f 3351/1/567 3386/29/567 3385/27/567
f 3370/30/2 3369/25/2 3364/23/2
f 3364/23/2 3351/1/2 3385/27/2
f 3388/10/3 3358/20/3 3362/11/3
f 3362/11/3 3364/23/3 3360/8/3
f 3360/8/568 3371/9/568 3372/13/568
f 3372/13/569 3387/14/569 3388/10/569
f 3362/11/3 3360/8/3 3372/13/3
f 3360/8/4 3341/32/4 3342/15/4
f 3319/16/4 3358/20/4 3388/10/4
f 3372/13/4 3339/530/4 3326/18/4
f 3351/19/5 3362/11/5 3358/20/5
f 3355/22/6 3341/37/6 3360/8/6
f 3328/24/1 3345/4/1 3346/25/1
f 3338/1/1 3312/31/1 3392/2/1
f 3376/3/1 3335/30/1 3330/27/1
f 3356/23/2 3374/7/2 3346/25/2
f 3373/5/2 3390/6/2 3330/27/2
f 3389/12/2 3354/11/2 3338/1/2
f 3374/7/3 3356/23/3 3352/8/3
f 3352/8/3 3350/20/3 3354/11/3
f 3354/11/570 3389/12/570 3390/6/570
f 3390/6/571 3373/5/571 3374/7/571
f 3374/7/3 3352/8/3 3354/11/3
f 3392/17/4 3312/16/4 3350/20/4
f 3350/20/4 3352/8/4 3328/32/4
f 3350/20/4 3328/32/4 3375/15/4
f 3391/18/4 3392/17/4 3350/20/4
f 3350/20/572 3375/15/572 3376/530/572
f 3338/19/5 3354/11/5 3350/20/5
f 3345/22/6 3328/37/6 3352/8/6
f 3393/29/1 3322/1/1 3308/31/1
f 3308/31/1 3316/24/1 3331/4/1
f 3331/4/573 3378/25/573 3377/30/573
f 3377/30/574 3394/27/574 3393/29/574
f 3308/31/1 3331/4/1 3377/30/1
f 3348/23/2 3343/7/2 3378/25/2
f 3321/12/2 3344/11/2 3322/1/2
f 3337/5/2 3327/6/2 3394/27/2
f 3343/11/3 3348/23/3 3340/8/3
f 3395/10/3 3336/20/3 3344/11/3
f 3327/6/3 3337/5/3 3379/13/3
f 3380/9/4 3340/8/4 3316/32/4
f 3316/32/4 3308/16/4 3336/20/4
f 3395/10/575 3396/14/575 3379/13/575
f 3316/32/4 3336/20/4 3395/10/4
f 3379/13/4 3380/9/4 3316/32/4
f 3322/19/5 3344/11/5 3336/20/5
f 3331/22/6 3316/37/6 3340/8/6
f 3297/24/1 3314/4/1 3309/1/1
f 3309/1/2 3314/4/2 3329/23/2
f 3325/11/3 3329/23/3 3323/8/3
f 3323/8/4 3297/32/4 3295/16/4
f 3370/534/429 3339/54/429 3295/21/429
f 3325/11/5 3317/20/5 3334/34/5
f 3334/34/576 3367/535/576 3379/536/576
f 3337/537/577 3377/538/577 3373/33/577
f 3325/11/429 3334/34/429 3379/536/429
f 3325/11/5 3379/536/5 3337/537/5
f 3370/534/5 3295/21/5 3309/19/5
f 3376/533/5 3370/534/5 3309/19/5
f 3309/19/5 3325/11/5 3337/537/5
f 3309/19/5 3337/537/5 3373/33/5
f 3335/531/5 3376/533/5 3309/19/5
f 3366/53/5 3334/34/5 3317/20/5
f 3317/20/5 3295/21/5 3339/54/5
f 3339/54/578 3372/35/578 3366/53/578
f 3375/36/6 3346/539/6 3314/22/6
f 3297/37/6 3323/8/6 3347/540/6
f 3347/540/579 3365/541/579 3371/542/579
f 3342/38/580 3369/55/580 3375/36/580
f 3297/37/6 3347/540/6 3371/542/6
f 3342/38/6 3375/36/6 3314/22/6
f 3297/37/6 3371/542/6 3342/38/6
f 3368/532/6 3347/540/6 3323/8/6
f 3329/23/6 3314/22/6 3346/539/6
f 3346/539/581 3374/543/581 3378/39/581
f 3343/40/582 3380/56/582 3368/532/582
f 3346/539/8 3378/39/8 3343/40/8
f 3368/532/6 3323/8/6 3329/23/6
f 3329/23/6 3346/539/6 3343/40/6
f 3369/41/3 3370/544/3 3376/42/3
f 3373/44/4 3377/545/4 3378/45/4
f 3379/47/1 3367/546/1 3368/48/1
f 3365/50/2 3366/547/2 3372/51/2
f 3296/24/1 3305/4/1 3302/1/1
f 3302/1/2 3305/4/2 3315/23/2
f 3313/11/3 3315/23/3 3311/8/3
f 3311/8/4 3296/32/4 3294/16/4
f 3386/534/5 3324/54/5 3294/21/5
f 3313/11/5 3310/20/5 3318/34/5
f 3383/535/8 3395/536/8 3321/537/8
f 3313/11/5 3318/34/5 3383/535/5
f 3386/534/5 3294/21/5 3302/19/5
f 3392/533/583 3386/534/583 3302/19/583
f 3313/11/5 3383/535/5 3321/537/5
f 3321/537/584 3393/538/584 3389/33/584
f 3320/531/5 3392/533/5 3302/19/5
f 3313/11/5 3321/537/5 3389/33/5
f 3389/33/5 3320/531/5 3302/19/5
f 3382/53/5 3318/34/5 3310/20/5
f 3310/20/5 3294/21/5 3324/54/5
f 3324/54/585 3388/35/585 3382/53/585
f 3391/36/6 3330/539/6 3305/22/6
f 3296/37/6 3311/8/6 3332/540/6
f 3381/541/586 3387/542/586 3326/38/586
f 3296/37/587 3332/540/587 3381/541/587
f 3391/36/6 3305/22/6 3296/37/6
f 3326/38/588 3385/55/588 3391/36/588
f 3296/37/6 3381/541/6 3326/38/6
f 3396/56/9 3384/532/9 3332/540/9
f 3332/540/6 3311/8/6 3315/23/6
f 3315/23/587 3305/22/587 3330/539/587
f 3390/543/589 3394/39/589 3327/40/589
f 3315/23/6 3330/539/6 3390/543/6
f 3396/56/6 3332/540/6 3315/23/6
f 3315/23/6 3390/543/6 3327/40/6
f 3385/41/3 3386/544/3 3392/42/3
f 3389/44/4 3393/545/4 3394/45/4
f 3395/47/1 3383/546/1 3384/48/1
f 3381/50/2 3382/547/2 3388/51/2
f 3398/24/7 3400/4/7 3399/1/7
f 3400/4/8 3411/72/8 3410/57/8
f 3404/23/9 3402/8/9 3401/20/9
f 3401/20/10 3402/8/10 3406/58/10
f 3410/60/11 3409/70/11 3397/21/11
f 3407/61/12 3406/67/12 3402/8/12
f 3407/62/8 3404/23/8 3403/11/8
f 3405/64/11 3403/11/11 3401/20/11
f 3406/67/13 3407/61/13 3411/71/13
f 3408/59/10 3406/58/10 3412/68/10
f 3412/68/10 3398/32/10 3397/16/10
f 3410/60/14 3405/64/14 3408/65/14
f 3411/71/12 3400/22/12 3398/37/12
f 3411/72/8 3407/62/8 3405/63/8
f 3414/24/7 3416/4/7 3415/1/7
f 3416/4/8 3420/23/8 3419/11/8
f 3420/23/9 3418/8/9 3417/20/9
f 3418/8/10 3414/32/10 3413/16/10
f 3419/11/11 3417/20/11 3413/21/11
f 3416/22/12 3414/37/12 3418/8/12
f 3422/24/7 3424/4/7 3423/1/7
f 3424/4/8 3428/23/8 3427/11/8
f 3428/23/9 3426/8/9 3425/20/9
f 3425/20/10 3426/8/10 3422/32/10
f 3427/11/11 3425/20/11 3421/21/11
f 3424/22/12 3422/37/12 3426/8/12
f 3686/24/7 3688/4/7 3687/1/7
f 3688/4/8 3692/23/8 3691/11/8
f 3692/23/9 3690/8/9 3689/20/9
f 3689/20/10 3690/8/10 3686/32/10
f 3691/11/11 3689/20/11 3685/21/11
f 3688/22/12 3686/37/12 3690/8/12
f 3950/24/7 3952/4/7 3951/1/7
f 3952/4/8 3963/72/8 3962/57/8
f 3956/23/9 3954/8/9 3953/20/9
f 3953/20/10 3954/8/10 3970/138/10
f 3962/60/11 3961/70/11 3949/21/11
f 3971/140/12 3970/152/12 3954/8/12
f 3959/62/8 3967/143/8 3965/141/8
f 3957/64/11 3965/145/11 3968/142/11
f 3959/61/47 3963/71/47 3964/66/47
f 3958/58/10 3964/68/10 3961/69/10
f 3961/69/10 3964/68/10 3950/32/10
f 3962/60/48 3957/64/48 3960/65/48
f 3963/71/12 3952/22/12 3950/37/12
f 3962/57/8 3963/72/8 3959/62/8
f 3967/143/8 3971/150/8 3969/144/8
f 3965/145/49 3969/151/49 3972/146/49
f 3967/147/12 3959/61/12 3958/67/12
f 3968/149/10 3966/153/10 3958/58/10
f 3971/150/8 3956/23/8 3955/11/8
f 3969/151/11 3955/11/11 3953/20/11
f 3971/140/50 3967/147/50 3966/148/50
f 3972/139/10 3970/138/10 3966/153/10
f 4230/73/51 4232/76/51 4231/74/51
f 4232/76/52 4234/78/52 4233/77/52
f 4234/78/53 4236/80/53 4235/79/53
f 4236/80/54 4238/81/54 4237/22/54
f 4238/81/55 4240/83/55 4239/82/55
f 4240/83/56 4242/85/56 4241/84/56
f 4242/85/57 4244/87/57 4243/86/57
f 4244/87/58 4246/89/58 4245/88/58
f 4246/89/59 4248/91/59 4247/90/59
f 4248/91/60 4250/93/60 4249/92/60
f 4250/93/61 4252/95/61 4251/94/61
f 4252/95/62 4254/32/62 4253/23/62
f 4254/32/63 4256/97/63 4255/96/63
f 4256/97/64 4258/99/64 4257/98/64
f 4258/99/65 4260/101/65 4259/100/65
f 4260/101/66 4262/103/66 4261/102/66
f 4262/103/67 4264/105/67 4263/104/67
f 4264/105/68 4266/107/68 4265/106/68
f 4266/107/69 4268/109/69 4267/108/69
f 4268/109/70 4270/16/70 4269/11/70
f 4270/16/71 4272/111/71 4271/110/71
f 4272/111/72 4274/113/72 4273/112/72
f 4274/113/73 4276/115/73 4275/114/73
f 4276/115/74 4278/117/74 4277/116/74
f 4278/117/75 4280/137/75 4279/118/75
f 4280/137/76 4282/119/76 4281/120/76
f 4282/119/77 4284/122/77 4283/121/77
f 4284/122/78 4286/123/78 4285/19/78
f 4286/123/79 4288/125/79 4287/124/79
f 4288/125/80 4290/130/80 4289/126/80
f 4254/156/9 4252/553/9 4250/210/9
f 4250/210/9 4248/554/9 4246/555/9
f 4246/555/9 4244/556/9 4242/157/9
f 4242/157/9 4240/557/9 4238/558/9
f 4238/558/9 4236/559/9 4234/127/9
f 4234/127/9 4232/560/9 4230/561/9
f 4230/561/9 4292/562/9 4290/158/9
f 4290/158/9 4288/563/9 4286/154/9
f 4286/154/9 4284/564/9 4282/128/9
f 4282/128/9 4280/565/9 4278/566/9
f 4278/566/9 4276/567/9 4274/159/9
f 4274/159/9 4272/568/9 4270/155/9
f 4270/155/9 4268/569/9 4266/129/9
f 4266/129/9 4264/548/9 4262/549/9
f 4262/549/9 4260/550/9 4258/551/9
f 4258/551/9 4256/552/9 4254/156/9
f 4254/156/9 4250/210/9 4246/555/9
f 4246/555/9 4242/157/9 4238/558/9
f 4238/558/9 4234/127/9 4230/561/9
f 4230/561/9 4290/158/9 4286/154/9
f 4286/154/9 4282/128/9 4278/566/9
f 4278/566/9 4274/159/9 4270/155/9
f 4270/155/9 4266/129/9 4262/549/9
f 4262/549/9 4258/551/9 4254/156/9
f 4254/156/9 4246/555/9 4238/558/9
f 4238/558/9 4230/561/9 4286/154/9
f 4286/154/9 4278/566/9 4270/155/9
f 4270/155/9 4262/549/9 4254/156/9
f 4254/156/9 4238/558/9 4286/154/9
f 4290/130/81 4292/132/81 4291/131/81
f 4292/132/82 4230/248/82 4229/133/82
f 4287/136/7 4289/570/7 4291/215/7
f 4291/215/7 4229/571/7 4231/572/7
f 4231/572/7 4233/573/7 4235/574/7
f 4235/574/7 4237/575/7 4239/576/7
f 4239/576/7 4241/577/7 4243/578/7
f 4243/578/7 4245/579/7 4247/580/7
f 4247/580/7 4249/581/7 4251/582/7
f 4251/582/7 4253/583/7 4255/134/7
f 4255/134/7 4257/584/7 4259/529/7
f 4259/529/7 4261/585/7 4263/586/7
f 4263/586/7 4265/587/7 4267/588/7
f 4267/588/7 4269/589/7 4271/135/7
f 4271/135/7 4273/590/7 4275/214/7
f 4275/214/7 4277/591/7 4279/592/7
f 4279/592/7 4281/593/7 4283/594/7
f 4283/594/7 4285/595/7 4287/136/7
f 4287/136/7 4291/215/7 4231/572/7
f 4231/572/7 4235/574/7 4239/576/7
f 4239/576/7 4243/578/7 4247/580/7
f 4247/580/7 4251/582/7 4255/134/7
f 4255/134/7 4259/529/7 4263/586/7
f 4263/586/7 4267/588/7 4271/135/7
f 4271/135/7 4275/214/7 4279/592/7
f 4279/592/7 4283/594/7 4287/136/7
f 4287/136/7 4231/572/7 4239/576/7
f 4239/576/7 4247/580/7 4255/134/7
f 4255/134/7 4263/586/7 4271/135/7
f 4271/135/7 4279/592/7 4287/136/7
f 4287/136/7 4239/576/7 4255/134/7
f 4294/73/51 4296/76/51 4295/74/51
f 4296/76/52 4298/78/52 4297/77/52
f 4298/78/53 4300/80/53 4299/79/53
f 4300/80/54 4302/81/54 4301/22/54
f 4302/81/55 4304/83/55 4303/82/55
f 4304/83/56 4306/85/56 4305/84/56
f 4306/85/57 4308/87/57 4307/86/57
f 4308/87/58 4310/89/58 4309/88/58
f 4310/89/59 4312/91/59 4311/90/59
f 4312/91/60 4314/93/60 4313/92/60
f 4314/93/61 4316/95/61 4315/94/61
f 4316/95/62 4318/32/62 4317/23/62
f 4318/32/63 4320/97/63 4319/96/63
f 4320/97/64 4322/99/64 4321/98/64
f 4322/99/65 4324/101/65 4323/100/65
f 4324/101/66 4326/103/66 4325/102/66
f 4326/103/67 4328/105/67 4327/104/67
f 4328/105/68 4330/107/68 4329/106/68
f 4330/107/69 4332/109/69 4331/108/69
f 4332/109/70 4334/16/70 4333/11/70
f 4334/16/71 4336/111/71 4335/110/71
f 4336/111/72 4338/113/72 4337/112/72
f 4338/113/73 4340/115/73 4339/114/73
f 4340/115/74 4342/117/74 4341/116/74
f 4342/117/75 4344/137/75 4343/118/75
f 4344/137/76 4346/119/76 4345/120/76
f 4346/119/77 4348/122/77 4347/121/77
f 4348/122/78 4350/123/78 4349/19/78
f 4350/123/79 4352/125/79 4351/124/79
f 4352/125/80 4354/130/80 4353/126/80
f 4338/159/9 4336/568/9 4334/155/9
f 4334/155/9 4332/569/9 4330/129/9
f 4330/129/9 4328/548/9 4326/549/9
f 4326/549/9 4324/550/9 4322/551/9
f 4322/551/9 4320/552/9 4318/156/9
f 4318/156/9 4316/553/9 4314/210/9
f 4314/210/9 4312/554/9 4310/555/9
f 4310/555/9 4308/556/9 4306/157/9
f 4306/157/9 4304/557/9 4302/558/9
f 4302/558/9 4300/559/9 4298/127/9
f 4298/127/9 4296/560/9 4294/561/9
f 4294/561/9 4356/562/9 4354/158/9
f 4354/158/9 4352/563/9 4350/154/9
f 4350/154/9 4348/564/9 4346/128/9
f 4346/128/9 4344/565/9 4342/566/9
f 4342/566/9 4340/567/9 4338/159/9
f 4338/159/9 4334/155/9 4330/129/9
f 4330/129/9 4326/549/9 4322/551/9
f 4322/551/9 4318/156/9 4314/210/9
f 4314/210/9 4310/555/9 4306/157/9
f 4306/157/9 4302/558/9 4298/127/9
f 4298/127/9 4294/561/9 4354/158/9
f 4354/158/9 4350/154/9 4346/128/9
f 4346/128/9 4342/566/9 4338/159/9
f 4338/159/9 4330/129/9 4322/551/9
f 4322/551/9 4314/210/9 4306/157/9
f 4306/157/9 4298/127/9 4354/158/9
f 4354/158/9 4346/128/9 4338/159/9
f 4338/159/9 4322/551/9 4306/157/9
f 4354/130/81 4356/132/81 4355/131/81
f 4356/132/82 4294/248/82 4293/133/82
f 4351/136/7 4353/570/7 4355/215/7
f 4355/215/7 4293/571/7 4295/572/7
f 4295/572/7 4297/573/7 4299/574/7
f 4299/574/7 4301/575/7 4303/576/7
f 4303/576/7 4305/577/7 4307/578/7
f 4307/578/7 4309/579/7 4311/580/7
f 4311/580/7 4313/581/7 4315/582/7
f 4315/582/7 4317/583/7 4319/134/7
f 4319/134/7 4321/584/7 4323/529/7
f 4323/529/7 4325/585/7 4327/586/7
f 4327/586/7 4329/587/7 4331/588/7
f 4331/588/7 4333/589/7 4335/135/7
f 4335/135/7 4337/590/7 4339/214/7
f 4339/214/7 4341/591/7 4343/592/7
f 4343/592/7 4345/593/7 4347/594/7
f 4347/594/7 4349/595/7 4351/136/7
f 4351/136/7 4355/215/7 4295/572/7
f 4295/572/7 4299/574/7 4303/576/7
f 4303/576/7 4307/578/7 4311/580/7
f 4311/580/7 4315/582/7 4319/134/7
f 4319/134/7 4323/529/7 4327/586/7
f 4327/586/7 4331/588/7 4335/135/7
f 4335/135/7 4339/214/7 4343/592/7
f 4343/592/7 4347/594/7 4351/136/7
f 4351/136/7 4295/572/7 4303/576/7
f 4303/576/7 4311/580/7 4319/134/7
f 4319/134/7 4327/586/7 4335/135/7
f 4335/135/7 4343/592/7 4351/136/7
f 4351/136/7 4303/576/7 4319/134/7
f 4358/24/7 4360/4/7 4359/1/7
f 4369/503/8 4371/387/8 4364/23/8
f 4364/23/8 4363/11/8 4368/463/8
f 4365/160/8 4359/1/8 4360/4/8
f 4364/23/8 4368/463/8 4365/160/8
f 4360/4/8 4369/503/8 4364/23/8
f 4362/8/83 4361/20/83 4376/161/83
f 4379/596/83 4377/166/83 4373/165/83
f 4375/163/83 4376/161/83 4361/20/83
f 4379/596/83 4373/165/83 4375/163/83
f 4364/23/83 4378/597/83 4380/164/83
f 4380/164/590 4379/596/590 4375/163/590
f 4375/163/83 4361/20/83 4363/11/83
f 4363/11/83 4364/23/83 4380/164/83
f 4378/597/83 4364/23/83 4362/8/83
f 4362/8/83 4374/162/83 4373/165/83
f 4377/166/83 4378/597/83 4362/8/83
f 4366/475/10 4367/476/10 4361/20/10
f 4361/20/10 4362/8/10 4372/420/10
f 4370/167/10 4358/32/10 4357/16/10
f 4361/20/10 4372/420/10 4370/167/10
f 4357/16/10 4366/475/10 4361/20/10
f 4363/11/85 4361/20/85 4367/168/85
f 4360/22/12 4358/37/12 4370/169/12
f 4365/116/11 4366/170/11 4357/21/11
f 4368/112/86 4367/168/86 4366/170/86
f 4369/88/12 4370/169/12 4372/171/12
f 4371/92/87 4372/171/87 4362/8/87
f 3306/11/8 4375/598/8 4373/172/8
f 3299/20/10 3303/8/10 4374/173/10
f 3306/11/89 3299/20/89 4376/175/89
f 3307/23/90 4373/179/90 4374/177/90
f 3301/11/8 4380/598/8 4378/172/8
f 3298/20/10 3300/8/10 4377/173/10
f 3301/11/89 3298/20/89 4379/178/89
f 3300/8/90 3304/23/90 4378/179/90
f 4499/180/91 4483/181/91 4383/74/91
f 4483/181/92 4491/182/92 4385/77/92
f 4491/182/93 4498/183/93 4387/79/93
f 4498/183/94 4506/184/94 4389/22/94
f 4506/184/95 4481/185/95 4391/82/95
f 4481/185/96 4489/186/96 4393/84/96
f 4489/186/97 4496/187/97 4395/86/97
f 4496/187/500 4504/251/500 4397/88/500
f 4397/88/99 4504/251/99 4479/188/99
f 4399/90/100 4479/188/100 4487/189/100
f 4401/92/101 4487/189/101 4494/190/101
f 4403/94/102 4494/190/102 4502/191/102
f 4405/23/103 4502/191/103 4477/192/103
f 4407/96/104 4477/192/104 4485/193/104
f 4409/98/105 4485/193/105 4492/194/105
f 4411/100/501 4492/194/501 4500/195/501
f 4500/195/502 4507/196/502 4415/104/502
f 4507/196/108 4482/197/108 4417/106/108
f 4482/197/109 4490/198/109 4419/108/109
f 4490/198/110 4497/199/110 4421/11/110
f 4497/199/111 4505/200/111 4423/110/111
f 4505/200/112 4480/201/112 4425/112/112
f 4480/201/113 4488/202/113 4427/114/113
f 4488/202/156 4495/250/156 4429/116/156
f 4429/116/157 4495/250/157 4503/203/157
f 4431/118/116 4503/203/116 4478/204/116
f 4433/120/117 4478/204/117 4486/205/117
f 4435/121/118 4486/205/118 4493/206/118
f 4437/19/119 4493/206/119 4501/207/119
f 4439/124/120 4501/207/120 4508/208/120
f 4386/127/12 4384/560/12 4382/561/12
f 4382/561/12 4444/562/12 4442/158/12
f 4442/158/12 4440/599/12 4438/600/12
f 4438/600/12 4436/601/12 4434/602/12
f 4434/602/12 4432/603/12 4430/566/12
f 4430/566/12 4428/604/12 4426/605/12
f 4426/605/12 4424/606/12 4422/607/12
f 4422/607/12 4420/608/12 4418/209/12
f 4418/209/12 4416/609/12 4414/549/12
f 4414/549/12 4412/610/12 4410/611/12
f 4410/611/12 4408/612/12 4406/613/12
f 4406/613/12 4404/614/12 4402/210/12
f 4402/210/12 4400/554/12 4398/555/12
f 4398/555/12 4396/556/12 4394/157/12
f 4394/157/12 4392/615/12 4390/558/12
f 4390/558/12 4388/616/12 4386/127/12
f 4386/127/12 4382/561/12 4442/158/12
f 4442/158/12 4438/600/12 4434/602/12
f 4434/602/12 4430/566/12 4426/605/12
f 4426/605/12 4422/607/12 4418/209/12
f 4418/209/12 4414/549/12 4410/611/12
f 4410/611/12 4406/613/12 4402/210/12
f 4402/210/12 4398/555/12 4394/157/12
f 4394/157/12 4390/558/12 4386/127/12
f 4386/127/12 4442/158/12 4434/602/12
f 4434/602/12 4426/605/12 4418/209/12
f 4418/209/12 4410/611/12 4402/210/12
f 4402/210/12 4394/157/12 4386/127/12
f 4386/127/12 4434/602/12 4418/209/12
f 4441/126/121 4508/208/121 4484/211/121
f 4443/131/122 4484/211/122 4499/212/122
f 4443/215/11 4381/571/11 4383/572/11
f 4383/572/498 4385/573/498 4387/617/498
f 4387/617/11 4389/575/11 4391/618/11
f 4391/618/11 4393/577/11 4395/578/11
f 4395/578/11 4397/579/11 4399/580/11
f 4399/580/11 4401/581/11 4403/619/11
f 4403/619/498 4405/620/498 4407/621/498
f 4407/621/499 4409/622/499 4411/213/499
f 4411/213/11 4413/585/11 4415/623/11
f 4415/623/499 4417/624/499 4419/625/499
f 4419/625/11 4421/626/11 4423/627/11
f 4423/627/11 4425/590/11 4427/214/11
f 4427/214/11 4429/591/11 4431/592/11
f 4431/592/11 4433/593/11 4435/628/11
f 4435/628/499 4437/595/499 4439/629/499
f 4439/629/498 4441/570/498 4443/215/498
f 4443/215/11 4383/572/11 4387/617/11
f 4387/617/11 4391/618/11 4395/578/11
f 4395/578/11 4399/580/11 4403/619/11
f 4403/619/11 4407/621/11 4411/213/11
f 4411/213/11 4415/623/11 4419/625/11
f 4419/625/11 4423/627/11 4427/214/11
f 4427/214/11 4431/592/11 4435/628/11
f 4435/628/11 4439/629/11 4443/215/11
f 4443/215/11 4387/617/11 4395/578/11
f 4395/578/11 4403/619/11 4411/213/11
f 4411/213/11 4419/625/11 4427/214/11
f 4427/214/11 4435/628/11 4443/215/11
f 4443/215/11 4395/578/11 4411/213/11
f 4461/216/123 4412/101/123 4414/103/123
f 4468/217/591 4414/103/591 4416/105/591
f 4475/218/125 4416/105/125 4418/107/125
f 4450/219/126 4418/107/126 4420/109/126
f 4451/221/440 4448/249/440 4382/73/440
f 4459/220/437 4420/109/437 4422/16/437
f 4460/223/441 4451/221/441 4384/76/441
f 4466/222/130 4422/16/130 4424/111/130
f 4467/225/131 4460/223/131 4386/78/131
f 4473/224/132 4424/111/132 4426/113/132
f 4474/227/133 4467/225/133 4388/80/133
f 4452/226/134 4426/113/134 4428/115/134
f 4449/229/135 4474/227/135 4390/81/135
f 4457/228/136 4428/115/136 4430/117/136
f 4458/231/137 4449/229/137 4392/83/137
f 4471/232/138 4464/230/138 4430/117/138
f 4465/233/139 4458/231/139 4394/85/139
f 4446/234/140 4471/232/140 4432/137/140
f 4472/235/141 4465/233/141 4396/87/141
f 4455/236/142 4446/234/142 4434/119/142
f 4472/235/143 4398/89/143 4400/91/143
f 4462/238/144 4455/236/144 4436/122/144
f 4447/237/145 4400/91/145 4402/93/145
f 4469/240/435 4462/238/435 4438/123/435
f 4456/239/147 4402/93/147 4404/95/147
f 4476/242/148 4469/240/148 4440/125/148
f 4463/241/149 4404/95/149 4406/32/149
f 4470/243/150 4406/32/150 4408/97/150
f 4454/245/151 4476/242/151 4442/130/151
f 4445/244/152 4408/97/152 4410/99/152
f 4448/247/153 4454/245/153 4444/132/153
f 4453/246/154 4410/99/154 4412/101/154
f 4492/194/123 4461/216/123 4468/217/123
f 4500/195/591 4468/217/591 4475/218/591
f 4507/196/445 4475/218/445 4450/219/445
f 4482/197/126 4450/219/126 4459/220/126
f 4483/181/440 4499/180/440 4448/249/440
f 4490/198/128 4459/220/128 4466/222/128
f 4491/182/129 4483/181/129 4451/221/129
f 4497/199/130 4466/222/130 4473/224/130
f 4498/183/131 4491/182/131 4460/223/131
f 4505/200/132 4473/224/132 4452/226/132
f 4506/184/133 4498/183/133 4467/225/133
f 4480/201/134 4452/226/134 4457/228/134
f 4481/185/135 4506/184/135 4474/227/135
f 4488/202/136 4457/228/136 4464/230/136
f 4489/186/137 4481/185/137 4449/229/137
f 4503/203/138 4495/250/138 4464/230/138
f 4496/187/139 4489/186/139 4458/231/139
f 4478/204/140 4503/203/140 4471/232/140
f 4504/251/141 4496/187/141 4465/233/141
f 4486/205/142 4478/204/142 4446/234/142
f 4504/251/143 4472/235/143 4447/237/143
f 4493/206/144 4486/205/144 4455/236/144
f 4479/188/145 4447/237/145 4456/239/145
f 4501/207/146 4493/206/146 4462/238/146
f 4487/189/147 4456/239/147 4463/241/147
f 4508/208/148 4501/207/148 4469/240/148
f 4494/190/149 4463/241/149 4470/243/149
f 4502/191/150 4470/243/150 4445/244/150
f 4484/211/151 4508/208/151 4476/242/151
f 4477/192/152 4445/244/152 4453/246/152
f 4499/212/153 4484/211/153 4454/245/153
f 4485/193/154 4453/246/154 4461/216/154
f 4636/252/155 4626/253/155 4511/74/155
f 4626/253/92 4634/254/92 4513/77/92
f 4634/254/93 4610/255/93 4515/79/93
f 4610/255/94 4617/256/94 4517/22/94
f 4617/256/95 4624/257/95 4519/82/95
f 4624/257/96 4632/258/96 4521/84/96
f 4632/258/97 4608/259/97 4523/86/97
f 4608/259/500 4615/315/500 4525/88/500
f 4525/88/99 4615/315/99 4622/260/99
f 4527/90/100 4622/260/100 4630/261/100
f 4529/92/101 4630/261/101 4606/262/101
f 4531/94/102 4606/262/102 4613/263/102
f 4533/23/103 4613/263/103 4620/264/103
f 4535/96/104 4620/264/104 4628/265/104
f 4537/98/105 4628/265/105 4635/266/105
f 4539/100/106 4635/266/106 4611/267/106
f 4611/267/107 4618/268/107 4543/104/107
f 4618/268/108 4625/269/108 4545/106/108
f 4625/269/109 4633/270/109 4547/108/109
f 4633/270/110 4609/271/110 4549/11/110
f 4609/271/111 4616/272/111 4551/110/111
f 4616/272/112 4623/273/112 4553/112/112
f 4623/273/113 4631/274/113 4555/114/113
f 4631/274/156 4607/317/156 4557/116/156
f 4557/116/157 4607/317/157 4614/275/157
f 4559/118/116 4614/275/116 4621/276/116
f 4561/120/117 4621/276/117 4629/277/117
f 4563/121/118 4629/277/118 4605/278/118
f 4565/19/119 4605/278/119 4612/279/119
f 4567/124/120 4612/279/120 4619/280/120
f 4514/127/12 4512/560/12 4510/561/12
f 4510/561/12 4572/562/12 4570/158/12
f 4570/158/12 4568/599/12 4566/600/12
f 4566/600/12 4564/601/12 4562/602/12
f 4562/602/12 4560/603/12 4558/566/12
f 4558/566/12 4556/604/12 4554/605/12
f 4554/605/12 4552/606/12 4550/607/12
f 4550/607/12 4548/608/12 4546/209/12
f 4546/209/12 4544/609/12 4542/549/12
f 4542/549/12 4540/610/12 4538/611/12
f 4538/611/12 4536/612/12 4534/613/12
f 4534/613/12 4532/614/12 4530/210/12
f 4530/210/12 4528/554/12 4526/555/12
f 4526/555/12 4524/556/12 4522/157/12
f 4522/157/12 4520/615/12 4518/558/12
f 4518/558/12 4516/616/12 4514/127/12
f 4514/127/12 4510/561/12 4570/158/12
f 4570/158/12 4566/600/12 4562/602/12
f 4562/602/12 4558/566/12 4554/605/12
f 4554/605/12 4550/607/12 4546/209/12
f 4546/209/12 4542/549/12 4538/611/12
f 4538/611/12 4534/613/12 4530/210/12
f 4530/210/12 4526/555/12 4522/157/12
f 4522/157/12 4518/558/12 4514/127/12
f 4514/127/12 4570/158/12 4562/602/12
f 4562/602/12 4554/605/12 4546/209/12
f 4546/209/12 4538/611/12 4530/210/12
f 4530/210/12 4522/157/12 4514/127/12
f 4514/127/12 4562/602/12 4546/209/12
f 4569/126/121 4619/280/121 4627/281/121
f 4571/131/158 4627/281/158 4636/282/158
f 4571/215/11 4509/571/11 4511/572/11
f 4511/572/498 4513/573/498 4515/617/498
f 4515/617/11 4517/575/11 4519/618/11
f 4519/618/11 4521/577/11 4523/578/11
f 4523/578/11 4525/579/11 4527/580/11
f 4527/580/11 4529/581/11 4531/619/11
f 4531/619/498 4533/620/498 4535/621/498
f 4535/621/499 4537/622/499 4539/213/499
f 4539/213/11 4541/585/11 4543/623/11
f 4543/623/499 4545/624/499 4547/625/499
f 4547/625/11 4549/626/11 4551/627/11
f 4551/627/11 4553/590/11 4555/214/11
f 4555/214/11 4557/591/11 4559/592/11
f 4559/592/11 4561/593/11 4563/628/11
f 4563/628/499 4565/595/499 4567/629/499
f 4567/629/498 4569/570/498 4571/215/498
f 4571/215/11 4511/572/11 4515/617/11
f 4515/617/11 4519/618/11 4523/578/11
f 4523/578/11 4527/580/11 4531/619/11
f 4531/619/11 4535/621/11 4539/213/11
f 4539/213/11 4543/623/11 4547/625/11
f 4547/625/11 4551/627/11 4555/214/11
f 4555/214/11 4559/592/11 4563/628/11
f 4563/628/11 4567/629/11 4571/215/11
f 4571/215/11 4515/617/11 4523/578/11
f 4523/578/11 4531/619/11 4539/213/11
f 4539/213/11 4547/625/11 4555/214/11
f 4555/214/11 4563/628/11 4571/215/11
f 4571/215/11 4523/578/11 4539/213/11
f 4597/283/142 4589/314/142 4562/119/142
f 4583/284/143 4526/89/143 4528/91/143
f 4573/286/144 4597/283/144 4564/122/144
f 4590/285/145 4528/91/145 4530/93/145
f 4580/288/146 4573/286/146 4566/123/146
f 4598/287/147 4530/93/147 4532/95/147
f 4587/290/148 4580/288/148 4568/125/148
f 4574/289/149 4532/95/149 4534/32/149
f 4581/291/150 4534/32/150 4536/97/150
f 4595/293/151 4587/290/151 4570/130/151
f 4588/292/152 4536/97/152 4538/99/152
f 4599/295/153 4595/293/153 4572/132/153
f 4596/294/154 4538/99/154 4540/101/154
f 4604/296/431 4540/101/431 4542/103/431
f 4579/297/124 4542/103/124 4544/105/124
f 4586/298/125 4544/105/125 4546/107/125
f 4593/299/126 4546/107/126 4548/109/126
f 4594/301/127 4599/316/127 4510/73/127
f 4602/300/128 4548/109/128 4550/16/128
f 4603/303/129 4594/301/129 4512/76/129
f 4577/302/130 4550/16/130 4552/111/130
f 4578/305/131 4603/303/131 4514/78/131
f 4584/304/132 4552/111/132 4554/113/132
f 4585/307/133 4578/305/133 4516/80/133
f 4591/306/134 4554/113/134 4556/115/134
f 4592/309/135 4585/307/135 4518/81/135
f 4600/308/136 4556/115/136 4558/117/136
f 4601/311/137 4592/309/137 4520/83/137
f 4582/312/138 4575/310/138 4558/117/138
f 4576/313/139 4601/311/139 4522/85/139
f 4589/314/140 4582/312/140 4560/137/140
f 4583/284/141 4576/313/141 4524/87/141
f 4629/277/142 4621/276/142 4589/314/142
f 4615/315/143 4583/284/143 4590/285/143
f 4605/278/144 4629/277/144 4597/283/144
f 4622/260/145 4590/285/145 4598/287/145
f 4612/279/146 4605/278/146 4573/286/146
f 4630/261/147 4598/287/147 4574/289/147
f 4619/280/148 4612/279/148 4580/288/148
f 4606/262/149 4574/289/149 4581/291/149
f 4613/263/150 4581/291/150 4588/292/150
f 4627/281/151 4619/280/151 4587/290/151
f 4620/264/152 4588/292/152 4596/294/152
f 4636/282/439 4627/281/439 4595/293/439
f 4628/265/154 4596/294/154 4604/296/154
f 4635/266/123 4604/296/123 4579/297/123
f 4611/267/591 4579/297/591 4586/298/591
f 4618/268/125 4586/298/125 4593/299/125
f 4625/269/126 4593/299/126 4602/300/126
f 4626/253/127 4636/252/127 4599/316/127
f 4633/270/128 4602/300/128 4577/302/128
f 4634/254/129 4626/253/129 4594/301/129
f 4609/271/130 4577/302/130 4584/304/130
f 4610/255/131 4634/254/131 4603/303/131
f 4616/272/132 4584/304/132 4591/306/132
f 4617/256/133 4610/255/133 4578/305/133
f 4623/273/134 4591/306/134 4600/308/134
f 4624/257/135 4617/256/135 4585/307/135
f 4631/274/136 4600/308/136 4575/310/136
f 4632/258/137 4624/257/137 4592/309/137
f 4614/275/138 4607/317/138 4575/310/138
f 4608/259/139 4632/258/139 4601/311/139
f 4621/276/140 4614/275/140 4582/312/140
f 4615/315/141 4608/259/141 4576/313/141
f 4638/24/7 4640/4/7 4639/1/7
f 4640/4/8 4644/23/8 4643/11/8
f 4644/23/9 4642/8/9 4641/20/9
f 4642/8/10 4638/32/10 4637/16/10
f 4643/11/11 4641/20/11 4637/21/11
f 4640/22/12 4638/37/12 4642/8/12
f 4764/252/155 4743/253/155 4647/74/155
f 4743/253/592 4751/254/592 4649/77/592
f 4751/254/93 4758/255/93 4651/79/93
f 4758/255/94 4766/256/94 4653/22/94
f 4766/256/95 4741/257/95 4655/82/95
f 4741/257/96 4749/258/96 4657/84/96
f 4749/258/97 4756/259/97 4659/86/97
f 4756/259/593 4763/315/593 4661/88/593
f 4661/88/99 4763/315/99 4771/260/99
f 4663/90/100 4771/260/100 4747/261/100
f 4665/92/101 4747/261/101 4754/262/101
f 4667/94/102 4754/262/102 4761/263/102
f 4669/23/103 4761/263/103 4769/264/103
f 4671/96/104 4769/264/104 4745/265/104
f 4673/98/105 4745/265/105 4752/266/105
f 4675/100/106 4752/266/106 4759/267/106
f 4759/267/107 4767/268/107 4679/104/107
f 4767/268/108 4742/269/108 4681/106/108
f 4742/269/109 4750/270/109 4683/108/109
f 4750/270/110 4757/271/110 4685/11/110
f 4757/271/111 4765/272/111 4687/110/111
f 4765/272/112 4772/273/112 4689/112/112
f 4772/273/113 4748/274/113 4691/114/113
f 4748/274/156 4755/317/156 4693/116/156
f 4693/116/157 4755/317/157 4762/275/157
f 4695/118/116 4762/275/116 4770/276/116
f 4697/120/117 4770/276/117 4746/277/117
f 4699/121/118 4746/277/118 4753/278/118
f 4701/19/119 4753/278/119 4760/279/119
f 4703/124/120 4760/279/120 4768/280/120
f 4650/127/12 4648/560/12 4646/561/12
f 4646/561/12 4708/562/12 4706/158/12
f 4706/158/12 4704/599/12 4702/600/12
f 4702/600/12 4700/601/12 4698/602/12
f 4698/602/12 4696/603/12 4694/566/12
f 4694/566/12 4692/604/12 4690/605/12
f 4690/605/12 4688/606/12 4686/607/12
f 4686/607/12 4684/608/12 4682/209/12
f 4682/209/12 4680/609/12 4678/549/12
f 4678/549/12 4676/610/12 4674/611/12
f 4674/611/12 4672/612/12 4670/613/12
f 4670/613/12 4668/614/12 4666/210/12
f 4666/210/12 4664/554/12 4662/555/12
f 4662/555/12 4660/556/12 4658/157/12
f 4658/157/12 4656/615/12 4654/558/12
f 4654/558/12 4652/616/12 4650/127/12
f 4650/127/12 4646/561/12 4706/158/12
f 4706/158/12 4702/600/12 4698/602/12
f 4698/602/12 4694/566/12 4690/605/12
f 4690/605/12 4686/607/12 4682/209/12
f 4682/209/12 4678/549/12 4674/611/12
f 4674/611/12 4670/613/12 4666/210/12
f 4666/210/12 4662/555/12 4658/157/12
f 4658/157/12 4654/558/12 4650/127/12
f 4650/127/12 4706/158/12 4698/602/12
f 4698/602/12 4690/605/12 4682/209/12
f 4682/209/12 4674/611/12 4666/210/12
f 4666/210/12 4658/157/12 4650/127/12
f 4650/127/12 4698/602/12 4682/209/12
f 4705/126/121 4768/280/121 4744/281/121
f 4707/131/122 4744/281/122 4764/282/122
f 4707/215/11 4645/571/11 4647/572/11
f 4647/572/11 4649/573/11 4651/617/11
f 4651/617/11 4653/575/11 4655/618/11
f 4655/618/11 4657/577/11 4659/578/11
f 4659/578/11 4661/579/11 4663/580/11
f 4663/580/11 4665/581/11 4667/619/11
f 4667/619/11 4669/620/11 4671/621/11
f 4671/621/11 4673/622/11 4675/213/11
f 4675/213/11 4677/585/11 4679/623/11
f 4679/623/498 4681/624/498 4683/625/498
f 4683/625/11 4685/626/11 4687/627/11
f 4687/627/11 4689/590/11 4691/214/11
f 4691/214/11 4693/591/11 4695/592/11
f 4695/592/11 4697/593/11 4699/628/11
f 4699/628/11 4701/595/11 4703/629/11
f 4703/629/499 4705/570/499 4707/215/499
f 4707/215/11 4647/572/11 4651/617/11
f 4651/617/11 4655/618/11 4659/578/11
f 4659/578/11 4663/580/11 4667/619/11
f 4667/619/11 4671/621/11 4675/213/11
f 4675/213/11 4679/623/11 4683/625/11
f 4683/625/11 4687/627/11 4691/214/11
f 4691/214/11 4695/592/11 4699/628/11
f 4699/628/11 4703/629/11 4707/215/11
f 4707/215/11 4651/617/11 4659/578/11
f 4659/578/11 4667/619/11 4675/213/11
f 4675/213/11 4683/625/11 4691/214/11
f 4691/214/11 4699/628/11 4707/215/11
f 4707/215/11 4659/578/11 4675/213/11
f 4719/318/129 4711/349/129 4648/76/129
f 4725/319/130 4686/16/130 4688/111/130
f 4726/321/131 4719/318/131 4650/78/131
f 4733/320/132 4688/111/132 4690/113/132
f 4734/323/133 4726/321/133 4652/80/133
f 4740/322/134 4690/113/134 4692/115/134
f 4709/325/135 4734/323/135 4654/81/135
f 4716/324/136 4692/115/136 4694/117/136
f 4717/327/137 4709/325/137 4656/83/137
f 4731/328/138 4723/326/138 4694/117/138
f 4724/329/139 4717/327/139 4658/85/139
f 4738/330/140 4731/328/140 4696/137/140
f 4732/331/141 4724/329/141 4660/87/141
f 4714/332/142 4738/330/142 4698/119/142
f 4732/331/143 4662/89/143 4664/91/143
f 4721/334/144 4714/332/144 4700/122/144
f 4739/333/145 4664/91/145 4666/93/145
f 4729/336/146 4721/334/146 4702/123/146
f 4715/335/147 4666/93/147 4668/95/147
f 4736/338/148 4729/336/148 4704/125/148
f 4722/337/149 4668/95/149 4670/32/149
f 4730/339/150 4670/32/150 4672/97/150
f 4712/341/438 4736/338/438 4706/130/438
f 4737/340/152 4672/97/152 4674/99/152
f 4727/343/153 4712/341/153 4708/132/153
f 4713/342/154 4674/99/154 4676/101/154
f 4720/344/123 4676/101/123 4678/103/123
f 4728/345/124 4678/103/124 4680/105/124
f 4735/346/125 4680/105/125 4682/107/125
f 4710/347/126 4682/107/126 4684/109/126
f 4711/349/127 4727/350/127 4646/73/127
f 4718/348/128 4684/109/128 4686/16/128
f 4751/254/129 4743/253/129 4711/349/129
f 4757/271/130 4725/319/130 4733/320/130
f 4758/255/131 4751/254/131 4719/318/131
f 4765/272/132 4733/320/132 4740/322/132
f 4766/256/133 4758/255/133 4726/321/133
f 4772/273/134 4740/322/134 4716/324/134
f 4741/257/135 4766/256/135 4734/323/135
f 4748/274/136 4716/324/136 4723/326/136
f 4749/258/137 4741/257/137 4709/325/137
f 4762/275/138 4755/317/138 4723/326/138
f 4756/259/139 4749/258/139 4717/327/139
f 4770/276/140 4762/275/140 4731/328/140
f 4763/315/141 4756/259/141 4724/329/141
f 4746/277/142 4770/276/142 4738/330/142
f 4763/315/143 4732/331/143 4739/333/143
f 4753/278/144 4746/277/144 4714/332/144
f 4771/260/145 4739/333/145 4715/335/145
f 4760/279/146 4753/278/146 4721/334/146
f 4747/261/147 4715/335/147 4722/337/147
f 4768/280/148 4760/279/148 4729/336/148
f 4754/262/149 4722/337/149 4730/339/149
f 4761/263/150 4730/339/150 4737/340/150
f 4744/281/151 4768/280/151 4736/338/151
f 4769/264/152 4737/340/152 4713/342/152
f 4764/282/153 4744/281/153 4712/341/153
f 4745/265/154 4713/342/154 4720/344/154
f 4752/266/123 4720/344/123 4728/345/123
f 4759/267/124 4728/345/124 4735/346/124
f 4767/268/125 4735/346/125 4710/347/125
f 4742/269/126 4710/347/126 4718/348/126
f 4743/253/127 4764/252/127 4727/350/127
f 4750/270/128 4718/348/128 4725/319/128
f 4883/180/91 4894/181/91 4775/74/91
f 4894/181/92 4870/182/92 4777/77/92
f 4870/182/93 4877/183/93 4779/79/93
f 4877/183/94 4885/184/94 4781/22/94
f 4885/184/95 4892/185/95 4783/82/95
f 4892/185/96 4900/186/96 4785/84/96
f 4900/186/97 4875/187/97 4787/86/97
f 4875/187/500 4882/251/500 4789/88/500
f 4789/88/99 4882/251/99 4890/188/99
f 4791/90/100 4890/188/100 4898/189/100
f 4793/92/101 4898/189/101 4873/190/101
f 4795/94/102 4873/190/102 4880/191/102
f 4797/23/103 4880/191/103 4888/192/103
f 4799/96/104 4888/192/104 4896/193/104
f 4801/98/105 4896/193/105 4871/194/105
f 4803/100/501 4871/194/501 4878/195/501
f 4878/195/502 4886/196/502 4807/104/502
f 4886/196/108 4893/197/108 4809/106/108
f 4893/197/109 4869/198/109 4811/108/109
f 4869/198/110 4876/199/110 4813/11/110
f 4876/199/111 4884/200/111 4815/110/111
f 4884/200/112 4891/201/112 4817/112/112
f 4891/201/113 4899/202/113 4819/114/113
f 4899/202/156 4874/250/156 4821/116/156
f 4821/116/157 4874/250/157 4881/203/157
f 4823/118/116 4881/203/116 4889/204/116
f 4825/120/117 4889/204/117 4897/205/117
f 4827/121/118 4897/205/118 4872/206/118
f 4829/19/119 4872/206/119 4879/207/119
f 4831/124/120 4879/207/120 4887/208/120
f 4778/127/12 4776/560/12 4774/561/12
f 4774/561/12 4836/562/12 4834/158/12
f 4834/158/12 4832/599/12 4830/600/12
f 4830/600/12 4828/601/12 4826/602/12
f 4826/602/12 4824/603/12 4822/566/12
f 4822/566/12 4820/604/12 4818/605/12
f 4818/605/12 4816/606/12 4814/607/12
f 4814/607/12 4812/608/12 4810/209/12
f 4810/209/12 4808/609/12 4806/549/12
f 4806/549/12 4804/610/12 4802/611/12
f 4802/611/12 4800/612/12 4798/613/12
f 4798/613/12 4796/614/12 4794/210/12
f 4794/210/12 4792/554/12 4790/555/12
f 4790/555/12 4788/556/12 4786/157/12
f 4786/157/12 4784/615/12 4782/558/12
f 4782/558/12 4780/616/12 4778/127/12
f 4778/127/12 4774/561/12 4834/158/12
f 4834/158/12 4830/600/12 4826/602/12
f 4826/602/12 4822/566/12 4818/605/12
f 4818/605/12 4814/607/12 4810/209/12
f 4810/209/12 4806/549/12 4802/611/12
f 4802/611/12 4798/613/12 4794/210/12
f 4794/210/12 4790/555/12 4786/157/12
f 4786/157/12 4782/558/12 4778/127/12
f 4778/127/12 4834/158/12 4826/602/12
f 4826/602/12 4818/605/12 4810/209/12
f 4810/209/12 4802/611/12 4794/210/12
f 4794/210/12 4786/157/12 4778/127/12
f 4778/127/12 4826/602/12 4810/209/12
f 4833/126/121 4887/208/121 4895/211/121
f 4835/131/122 4895/211/122 4883/212/122
f 4835/215/11 4773/571/11 4775/572/11
f 4775/572/11 4777/573/11 4779/617/11
f 4779/617/11 4781/575/11 4783/618/11
f 4783/618/11 4785/577/11 4787/578/11
f 4787/578/11 4789/579/11 4791/580/11
f 4791/580/11 4793/581/11 4795/619/11
f 4795/619/11 4797/620/11 4799/621/11
f 4799/621/11 4801/622/11 4803/213/11
f 4803/213/11 4805/585/11 4807/623/11
f 4807/623/498 4809/624/498 4811/625/498
f 4811/625/11 4813/626/11 4815/627/11
f 4815/627/11 4817/590/11 4819/214/11
f 4819/214/11 4821/591/11 4823/592/11
f 4823/592/11 4825/593/11 4827/628/11
f 4827/628/11 4829/595/11 4831/629/11
f 4831/629/499 4833/570/499 4835/215/499
f 4835/215/11 4775/572/11 4779/617/11
f 4779/617/11 4783/618/11 4787/578/11
f 4787/578/11 4791/580/11 4795/619/11
f 4795/619/11 4799/621/11 4803/213/11
f 4803/213/11 4807/623/11 4811/625/11
f 4811/625/11 4815/627/11 4819/214/11
f 4819/214/11 4823/592/11 4827/628/11
f 4827/628/11 4831/629/11 4835/215/11
f 4835/215/11 4779/617/11 4787/578/11
f 4787/578/11 4795/619/11 4803/213/11
f 4803/213/11 4811/625/11 4819/214/11
f 4819/214/11 4827/628/11 4835/215/11
f 4835/215/11 4787/578/11 4803/213/11
f 4850/351/138 4843/381/138 4822/117/138
f 4844/352/139 4868/382/139 4786/85/139
f 4857/353/140 4850/351/140 4824/137/140
f 4851/354/141 4844/352/141 4788/87/141
f 4865/355/142 4857/353/142 4826/119/142
f 4851/354/143 4790/89/143 4792/91/143
f 4840/357/144 4865/355/144 4828/122/144
f 4858/356/145 4792/91/145 4794/93/145
f 4848/359/594 4840/357/594 4830/123/594
f 4866/358/147 4794/93/147 4796/95/147
f 4855/361/148 4848/359/148 4832/125/148
f 4841/360/149 4796/95/149 4798/32/149
f 4849/362/150 4798/32/150 4800/97/150
f 4863/364/151 4855/361/151 4834/130/151
f 4856/363/436 4800/97/436 4802/99/436
f 4842/366/153 4863/364/153 4836/132/153
f 4864/365/154 4802/99/154 4804/101/154
f 4839/367/123 4804/101/123 4806/103/123
f 4847/368/591 4806/103/591 4808/105/591
f 4854/369/445 4808/105/445 4810/107/445
f 4861/370/595 4810/107/595 4812/109/595
f 4862/372/440 4842/383/440 4774/73/440
f 4837/371/128 4812/109/128 4814/16/128
f 4838/374/441 4862/372/441 4776/76/441
f 4845/373/130 4814/16/130 4816/111/130
f 4846/376/131 4838/374/131 4778/78/131
f 4852/375/132 4816/111/132 4818/113/132
f 4853/378/133 4846/376/133 4780/80/133
f 4859/377/134 4818/113/134 4820/115/134
f 4860/380/135 4853/378/135 4782/81/135
f 4867/379/136 4820/115/136 4822/117/136
f 4868/382/137 4860/380/137 4784/83/137
f 4881/203/138 4874/250/138 4843/381/138
f 4875/187/139 4900/186/139 4868/382/139
f 4889/204/140 4881/203/140 4850/351/140
f 4882/251/141 4875/187/141 4844/352/141
f 4897/205/142 4889/204/142 4857/353/142
f 4882/251/143 4851/354/143 4858/356/143
f 4872/206/144 4897/205/144 4865/355/144
f 4890/188/145 4858/356/145 4866/358/145
f 4879/207/146 4872/206/146 4840/357/146
f 4898/189/147 4866/358/147 4841/360/147
f 4887/208/148 4879/207/148 4848/359/148
f 4873/190/149 4841/360/149 4849/362/149
f 4880/191/150 4849/362/150 4856/363/150
f 4895/211/596 4887/208/596 4855/361/596
f 4888/192/152 4856/363/152 4864/365/152
f 4883/212/153 4895/211/153 4863/364/153
f 4896/193/154 4864/365/154 4839/367/154
f 4871/194/123 4839/367/123 4847/368/123
f 4878/195/591 4847/368/591 4854/369/591
f 4886/196/445 4854/369/445 4861/370/445
f 4893/197/126 4861/370/126 4837/371/126
f 4894/181/127 4883/180/127 4842/383/127
f 4869/198/128 4837/371/128 4845/373/128
f 4870/182/441 4894/181/441 4862/372/441
f 4876/199/130 4845/373/130 4852/375/130
f 4877/183/131 4870/182/131 4838/374/131
f 4884/200/132 4852/375/132 4859/377/132
f 4885/184/133 4877/183/133 4846/376/133
f 4891/201/134 4859/377/134 4867/379/134
f 4892/185/135 4885/184/135 4853/378/135
f 4899/202/136 4867/379/136 4843/381/136
f 4900/186/137 4892/185/137 4860/380/137
f 5000/384/7 4904/4/7 4942/385/7
f 4932/387/8 4908/23/8 4945/98/8
f 5002/389/9 4906/8/9 4948/390/9
f 4995/392/10 4938/513/10 4902/32/10
f 5009/393/11 4905/20/11 4937/168/11
f 5008/395/12 4902/37/12 4938/396/12
f 5003/398/12 4920/169/12 4950/171/12
f 4952/400/12 4921/488/12 4953/401/12
f 4929/403/12 4911/497/12 4954/404/12
f 5004/406/11 4919/170/11 4949/407/11
f 4956/409/11 4922/478/11 4957/410/11
f 4934/412/11 4916/468/11 4958/413/11
f 4959/415/10 4910/103/10 4940/107/10
f 4960/417/10 4923/473/10 4961/418/10
f 4950/420/10 4920/167/10 4962/421/10
f 5005/423/9 4918/474/9 4936/424/9
f 4964/426/9 4924/464/9 4965/427/9
f 4947/429/9 4917/492/9 4966/430/9
f 4967/432/8 4915/102/8 4933/106/8
f 4968/434/8 4925/460/8 4969/435/8
f 4944/437/8 4914/503/8 4970/438/8
f 5006/440/7 4912/461/7 4930/441/7
f 4972/443/7 4926/449/7 4973/444/7
f 4941/446/7 4911/505/7 4974/447/7
f 4975/448/7 4974/447/7 4926/449/7
f 5015/450/159 4975/448/159 4972/443/159
f 5008/452/159 4941/446/159 4975/448/159
f 4976/445/7 4973/444/7 4909/453/7
f 5016/455/159 4976/445/159 4927/454/159
f 5014/451/159 4972/443/159 4976/445/159
f 5017/442/7 4930/441/7 4903/1/7
f 4973/444/7 4977/459/7 4939/458/7
f 4926/449/7 4971/504/7 4977/459/7
f 4978/439/8 4970/438/8 4925/460/8
f 4942/385/8 4978/439/8 4968/434/8
f 4904/4/8 4944/437/8 4978/439/8
f 4979/436/8 4969/435/8 4913/160/8
f 4930/441/8 4979/436/8 4931/462/8
f 4912/461/8 4968/434/8 4979/436/8
f 4980/433/8 4933/106/8 4907/11/8
f 4969/435/8 4980/433/8 4943/463/8
f 4925/460/8 4967/432/8 4980/433/8
f 4981/431/9 4966/430/9 4924/464/9
f 5018/465/160 4981/431/160 4964/426/160
f 5010/467/160 4947/429/160 4981/431/160
f 4982/428/9 4965/427/9 4916/468/9
f 5019/469/160 4982/428/160 4934/412/160
f 5013/466/160 4964/426/160 4982/428/160
f 5020/425/9 4936/424/9 4905/20/9
f 4965/427/9 4983/472/9 4946/471/9
f 4924/464/9 4963/501/9 4983/472/9
f 4984/422/10 4962/421/10 4923/473/10
f 4948/390/10 4984/422/10 4960/417/10
f 4906/8/10 4950/420/10 4984/422/10
f 4985/419/10 4961/418/10 4919/475/10
f 4905/20/10 4936/424/10 4985/419/10
f 4918/474/10 4960/417/10 4985/419/10
f 4986/416/10 4940/107/10 4901/16/10
f 4961/418/10 4986/416/10 4949/477/10
f 4923/473/10 4959/415/10 4986/416/10
f 4987/414/11 4958/413/11 4922/478/11
f 5012/479/11 5021/480/11 4987/414/11
f 5021/480/11 5001/470/11 4934/412/11
f 4988/411/11 4957/410/11 4909/481/11
f 5007/483/11 5022/484/11 4988/411/11
f 5022/484/11 5012/479/11 4956/409/11
f 5023/408/11 4949/407/11 4901/21/11
f 4957/410/11 4989/487/11 4927/486/11
f 4922/478/11 4955/499/11 4989/487/11
f 4990/405/12 4954/404/12 4921/488/12
f 5024/489/12 4990/405/12 4952/400/12
f 5000/491/12 4929/403/12 4990/405/12
f 4991/402/12 4953/401/12 4917/492/12
f 5025/493/12 4991/402/12 4947/429/12
f 5011/490/12 4952/400/12 4991/402/12
f 5026/399/12 4950/171/12 4906/8/12
f 4953/401/12 4992/495/12 4935/494/12
f 4921/488/12 4951/496/12 4992/495/12
f 5027/397/12 4938/396/12 4920/169/12
f 4954/404/12 4993/498/12 4951/496/12
f 4911/497/12 4941/511/12 4993/498/12
f 5028/394/11 4937/168/11 4919/170/11
f 4958/413/11 4994/500/11 4955/499/11
f 4916/468/11 4946/471/11 4994/500/11
f 4995/392/10 4928/99/10 4910/103/10
f 4962/421/10 4995/392/10 4959/415/10
f 4920/167/10 4938/513/10 4995/392/10
f 5029/391/9 4948/390/9 4918/474/9
f 4966/430/9 4996/502/9 4963/501/9
f 4917/492/9 4935/494/9 4996/502/9
f 4997/388/8 4945/98/8 4915/102/8
f 4970/438/8 4997/388/8 4967/432/8
f 4914/503/8 4932/387/8 4997/388/8
f 5030/386/7 4942/385/7 4912/461/7
f 4974/447/7 4998/506/7 4971/504/7
f 4911/505/7 4929/510/7 4998/506/7
f 4971/504/161 4998/506/161 5030/386/161
f 4996/502/162 5029/391/162 5005/423/162
f 4994/500/11 5028/394/11 5004/406/11
f 4951/496/12 4993/498/12 5027/397/12
f 4935/494/12 4992/495/12 5026/399/12
f 4914/88/12 5011/490/12 5025/493/12
f 4932/92/12 5025/493/12 5010/467/12
f 4904/22/12 5000/491/12 5024/489/12
f 4944/84/12 5024/489/12 5011/490/12
f 4989/487/11 5023/408/11 4999/485/11
f 4913/116/11 5012/479/11 5022/484/11
f 4931/120/11 5022/484/11 5007/483/11
f 4907/11/11 5001/470/11 5021/480/11
f 4943/112/11 5021/480/11 5012/479/11
f 4983/472/162 5020/425/162 5009/393/162
f 4915/102/9 5013/466/9 5019/469/9
f 4933/106/9 5019/469/9 5001/470/9
f 4908/23/9 5010/467/9 5018/465/9
f 4945/98/9 5018/465/9 5013/466/9
f 4977/459/161 5017/442/161 5007/457/161
f 4910/507/7 5014/451/7 5016/455/7
f 4940/508/7 5016/455/7 4999/456/7
f 4902/24/7 5008/452/7 5015/450/7
f 4928/509/7 5015/450/7 5014/451/7
f 4977/459/161 4971/504/161 5006/440/161
f 4963/501/162 5005/423/162 5020/425/162
f 4955/499/11 5004/406/11 5023/408/11
f 4992/495/12 4951/496/12 5003/398/12
f 4993/498/12 4941/511/12 5008/395/12
f 4946/471/11 5009/393/11 5028/394/11
f 4935/494/162 5002/389/162 5029/391/162
f 4998/506/161 4929/510/161 5000/384/161
f 5130/384/7 5034/4/7 5072/385/7
f 5062/387/8 5038/23/8 5075/98/8
f 5132/389/9 5036/8/9 5078/390/9
f 5125/392/10 5068/513/10 5032/32/10
f 5139/393/11 5035/20/11 5067/168/11
f 5138/395/12 5032/37/12 5068/396/12
f 5133/398/12 5050/169/12 5080/171/12
f 5082/400/12 5051/488/12 5083/401/12
f 5059/403/12 5041/497/12 5084/404/12
f 5134/406/11 5049/170/11 5079/407/11
f 5086/409/11 5052/478/11 5087/410/11
f 5064/412/11 5046/468/11 5088/413/11
f 5089/415/10 5040/103/10 5070/107/10
f 5090/417/10 5053/473/10 5091/418/10
f 5080/420/10 5050/167/10 5092/421/10
f 5135/423/9 5048/474/9 5066/424/9
f 5094/426/9 5054/464/9 5095/427/9
f 5077/429/9 5047/492/9 5096/430/9
f 5097/432/8 5045/102/8 5063/106/8
f 5098/434/8 5055/460/8 5099/435/8
f 5074/437/8 5044/503/8 5100/438/8
f 5136/440/7 5042/461/7 5060/441/7
f 5102/443/7 5056/449/7 5103/444/7
f 5071/446/7 5041/505/7 5104/447/7
f 5105/448/7 5104/447/7 5056/449/7
f 5145/450/163 5105/448/163 5102/443/163
f 5138/452/163 5071/446/163 5105/448/163
f 5106/445/7 5103/444/7 5039/453/7
f 5146/455/163 5106/445/163 5057/454/163
f 5144/451/163 5102/443/163 5106/445/163
f 5147/442/7 5060/441/7 5033/1/7
f 5103/444/7 5107/459/7 5069/458/7
f 5056/449/7 5101/504/7 5107/459/7
f 5108/439/8 5100/438/8 5055/460/8
f 5072/385/8 5108/439/8 5098/434/8
f 5034/4/8 5074/437/8 5108/439/8
f 5109/436/8 5099/435/8 5043/160/8
f 5060/441/8 5109/436/8 5061/462/8
f 5042/461/8 5098/434/8 5109/436/8
f 5110/433/8 5063/106/8 5037/11/8
f 5099/435/8 5110/433/8 5073/463/8
f 5055/460/8 5097/432/8 5110/433/8
f 5111/431/9 5096/430/9 5054/464/9
f 5148/465/164 5111/431/164 5094/426/164
f 5140/467/164 5077/429/164 5111/431/164
f 5112/428/9 5095/427/9 5046/468/9
f 5149/469/164 5112/428/164 5064/412/164
f 5143/466/164 5094/426/164 5112/428/164
f 5150/425/9 5066/424/9 5035/20/9
f 5095/427/9 5113/472/9 5076/471/9
f 5054/464/9 5093/501/9 5113/472/9
f 5114/422/10 5092/421/10 5053/473/10
f 5078/390/10 5114/422/10 5090/417/10
f 5036/8/10 5080/420/10 5114/422/10
f 5115/419/10 5091/418/10 5049/475/10
f 5035/20/10 5066/424/10 5115/419/10
f 5048/474/10 5090/417/10 5115/419/10
f 5116/416/10 5070/107/10 5031/16/10
f 5091/418/10 5116/416/10 5079/477/10
f 5053/473/10 5089/415/10 5116/416/10
f 5117/414/11 5088/413/11 5052/478/11
f 5151/480/165 5117/414/165 5086/409/165
f 5131/470/165 5064/412/165 5117/414/165
f 5118/411/11 5087/410/11 5039/481/11
f 5152/484/165 5118/411/165 5069/482/165
f 5142/479/165 5086/409/165 5118/411/165
f 5153/408/11 5079/407/11 5031/21/11
f 5087/410/11 5119/487/11 5057/486/11
f 5052/478/11 5085/499/11 5119/487/11
f 5120/405/12 5084/404/12 5051/488/12
f 5141/490/166 5154/489/166 5120/405/166
f 5154/489/166 5130/491/166 5059/403/166
f 5121/402/12 5083/401/12 5047/492/12
f 5140/467/166 5155/493/166 5121/402/166
f 5155/493/166 5141/490/166 5082/400/166
f 5156/399/12 5080/171/12 5036/8/12
f 5083/401/12 5122/495/12 5065/494/12
f 5051/488/12 5081/496/12 5122/495/12
f 5157/397/12 5068/396/12 5050/169/12
f 5084/404/12 5123/498/12 5081/496/12
f 5041/497/12 5071/511/12 5123/498/12
f 5158/394/11 5067/168/11 5049/170/11
f 5088/413/11 5124/500/11 5085/499/11
f 5046/468/11 5076/471/11 5124/500/11
f 5125/392/10 5058/99/10 5040/103/10
f 5092/421/10 5125/392/10 5089/415/10
f 5050/167/10 5068/513/10 5125/392/10
f 5159/391/9 5078/390/9 5048/474/9
f 5096/430/9 5126/502/9 5093/501/9
f 5047/492/9 5065/494/9 5126/502/9
f 5127/388/8 5075/98/8 5045/102/8
f 5100/438/8 5127/388/8 5097/432/8
f 5044/503/8 5062/387/8 5127/388/8
f 5160/386/7 5072/385/7 5042/461/7
f 5104/447/7 5128/506/7 5101/504/7
f 5041/505/7 5059/510/7 5128/506/7
f 5101/504/167 5128/506/167 5160/386/167
f 5093/501/168 5126/502/168 5159/391/168
f 5085/499/169 5124/500/169 5158/394/169
f 5123/498/170 5157/397/170 5133/398/170
f 5122/495/170 5156/399/170 5132/389/170
f 5044/88/12 5141/490/12 5155/493/12
f 5062/92/12 5155/493/12 5140/467/12
f 5034/22/12 5130/491/12 5154/489/12
f 5074/84/12 5154/489/12 5141/490/12
f 5057/486/169 5119/487/169 5153/408/169
f 5043/116/11 5142/479/11 5152/484/11
f 5061/120/11 5152/484/11 5137/483/11
f 5037/11/11 5131/470/11 5151/480/11
f 5073/112/11 5151/480/11 5142/479/11
f 5076/471/168 5113/472/168 5150/425/168
f 5045/102/9 5143/466/9 5149/469/9
f 5063/106/9 5149/469/9 5131/470/9
f 5038/23/9 5140/467/9 5148/465/9
f 5075/98/9 5148/465/9 5143/466/9
f 5069/458/167 5107/459/167 5147/442/167
f 5040/507/7 5144/451/7 5146/455/7
f 5070/508/7 5146/455/7 5129/456/7
f 5032/24/7 5138/452/7 5145/450/7
f 5058/509/7 5145/450/7 5144/451/7
f 5107/459/167 5101/504/167 5136/440/167
f 5113/472/168 5093/501/168 5135/423/168
f 5119/487/169 5085/499/169 5134/406/169
f 5081/496/170 5133/398/170 5156/399/170
f 5071/511/170 5138/395/170 5157/397/170
f 5124/500/169 5076/471/169 5139/393/169
f 5126/502/168 5065/494/168 5132/389/168
f 5128/506/167 5059/510/167 5130/384/167
usemtl Material.026
f 3430/73/15 3431/74/15 3429/75/15
f 3432/76/16 3433/77/16 3431/74/16
f 3434/78/17 3435/79/17 3433/77/17
f 3436/80/18 3437/22/18 3435/79/18
f 3438/81/19 3439/82/19 3437/22/19
f 3440/83/20 3441/84/20 3439/82/20
f 3441/84/21 3444/87/21 3443/86/21
f 3444/87/22 3445/88/22 3443/86/22
f 3446/89/23 3447/90/23 3445/88/23
f 3448/91/24 3449/92/24 3447/90/24
f 3450/93/25 3451/94/25 3449/92/25
f 3452/95/26 3453/23/26 3451/94/26
f 3454/32/27 3455/96/27 3453/23/27
f 3456/97/28 3457/98/28 3455/96/28
f 3458/99/29 3459/100/29 3457/98/29
f 3460/101/30 3461/102/30 3459/100/30
f 3462/103/31 3463/104/31 3461/102/31
f 3464/105/32 3465/106/32 3463/104/32
f 3466/107/33 3467/108/33 3465/106/33
f 3468/109/34 3469/11/34 3467/108/34
f 3470/16/35 3471/110/35 3469/11/35
f 3472/111/36 3473/112/36 3471/110/36
f 3474/113/37 3475/114/37 3473/112/37
f 3475/114/38 3478/117/38 3477/116/38
f 3478/117/39 3479/118/39 3477/116/39
f 3480/137/40 3481/120/40 3479/118/40
f 3482/119/41 3483/121/41 3481/120/41
f 3484/122/42 3485/19/42 3483/121/42
f 3486/123/43 3487/124/43 3485/19/43
f 3488/125/44 3489/126/44 3487/124/44
f 3434/127/10 3482/128/10 3466/129/10
f 3490/130/45 3491/131/45 3489/126/45
f 3492/132/46 3429/133/46 3491/131/46
f 3455/134/8 3471/135/8 3487/136/8
f 3494/73/15 3495/74/15 3493/75/15
f 3496/76/16 3497/77/16 3495/74/16
f 3498/78/17 3499/79/17 3497/77/17
f 3500/80/18 3501/22/18 3499/79/18
f 3502/81/19 3503/82/19 3501/22/19
f 3504/83/20 3505/84/20 3503/82/20
f 3506/85/21 3507/86/21 3505/84/21
f 3508/87/22 3509/88/22 3507/86/22
f 3510/89/23 3511/90/23 3509/88/23
f 3512/91/24 3513/92/24 3511/90/24
f 3514/93/25 3515/94/25 3513/92/25
f 3516/95/26 3517/23/26 3515/94/26
f 3518/32/27 3519/96/27 3517/23/27
f 3520/97/28 3521/98/28 3519/96/28
f 3522/99/29 3523/100/29 3521/98/29
f 3524/101/30 3525/102/30 3523/100/30
f 3526/103/31 3527/104/31 3525/102/31
f 3528/105/32 3529/106/32 3527/104/32
f 3530/107/33 3531/108/33 3529/106/33
f 3532/109/34 3533/11/34 3531/108/34
f 3534/16/35 3535/110/35 3533/11/35
f 3536/111/36 3537/112/36 3535/110/36
f 3538/113/37 3539/114/37 3537/112/37
f 3539/114/38 3542/117/38 3541/116/38
f 3542/117/39 3543/118/39 3541/116/39
f 3544/137/40 3545/120/40 3543/118/40
f 3546/119/41 3547/121/41 3545/120/41
f 3548/122/42 3549/19/42 3547/121/42
f 3550/123/43 3551/124/43 3549/19/43
f 3552/125/44 3553/126/44 3551/124/44
f 3498/127/10 3546/128/10 3530/129/10
f 3554/130/45 3555/131/45 3553/126/45
f 3556/132/46 3493/133/46 3555/131/46
f 3519/134/8 3535/135/8 3551/136/8
f 3558/73/15 3559/74/15 3557/75/15
f 3560/76/16 3561/77/16 3559/74/16
f 3562/78/17 3563/79/17 3561/77/17
f 3564/80/18 3565/22/18 3563/79/18
f 3566/81/19 3567/82/19 3565/22/19
f 3568/83/20 3569/84/20 3567/82/20
f 3570/85/21 3571/86/21 3569/84/21
f 3572/87/22 3573/88/22 3571/86/22
f 3573/88/23 3576/91/23 3575/90/23
f 3576/91/24 3577/92/24 3575/90/24
f 3578/93/25 3579/94/25 3577/92/25
f 3580/95/26 3581/23/26 3579/94/26
f 3582/32/27 3583/96/27 3581/23/27
f 3584/97/28 3585/98/28 3583/96/28
f 3586/99/29 3587/100/29 3585/98/29
f 3588/101/30 3589/102/30 3587/100/30
f 3590/103/31 3591/104/31 3589/102/31
f 3592/105/32 3593/106/32 3591/104/32
f 3594/107/33 3595/108/33 3593/106/33
f 3596/109/34 3597/11/34 3595/108/34
f 3598/16/35 3599/110/35 3597/11/35
f 3600/111/36 3601/112/36 3599/110/36
f 3602/113/37 3603/114/37 3601/112/37
f 3604/115/38 3605/116/38 3603/114/38
f 3606/117/39 3607/118/39 3605/116/39
f 3608/137/40 3609/120/40 3607/118/40
f 3610/119/41 3611/121/41 3609/120/41
f 3612/122/42 3613/19/42 3611/121/42
f 3614/123/43 3615/124/43 3613/19/43
f 3616/125/44 3617/126/44 3615/124/44
f 3562/127/10 3610/128/10 3594/129/10
f 3618/130/45 3619/131/45 3617/126/45
f 3620/132/46 3557/133/46 3619/131/46
f 3583/134/8 3599/135/8 3615/136/8
f 3622/73/15 3623/74/15 3621/75/15
f 3624/76/16 3625/77/16 3623/74/16
f 3626/78/17 3627/79/17 3625/77/17
f 3628/80/18 3629/22/18 3627/79/18
f 3630/81/19 3631/82/19 3629/22/19
f 3632/83/20 3633/84/20 3631/82/20
f 3634/85/21 3635/86/21 3633/84/21
f 3636/87/22 3637/88/22 3635/86/22
f 3638/89/23 3639/90/23 3637/88/23
f 3640/91/24 3641/92/24 3639/90/24
f 3642/93/25 3643/94/25 3641/92/25
f 3644/95/26 3645/23/26 3643/94/26
f 3646/32/27 3647/96/27 3645/23/27
f 3648/97/28 3649/98/28 3647/96/28
f 3650/99/29 3651/100/29 3649/98/29
f 3652/101/30 3653/102/30 3651/100/30
f 3654/103/31 3655/104/31 3653/102/31
f 3656/105/32 3657/106/32 3655/104/32
f 3658/107/33 3659/108/33 3657/106/33
f 3660/109/34 3661/11/34 3659/108/34
f 3662/16/35 3663/110/35 3661/11/35
f 3664/111/36 3665/112/36 3663/110/36
f 3666/113/37 3667/114/37 3665/112/37
f 3668/115/38 3669/116/38 3667/114/38
f 3670/117/39 3671/118/39 3669/116/39
f 3672/137/40 3673/120/40 3671/118/40
f 3674/119/41 3675/121/41 3673/120/41
f 3676/122/42 3677/19/42 3675/121/42
f 3678/123/43 3679/124/43 3677/19/43
f 3680/125/44 3681/126/44 3679/124/44
f 3626/127/10 3674/128/10 3658/129/10
f 3682/130/45 3683/131/45 3681/126/45
f 3684/132/46 3621/133/46 3683/131/46
f 3647/134/8 3663/135/8 3679/136/8
f 3694/73/15 3695/74/15 3693/75/15
f 3696/76/16 3697/77/16 3695/74/16
f 3698/78/17 3699/79/17 3697/77/17
f 3700/80/18 3701/22/18 3699/79/18
f 3702/81/19 3703/82/19 3701/22/19
f 3704/83/20 3705/84/20 3703/82/20
f 3705/84/21 3708/87/21 3707/86/21
f 3708/87/22 3709/88/22 3707/86/22
f 3710/89/23 3711/90/23 3709/88/23
f 3712/91/24 3713/92/24 3711/90/24
f 3713/92/25 3716/95/25 3715/94/25
f 3716/95/26 3717/23/26 3715/94/26
f 3718/32/27 3719/96/27 3717/23/27
f 3720/97/28 3721/98/28 3719/96/28
f 3722/99/29 3723/100/29 3721/98/29
f 3724/101/30 3725/102/30 3723/100/30
f 3726/103/31 3727/104/31 3725/102/31
f 3728/105/32 3729/106/32 3727/104/32
f 3730/107/33 3731/108/33 3729/106/33
f 3732/109/34 3733/11/34 3731/108/34
f 3734/16/35 3735/110/35 3733/11/35
f 3736/111/36 3737/112/36 3735/110/36
f 3738/113/37 3739/114/37 3737/112/37
f 3739/114/38 3742/117/38 3741/116/38
f 3742/117/39 3743/118/39 3741/116/39
f 3744/137/40 3745/120/40 3743/118/40
f 3746/119/41 3747/121/41 3745/120/41
f 3748/122/42 3749/19/42 3747/121/42
f 3750/123/43 3751/124/43 3749/19/43
f 3752/125/44 3753/126/44 3751/124/44
f 3698/127/10 3746/128/10 3730/129/10
f 3754/130/45 3755/131/45 3753/126/45
f 3756/132/46 3693/133/46 3755/131/46
f 3719/134/8 3735/135/8 3751/136/8
f 3758/73/15 3759/74/15 3757/75/15
f 3760/76/16 3761/77/16 3759/74/16
f 3762/78/17 3763/79/17 3761/77/17
f 3764/80/18 3765/22/18 3763/79/18
f 3766/81/19 3767/82/19 3765/22/19
f 3768/83/20 3769/84/20 3767/82/20
f 3769/84/21 3772/87/21 3771/86/21
f 3772/87/22 3773/88/22 3771/86/22
f 3774/89/23 3775/90/23 3773/88/23
f 3776/91/24 3777/92/24 3775/90/24
f 3778/93/25 3779/94/25 3777/92/25
f 3780/95/26 3781/23/26 3779/94/26
f 3782/32/27 3783/96/27 3781/23/27
f 3784/97/28 3785/98/28 3783/96/28
f 3786/99/29 3787/100/29 3785/98/29
f 3788/101/30 3789/102/30 3787/100/30
f 3790/103/31 3791/104/31 3789/102/31
f 3792/105/32 3793/106/32 3791/104/32
f 3794/107/33 3795/108/33 3793/106/33
f 3796/109/34 3797/11/34 3795/108/34
f 3798/16/35 3799/110/35 3797/11/35
f 3800/111/36 3801/112/36 3799/110/36
f 3802/113/37 3803/114/37 3801/112/37
f 3803/114/38 3806/117/38 3805/116/38
f 3806/117/39 3807/118/39 3805/116/39
f 3808/137/40 3809/120/40 3807/118/40
f 3810/119/41 3811/121/41 3809/120/41
f 3812/122/42 3813/19/42 3811/121/42
f 3814/123/43 3815/124/43 3813/19/43
f 3816/125/44 3817/126/44 3815/124/44
f 3762/127/10 3810/128/10 3794/129/10
f 3818/130/45 3819/131/45 3817/126/45
f 3820/132/46 3757/133/46 3819/131/46
f 3783/134/8 3799/135/8 3815/136/8
f 3822/73/15 3823/74/15 3821/75/15
f 3824/76/16 3825/77/16 3823/74/16
f 3826/78/17 3827/79/17 3825/77/17
f 3828/80/18 3829/22/18 3827/79/18
f 3830/81/19 3831/82/19 3829/22/19
f 3832/83/20 3833/84/20 3831/82/20
f 3833/84/21 3836/87/21 3835/86/21
f 3836/87/22 3837/88/22 3835/86/22
f 3838/89/23 3839/90/23 3837/88/23
f 3840/91/24 3841/92/24 3839/90/24
f 3842/93/25 3843/94/25 3841/92/25
f 3844/95/26 3845/23/26 3843/94/26
f 3846/32/27 3847/96/27 3845/23/27
f 3848/97/28 3849/98/28 3847/96/28
f 3850/99/29 3851/100/29 3849/98/29
f 3852/101/30 3853/102/30 3851/100/30
f 3854/103/31 3855/104/31 3853/102/31
f 3856/105/32 3857/106/32 3855/104/32
f 3858/107/33 3859/108/33 3857/106/33
f 3860/109/34 3861/11/34 3859/108/34
f 3862/16/35 3863/110/35 3861/11/35
f 3864/111/36 3865/112/36 3863/110/36
f 3866/113/37 3867/114/37 3865/112/37
f 3867/114/38 3870/117/38 3869/116/38
f 3870/117/39 3871/118/39 3869/116/39
f 3872/137/40 3873/120/40 3871/118/40
f 3874/119/41 3875/121/41 3873/120/41
f 3876/122/42 3877/19/42 3875/121/42
f 3878/123/43 3879/124/43 3877/19/43
f 3880/125/44 3881/126/44 3879/124/44
f 3826/127/10 3874/128/10 3858/129/10
f 3882/130/45 3883/131/45 3881/126/45
f 3884/132/46 3821/133/46 3883/131/46
f 3847/134/8 3863/135/8 3879/136/8
f 3886/73/15 3887/74/15 3885/75/15
f 3888/76/16 3889/77/16 3887/74/16
f 3890/78/17 3891/79/17 3889/77/17
f 3892/80/18 3893/22/18 3891/79/18
f 3894/81/19 3895/82/19 3893/22/19
f 3896/83/20 3897/84/20 3895/82/20
f 3897/84/21 3900/87/21 3899/86/21
f 3900/87/22 3901/88/22 3899/86/22
f 3902/89/23 3903/90/23 3901/88/23
f 3904/91/24 3905/92/24 3903/90/24
f 3905/92/25 3908/95/25 3907/94/25
f 3908/95/26 3909/23/26 3907/94/26
f 3910/32/27 3911/96/27 3909/23/27
f 3912/97/28 3913/98/28 3911/96/28
f 3914/99/29 3915/100/29 3913/98/29
f 3916/101/30 3917/102/30 3915/100/30
f 3918/103/31 3919/104/31 3917/102/31
f 3920/105/32 3921/106/32 3919/104/32
f 3922/107/33 3923/108/33 3921/106/33
f 3924/109/34 3925/11/34 3923/108/34
f 3926/16/35 3927/110/35 3925/11/35
f 3928/111/36 3929/112/36 3927/110/36
f 3930/113/37 3931/114/37 3929/112/37
f 3931/114/38 3934/117/38 3933/116/38
f 3934/117/39 3935/118/39 3933/116/39
f 3936/137/40 3937/120/40 3935/118/40
f 3938/119/41 3939/121/41 3937/120/41
f 3940/122/42 3941/19/42 3939/121/42
f 3942/123/43 3943/124/43 3941/19/43
f 3944/125/44 3945/126/44 3943/124/44
f 3890/127/10 3938/128/10 3922/129/10
f 3946/130/45 3947/131/45 3945/126/45
f 3948/132/46 3885/133/46 3947/131/46
f 3911/134/8 3927/135/8 3943/136/8
f 3974/73/15 3975/74/15 3973/75/15
f 3976/76/16 3977/77/16 3975/74/16
f 3978/78/17 3979/79/17 3977/77/17
f 3980/80/18 3981/22/18 3979/79/18
f 3982/81/19 3983/82/19 3981/22/19
f 3984/83/20 3985/84/20 3983/82/20
f 3985/84/21 3988/87/21 3987/86/21
f 3988/87/22 3989/88/22 3987/86/22
f 3990/89/23 3991/90/23 3989/88/23
f 3992/91/24 3993/92/24 3991/90/24
f 3994/93/25 3995/94/25 3993/92/25
f 3996/95/26 3997/23/26 3995/94/26
f 3998/32/27 3999/96/27 3997/23/27
f 4000/97/28 4001/98/28 3999/96/28
f 4002/99/29 4003/100/29 4001/98/29
f 4004/101/30 4005/102/30 4003/100/30
f 4006/103/31 4007/104/31 4005/102/31
f 4008/105/32 4009/106/32 4007/104/32
f 4010/107/33 4011/108/33 4009/106/33
f 4012/109/34 4013/11/34 4011/108/34
f 4014/16/35 4015/110/35 4013/11/35
f 4016/111/36 4017/112/36 4015/110/36
f 4018/113/37 4019/114/37 4017/112/37
f 4019/114/38 4022/117/38 4021/116/38
f 4022/117/39 4023/118/39 4021/116/39
f 4024/137/40 4025/120/40 4023/118/40
f 4026/119/41 4027/121/41 4025/120/41
f 4028/122/42 4029/19/42 4027/121/42
f 4030/123/43 4031/124/43 4029/19/43
f 4032/125/44 4033/126/44 4031/124/44
f 3978/127/10 4026/128/10 4010/129/10
f 4034/130/45 4035/131/45 4033/126/45
f 4036/132/46 3973/133/46 4035/131/46
f 3999/134/8 4015/135/8 4031/136/8
f 4038/73/15 4039/74/15 4037/75/15
f 4040/76/16 4041/77/16 4039/74/16
f 4042/78/17 4043/79/17 4041/77/17
f 4044/80/18 4045/22/18 4043/79/18
f 4046/81/19 4047/82/19 4045/22/19
f 4048/83/20 4049/84/20 4047/82/20
f 4049/84/21 4052/87/21 4051/86/21
f 4052/87/22 4053/88/22 4051/86/22
f 4054/89/23 4055/90/23 4053/88/23
f 4056/91/24 4057/92/24 4055/90/24
f 4058/93/25 4059/94/25 4057/92/25
f 4060/95/26 4061/23/26 4059/94/26
f 4062/32/27 4063/96/27 4061/23/27
f 4064/97/28 4065/98/28 4063/96/28
f 4066/99/29 4067/100/29 4065/98/29
f 4068/101/30 4069/102/30 4067/100/30
f 4070/103/31 4071/104/31 4069/102/31
f 4072/105/32 4073/106/32 4071/104/32
f 4074/107/33 4075/108/33 4073/106/33
f 4076/109/34 4077/11/34 4075/108/34
f 4078/16/35 4079/110/35 4077/11/35
f 4080/111/36 4081/112/36 4079/110/36
f 4082/113/37 4083/114/37 4081/112/37
f 4083/114/38 4086/117/38 4085/116/38
f 4086/117/39 4087/118/39 4085/116/39
f 4088/137/40 4089/120/40 4087/118/40
f 4090/119/41 4091/121/41 4089/120/41
f 4092/122/42 4093/19/42 4091/121/42
f 4094/123/43 4095/124/43 4093/19/43
f 4096/125/44 4097/126/44 4095/124/44
f 4042/127/10 4090/128/10 4074/129/10
f 4098/130/45 4099/131/45 4097/126/45
f 4100/132/46 4037/133/46 4099/131/46
f 4063/134/8 4079/135/8 4095/136/8
f 4102/73/15 4103/74/15 4101/75/15
f 4104/76/16 4105/77/16 4103/74/16
f 4106/78/17 4107/79/17 4105/77/17
f 4108/80/18 4109/22/18 4107/79/18
f 4110/81/19 4111/82/19 4109/22/19
f 4112/83/20 4113/84/20 4111/82/20
f 4113/84/21 4116/87/21 4115/86/21
f 4116/87/22 4117/88/22 4115/86/22
f 4118/89/23 4119/90/23 4117/88/23
f 4120/91/24 4121/92/24 4119/90/24
f 4122/93/25 4123/94/25 4121/92/25
f 4124/95/26 4125/23/26 4123/94/26
f 4126/32/27 4127/96/27 4125/23/27
f 4128/97/28 4129/98/28 4127/96/28
f 4130/99/29 4131/100/29 4129/98/29
f 4132/101/30 4133/102/30 4131/100/30
f 4134/103/31 4135/104/31 4133/102/31
f 4136/105/32 4137/106/32 4135/104/32
f 4138/107/33 4139/108/33 4137/106/33
f 4140/109/34 4141/11/34 4139/108/34
f 4142/16/35 4143/110/35 4141/11/35
f 4144/111/36 4145/112/36 4143/110/36
f 4146/113/37 4147/114/37 4145/112/37
f 4147/114/38 4150/117/38 4149/116/38
f 4150/117/39 4151/118/39 4149/116/39
f 4152/137/40 4153/120/40 4151/118/40
f 4154/119/41 4155/121/41 4153/120/41
f 4156/122/42 4157/19/42 4155/121/42
f 4158/123/43 4159/124/43 4157/19/43
f 4160/125/44 4161/126/44 4159/124/44
f 4106/127/10 4154/128/10 4138/129/10
f 4162/130/45 4163/131/45 4161/126/45
f 4164/132/46 4101/133/46 4163/131/46
f 4127/134/8 4143/135/8 4159/136/8
f 4166/73/15 4167/74/15 4165/75/15
f 4168/76/16 4169/77/16 4167/74/16
f 4170/78/17 4171/79/17 4169/77/17
f 4172/80/18 4173/22/18 4171/79/18
f 4174/81/19 4175/82/19 4173/22/19
f 4176/83/20 4177/84/20 4175/82/20
f 4177/84/21 4180/87/21 4179/86/21
f 4180/87/22 4181/88/22 4179/86/22
f 4182/89/23 4183/90/23 4181/88/23
f 4184/91/24 4185/92/24 4183/90/24
f 4186/93/25 4187/94/25 4185/92/25
f 4188/95/26 4189/23/26 4187/94/26
f 4190/32/27 4191/96/27 4189/23/27
f 4192/97/28 4193/98/28 4191/96/28
f 4194/99/29 4195/100/29 4193/98/29
f 4196/101/30 4197/102/30 4195/100/30
f 4198/103/31 4199/104/31 4197/102/31
f 4200/105/32 4201/106/32 4199/104/32
f 4202/107/33 4203/108/33 4201/106/33
f 4204/109/34 4205/11/34 4203/108/34
f 4206/16/35 4207/110/35 4205/11/35
f 4208/111/36 4209/112/36 4207/110/36
f 4210/113/37 4211/114/37 4209/112/37
f 4211/114/38 4214/117/38 4213/116/38
f 4214/117/39 4215/118/39 4213/116/39
f 4216/137/40 4217/120/40 4215/118/40
f 4218/119/41 4219/121/41 4217/120/41
f 4220/122/42 4221/19/42 4219/121/42
f 4222/123/43 4223/124/43 4221/19/43
f 4224/125/44 4225/126/44 4223/124/44
f 4170/127/10 4218/128/10 4202/129/10
f 4226/130/45 4227/131/45 4225/126/45
f 4228/132/46 4165/133/46 4227/131/46
f 4191/134/8 4207/135/8 4223/136/8
f 3430/73/15 3432/76/15 3431/74/15
f 3432/76/16 3434/78/16 3433/77/16
f 3434/78/17 3436/80/17 3435/79/17
f 3436/80/18 3438/81/18 3437/22/18
f 3438/81/19 3440/83/19 3439/82/19
f 3440/83/20 3442/85/20 3441/84/20
f 3441/84/21 3442/85/21 3444/87/21
f 3444/87/22 3446/89/22 3445/88/22
f 3446/89/23 3448/91/23 3447/90/23
f 3448/91/24 3450/93/24 3449/92/24
f 3450/93/25 3452/95/25 3451/94/25
f 3452/95/26 3454/32/26 3453/23/26
f 3454/32/27 3456/97/27 3455/96/27
f 3456/97/28 3458/99/28 3457/98/28
f 3458/99/29 3460/101/29 3459/100/29
f 3460/101/30 3462/103/30 3461/102/30
f 3462/103/31 3464/105/31 3463/104/31
f 3464/105/32 3466/107/32 3465/106/32
f 3466/107/33 3468/109/33 3467/108/33
f 3468/109/34 3470/16/34 3469/11/34
f 3470/16/35 3472/111/35 3471/110/35
f 3472/111/36 3474/113/36 3473/112/36
f 3474/113/37 3476/115/37 3475/114/37
f 3475/114/38 3476/115/38 3478/117/38
f 3478/117/39 3480/137/39 3479/118/39
f 3480/137/40 3482/119/40 3481/120/40
f 3482/119/41 3484/122/41 3483/121/41
f 3484/122/42 3486/123/42 3485/19/42
f 3486/123/43 3488/125/43 3487/124/43
f 3488/125/44 3490/130/44 3489/126/44
f 3466/129/10 3464/548/10 3462/549/10
f 3462/549/10 3460/550/10 3458/551/10
f 3458/551/10 3456/552/10 3454/156/10
f 3454/156/10 3452/553/10 3450/210/10
f 3450/210/10 3448/554/10 3446/555/10
f 3446/555/10 3444/556/10 3442/157/10
f 3442/157/10 3440/557/10 3438/558/10
f 3438/558/10 3436/559/10 3434/127/10
f 3434/127/10 3432/560/10 3430/561/10
f 3430/561/10 3492/562/10 3490/158/10
f 3490/158/10 3488/563/10 3486/154/10
f 3486/154/10 3484/564/10 3482/128/10
f 3482/128/10 3480/565/10 3478/566/10
f 3478/566/10 3476/567/10 3474/159/10
f 3474/159/10 3472/568/10 3470/155/10
f 3470/155/10 3468/569/10 3466/129/10
f 3466/129/10 3462/549/10 3458/551/10
f 3458/551/10 3454/156/10 3450/210/10
f 3450/210/10 3446/555/10 3442/157/10
f 3442/157/10 3438/558/10 3434/127/10
f 3434/127/10 3430/561/10 3490/158/10
f 3490/158/10 3486/154/10 3482/128/10
f 3482/128/10 3478/566/10 3474/159/10
f 3474/159/10 3470/155/10 3466/129/10
f 3466/129/10 3458/551/10 3450/210/10
f 3450/210/10 3442/157/10 3434/127/10
f 3434/127/10 3490/158/10 3482/128/10
f 3482/128/10 3474/159/10 3466/129/10
f 3466/129/10 3450/210/10 3434/127/10
f 3490/130/45 3492/132/45 3491/131/45
f 3492/132/46 3430/248/46 3429/133/46
f 3487/136/8 3489/570/8 3491/215/8
f 3491/215/8 3429/571/8 3431/572/8
f 3431/572/8 3433/573/8 3435/574/8
f 3435/574/8 3437/575/8 3439/576/8
f 3439/576/8 3441/577/8 3443/578/8
f 3443/578/8 3445/579/8 3447/580/8
f 3447/580/8 3449/581/8 3451/582/8
f 3451/582/8 3453/583/8 3455/134/8
f 3455/134/8 3457/584/8 3459/529/8
f 3459/529/8 3461/585/8 3463/586/8
f 3463/586/8 3465/587/8 3467/588/8
f 3467/588/8 3469/589/8 3471/135/8
f 3471/135/8 3473/590/8 3475/214/8
f 3475/214/8 3477/591/8 3479/592/8
f 3479/592/8 3481/593/8 3483/594/8
f 3483/594/8 3485/595/8 3487/136/8
f 3487/136/8 3491/215/8 3431/572/8
f 3431/572/8 3435/574/8 3439/576/8
f 3439/576/8 3443/578/8 3447/580/8
f 3447/580/8 3451/582/8 3455/134/8
f 3455/134/8 3459/529/8 3463/586/8
f 3463/586/8 3467/588/8 3471/135/8
f 3471/135/8 3475/214/8 3479/592/8
f 3479/592/8 3483/594/8 3487/136/8
f 3487/136/8 3431/572/8 3439/576/8
f 3439/576/8 3447/580/8 3455/134/8
f 3455/134/8 3463/586/8 3471/135/8
f 3471/135/8 3479/592/8 3487/136/8
f 3487/136/8 3439/576/8 3455/134/8
f 3494/73/15 3496/76/15 3495/74/15
f 3496/76/16 3498/78/16 3497/77/16
f 3498/78/17 3500/80/17 3499/79/17
f 3500/80/18 3502/81/18 3501/22/18
f 3502/81/19 3504/83/19 3503/82/19
f 3504/83/20 3506/85/20 3505/84/20
f 3506/85/21 3508/87/21 3507/86/21
f 3508/87/22 3510/89/22 3509/88/22
f 3510/89/23 3512/91/23 3511/90/23
f 3512/91/24 3514/93/24 3513/92/24
f 3514/93/25 3516/95/25 3515/94/25
f 3516/95/26 3518/32/26 3517/23/26
f 3518/32/27 3520/97/27 3519/96/27
f 3520/97/28 3522/99/28 3521/98/28
f 3522/99/29 3524/101/29 3523/100/29
f 3524/101/30 3526/103/30 3525/102/30
f 3526/103/31 3528/105/31 3527/104/31
f 3528/105/32 3530/107/32 3529/106/32
f 3530/107/33 3532/109/33 3531/108/33
f 3532/109/34 3534/16/34 3533/11/34
f 3534/16/35 3536/111/35 3535/110/35
f 3536/111/36 3538/113/36 3537/112/36
f 3538/113/37 3540/115/37 3539/114/37
f 3539/114/38 3540/115/38 3542/117/38
f 3542/117/39 3544/137/39 3543/118/39
f 3544/137/40 3546/119/40 3545/120/40
f 3546/119/41 3548/122/41 3547/121/41
f 3548/122/42 3550/123/42 3549/19/42
f 3550/123/43 3552/125/43 3551/124/43
f 3552/125/44 3554/130/44 3553/126/44
f 3530/129/10 3528/548/10 3526/549/10
f 3526/549/10 3524/550/10 3522/551/10
f 3522/551/10 3520/552/10 3518/156/10
f 3518/156/10 3516/553/10 3514/210/10
f 3514/210/10 3512/554/10 3510/555/10
f 3510/555/10 3508/556/10 3506/157/10
f 3506/157/10 3504/557/10 3502/558/10
f 3502/558/10 3500/559/10 3498/127/10
f 3498/127/10 3496/560/10 3494/561/10
f 3494/561/10 3556/562/10 3554/158/10
f 3554/158/10 3552/563/10 3550/154/10
f 3550/154/10 3548/564/10 3546/128/10
f 3546/128/10 3544/565/10 3542/566/10
f 3542/566/10 3540/567/10 3538/159/10
f 3538/159/10 3536/568/10 3534/155/10
f 3534/155/10 3532/569/10 3530/129/10
f 3530/129/10 3526/549/10 3522/551/10
f 3522/551/10 3518/156/10 3514/210/10
f 3514/210/10 3510/555/10 3506/157/10
f 3506/157/10 3502/558/10 3498/127/10
f 3498/127/10 3494/561/10 3554/158/10
f 3554/158/10 3550/154/10 3546/128/10
f 3546/128/10 3542/566/10 3538/159/10
f 3538/159/10 3534/155/10 3530/129/10
f 3530/129/10 3522/551/10 3514/210/10
f 3514/210/10 3506/157/10 3498/127/10
f 3498/127/10 3554/158/10 3546/128/10
f 3546/128/10 3538/159/10 3530/129/10
f 3530/129/10 3514/210/10 3498/127/10
f 3554/130/45 3556/132/45 3555/131/45
f 3556/132/46 3494/248/46 3493/133/46
f 3551/136/8 3553/570/8 3555/215/8
f 3555/215/8 3493/571/8 3495/572/8
f 3495/572/8 3497/573/8 3499/574/8
f 3499/574/8 3501/575/8 3503/576/8
f 3503/576/8 3505/577/8 3507/578/8
f 3507/578/8 3509/579/8 3511/580/8
f 3511/580/8 3513/581/8 3515/582/8
f 3515/582/8 3517/583/8 3519/134/8
f 3519/134/8 3521/584/8 3523/529/8
f 3523/529/8 3525/585/8 3527/586/8
f 3527/586/8 3529/587/8 3531/588/8
f 3531/588/8 3533/589/8 3535/135/8
f 3535/135/8 3537/590/8 3539/214/8
f 3539/214/8 3541/591/8 3543/592/8
f 3543/592/8 3545/593/8 3547/594/8
f 3547/594/8 3549/595/8 3551/136/8
f 3551/136/8 3555/215/8 3495/572/8
f 3495/572/8 3499/574/8 3503/576/8
f 3503/576/8 3507/578/8 3511/580/8
f 3511/580/8 3515/582/8 3519/134/8
f 3519/134/8 3523/529/8 3527/586/8
f 3527/586/8 3531/588/8 3535/135/8
f 3535/135/8 3539/214/8 3543/592/8
f 3543/592/8 3547/594/8 3551/136/8
f 3551/136/8 3495/572/8 3503/576/8
f 3503/576/8 3511/580/8 3519/134/8
f 3519/134/8 3527/586/8 3535/135/8
f 3535/135/8 3543/592/8 3551/136/8
f 3551/136/8 3503/576/8 3519/134/8
f 3558/73/15 3560/76/15 3559/74/15
f 3560/76/16 3562/78/16 3561/77/16
f 3562/78/17 3564/80/17 3563/79/17
f 3564/80/18 3566/81/18 3565/22/18
f 3566/81/19 3568/83/19 3567/82/19
f 3568/83/20 3570/85/20 3569/84/20
f 3570/85/21 3572/87/21 3571/86/21
f 3572/87/22 3574/89/22 3573/88/22
f 3573/88/23 3574/89/23 3576/91/23
f 3576/91/24 3578/93/24 3577/92/24
f 3578/93/25 3580/95/25 3579/94/25
f 3580/95/26 3582/32/26 3581/23/26
f 3582/32/27 3584/97/27 3583/96/27
f 3584/97/28 3586/99/28 3585/98/28
f 3586/99/29 3588/101/29 3587/100/29
f 3588/101/30 3590/103/30 3589/102/30
f 3590/103/31 3592/105/31 3591/104/31
f 3592/105/32 3594/107/32 3593/106/32
f 3594/107/33 3596/109/33 3595/108/33
f 3596/109/34 3598/16/34 3597/11/34
f 3598/16/35 3600/111/35 3599/110/35
f 3600/111/36 3602/113/36 3601/112/36
f 3602/113/37 3604/115/37 3603/114/37
f 3604/115/38 3606/117/38 3605/116/38
f 3606/117/39 3608/137/39 3607/118/39
f 3608/137/40 3610/119/40 3609/120/40
f 3610/119/41 3612/122/41 3611/121/41
f 3612/122/42 3614/123/42 3613/19/42
f 3614/123/43 3616/125/43 3615/124/43
f 3616/125/44 3618/130/44 3617/126/44
f 3594/129/10 3592/548/10 3590/549/10
f 3590/549/10 3588/550/10 3586/551/10
f 3586/551/10 3584/552/10 3582/156/10
f 3582/156/10 3580/553/10 3578/210/10
f 3578/210/10 3576/554/10 3574/555/10
f 3574/555/10 3572/556/10 3570/157/10
f 3570/157/10 3568/557/10 3566/558/10
f 3566/558/10 3564/559/10 3562/127/10
f 3562/127/10 3560/560/10 3558/561/10
f 3558/561/10 3620/562/10 3618/158/10
f 3618/158/10 3616/563/10 3614/154/10
f 3614/154/10 3612/564/10 3610/128/10
f 3610/128/10 3608/565/10 3606/566/10
f 3606/566/10 3604/567/10 3602/159/10
f 3602/159/10 3600/568/10 3598/155/10
f 3598/155/10 3596/569/10 3594/129/10
f 3594/129/10 3590/549/10 3586/551/10
f 3586/551/10 3582/156/10 3578/210/10
f 3578/210/10 3574/555/10 3570/157/10
f 3570/157/10 3566/558/10 3562/127/10
f 3562/127/10 3558/561/10 3618/158/10
f 3618/158/10 3614/154/10 3610/128/10
f 3610/128/10 3606/566/10 3602/159/10
f 3602/159/10 3598/155/10 3594/129/10
f 3594/129/10 3586/551/10 3578/210/10
f 3578/210/10 3570/157/10 3562/127/10
f 3562/127/10 3618/158/10 3610/128/10
f 3610/128/10 3602/159/10 3594/129/10
f 3594/129/10 3578/210/10 3562/127/10
f 3618/130/45 3620/132/45 3619/131/45
f 3620/132/46 3558/248/46 3557/133/46
f 3615/136/8 3617/570/8 3619/215/8
f 3619/215/8 3557/571/8 3559/572/8
f 3559/572/8 3561/573/8 3563/574/8
f 3563/574/8 3565/575/8 3567/576/8
f 3567/576/8 3569/577/8 3571/578/8
f 3571/578/8 3573/579/8 3575/580/8
f 3575/580/8 3577/581/8 3579/582/8
f 3579/582/8 3581/583/8 3583/134/8
f 3583/134/8 3585/584/8 3587/529/8
f 3587/529/8 3589/585/8 3591/586/8
f 3591/586/8 3593/587/8 3595/588/8
f 3595/588/8 3597/589/8 3599/135/8
f 3599/135/8 3601/590/8 3603/214/8
f 3603/214/8 3605/591/8 3607/592/8
f 3607/592/8 3609/593/8 3611/594/8
f 3611/594/8 3613/595/8 3615/136/8
f 3615/136/8 3619/215/8 3559/572/8
f 3559/572/8 3563/574/8 3567/576/8
f 3567/576/8 3571/578/8 3575/580/8
f 3575/580/8 3579/582/8 3583/134/8
f 3583/134/8 3587/529/8 3591/586/8
f 3591/586/8 3595/588/8 3599/135/8
f 3599/135/8 3603/214/8 3607/592/8
f 3607/592/8 3611/594/8 3615/136/8
f 3615/136/8 3559/572/8 3567/576/8
f 3567/576/8 3575/580/8 3583/134/8
f 3583/134/8 3591/586/8 3599/135/8
f 3599/135/8 3607/592/8 3615/136/8
f 3615/136/8 3567/576/8 3583/134/8
f 3622/73/15 3624/76/15 3623/74/15
f 3624/76/16 3626/78/16 3625/77/16
f 3626/78/17 3628/80/17 3627/79/17
f 3628/80/18 3630/81/18 3629/22/18
f 3630/81/19 3632/83/19 3631/82/19
f 3632/83/20 3634/85/20 3633/84/20
f 3634/85/21 3636/87/21 3635/86/21
f 3636/87/22 3638/89/22 3637/88/22
f 3638/89/23 3640/91/23 3639/90/23
f 3640/91/24 3642/93/24 3641/92/24
f 3642/93/25 3644/95/25 3643/94/25
f 3644/95/26 3646/32/26 3645/23/26
f 3646/32/27 3648/97/27 3647/96/27
f 3648/97/28 3650/99/28 3649/98/28
f 3650/99/29 3652/101/29 3651/100/29
f 3652/101/30 3654/103/30 3653/102/30
f 3654/103/31 3656/105/31 3655/104/31
f 3656/105/32 3658/107/32 3657/106/32
f 3658/107/33 3660/109/33 3659/108/33
f 3660/109/34 3662/16/34 3661/11/34
f 3662/16/35 3664/111/35 3663/110/35
f 3664/111/36 3666/113/36 3665/112/36
f 3666/113/37 3668/115/37 3667/114/37
f 3668/115/38 3670/117/38 3669/116/38
f 3670/117/39 3672/137/39 3671/118/39
f 3672/137/40 3674/119/40 3673/120/40
f 3674/119/41 3676/122/41 3675/121/41
f 3676/122/42 3678/123/42 3677/19/42
f 3678/123/43 3680/125/43 3679/124/43
f 3680/125/44 3682/130/44 3681/126/44
f 3658/129/10 3656/548/10 3654/549/10
f 3654/549/10 3652/550/10 3650/551/10
f 3650/551/10 3648/552/10 3646/156/10
f 3646/156/10 3644/553/10 3642/210/10
f 3642/210/10 3640/554/10 3638/555/10
f 3638/555/10 3636/556/10 3634/157/10
f 3634/157/10 3632/557/10 3630/558/10
f 3630/558/10 3628/559/10 3626/127/10
f 3626/127/10 3624/560/10 3622/561/10
f 3622/561/10 3684/562/10 3682/158/10
f 3682/158/10 3680/563/10 3678/154/10
f 3678/154/10 3676/564/10 3674/128/10
f 3674/128/10 3672/565/10 3670/566/10
f 3670/566/10 3668/567/10 3666/159/10
f 3666/159/10 3664/568/10 3662/155/10
f 3662/155/10 3660/569/10 3658/129/10
f 3658/129/10 3654/549/10 3650/551/10
f 3650/551/10 3646/156/10 3642/210/10
f 3642/210/10 3638/555/10 3634/157/10
f 3634/157/10 3630/558/10 3626/127/10
f 3626/127/10 3622/561/10 3682/158/10
f 3682/158/10 3678/154/10 3674/128/10
f 3674/128/10 3670/566/10 3666/159/10
f 3666/159/10 3662/155/10 3658/129/10
f 3658/129/10 3650/551/10 3642/210/10
f 3642/210/10 3634/157/10 3626/127/10
f 3626/127/10 3682/158/10 3674/128/10
f 3674/128/10 3666/159/10 3658/129/10
f 3658/129/10 3642/210/10 3626/127/10
f 3682/130/45 3684/132/45 3683/131/45
f 3684/132/46 3622/248/46 3621/133/46
f 3679/136/8 3681/570/8 3683/215/8
f 3683/215/8 3621/571/8 3623/572/8
f 3623/572/8 3625/573/8 3627/574/8
f 3627/574/8 3629/575/8 3631/576/8
f 3631/576/8 3633/577/8 3635/578/8
f 3635/578/8 3637/579/8 3639/580/8
f 3639/580/8 3641/581/8 3643/582/8
f 3643/582/8 3645/583/8 3647/134/8
f 3647/134/8 3649/584/8 3651/529/8
f 3651/529/8 3653/585/8 3655/586/8
f 3655/586/8 3657/587/8 3659/588/8
f 3659/588/8 3661/589/8 3663/135/8
f 3663/135/8 3665/590/8 3667/214/8
f 3667/214/8 3669/591/8 3671/592/8
f 3671/592/8 3673/593/8 3675/594/8
f 3675/594/8 3677/595/8 3679/136/8
f 3679/136/8 3683/215/8 3623/572/8
f 3623/572/8 3627/574/8 3631/576/8
f 3631/576/8 3635/578/8 3639/580/8
f 3639/580/8 3643/582/8 3647/134/8
f 3647/134/8 3651/529/8 3655/586/8
f 3655/586/8 3659/588/8 3663/135/8
f 3663/135/8 3667/214/8 3671/592/8
f 3671/592/8 3675/594/8 3679/136/8
f 3679/136/8 3623/572/8 3631/576/8
f 3631/576/8 3639/580/8 3647/134/8
f 3647/134/8 3655/586/8 3663/135/8
f 3663/135/8 3671/592/8 3679/136/8
f 3679/136/8 3631/576/8 3647/134/8
f 3694/73/15 3696/76/15 3695/74/15
f 3696/76/16 3698/78/16 3697/77/16
f 3698/78/17 3700/80/17 3699/79/17
f 3700/80/18 3702/81/18 3701/22/18
f 3702/81/19 3704/83/19 3703/82/19
f 3704/83/20 3706/85/20 3705/84/20
f 3705/84/21 3706/85/21 3708/87/21
f 3708/87/22 3710/89/22 3709/88/22
f 3710/89/23 3712/91/23 3711/90/23
f 3712/91/24 3714/93/24 3713/92/24
f 3713/92/25 3714/93/25 3716/95/25
f 3716/95/26 3718/32/26 3717/23/26
f 3718/32/27 3720/97/27 3719/96/27
f 3720/97/28 3722/99/28 3721/98/28
f 3722/99/29 3724/101/29 3723/100/29
f 3724/101/30 3726/103/30 3725/102/30
f 3726/103/31 3728/105/31 3727/104/31
f 3728/105/32 3730/107/32 3729/106/32
f 3730/107/33 3732/109/33 3731/108/33
f 3732/109/34 3734/16/34 3733/11/34
f 3734/16/35 3736/111/35 3735/110/35
f 3736/111/36 3738/113/36 3737/112/36
f 3738/113/37 3740/115/37 3739/114/37
f 3739/114/38 3740/115/38 3742/117/38
f 3742/117/39 3744/137/39 3743/118/39
f 3744/137/40 3746/119/40 3745/120/40
f 3746/119/41 3748/122/41 3747/121/41
f 3748/122/42 3750/123/42 3749/19/42
f 3750/123/43 3752/125/43 3751/124/43
f 3752/125/44 3754/130/44 3753/126/44
f 3730/129/10 3728/548/10 3726/549/10
f 3726/549/10 3724/550/10 3722/551/10
f 3722/551/10 3720/552/10 3718/156/10
f 3718/156/10 3716/553/10 3714/210/10
f 3714/210/10 3712/554/10 3710/555/10
f 3710/555/10 3708/556/10 3706/157/10
f 3706/157/10 3704/557/10 3702/558/10
f 3702/558/10 3700/559/10 3698/127/10
f 3698/127/10 3696/560/10 3694/561/10
f 3694/561/10 3756/562/10 3754/158/10
f 3754/158/10 3752/563/10 3750/154/10
f 3750/154/10 3748/564/10 3746/128/10
f 3746/128/10 3744/565/10 3742/566/10
f 3742/566/10 3740/567/10 3738/159/10
f 3738/159/10 3736/568/10 3734/155/10
f 3734/155/10 3732/569/10 3730/129/10
f 3730/129/10 3726/549/10 3722/551/10
f 3722/551/10 3718/156/10 3714/210/10
f 3714/210/10 3710/555/10 3706/157/10
f 3706/157/10 3702/558/10 3698/127/10
f 3698/127/10 3694/561/10 3754/158/10
f 3754/158/10 3750/154/10 3746/128/10
f 3746/128/10 3742/566/10 3738/159/10
f 3738/159/10 3734/155/10 3730/129/10
f 3730/129/10 3722/551/10 3714/210/10
f 3714/210/10 3706/157/10 3698/127/10
f 3698/127/10 3754/158/10 3746/128/10
f 3746/128/10 3738/159/10 3730/129/10
f 3730/129/10 3714/210/10 3698/127/10
f 3754/130/45 3756/132/45 3755/131/45
f 3756/132/46 3694/248/46 3693/133/46
f 3751/136/8 3753/570/8 3755/215/8
f 3755/215/8 3693/571/8 3695/572/8
f 3695/572/8 3697/573/8 3699/574/8
f 3699/574/8 3701/575/8 3703/576/8
f 3703/576/8 3705/577/8 3707/578/8
f 3707/578/8 3709/579/8 3711/580/8
f 3711/580/8 3713/581/8 3715/582/8
f 3715/582/8 3717/583/8 3719/134/8
f 3719/134/8 3721/584/8 3723/529/8
f 3723/529/8 3725/585/8 3727/586/8
f 3727/586/8 3729/587/8 3731/588/8
f 3731/588/8 3733/589/8 3735/135/8
f 3735/135/8 3737/590/8 3739/214/8
f 3739/214/8 3741/591/8 3743/592/8
f 3743/592/8 3745/593/8 3747/594/8
f 3747/594/8 3749/595/8 3751/136/8
f 3751/136/8 3755/215/8 3695/572/8
f 3695/572/8 3699/574/8 3703/576/8
f 3703/576/8 3707/578/8 3711/580/8
f 3711/580/8 3715/582/8 3719/134/8
f 3719/134/8 3723/529/8 3727/586/8
f 3727/586/8 3731/588/8 3735/135/8
f 3735/135/8 3739/214/8 3743/592/8
f 3743/592/8 3747/594/8 3751/136/8
f 3751/136/8 3695/572/8 3703/576/8
f 3703/576/8 3711/580/8 3719/134/8
f 3719/134/8 3727/586/8 3735/135/8
f 3735/135/8 3743/592/8 3751/136/8
f 3751/136/8 3703/576/8 3719/134/8
f 3758/73/15 3760/76/15 3759/74/15
f 3760/76/16 3762/78/16 3761/77/16
f 3762/78/17 3764/80/17 3763/79/17
f 3764/80/18 3766/81/18 3765/22/18
f 3766/81/19 3768/83/19 3767/82/19
f 3768/83/20 3770/85/20 3769/84/20
f 3769/84/21 3770/85/21 3772/87/21
f 3772/87/22 3774/89/22 3773/88/22
f 3774/89/23 3776/91/23 3775/90/23
f 3776/91/24 3778/93/24 3777/92/24
f 3778/93/25 3780/95/25 3779/94/25
f 3780/95/26 3782/32/26 3781/23/26
f 3782/32/27 3784/97/27 3783/96/27
f 3784/97/28 3786/99/28 3785/98/28
f 3786/99/29 3788/101/29 3787/100/29
f 3788/101/30 3790/103/30 3789/102/30
f 3790/103/31 3792/105/31 3791/104/31
f 3792/105/32 3794/107/32 3793/106/32
f 3794/107/33 3796/109/33 3795/108/33
f 3796/109/34 3798/16/34 3797/11/34
f 3798/16/35 3800/111/35 3799/110/35
f 3800/111/36 3802/113/36 3801/112/36
f 3802/113/37 3804/115/37 3803/114/37
f 3803/114/38 3804/115/38 3806/117/38
f 3806/117/39 3808/137/39 3807/118/39
f 3808/137/40 3810/119/40 3809/120/40
f 3810/119/41 3812/122/41 3811/121/41
f 3812/122/42 3814/123/42 3813/19/42
f 3814/123/43 3816/125/43 3815/124/43
f 3816/125/44 3818/130/44 3817/126/44
f 3794/129/10 3792/548/10 3790/549/10
f 3790/549/10 3788/550/10 3786/551/10
f 3786/551/10 3784/552/10 3782/156/10
f 3782/156/10 3780/553/10 3778/210/10
f 3778/210/10 3776/554/10 3774/555/10
f 3774/555/10 3772/556/10 3770/157/10
f 3770/157/10 3768/557/10 3766/558/10
f 3766/558/10 3764/559/10 3762/127/10
f 3762/127/10 3760/560/10 3758/561/10
f 3758/561/10 3820/562/10 3818/158/10
f 3818/158/10 3816/563/10 3814/154/10
f 3814/154/10 3812/564/10 3810/128/10
f 3810/128/10 3808/565/10 3806/566/10
f 3806/566/10 3804/567/10 3802/159/10
f 3802/159/10 3800/568/10 3798/155/10
f 3798/155/10 3796/569/10 3794/129/10
f 3794/129/10 3790/549/10 3786/551/10
f 3786/551/10 3782/156/10 3778/210/10
f 3778/210/10 3774/555/10 3770/157/10
f 3770/157/10 3766/558/10 3762/127/10
f 3762/127/10 3758/561/10 3818/158/10
f 3818/158/10 3814/154/10 3810/128/10
f 3810/128/10 3806/566/10 3802/159/10
f 3802/159/10 3798/155/10 3794/129/10
f 3794/129/10 3786/551/10 3778/210/10
f 3778/210/10 3770/157/10 3762/127/10
f 3762/127/10 3818/158/10 3810/128/10
f 3810/128/10 3802/159/10 3794/129/10
f 3794/129/10 3778/210/10 3762/127/10
f 3818/130/45 3820/132/45 3819/131/45
f 3820/132/46 3758/248/46 3757/133/46
f 3815/136/8 3817/570/8 3819/215/8
f 3819/215/8 3757/571/8 3759/572/8
f 3759/572/8 3761/573/8 3763/574/8
f 3763/574/8 3765/575/8 3767/576/8
f 3767/576/8 3769/577/8 3771/578/8
f 3771/578/8 3773/579/8 3775/580/8
f 3775/580/8 3777/581/8 3779/582/8
f 3779/582/8 3781/583/8 3783/134/8
f 3783/134/8 3785/584/8 3787/529/8
f 3787/529/8 3789/585/8 3791/586/8
f 3791/586/8 3793/587/8 3795/588/8
f 3795/588/8 3797/589/8 3799/135/8
f 3799/135/8 3801/590/8 3803/214/8
f 3803/214/8 3805/591/8 3807/592/8
f 3807/592/8 3809/593/8 3811/594/8
f 3811/594/8 3813/595/8 3815/136/8
f 3815/136/8 3819/215/8 3759/572/8
f 3759/572/8 3763/574/8 3767/576/8
f 3767/576/8 3771/578/8 3775/580/8
f 3775/580/8 3779/582/8 3783/134/8
f 3783/134/8 3787/529/8 3791/586/8
f 3791/586/8 3795/588/8 3799/135/8
f 3799/135/8 3803/214/8 3807/592/8
f 3807/592/8 3811/594/8 3815/136/8
f 3815/136/8 3759/572/8 3767/576/8
f 3767/576/8 3775/580/8 3783/134/8
f 3783/134/8 3791/586/8 3799/135/8
f 3799/135/8 3807/592/8 3815/136/8
f 3815/136/8 3767/576/8 3783/134/8
f 3822/73/15 3824/76/15 3823/74/15
f 3824/76/16 3826/78/16 3825/77/16
f 3826/78/17 3828/80/17 3827/79/17
f 3828/80/18 3830/81/18 3829/22/18
f 3830/81/19 3832/83/19 3831/82/19
f 3832/83/20 3834/85/20 3833/84/20
f 3833/84/21 3834/85/21 3836/87/21
f 3836/87/22 3838/89/22 3837/88/22
f 3838/89/23 3840/91/23 3839/90/23
f 3840/91/24 3842/93/24 3841/92/24
f 3842/93/25 3844/95/25 3843/94/25
f 3844/95/26 3846/32/26 3845/23/26
f 3846/32/27 3848/97/27 3847/96/27
f 3848/97/28 3850/99/28 3849/98/28
f 3850/99/29 3852/101/29 3851/100/29
f 3852/101/30 3854/103/30 3853/102/30
f 3854/103/31 3856/105/31 3855/104/31
f 3856/105/32 3858/107/32 3857/106/32
f 3858/107/33 3860/109/33 3859/108/33
f 3860/109/34 3862/16/34 3861/11/34
f 3862/16/35 3864/111/35 3863/110/35
f 3864/111/36 3866/113/36 3865/112/36
f 3866/113/37 3868/115/37 3867/114/37
f 3867/114/38 3868/115/38 3870/117/38
f 3870/117/39 3872/137/39 3871/118/39
f 3872/137/40 3874/119/40 3873/120/40
f 3874/119/41 3876/122/41 3875/121/41
f 3876/122/42 3878/123/42 3877/19/42
f 3878/123/43 3880/125/43 3879/124/43
f 3880/125/44 3882/130/44 3881/126/44
f 3858/129/10 3856/548/10 3854/549/10
f 3854/549/10 3852/550/10 3850/551/10
f 3850/551/10 3848/552/10 3846/156/10
f 3846/156/10 3844/553/10 3842/210/10
f 3842/210/10 3840/554/10 3838/555/10
f 3838/555/10 3836/556/10 3834/157/10
f 3834/157/10 3832/557/10 3830/558/10
f 3830/558/10 3828/559/10 3826/127/10
f 3826/127/10 3824/560/10 3822/561/10
f 3822/561/10 3884/562/10 3882/158/10
f 3882/158/10 3880/563/10 3878/154/10
f 3878/154/10 3876/564/10 3874/128/10
f 3874/128/10 3872/565/10 3870/566/10
f 3870/566/10 3868/567/10 3866/159/10
f 3866/159/10 3864/568/10 3862/155/10
f 3862/155/10 3860/569/10 3858/129/10
f 3858/129/10 3854/549/10 3850/551/10
f 3850/551/10 3846/156/10 3842/210/10
f 3842/210/10 3838/555/10 3834/157/10
f 3834/157/10 3830/558/10 3826/127/10
f 3826/127/10 3822/561/10 3882/158/10
f 3882/158/10 3878/154/10 3874/128/10
f 3874/128/10 3870/566/10 3866/159/10
f 3866/159/10 3862/155/10 3858/129/10
f 3858/129/10 3850/551/10 3842/210/10
f 3842/210/10 3834/157/10 3826/127/10
f 3826/127/10 3882/158/10 3874/128/10
f 3874/128/10 3866/159/10 3858/129/10
f 3858/129/10 3842/210/10 3826/127/10
f 3882/130/45 3884/132/45 3883/131/45
f 3884/132/46 3822/248/46 3821/133/46
f 3879/136/8 3881/570/8 3883/215/8
f 3883/215/8 3821/571/8 3823/572/8
f 3823/572/8 3825/573/8 3827/574/8
f 3827/574/8 3829/575/8 3831/576/8
f 3831/576/8 3833/577/8 3835/578/8
f 3835/578/8 3837/579/8 3839/580/8
f 3839/580/8 3841/581/8 3843/582/8
f 3843/582/8 3845/583/8 3847/134/8
f 3847/134/8 3849/584/8 3851/529/8
f 3851/529/8 3853/585/8 3855/586/8
f 3855/586/8 3857/587/8 3859/588/8
f 3859/588/8 3861/589/8 3863/135/8
f 3863/135/8 3865/590/8 3867/214/8
f 3867/214/8 3869/591/8 3871/592/8
f 3871/592/8 3873/593/8 3875/594/8
f 3875/594/8 3877/595/8 3879/136/8
f 3879/136/8 3883/215/8 3823/572/8
f 3823/572/8 3827/574/8 3831/576/8
f 3831/576/8 3835/578/8 3839/580/8
f 3839/580/8 3843/582/8 3847/134/8
f 3847/134/8 3851/529/8 3855/586/8
f 3855/586/8 3859/588/8 3863/135/8
f 3863/135/8 3867/214/8 3871/592/8
f 3871/592/8 3875/594/8 3879/136/8
f 3879/136/8 3823/572/8 3831/576/8
f 3831/576/8 3839/580/8 3847/134/8
f 3847/134/8 3855/586/8 3863/135/8
f 3863/135/8 3871/592/8 3879/136/8
f 3879/136/8 3831/576/8 3847/134/8
f 3886/73/15 3888/76/15 3887/74/15
f 3888/76/16 3890/78/16 3889/77/16
f 3890/78/17 3892/80/17 3891/79/17
f 3892/80/18 3894/81/18 3893/22/18
f 3894/81/19 3896/83/19 3895/82/19
f 3896/83/20 3898/85/20 3897/84/20
f 3897/84/21 3898/85/21 3900/87/21
f 3900/87/22 3902/89/22 3901/88/22
f 3902/89/23 3904/91/23 3903/90/23
f 3904/91/24 3906/93/24 3905/92/24
f 3905/92/25 3906/93/25 3908/95/25
f 3908/95/26 3910/32/26 3909/23/26
f 3910/32/27 3912/97/27 3911/96/27
f 3912/97/28 3914/99/28 3913/98/28
f 3914/99/29 3916/101/29 3915/100/29
f 3916/101/30 3918/103/30 3917/102/30
f 3918/103/31 3920/105/31 3919/104/31
f 3920/105/32 3922/107/32 3921/106/32
f 3922/107/33 3924/109/33 3923/108/33
f 3924/109/34 3926/16/34 3925/11/34
f 3926/16/35 3928/111/35 3927/110/35
f 3928/111/36 3930/113/36 3929/112/36
f 3930/113/37 3932/115/37 3931/114/37
f 3931/114/38 3932/115/38 3934/117/38
f 3934/117/39 3936/137/39 3935/118/39
f 3936/137/40 3938/119/40 3937/120/40
f 3938/119/41 3940/122/41 3939/121/41
f 3940/122/42 3942/123/42 3941/19/42
f 3942/123/43 3944/125/43 3943/124/43
f 3944/125/44 3946/130/44 3945/126/44
f 3922/129/10 3920/548/10 3918/549/10
f 3918/549/10 3916/550/10 3914/551/10
f 3914/551/10 3912/552/10 3910/156/10
f 3910/156/10 3908/553/10 3906/210/10
f 3906/210/10 3904/554/10 3902/555/10
f 3902/555/10 3900/556/10 3898/157/10
f 3898/157/10 3896/557/10 3894/558/10
f 3894/558/10 3892/559/10 3890/127/10
f 3890/127/10 3888/560/10 3886/561/10
f 3886/561/10 3948/562/10 3946/158/10
f 3946/158/10 3944/563/10 3942/154/10
f 3942/154/10 3940/564/10 3938/128/10
f 3938/128/10 3936/565/10 3934/566/10
f 3934/566/10 3932/567/10 3930/159/10
f 3930/159/10 3928/568/10 3926/155/10
f 3926/155/10 3924/569/10 3922/129/10
f 3922/129/10 3918/549/10 3914/551/10
f 3914/551/10 3910/156/10 3906/210/10
f 3906/210/10 3902/555/10 3898/157/10
f 3898/157/10 3894/558/10 3890/127/10
f 3890/127/10 3886/561/10 3946/158/10
f 3946/158/10 3942/154/10 3938/128/10
f 3938/128/10 3934/566/10 3930/159/10
f 3930/159/10 3926/155/10 3922/129/10
f 3922/129/10 3914/551/10 3906/210/10
f 3906/210/10 3898/157/10 3890/127/10
f 3890/127/10 3946/158/10 3938/128/10
f 3938/128/10 3930/159/10 3922/129/10
f 3922/129/10 3906/210/10 3890/127/10
f 3946/130/45 3948/132/45 3947/131/45
f 3948/132/46 3886/248/46 3885/133/46
f 3943/136/8 3945/570/8 3947/215/8
f 3947/215/8 3885/571/8 3887/572/8
f 3887/572/8 3889/573/8 3891/574/8
f 3891/574/8 3893/575/8 3895/576/8
f 3895/576/8 3897/577/8 3899/578/8
f 3899/578/8 3901/579/8 3903/580/8
f 3903/580/8 3905/581/8 3907/582/8
f 3907/582/8 3909/583/8 3911/134/8
f 3911/134/8 3913/584/8 3915/529/8
f 3915/529/8 3917/585/8 3919/586/8
f 3919/586/8 3921/587/8 3923/588/8
f 3923/588/8 3925/589/8 3927/135/8
f 3927/135/8 3929/590/8 3931/214/8
f 3931/214/8 3933/591/8 3935/592/8
f 3935/592/8 3937/593/8 3939/594/8
f 3939/594/8 3941/595/8 3943/136/8
f 3943/136/8 3947/215/8 3887/572/8
f 3887/572/8 3891/574/8 3895/576/8
f 3895/576/8 3899/578/8 3903/580/8
f 3903/580/8 3907/582/8 3911/134/8
f 3911/134/8 3915/529/8 3919/586/8
f 3919/586/8 3923/588/8 3927/135/8
f 3927/135/8 3931/214/8 3935/592/8
f 3935/592/8 3939/594/8 3943/136/8
f 3943/136/8 3887/572/8 3895/576/8
f 3895/576/8 3903/580/8 3911/134/8
f 3911/134/8 3919/586/8 3927/135/8
f 3927/135/8 3935/592/8 3943/136/8
f 3943/136/8 3895/576/8 3911/134/8
f 3974/73/15 3976/76/15 3975/74/15
f 3976/76/16 3978/78/16 3977/77/16
f 3978/78/17 3980/80/17 3979/79/17
f 3980/80/18 3982/81/18 3981/22/18
f 3982/81/19 3984/83/19 3983/82/19
f 3984/83/20 3986/85/20 3985/84/20
f 3985/84/21 3986/85/21 3988/87/21
f 3988/87/22 3990/89/22 3989/88/22
f 3990/89/23 3992/91/23 3991/90/23
f 3992/91/24 3994/93/24 3993/92/24
f 3994/93/25 3996/95/25 3995/94/25
f 3996/95/26 3998/32/26 3997/23/26
f 3998/32/27 4000/97/27 3999/96/27
f 4000/97/28 4002/99/28 4001/98/28
f 4002/99/29 4004/101/29 4003/100/29
f 4004/101/30 4006/103/30 4005/102/30
f 4006/103/31 4008/105/31 4007/104/31
f 4008/105/32 4010/107/32 4009/106/32
f 4010/107/33 4012/109/33 4011/108/33
f 4012/109/34 4014/16/34 4013/11/34
f 4014/16/35 4016/111/35 4015/110/35
f 4016/111/36 4018/113/36 4017/112/36
f 4018/113/37 4020/115/37 4019/114/37
f 4019/114/38 4020/115/38 4022/117/38
f 4022/117/39 4024/137/39 4023/118/39
f 4024/137/40 4026/119/40 4025/120/40
f 4026/119/41 4028/122/41 4027/121/41
f 4028/122/42 4030/123/42 4029/19/42
f 4030/123/43 4032/125/43 4031/124/43
f 4032/125/44 4034/130/44 4033/126/44
f 4010/129/10 4008/548/10 4006/549/10
f 4006/549/10 4004/550/10 4002/551/10
f 4002/551/10 4000/552/10 3998/156/10
f 3998/156/10 3996/553/10 3994/210/10
f 3994/210/10 3992/554/10 3990/555/10
f 3990/555/10 3988/556/10 3986/157/10
f 3986/157/10 3984/557/10 3982/558/10
f 3982/558/10 3980/559/10 3978/127/10
f 3978/127/10 3976/560/10 3974/561/10
f 3974/561/10 4036/562/10 4034/158/10
f 4034/158/10 4032/563/10 4030/154/10
f 4030/154/10 4028/564/10 4026/128/10
f 4026/128/10 4024/565/10 4022/566/10
f 4022/566/10 4020/567/10 4018/159/10
f 4018/159/10 4016/568/10 4014/155/10
f 4014/155/10 4012/569/10 4010/129/10
f 4010/129/10 4006/549/10 4002/551/10
f 4002/551/10 3998/156/10 3994/210/10
f 3994/210/10 3990/555/10 3986/157/10
f 3986/157/10 3982/558/10 3978/127/10
f 3978/127/10 3974/561/10 4034/158/10
f 4034/158/10 4030/154/10 4026/128/10
f 4026/128/10 4022/566/10 4018/159/10
f 4018/159/10 4014/155/10 4010/129/10
f 4010/129/10 4002/551/10 3994/210/10
f 3994/210/10 3986/157/10 3978/127/10
f 3978/127/10 4034/158/10 4026/128/10
f 4026/128/10 4018/159/10 4010/129/10
f 4010/129/10 3994/210/10 3978/127/10
f 4034/130/45 4036/132/45 4035/131/45
f 4036/132/46 3974/248/46 3973/133/46
f 4031/136/8 4033/570/8 4035/215/8
f 4035/215/8 3973/571/8 3975/572/8
f 3975/572/8 3977/573/8 3979/574/8
f 3979/574/8 3981/575/8 3983/576/8
f 3983/576/8 3985/577/8 3987/578/8
f 3987/578/8 3989/579/8 3991/580/8
f 3991/580/8 3993/581/8 3995/582/8
f 3995/582/8 3997/583/8 3999/134/8
f 3999/134/8 4001/584/8 4003/529/8
f 4003/529/8 4005/585/8 4007/586/8
f 4007/586/8 4009/587/8 4011/588/8
f 4011/588/8 4013/589/8 4015/135/8
f 4015/135/8 4017/590/8 4019/214/8
f 4019/214/8 4021/591/8 4023/592/8
f 4023/592/8 4025/593/8 4027/594/8
f 4027/594/8 4029/595/8 4031/136/8
f 4031/136/8 4035/215/8 3975/572/8
f 3975/572/8 3979/574/8 3983/576/8
f 3983/576/8 3987/578/8 3991/580/8
f 3991/580/8 3995/582/8 3999/134/8
f 3999/134/8 4003/529/8 4007/586/8
f 4007/586/8 4011/588/8 4015/135/8
f 4015/135/8 4019/214/8 4023/592/8
f 4023/592/8 4027/594/8 4031/136/8
f 4031/136/8 3975/572/8 3983/576/8
f 3983/576/8 3991/580/8 3999/134/8
f 3999/134/8 4007/586/8 4015/135/8
f 4015/135/8 4023/592/8 4031/136/8
f 4031/136/8 3983/576/8 3999/134/8
f 4038/73/15 4040/76/15 4039/74/15
f 4040/76/16 4042/78/16 4041/77/16
f 4042/78/17 4044/80/17 4043/79/17
f 4044/80/18 4046/81/18 4045/22/18
f 4046/81/19 4048/83/19 4047/82/19
f 4048/83/20 4050/85/20 4049/84/20
f 4049/84/21 4050/85/21 4052/87/21
f 4052/87/22 4054/89/22 4053/88/22
f 4054/89/23 4056/91/23 4055/90/23
f 4056/91/24 4058/93/24 4057/92/24
f 4058/93/25 4060/95/25 4059/94/25
f 4060/95/26 4062/32/26 4061/23/26
f 4062/32/27 4064/97/27 4063/96/27
f 4064/97/28 4066/99/28 4065/98/28
f 4066/99/29 4068/101/29 4067/100/29
f 4068/101/30 4070/103/30 4069/102/30
f 4070/103/31 4072/105/31 4071/104/31
f 4072/105/32 4074/107/32 4073/106/32
f 4074/107/33 4076/109/33 4075/108/33
f 4076/109/34 4078/16/34 4077/11/34
f 4078/16/35 4080/111/35 4079/110/35
f 4080/111/36 4082/113/36 4081/112/36
f 4082/113/37 4084/115/37 4083/114/37
f 4083/114/38 4084/115/38 4086/117/38
f 4086/117/39 4088/137/39 4087/118/39
f 4088/137/40 4090/119/40 4089/120/40
f 4090/119/41 4092/122/41 4091/121/41
f 4092/122/42 4094/123/42 4093/19/42
f 4094/123/43 4096/125/43 4095/124/43
f 4096/125/44 4098/130/44 4097/126/44
f 4074/129/10 4072/548/10 4070/549/10
f 4070/549/10 4068/550/10 4066/551/10
f 4066/551/10 4064/552/10 4062/156/10
f 4062/156/10 4060/553/10 4058/210/10
f 4058/210/10 4056/554/10 4054/555/10
f 4054/555/10 4052/556/10 4050/157/10
f 4050/157/10 4048/557/10 4046/558/10
f 4046/558/10 4044/559/10 4042/127/10
f 4042/127/10 4040/560/10 4038/561/10
f 4038/561/10 4100/562/10 4098/158/10
f 4098/158/10 4096/563/10 4094/154/10
f 4094/154/10 4092/564/10 4090/128/10
f 4090/128/10 4088/565/10 4086/566/10
f 4086/566/10 4084/567/10 4082/159/10
f 4082/159/10 4080/568/10 4078/155/10
f 4078/155/10 4076/569/10 4074/129/10
f 4074/129/10 4070/549/10 4066/551/10
f 4066/551/10 4062/156/10 4058/210/10
f 4058/210/10 4054/555/10 4050/157/10
f 4050/157/10 4046/558/10 4042/127/10
f 4042/127/10 4038/561/10 4098/158/10
f 4098/158/10 4094/154/10 4090/128/10
f 4090/128/10 4086/566/10 4082/159/10
f 4082/159/10 4078/155/10 4074/129/10
f 4074/129/10 4066/551/10 4058/210/10
f 4058/210/10 4050/157/10 4042/127/10
f 4042/127/10 4098/158/10 4090/128/10
f 4090/128/10 4082/159/10 4074/129/10
f 4074/129/10 4058/210/10 4042/127/10
f 4098/130/45 4100/132/45 4099/131/45
f 4100/132/46 4038/248/46 4037/133/46
f 4095/136/8 4097/570/8 4099/215/8
f 4099/215/8 4037/571/8 4039/572/8
f 4039/572/8 4041/573/8 4043/574/8
f 4043/574/8 4045/575/8 4047/576/8
f 4047/576/8 4049/577/8 4051/578/8
f 4051/578/8 4053/579/8 4055/580/8
f 4055/580/8 4057/581/8 4059/582/8
f 4059/582/8 4061/583/8 4063/134/8
f 4063/134/8 4065/584/8 4067/529/8
f 4067/529/8 4069/585/8 4071/586/8
f 4071/586/8 4073/587/8 4075/588/8
f 4075/588/8 4077/589/8 4079/135/8
f 4079/135/8 4081/590/8 4083/214/8
f 4083/214/8 4085/591/8 4087/592/8
f 4087/592/8 4089/593/8 4091/594/8
f 4091/594/8 4093/595/8 4095/136/8
f 4095/136/8 4099/215/8 4039/572/8
f 4039/572/8 4043/574/8 4047/576/8
f 4047/576/8 4051/578/8 4055/580/8
f 4055/580/8 4059/582/8 4063/134/8
f 4063/134/8 4067/529/8 4071/586/8
f 4071/586/8 4075/588/8 4079/135/8
f 4079/135/8 4083/214/8 4087/592/8
f 4087/592/8 4091/594/8 4095/136/8
f 4095/136/8 4039/572/8 4047/576/8
f 4047/576/8 4055/580/8 4063/134/8
f 4063/134/8 4071/586/8 4079/135/8
f 4079/135/8 4087/592/8 4095/136/8
f 4095/136/8 4047/576/8 4063/134/8
f 4102/73/15 4104/76/15 4103/74/15
f 4104/76/16 4106/78/16 4105/77/16
f 4106/78/17 4108/80/17 4107/79/17
f 4108/80/18 4110/81/18 4109/22/18
f 4110/81/19 4112/83/19 4111/82/19
f 4112/83/20 4114/85/20 4113/84/20
f 4113/84/21 4114/85/21 4116/87/21
f 4116/87/22 4118/89/22 4117/88/22
f 4118/89/23 4120/91/23 4119/90/23
f 4120/91/24 4122/93/24 4121/92/24
f 4122/93/25 4124/95/25 4123/94/25
f 4124/95/26 4126/32/26 4125/23/26
f 4126/32/27 4128/97/27 4127/96/27
f 4128/97/28 4130/99/28 4129/98/28
f 4130/99/29 4132/101/29 4131/100/29
f 4132/101/30 4134/103/30 4133/102/30
f 4134/103/31 4136/105/31 4135/104/31
f 4136/105/32 4138/107/32 4137/106/32
f 4138/107/33 4140/109/33 4139/108/33
f 4140/109/34 4142/16/34 4141/11/34
f 4142/16/35 4144/111/35 4143/110/35
f 4144/111/36 4146/113/36 4145/112/36
f 4146/113/37 4148/115/37 4147/114/37
f 4147/114/38 4148/115/38 4150/117/38
f 4150/117/39 4152/137/39 4151/118/39
f 4152/137/40 4154/119/40 4153/120/40
f 4154/119/41 4156/122/41 4155/121/41
f 4156/122/42 4158/123/42 4157/19/42
f 4158/123/43 4160/125/43 4159/124/43
f 4160/125/44 4162/130/44 4161/126/44
f 4138/129/10 4136/548/10 4134/549/10
f 4134/549/10 4132/550/10 4130/551/10
f 4130/551/10 4128/552/10 4126/156/10
f 4126/156/10 4124/553/10 4122/210/10
f 4122/210/10 4120/554/10 4118/555/10
f 4118/555/10 4116/556/10 4114/157/10
f 4114/157/10 4112/557/10 4110/558/10
f 4110/558/10 4108/559/10 4106/127/10
f 4106/127/10 4104/560/10 4102/561/10
f 4102/561/10 4164/562/10 4162/158/10
f 4162/158/10 4160/563/10 4158/154/10
f 4158/154/10 4156/564/10 4154/128/10
f 4154/128/10 4152/565/10 4150/566/10
f 4150/566/10 4148/567/10 4146/159/10
f 4146/159/10 4144/568/10 4142/155/10
f 4142/155/10 4140/569/10 4138/129/10
f 4138/129/10 4134/549/10 4130/551/10
f 4130/551/10 4126/156/10 4122/210/10
f 4122/210/10 4118/555/10 4114/157/10
f 4114/157/10 4110/558/10 4106/127/10
f 4106/127/10 4102/561/10 4162/158/10
f 4162/158/10 4158/154/10 4154/128/10
f 4154/128/10 4150/566/10 4146/159/10
f 4146/159/10 4142/155/10 4138/129/10
f 4138/129/10 4130/551/10 4122/210/10
f 4122/210/10 4114/157/10 4106/127/10
f 4106/127/10 4162/158/10 4154/128/10
f 4154/128/10 4146/159/10 4138/129/10
f 4138/129/10 4122/210/10 4106/127/10
f 4162/130/45 4164/132/45 4163/131/45
f 4164/132/46 4102/248/46 4101/133/46
f 4159/136/8 4161/570/8 4163/215/8
f 4163/215/8 4101/571/8 4103/572/8
f 4103/572/8 4105/573/8 4107/574/8
f 4107/574/8 4109/575/8 4111/576/8
f 4111/576/8 4113/577/8 4115/578/8
f 4115/578/8 4117/579/8 4119/580/8
f 4119/580/8 4121/581/8 4123/582/8
f 4123/582/8 4125/583/8 4127/134/8
f 4127/134/8 4129/584/8 4131/529/8
f 4131/529/8 4133/585/8 4135/586/8
f 4135/586/8 4137/587/8 4139/588/8
f 4139/588/8 4141/589/8 4143/135/8
f 4143/135/8 4145/590/8 4147/214/8
f 4147/214/8 4149/591/8 4151/592/8
f 4151/592/8 4153/593/8 4155/594/8
f 4155/594/8 4157/595/8 4159/136/8
f 4159/136/8 4163/215/8 4103/572/8
f 4103/572/8 4107/574/8 4111/576/8
f 4111/576/8 4115/578/8 4119/580/8
f 4119/580/8 4123/582/8 4127/134/8
f 4127/134/8 4131/529/8 4135/586/8
f 4135/586/8 4139/588/8 4143/135/8
f 4143/135/8 4147/214/8 4151/592/8
f 4151/592/8 4155/594/8 4159/136/8
f 4159/136/8 4103/572/8 4111/576/8
f 4111/576/8 4119/580/8 4127/134/8
f 4127/134/8 4135/586/8 4143/135/8
f 4143/135/8 4151/592/8 4159/136/8
f 4159/136/8 4111/576/8 4127/134/8
f 4166/73/15 4168/76/15 4167/74/15
f 4168/76/16 4170/78/16 4169/77/16
f 4170/78/17 4172/80/17 4171/79/17
f 4172/80/18 4174/81/18 4173/22/18
f 4174/81/19 4176/83/19 4175/82/19
f 4176/83/20 4178/85/20 4177/84/20
f 4177/84/21 4178/85/21 4180/87/21
f 4180/87/22 4182/89/22 4181/88/22
f 4182/89/23 4184/91/23 4183/90/23
f 4184/91/24 4186/93/24 4185/92/24
f 4186/93/25 4188/95/25 4187/94/25
f 4188/95/26 4190/32/26 4189/23/26
f 4190/32/27 4192/97/27 4191/96/27
f 4192/97/28 4194/99/28 4193/98/28
f 4194/99/29 4196/101/29 4195/100/29
f 4196/101/30 4198/103/30 4197/102/30
f 4198/103/31 4200/105/31 4199/104/31
f 4200/105/32 4202/107/32 4201/106/32
f 4202/107/33 4204/109/33 4203/108/33
f 4204/109/34 4206/16/34 4205/11/34
f 4206/16/35 4208/111/35 4207/110/35
f 4208/111/36 4210/113/36 4209/112/36
f 4210/113/37 4212/115/37 4211/114/37
f 4211/114/38 4212/115/38 4214/117/38
f 4214/117/39 4216/137/39 4215/118/39
f 4216/137/40 4218/119/40 4217/120/40
f 4218/119/41 4220/122/41 4219/121/41
f 4220/122/42 4222/123/42 4221/19/42
f 4222/123/43 4224/125/43 4223/124/43
f 4224/125/44 4226/130/44 4225/126/44
f 4202/129/10 4200/548/10 4198/549/10
f 4198/549/10 4196/550/10 4194/551/10
f 4194/551/10 4192/552/10 4190/156/10
f 4190/156/10 4188/553/10 4186/210/10
f 4186/210/10 4184/554/10 4182/555/10
f 4182/555/10 4180/556/10 4178/157/10
f 4178/157/10 4176/557/10 4174/558/10
f 4174/558/10 4172/559/10 4170/127/10
f 4170/127/10 4168/560/10 4166/561/10
f 4166/561/10 4228/562/10 4226/158/10
f 4226/158/10 4224/563/10 4222/154/10
f 4222/154/10 4220/564/10 4218/128/10
f 4218/128/10 4216/565/10 4214/566/10
f 4214/566/10 4212/567/10 4210/159/10
f 4210/159/10 4208/568/10 4206/155/10
f 4206/155/10 4204/569/10 4202/129/10
f 4202/129/10 4198/549/10 4194/551/10
f 4194/551/10 4190/156/10 4186/210/10
f 4186/210/10 4182/555/10 4178/157/10
f 4178/157/10 4174/558/10 4170/127/10
f 4170/127/10 4166/561/10 4226/158/10
f 4226/158/10 4222/154/10 4218/128/10
f 4218/128/10 4214/566/10 4210/159/10
f 4210/159/10 4206/155/10 4202/129/10
f 4202/129/10 4194/551/10 4186/210/10
f 4186/210/10 4178/157/10 4170/127/10
f 4170/127/10 4226/158/10 4218/128/10
f 4218/128/10 4210/159/10 4202/129/10
f 4202/129/10 4186/210/10 4170/127/10
f 4226/130/45 4228/132/45 4227/131/45
f 4228/132/46 4166/248/46 4165/133/46
f 4223/136/8 4225/570/8 4227/215/8
f 4227/215/8 4165/571/8 4167/572/8
f 4167/572/8 4169/573/8 4171/574/8
f 4171/574/8 4173/575/8 4175/576/8
f 4175/576/8 4177/577/8 4179/578/8
f 4179/578/8 4181/579/8 4183/580/8
f 4183/580/8 4185/581/8 4187/582/8
f 4187/582/8 4189/583/8 4191/134/8
f 4191/134/8 4193/584/8 4195/529/8
f 4195/529/8 4197/585/8 4199/586/8
f 4199/586/8 4201/587/8 4203/588/8
f 4203/588/8 4205/589/8 4207/135/8
f 4207/135/8 4209/590/8 4211/214/8
f 4211/214/8 4213/591/8 4215/592/8
f 4215/592/8 4217/593/8 4219/594/8
f 4219/594/8 4221/595/8 4223/136/8
f 4223/136/8 4227/215/8 4167/572/8
f 4167/572/8 4171/574/8 4175/576/8
f 4175/576/8 4179/578/8 4183/580/8
f 4183/580/8 4187/582/8 4191/134/8
f 4191/134/8 4195/529/8 4199/586/8
f 4199/586/8 4203/588/8 4207/135/8
f 4207/135/8 4211/214/8 4215/592/8
f 4215/592/8 4219/594/8 4223/136/8
f 4223/136/8 4167/572/8 4175/576/8
f 4175/576/8 4183/580/8 4191/134/8
f 4191/134/8 4199/586/8 4207/135/8
f 4207/135/8 4215/592/8 4223/136/8
f 4223/136/8 4175/576/8 4191/134/8
usemtl Material.027
f 3307/23/88 3299/20/88 3306/11/88
f 3304/23/88 3298/20/88 3301/11/88
f 3307/23/88 3303/8/88 3299/20/88
f 3304/23/88 3300/8/88 3298/20/88
usemtl Material.028
f 5162/24/171 5163/1/171 5161/31/171
f 5164/4/2 5167/11/2 5163/1/2
f 5168/23/172 5165/20/172 5167/11/172
f 5166/8/4 5161/16/4 5165/20/4
f 5163/19/11 5165/20/11 5161/21/11
f 5164/22/12 5166/8/12 5168/23/12
f 5170/73/173 5171/74/173 5169/75/173
f 5172/76/450 5173/77/450 5171/74/450
f 5174/78/175 5175/79/175 5173/77/175
f 5176/80/176 5177/22/176 5175/79/176
f 5178/81/177 5179/82/177 5177/22/177
f 5180/83/178 5181/84/178 5179/82/178
f 5182/85/179 5183/86/179 5181/84/179
f 5184/87/451 5185/88/451 5183/86/451
f 5185/88/452 5188/91/452 5187/90/452
f 5187/90/453 5190/93/453 5189/92/453
f 5189/92/183 5192/95/183 5191/94/183
f 5191/94/184 5194/32/184 5193/23/184
f 5193/23/185 5196/97/185 5195/96/185
f 5195/96/186 5198/99/186 5197/98/186
f 5197/98/187 5200/101/187 5199/100/187
f 5199/100/188 5202/103/188 5201/102/188
f 5201/102/189 5204/105/189 5203/104/189
f 5203/104/190 5206/107/190 5205/106/190
f 5205/106/191 5208/109/191 5207/108/191
f 5207/108/454 5210/16/454 5209/11/454
f 5209/11/455 5212/111/455 5211/110/455
f 5211/110/194 5214/113/194 5213/112/194
f 5213/112/195 5216/115/195 5215/114/195
f 5215/114/196 5218/117/196 5217/116/196
f 5218/117/456 5219/118/456 5217/116/456
f 5220/137/198 5221/120/198 5219/118/198
f 5222/119/199 5223/121/199 5221/120/199
f 5224/122/200 5225/19/200 5223/121/200
f 5226/123/201 5227/124/201 5225/19/201
f 5228/125/202 5229/126/202 5227/124/202
f 5206/209/203 5190/210/203 5174/127/203
f 5230/130/204 5231/131/204 5229/126/204
f 5232/132/205 5169/133/205 5231/131/205
f 5199/213/457 5215/214/457 5231/215/457
f 5234/73/173 5235/74/173 5233/75/173
f 5236/76/458 5237/77/458 5235/74/458
f 5238/78/175 5239/79/175 5237/77/175
f 5240/80/176 5241/22/176 5239/79/176
f 5242/81/177 5243/82/177 5241/22/177
f 5244/83/178 5245/84/178 5243/82/178
f 5246/85/179 5247/86/179 5245/84/179
f 5248/87/180 5249/88/180 5247/86/180
f 5249/88/452 5252/91/452 5251/90/452
f 5251/90/453 5254/93/453 5253/92/453
f 5253/92/183 5256/95/183 5255/94/183
f 5255/94/184 5258/32/184 5257/23/184
f 5257/23/185 5260/97/185 5259/96/185
f 5259/96/459 5262/99/459 5261/98/459
f 5261/98/187 5264/101/187 5263/100/187
f 5263/100/460 5266/103/460 5265/102/460
f 5265/102/461 5268/105/461 5267/104/461
f 5267/104/462 5270/107/462 5269/106/462
f 5269/106/463 5272/109/463 5271/108/463
f 5271/108/192 5274/16/192 5273/11/192
f 5273/11/464 5276/111/464 5275/110/464
f 5275/110/194 5278/113/194 5277/112/194
f 5277/112/195 5280/115/195 5279/114/195
f 5279/114/196 5282/117/196 5281/116/196
f 5282/117/465 5283/118/465 5281/116/465
f 5284/137/466 5285/120/466 5283/118/466
f 5286/119/199 5287/121/199 5285/120/199
f 5288/122/467 5289/19/467 5287/121/467
f 5290/123/201 5291/124/201 5289/19/201
f 5292/125/202 5293/126/202 5291/124/202
f 5270/209/203 5254/210/203 5238/127/203
f 5294/130/204 5295/131/204 5293/126/204
f 5296/132/468 5233/133/468 5295/131/468
f 5263/213/457 5279/214/457 5295/215/457
f 5162/24/171 5164/4/171 5163/1/171
f 5164/4/2 5168/23/2 5167/11/2
f 5168/23/172 5166/8/172 5165/20/172
f 5166/8/4 5162/32/4 5161/16/4
f 5163/19/11 5167/11/11 5165/20/11
f 5164/22/12 5162/37/12 5166/8/12
f 5170/73/173 5172/76/173 5171/74/173
f 5172/76/450 5174/78/450 5173/77/450
f 5174/78/175 5176/80/175 5175/79/175
f 5176/80/176 5178/81/176 5177/22/176
f 5178/81/597 5180/83/597 5179/82/597
f 5180/83/598 5182/85/598 5181/84/598
f 5182/85/179 5184/87/179 5183/86/179
f 5184/87/180 5186/89/180 5185/88/180
f 5185/88/452 5186/89/452 5188/91/452
f 5187/90/182 5188/91/182 5190/93/182
f 5189/92/183 5190/93/183 5192/95/183
f 5191/94/184 5192/95/184 5194/32/184
f 5193/23/185 5194/32/185 5196/97/185
f 5195/96/186 5196/97/186 5198/99/186
f 5197/98/187 5198/99/187 5200/101/187
f 5199/100/460 5200/101/460 5202/103/460
f 5201/102/189 5202/103/189 5204/105/189
f 5203/104/599 5204/105/599 5206/107/599
f 5205/106/191 5206/107/191 5208/109/191
f 5207/108/192 5208/109/192 5210/16/192
f 5209/11/464 5210/16/464 5212/111/464
f 5211/110/194 5212/111/194 5214/113/194
f 5213/112/195 5214/113/195 5216/115/195
f 5215/114/196 5216/115/196 5218/117/196
f 5218/117/456 5220/137/456 5219/118/456
f 5220/137/466 5222/119/466 5221/120/466
f 5222/119/199 5224/122/199 5223/121/199
f 5224/122/467 5226/123/467 5225/19/467
f 5226/123/201 5228/125/201 5227/124/201
f 5228/125/202 5230/130/202 5229/126/202
f 5174/127/600 5172/560/600 5170/561/600
f 5170/561/504 5232/562/504 5230/158/504
f 5230/158/601 5228/599/601 5226/600/601
f 5226/600/601 5224/601/601 5222/602/601
f 5222/602/602 5220/603/602 5218/566/602
f 5218/566/203 5216/604/203 5214/605/203
f 5214/605/203 5212/606/203 5210/607/203
f 5210/607/601 5208/608/601 5206/209/601
f 5206/209/203 5204/609/203 5202/549/203
f 5202/549/203 5200/610/203 5198/611/203
f 5198/611/603 5196/612/603 5194/613/603
f 5194/613/604 5192/614/604 5190/210/604
f 5190/210/605 5188/554/605 5186/555/605
f 5186/555/606 5184/556/606 5182/157/606
f 5182/157/607 5180/615/607 5178/558/607
f 5178/558/513 5176/616/513 5174/127/513
f 5174/127/505 5170/561/505 5230/158/505
f 5230/158/504 5226/600/504 5222/602/504
f 5222/602/603 5218/566/603 5214/605/603
f 5214/605/603 5210/607/603 5206/209/603
f 5206/209/504 5202/549/504 5198/611/504
f 5198/611/608 5194/613/608 5190/210/608
f 5190/210/506 5186/555/506 5182/157/506
f 5182/157/203 5178/558/203 5174/127/203
f 5174/127/203 5230/158/203 5222/602/203
f 5222/602/504 5214/605/504 5206/209/504
f 5206/209/203 5198/611/203 5190/210/203
f 5190/210/203 5182/157/203 5174/127/203
f 5174/127/203 5222/602/203 5206/209/203
f 5230/130/609 5232/132/609 5231/131/609
f 5232/132/205 5170/248/205 5169/133/205
f 5231/215/509 5169/571/509 5171/572/509
f 5171/572/610 5173/573/610 5175/617/610
f 5175/617/206 5177/575/206 5179/618/206
f 5179/618/611 5181/577/611 5183/578/611
f 5183/578/612 5185/579/612 5187/580/612
f 5187/580/613 5189/581/613 5191/619/613
f 5191/619/614 5193/620/614 5195/621/614
f 5195/621/610 5197/622/610 5199/213/610
f 5199/213/509 5201/585/509 5203/623/509
f 5203/623/610 5205/624/610 5207/625/610
f 5207/625/206 5209/626/206 5211/627/206
f 5211/627/457 5213/590/457 5215/214/457
f 5215/214/509 5217/591/509 5219/592/509
f 5219/592/457 5221/593/457 5223/628/457
f 5223/628/610 5225/595/610 5227/629/610
f 5227/629/457 5229/570/457 5231/215/457
f 5231/215/457 5171/572/457 5175/617/457
f 5175/617/457 5179/618/457 5183/578/457
f 5183/578/510 5187/580/510 5191/619/510
f 5191/619/206 5195/621/206 5199/213/206
f 5199/213/206 5203/623/206 5207/625/206
f 5207/625/206 5211/627/206 5215/214/206
f 5215/214/457 5219/592/457 5223/628/457
f 5223/628/509 5227/629/509 5231/215/509
f 5231/215/206 5175/617/206 5183/578/206
f 5183/578/206 5191/619/206 5199/213/206
f 5199/213/457 5207/625/457 5215/214/457
f 5215/214/206 5223/628/206 5231/215/206
f 5231/215/206 5183/578/206 5199/213/206
f 5234/73/615 5236/76/615 5235/74/615
f 5236/76/174 5238/78/174 5237/77/174
f 5238/78/175 5240/80/175 5239/79/175
f 5240/80/176 5242/81/176 5241/22/176
f 5242/81/177 5244/83/177 5243/82/177
f 5244/83/178 5246/85/178 5245/84/178
f 5246/85/179 5248/87/179 5247/86/179
f 5248/87/180 5250/89/180 5249/88/180
f 5249/88/181 5250/89/181 5252/91/181
f 5251/90/182 5252/91/182 5254/93/182
f 5253/92/616 5254/93/616 5256/95/616
f 5255/94/184 5256/95/184 5258/32/184
f 5257/23/617 5258/32/617 5260/97/617
f 5259/96/186 5260/97/186 5262/99/186
f 5261/98/187 5262/99/187 5264/101/187
f 5263/100/188 5264/101/188 5266/103/188
f 5265/102/189 5266/103/189 5268/105/189
f 5267/104/207 5268/105/207 5270/107/207
f 5269/106/191 5270/107/191 5272/109/191
f 5271/108/192 5272/109/192 5274/16/192
f 5273/11/193 5274/16/193 5276/111/193
f 5275/110/194 5276/111/194 5278/113/194
f 5277/112/195 5278/113/195 5280/115/195
f 5279/114/196 5280/115/196 5282/117/196
f 5282/117/197 5284/137/197 5283/118/197
f 5284/137/198 5286/119/198 5285/120/198
f 5286/119/199 5288/122/199 5287/121/199
f 5288/122/200 5290/123/200 5289/19/200
f 5290/123/201 5292/125/201 5291/124/201
f 5292/125/202 5294/130/202 5293/126/202
f 5238/127/505 5236/560/505 5234/561/505
f 5234/561/618 5296/562/618 5294/158/618
f 5294/158/618 5292/599/618 5290/600/618
f 5290/600/603 5288/601/603 5286/602/603
f 5286/602/505 5284/603/505 5282/566/505
f 5282/566/601 5280/604/601 5278/605/601
f 5278/605/601 5276/606/601 5274/607/601
f 5274/607/618 5272/608/618 5270/209/618
f 5270/209/504 5268/609/504 5266/549/504
f 5266/549/619 5264/610/619 5262/611/619
f 5262/611/203 5260/612/203 5258/613/203
f 5258/613/620 5256/614/620 5254/210/620
f 5254/210/513 5252/554/513 5250/555/513
f 5250/555/621 5248/556/621 5246/157/621
f 5246/157/622 5244/615/622 5242/558/622
f 5242/558/504 5240/616/504 5238/127/504
f 5238/127/203 5234/561/203 5294/158/203
f 5294/158/203 5290/600/203 5286/602/203
f 5286/602/203 5282/566/203 5278/605/203
f 5278/605/203 5274/607/203 5270/209/203
f 5270/209/504 5266/549/504 5262/611/504
f 5262/611/608 5258/613/608 5254/210/608
f 5254/210/504 5250/555/504 5246/157/504
f 5246/157/203 5242/558/203 5238/127/203
f 5238/127/504 5294/158/504 5286/602/504
f 5286/602/504 5278/605/504 5270/209/504
f 5270/209/203 5262/611/203 5254/210/203
f 5254/210/203 5246/157/203 5238/127/203
f 5238/127/504 5286/602/504 5270/209/504
f 5294/130/204 5296/132/204 5295/131/204
f 5296/132/205 5234/248/205 5233/133/205
f 5295/215/206 5233/571/206 5235/572/206
f 5235/572/611 5237/573/611 5239/617/611
f 5239/617/206 5241/575/206 5243/618/206
f 5243/618/623 5245/577/623 5247/578/623
f 5247/578/610 5249/579/610 5251/580/610
f 5251/580/611 5253/581/611 5255/619/611
f 5255/619/206 5257/620/206 5259/621/206
f 5259/621/624 5261/622/624 5263/213/624
f 5263/213/624 5265/585/624 5267/623/624
f 5267/623/510 5269/624/510 5271/625/510
f 5271/625/625 5273/626/625 5275/627/625
f 5275/627/611 5277/590/611 5279/214/611
f 5279/214/626 5281/591/626 5283/592/626
f 5283/592/624 5285/593/624 5287/628/624
f 5287/628/206 5289/595/206 5291/629/206
f 5291/629/509 5293/570/509 5295/215/509
f 5295/215/507 5235/572/507 5239/617/507
f 5239/617/457 5243/618/457 5247/578/457
f 5247/578/510 5251/580/510 5255/619/510
f 5255/619/206 5259/621/206 5263/213/206
f 5263/213/206 5267/623/206 5271/625/206
f 5271/625/206 5275/627/206 5279/214/206
f 5279/214/457 5283/592/457 5287/628/457
f 5287/628/514 5291/629/514 5295/215/514
f 5295/215/206 5239/617/206 5247/578/206
f 5247/578/206 5255/619/206 5263/213/206
f 5263/213/457 5271/625/457 5279/214/457
f 5279/214/206 5287/628/206 5295/215/206
f 5295/215/206 5247/578/206 5263/213/206
