# Blender 5.1.2
# www.blender.org
mtllib Building_Aegis.mtl
o VLS＿SM
v -13.870343 1.597617 6.007444
v -15.057843 2.293639 6.132444
v -15.057843 7.993234 6.132444
v -15.057843 2.543638 6.132444
v -15.057843 8.243235 6.132444
v -15.057843 2.293639 3.882444
v -15.057843 2.543638 3.882444
v -13.870343 1.597617 4.944944
v -15.057843 7.993234 3.882444
v -12.807842 2.293639 6.132444
v -12.807842 2.543638 6.132444
v -14.932843 1.597617 4.944944
v -12.807842 2.293639 3.882444
v -15.057843 8.243235 3.882444
v -12.807842 2.543638 3.882444
v -13.870343 9.097617 4.944944
v -12.807842 7.993234 6.132444
v -12.932842 2.293639 6.007444
v -14.932843 1.597617 6.007444
v -14.932843 2.293639 4.007444
v -12.932842 2.293639 4.007444
v -13.870343 1.597617 4.007444
v -12.807842 8.243235 6.132444
v -14.932843 2.293639 6.007444
v -12.807842 7.993234 3.882444
v -14.932843 2.543638 6.007444
v -12.932842 2.543638 4.007444
v -14.932843 9.097617 4.944944
v -12.807842 8.243235 3.882444
v -14.932843 2.543638 4.007444
v -13.870343 9.097617 4.007444
v -12.932842 2.543638 6.007444
v -13.870343 9.097617 6.007444
v -12.932842 7.993234 6.007444
v -14.932843 7.993234 4.007444
v -12.932842 1.597617 4.944944
v -12.932842 7.993234 4.007444
v -14.932843 1.597617 4.007444
v -14.932843 7.993234 6.007444
v -12.932842 9.097617 4.944944
v -14.932843 9.097617 6.007444
v -14.932843 8.243235 6.007444
v -12.932842 8.243235 4.007444
v -12.932842 1.597617 4.007444
v -14.932843 9.097617 4.007444
v -14.932843 8.243235 4.007444
v -12.932842 8.243235 6.007444
v -12.932842 9.097617 4.007444
v -13.870343 1.597617 5.069944
v -13.995343 1.597617 4.944944
v -14.932843 1.597617 5.069944
v -13.995343 9.097617 4.944944
v -13.870343 9.097617 5.069944
v -13.995343 1.597617 4.007444
v -14.932843 9.097617 5.069944
v -13.995343 9.097617 4.007444
v -12.932842 1.597617 6.007444
v -13.995343 1.597617 6.007444
v -12.932842 9.097617 6.007444
v -13.995343 9.097617 6.007444
v -12.932842 1.597617 5.069944
v -13.995343 1.597617 5.069944
v -12.932842 9.097617 5.069944
v -13.995343 9.097617 5.069944
v -13.870343 8.243235 6.007444
v -13.870343 7.993234 6.007444
v -12.932842 7.993234 5.069944
v -12.932842 8.243235 5.069944
v -14.932843 8.243235 5.069944
v -14.932843 7.993234 5.069944
v -13.995343 8.243235 6.007444
v -13.995343 7.993234 6.007444
v -13.995343 7.993234 4.007444
v -13.995343 8.243235 4.007444
v -14.932843 8.243235 4.944944
v -14.932843 7.993234 4.944944
v -13.870343 7.993234 4.007444
v -13.870343 8.243235 4.007444
v -12.932842 7.993234 4.944944
v -12.932842 8.243235 4.944944
v -13.870343 2.543638 6.007444
v -13.870343 2.293639 6.007444
v -12.932842 2.293639 5.069944
v -12.932842 2.543638 5.069944
v -14.932843 2.543638 5.069944
v -14.932843 2.293639 5.069944
v -13.995343 2.543638 6.007444
v -13.995343 2.293639 6.007444
v -13.995343 2.293639 4.007444
v -13.995343 2.543638 4.007444
v -14.932843 2.543638 4.944944
v -14.932843 2.293639 4.944944
v -13.870343 2.293639 4.007444
v -13.870343 2.543638 4.007444
v -12.932842 2.293639 4.944944
v -12.932842 2.543638 4.944944
v -13.870343 1.597617 8.207445
v -15.057843 2.293639 8.332445
v -15.057843 7.993234 8.332445
v -15.057843 2.543638 8.332445
v -15.057843 8.243235 8.332445
v -15.057843 2.293639 6.082445
v -15.057843 2.543638 6.082445
v -13.870343 1.597617 7.144945
v -15.057843 7.993234 6.082445
v -12.807842 2.293639 8.332445
v -12.807842 2.543638 8.332445
v -14.932843 1.597617 7.144945
v -12.807842 2.293639 6.082445
v -15.057843 8.243235 6.082445
v -12.807842 2.543638 6.082445
v -13.870343 9.097617 7.144945
v -12.807842 7.993234 8.332445
v -12.932842 2.293639 8.207445
v -14.932843 1.597617 8.207445
v -14.932843 2.293639 6.207445
v -12.932842 2.293639 6.207445
v -13.870343 1.597617 6.207445
v -12.807842 8.243235 8.332445
v -14.932843 2.293639 8.207445
v -12.807842 7.993234 6.082445
v -14.932843 2.543638 8.207445
v -12.932842 2.543638 6.207445
v -14.932843 9.097617 7.144945
v -12.807842 8.243235 6.082445
v -14.932843 2.543638 6.207445
v -13.870343 9.097617 6.207445
v -12.932842 2.543638 8.207445
v -13.870343 9.097617 8.207445
v -12.932842 7.993234 8.207445
v -14.932843 7.993234 6.207445
v -12.932842 1.597617 7.144945
v -12.932842 7.993234 6.207445
v -14.932843 1.597617 6.207445
v -14.932843 7.993234 8.207445
v -12.932842 9.097617 7.144945
v -14.932843 9.097617 8.207445
v -14.932843 8.243235 8.207445
v -12.932842 8.243235 6.207445
v -12.932842 1.597617 6.207445
v -14.932843 9.097617 6.207445
v -14.932843 8.243235 6.207445
v -12.932842 8.243235 8.207445
v -12.932842 9.097617 6.207445
v -13.870343 1.597617 7.269945
v -13.995343 1.597617 7.144945
v -14.932843 1.597617 7.269945
v -13.995343 9.097617 7.144945
v -13.870343 9.097617 7.269945
v -13.995343 1.597617 6.207445
v -14.932843 9.097617 7.269945
v -13.995343 9.097617 6.207445
v -12.932842 1.597617 8.207445
v -13.995343 1.597617 8.207445
v -12.932842 9.097617 8.207445
v -13.995343 9.097617 8.207445
v -12.932842 1.597617 7.269945
v -13.995343 1.597617 7.269945
v -12.932842 9.097617 7.269945
v -13.995343 9.097617 7.269945
v -13.870343 8.243235 8.207445
v -13.870343 7.993234 8.207445
v -12.932842 7.993234 7.269945
v -12.932842 8.243235 7.269945
v -14.932843 8.243235 7.269945
v -14.932843 7.993234 7.269945
v -13.995343 8.243235 8.207445
v -13.995343 7.993234 8.207445
v -13.995343 7.993234 6.207445
v -13.995343 8.243235 6.207445
v -14.932843 8.243235 7.144945
v -14.932843 7.993234 7.144945
v -13.870343 7.993234 6.207445
v -13.870343 8.243235 6.207445
v -12.932842 7.993234 7.144945
v -12.932842 8.243235 7.144945
v -13.870343 2.543638 8.207445
v -13.870343 2.293639 8.207445
v -12.932842 2.293639 7.269945
v -12.932842 2.543638 7.269945
v -14.932843 2.543638 7.269945
v -14.932843 2.293639 7.269945
v -13.995343 2.543638 8.207445
v -13.995343 2.293639 8.207445
v -13.995343 2.293639 6.207445
v -13.995343 2.543638 6.207445
v -14.932843 2.543638 7.144945
v -14.932843 2.293639 7.144945
v -13.870343 2.293639 6.207445
v -13.870343 2.543638 6.207445
v -12.932842 2.293639 7.144945
v -12.932842 2.543638 7.144945
v -11.670343 1.597617 8.207445
v -12.857843 2.293639 8.332445
v -12.857843 7.993234 8.332445
v -12.857843 2.543638 8.332445
v -12.857843 8.243235 8.332445
v -12.857843 2.293639 6.082445
v -12.857843 2.543638 6.082445
v -11.670343 1.597617 7.144945
v -12.857843 7.993234 6.082445
v -10.607842 2.293639 8.332445
v -10.607842 2.543638 8.332445
v -12.732843 1.597617 7.144945
v -10.607842 2.293639 6.082445
v -12.857843 8.243235 6.082445
v -10.607842 2.543638 6.082445
v -11.670343 9.097617 7.144945
v -10.607842 7.993234 8.332445
v -10.732842 2.293639 8.207445
v -12.732843 1.597617 8.207445
v -12.732843 2.293639 6.207445
v -10.732842 2.293639 6.207445
v -11.670343 1.597617 6.207445
v -10.607842 8.243235 8.332445
v -12.732843 2.293639 8.207445
v -10.607842 7.993234 6.082445
v -12.732843 2.543638 8.207445
v -10.732842 2.543638 6.207445
v -12.732843 9.097617 7.144945
v -10.607842 8.243235 6.082445
v -12.732843 2.543638 6.207445
v -11.670343 9.097617 6.207445
v -10.732842 2.543638 8.207445
v -11.670343 9.097617 8.207445
v -10.732842 7.993234 8.207445
v -12.732843 7.993234 6.207445
v -10.732842 1.597617 7.144945
v -10.732842 7.993234 6.207445
v -12.732843 1.597617 6.207445
v -12.732843 7.993234 8.207445
v -10.732842 9.097617 7.144945
v -12.732843 9.097617 8.207445
v -12.732843 8.243235 8.207445
v -10.732842 8.243235 6.207445
v -10.732842 1.597617 6.207445
v -12.732843 9.097617 6.207445
v -12.732843 8.243235 6.207445
v -10.732842 8.243235 8.207445
v -10.732842 9.097617 6.207445
v -11.670343 1.597617 7.269945
v -11.795343 1.597617 7.144945
v -12.732843 1.597617 7.269945
v -11.795343 9.097617 7.144945
v -11.670343 9.097617 7.269945
v -11.795343 1.597617 6.207445
v -12.732843 9.097617 7.269945
v -11.795343 9.097617 6.207445
v -10.732842 1.597617 8.207445
v -11.795343 1.597617 8.207445
v -10.732842 9.097617 8.207445
v -11.795343 9.097617 8.207445
v -10.732842 1.597617 7.269945
v -11.795343 1.597617 7.269945
v -10.732842 9.097617 7.269945
v -11.795343 9.097617 7.269945
v -11.670343 8.243235 8.207445
v -11.670343 7.993234 8.207445
v -10.732842 7.993234 7.269945
v -10.732842 8.243235 7.269945
v -12.732843 8.243235 7.269945
v -12.732843 7.993234 7.269945
v -11.795343 8.243235 8.207445
v -11.795343 7.993234 8.207445
v -11.795343 7.993234 6.207445
v -11.795343 8.243235 6.207445
v -12.732843 8.243235 7.144945
v -12.732843 7.993234 7.144945
v -11.670343 7.993234 6.207445
v -11.670343 8.243235 6.207445
v -10.732842 7.993234 7.144945
v -10.732842 8.243235 7.144945
v -11.670343 2.543638 8.207445
v -11.670343 2.293639 8.207445
v -10.732842 2.293639 7.269945
v -10.732842 2.543638 7.269945
v -12.732843 2.543638 7.269945
v -12.732843 2.293639 7.269945
v -11.795343 2.543638 8.207445
v -11.795343 2.293639 8.207445
v -11.795343 2.293639 6.207445
v -11.795343 2.543638 6.207445
v -12.732843 2.543638 7.144945
v -12.732843 2.293639 7.144945
v -11.670343 2.293639 6.207445
v -11.670343 2.543638 6.207445
v -10.732842 2.293639 7.144945
v -10.732842 2.543638 7.144945
v -11.670343 1.597617 6.007444
v -12.857843 2.293639 6.132444
v -12.857843 7.993234 6.132444
v -12.857843 2.543638 6.132444
v -12.857843 8.243235 6.132444
v -12.857843 2.293639 3.882444
v -12.857843 2.543638 3.882444
v -11.670343 1.597617 4.944944
v -12.857843 7.993234 3.882444
v -10.607842 2.293639 6.132444
v -10.607842 2.543638 6.132444
v -12.732843 1.597617 4.944944
v -10.607842 2.293639 3.882444
v -12.857843 8.243235 3.882444
v -10.607842 2.543638 3.882444
v -11.670343 9.097617 4.944944
v -10.607842 7.993234 6.132444
v -10.732842 2.293639 6.007444
v -12.732843 1.597617 6.007444
v -12.732843 2.293639 4.007444
v -10.732842 2.293639 4.007444
v -11.670343 1.597617 4.007444
v -10.607842 8.243235 6.132444
v -12.732843 2.293639 6.007444
v -10.607842 7.993234 3.882444
v -12.732843 2.543638 6.007444
v -10.732842 2.543638 4.007444
v -12.732843 9.097617 4.944944
v -10.607842 8.243235 3.882444
v -12.732843 2.543638 4.007444
v -11.670343 9.097617 4.007444
v -10.732842 2.543638 6.007444
v -11.670343 9.097617 6.007444
v -10.732842 7.993234 6.007444
v -12.732843 7.993234 4.007444
v -10.732842 1.597617 4.944944
v -10.732842 7.993234 4.007444
v -12.732843 1.597617 4.007444
v -12.732843 7.993234 6.007444
v -10.732842 9.097617 4.944944
v -12.732843 9.097617 6.007444
v -12.732843 8.243235 6.007444
v -10.732842 8.243235 4.007444
v -10.732842 1.597617 4.007444
v -12.732843 9.097617 4.007444
v -12.732843 8.243235 4.007444
v -10.732842 8.243235 6.007444
v -10.732842 9.097617 4.007444
v -11.670343 1.597617 5.069944
v -11.795343 1.597617 4.944944
v -12.732843 1.597617 5.069944
v -11.795343 9.097617 4.944944
v -11.670343 9.097617 5.069944
v -11.795343 1.597617 4.007444
v -12.732843 9.097617 5.069944
v -11.795343 9.097617 4.007444
v -10.732842 1.597617 6.007444
v -11.795343 1.597617 6.007444
v -10.732842 9.097617 6.007444
v -11.795343 9.097617 6.007444
v -10.732842 1.597617 5.069944
v -11.795343 1.597617 5.069944
v -10.732842 9.097617 5.069944
v -11.795343 9.097617 5.069944
v -11.670343 8.243235 6.007444
v -11.670343 7.993234 6.007444
v -10.732842 7.993234 5.069944
v -10.732842 8.243235 5.069944
v -12.732843 8.243235 5.069944
v -12.732843 7.993234 5.069944
v -11.795343 8.243235 6.007444
v -11.795343 7.993234 6.007444
v -11.795343 7.993234 4.007444
v -11.795343 8.243235 4.007444
v -12.732843 8.243235 4.944944
v -12.732843 7.993234 4.944944
v -11.670343 7.993234 4.007444
v -11.670343 8.243235 4.007444
v -10.732842 7.993234 4.944944
v -10.732842 8.243235 4.944944
v -11.670343 2.543638 6.007444
v -11.670343 2.293639 6.007444
v -10.732842 2.293639 5.069944
v -10.732842 2.543638 5.069944
v -12.732843 2.543638 5.069944
v -12.732843 2.293639 5.069944
v -11.795343 2.543638 6.007444
v -11.795343 2.293639 6.007444
v -11.795343 2.293639 4.007444
v -11.795343 2.543638 4.007444
v -12.732843 2.543638 4.944944
v -12.732843 2.293639 4.944944
v -11.670343 2.293639 4.007444
v -11.670343 2.543638 4.007444
v -10.732842 2.293639 4.944944
v -10.732842 2.543638 4.944944
v -15.826593 0.000000 9.113695
v -15.826593 9.000000 9.113695
v -15.826593 0.000000 3.113694
v -15.826593 9.000000 3.113694
v -9.826592 0.000000 9.113695
v -9.826592 9.000000 9.113695
v -9.826592 0.000000 3.113694
v -9.826592 9.000000 3.113694
v -9.826592 4.500000 3.113694
v -9.826592 4.500000 9.113695
v -9.826592 2.250000 3.113694
v -9.826592 2.250000 9.113695
v -9.826592 0.000000 6.113695
v -9.826592 2.250000 6.113695
v -9.826592 2.250000 7.613695
v -9.826592 0.000000 7.613695
v -9.826592 0.000000 7.113129
v -9.826592 2.250000 7.113129
v -5.768066 0.000000 7.096921
v -5.768066 0.000000 6.164540
v -5.768066 2.250000 6.164540
v -5.768066 2.250000 7.096921
v 15.826593 0.000000 7.096921
v 15.826593 0.000000 6.164540
v 15.826593 2.250000 6.164540
v 15.826593 2.250000 7.096921
v -5.768066 2.250000 -5.784509
v -5.768066 0.000000 -5.784509
v 15.826593 2.250000 -5.784509
v 15.826593 0.000000 -5.784509
v -5.768066 2.250000 15.261160
v -5.768066 0.000000 15.261160
v 15.826593 2.250000 15.261160
v 15.826593 0.000000 15.261160
v -5.768066 4.159568 7.096921
v 15.826593 4.159568 7.096921
v -5.768066 4.159568 15.261160
v 15.826593 4.159568 15.261160
v -5.768066 4.098609 6.164540
v -5.768066 4.098609 7.096921
v 15.826593 4.098609 6.164540
v 15.826593 4.098609 7.096921
v -5.768066 4.098609 -5.784509
v 15.826593 4.098609 -5.784509
v 2.112516 2.250000 -13.973843
v 2.112516 4.098609 -13.973843
v 2.112516 0.000000 -13.973843
v 10.158016 2.049304 -5.784509
v 10.158016 4.098609 -5.784509
v 10.158016 0.000000 -5.784509
v 2.194975 4.098609 2.338635
v 2.112516 6.400072 -13.973843
v 10.158016 6.400072 -5.784509
v 2.194975 6.400072 2.338635
v -5.768066 6.400072 -5.784509
v 2.130840 11.794689 -11.443710
v 7.792500 11.794689 -5.789633
v 2.188868 11.794689 -0.181253
v -3.414766 11.794689 -5.789633
v -0.312723 3.883492 6.705089
v -0.312723 11.777686 6.705089
v -0.312723 3.883492 -6.677238
v -0.312723 11.777686 -6.677238
v 5.875820 3.883492 6.705089
v 5.875820 11.777686 6.705089
v 5.875820 3.883492 -6.677238
v 5.875820 11.777686 -6.677238
v 1.122818 1.016611 -11.531637
v 1.122818 1.166611 -11.531637
v 1.122818 1.016611 -15.261160
v 1.122818 1.166611 -15.261160
v 2.966291 1.016611 -11.531637
v 2.966291 1.166611 -11.531637
v 2.966291 1.016611 -15.261160
v 2.966291 1.166611 -15.261160
v -1.391807 7.623654 -7.702700
v -0.909298 10.089924 -7.061680
v -2.410275 7.925689 -8.714199
v -1.927767 10.391958 -8.073181
v 0.822819 7.713541 -9.942902
v 1.305328 10.179810 -9.301886
v -0.195650 8.015574 -10.954403
v 0.286860 10.481844 -10.313385
v -1.414115 7.402494 -9.981968
v -0.707662 11.013420 -9.043440
v -0.395646 7.100460 -8.970469
v 0.310808 10.711386 -8.031937
v 3.590164 7.623654 -9.826969
v 2.956465 10.089924 -9.338886
v 4.590117 7.925689 -10.857201
v 3.956419 10.391958 -10.369118
v 5.804792 7.713541 -7.586766
v 5.171093 10.179810 -7.098683
v 6.804747 8.015574 -8.616997
v 6.171047 10.481844 -8.128914
v 5.843412 7.402494 -9.849533
v 4.915600 11.013420 -9.134920
v 4.843458 7.100460 -8.819302
v 3.915646 10.711386 -8.104691
v -0.655924 7.623654 -3.197310
v -0.022224 10.089924 -3.685391
v -1.655876 7.925689 -2.167079
v -1.022178 10.391958 -2.655160
v -2.870551 7.713541 -5.437514
v -2.236853 10.179810 -5.925595
v -3.870504 8.015574 -4.407283
v -3.236805 10.481844 -4.895364
v -2.909171 7.402494 -3.174744
v -1.981358 11.013420 -3.889357
v -1.909219 7.100460 -4.204976
v -0.981403 10.711386 -4.919588
v 7.693188 7.623654 -5.884457
v 7.210678 10.089924 -6.525475
v 8.711655 7.925689 -4.872955
v 8.229147 10.391958 -5.513974
v 5.478559 7.713541 -3.644253
v 4.996052 10.179810 -4.285271
v 6.497028 8.015574 -2.632752
v 6.014521 10.481844 -3.273770
v 7.715494 7.402494 -3.605186
v 7.009041 11.013420 -4.543717
v 6.697025 7.100460 -4.616688
v 5.990570 10.711386 -5.555217
v 5.120720 12.656196 -2.812511
v 5.120720 12.571930 -3.157846
v 5.120720 12.433981 -3.329341
v 5.120720 12.253740 -3.422154
v 5.120720 12.156196 -3.434099
v 5.120720 12.058650 -3.422154
v 5.120720 11.878410 -3.329341
v 5.120720 11.656196 -2.812511
v 5.144106 12.646587 -2.931447
v 5.166595 12.618135 -3.045811
v 5.187323 12.571930 -3.151210
v 5.205486 12.509748 -3.243594
v 5.220398 12.433981 -3.319411
v 5.231476 12.347537 -3.375748
v 5.238298 12.253740 -3.410440
v 5.240601 12.156196 -3.422154
v 5.238298 12.058650 -3.410440
v 5.231476 11.964853 -3.375748
v 5.220398 11.878410 -3.319411
v 5.205486 11.802643 -3.243594
v 5.187323 11.740461 -3.151210
v 5.166595 11.694256 -3.045811
v 5.144106 11.665803 -2.931447
v 5.166595 12.646587 -2.924546
v 5.210709 12.618135 -3.032275
v 5.251364 12.571930 -3.131559
v 5.286999 12.509748 -3.218583
v 5.316242 12.433981 -3.289999
v 5.337975 12.347537 -3.343069
v 5.351357 12.253740 -3.375748
v 5.355875 12.156196 -3.386782
v 5.351357 12.058650 -3.375748
v 5.337975 11.964853 -3.343069
v 5.316242 11.878410 -3.289999
v 5.286999 11.802643 -3.218583
v 5.251364 11.740461 -3.131559
v 5.210709 11.694256 -3.032275
v 5.166595 11.665803 -2.924546
v 5.187323 12.646587 -2.913339
v 5.251364 12.618135 -3.010293
v 5.310387 12.571930 -3.099646
v 5.362118 12.509748 -3.177966
v 5.404575 12.433981 -3.242239
v 5.436123 12.347537 -3.289999
v 5.455553 12.253740 -3.319411
v 5.462112 12.156196 -3.329341
v 5.455553 12.058650 -3.319411
v 5.436123 11.964853 -3.289999
v 5.404575 11.878410 -3.242239
v 5.362118 11.802643 -3.177966
v 5.310387 11.740461 -3.099646
v 5.251364 11.694256 -3.010293
v 5.187323 11.665803 -2.913339
v 5.205486 12.646587 -2.898259
v 5.286999 12.618135 -2.980711
v 5.362118 12.571930 -3.056699
v 5.427965 12.509748 -3.123304
v 5.482000 12.433981 -3.177966
v 5.522156 12.347537 -3.218583
v 5.546881 12.253740 -3.243594
v 5.555229 12.156196 -3.252039
v 5.546881 12.058650 -3.243594
v 5.522156 11.964853 -3.218583
v 5.482000 11.878410 -3.177966
v 5.427965 11.802643 -3.123304
v 5.362118 11.740461 -3.056699
v 5.286999 11.694256 -2.980711
v 5.205486 11.665803 -2.898259
v 5.220396 12.646587 -2.879881
v 5.316242 12.618135 -2.944664
v 5.404575 12.571930 -3.004368
v 5.482000 12.509748 -3.056699
v 5.545542 12.433981 -3.099646
v 5.592758 12.347537 -3.131559
v 5.621834 12.253740 -3.151210
v 5.631651 12.156196 -3.157846
v 5.621834 12.058650 -3.151210
v 5.592758 11.964853 -3.131559
v 5.545542 11.878410 -3.099646
v 5.482000 11.802643 -3.056699
v 5.404575 11.740461 -3.004368
v 5.316242 11.694256 -2.944664
v 5.220396 11.665803 -2.879881
v 5.231476 12.646587 -2.858918
v 5.337975 12.618135 -2.903540
v 5.436123 12.571930 -2.944664
v 5.522156 12.509748 -2.980711
v 5.592758 12.433981 -3.010293
v 5.645220 12.347537 -3.032275
v 5.677525 12.253740 -3.045811
v 5.688435 12.156196 -3.050382
v 5.677525 12.058650 -3.045811
v 5.645220 11.964853 -3.032275
v 5.592758 11.878410 -3.010293
v 5.522156 11.802643 -2.980711
v 5.436123 11.740461 -2.944664
v 5.337975 11.694256 -2.903540
v 5.231476 11.665803 -2.858918
v 5.238298 12.646587 -2.836169
v 5.351357 12.618135 -2.858918
v 5.455553 12.571930 -2.879881
v 5.546881 12.509748 -2.898259
v 5.621834 12.433981 -2.913339
v 5.677525 12.347537 -2.924546
v 5.711823 12.253740 -2.931447
v 5.723402 12.156196 -2.933775
v 5.711823 12.058650 -2.931447
v 5.677525 11.964853 -2.924546
v 5.621834 11.878410 -2.913339
v 5.546881 11.802643 -2.898259
v 5.455553 11.740461 -2.879881
v 5.351357 11.694256 -2.858918
v 5.238298 11.665803 -2.836169
v 5.240601 12.646587 -2.812511
v 5.355875 12.618135 -2.812511
v 5.462112 12.571930 -2.812511
v 5.555229 12.509748 -2.812511
v 5.631651 12.433981 -2.812511
v 5.688435 12.347537 -2.812511
v 5.723402 12.253740 -2.812511
v 5.735209 12.156196 -2.812511
v 5.723402 12.058650 -2.812511
v 5.688435 11.964853 -2.812511
v 5.631651 11.878410 -2.812511
v 5.555229 11.802643 -2.812511
v 5.462112 11.740461 -2.812511
v 5.355875 11.694256 -2.812511
v 5.240601 11.665803 -2.812511
v 5.238298 12.646587 -2.788853
v 5.351357 12.618135 -2.766104
v 5.455553 12.571930 -2.745139
v 5.546881 12.509748 -2.726762
v 5.621834 12.433981 -2.711682
v 5.677525 12.347537 -2.700476
v 5.711823 12.253740 -2.693575
v 5.723402 12.156196 -2.691245
v 5.711823 12.058650 -2.693575
v 5.677525 11.964853 -2.700476
v 5.621834 11.878410 -2.711682
v 5.546881 11.802643 -2.726762
v 5.455553 11.740461 -2.745139
v 5.351357 11.694256 -2.766104
v 5.238298 11.665803 -2.788853
v 5.231476 12.646587 -2.766104
v 5.337975 12.618135 -2.721482
v 5.436123 12.571930 -2.680357
v 5.522156 12.509748 -2.644310
v 5.592758 12.433981 -2.614727
v 5.645220 12.347537 -2.592746
v 5.677525 12.253740 -2.579210
v 5.688435 12.156196 -2.574639
v 5.677525 12.058650 -2.579210
v 5.645220 11.964853 -2.592746
v 5.592758 11.878410 -2.614727
v 5.522156 11.802643 -2.644310
v 5.436123 11.740461 -2.680357
v 5.337975 11.694256 -2.721482
v 5.231476 11.665803 -2.766104
v 5.220396 12.646587 -2.745139
v 5.316242 12.618135 -2.680357
v 5.404575 12.571930 -2.620653
v 5.482000 12.509748 -2.568322
v 5.545542 12.433981 -2.525375
v 5.592758 12.347537 -2.493463
v 5.621834 12.253740 -2.473811
v 5.631649 12.156196 -2.467175
v 5.621834 12.058650 -2.473811
v 5.592758 11.964853 -2.493463
v 5.545542 11.878410 -2.525375
v 5.482000 11.802643 -2.568322
v 5.404575 11.740461 -2.620653
v 5.316242 11.694256 -2.680357
v 5.220396 11.665803 -2.745139
v 5.205486 12.646587 -2.726762
v 5.286999 12.618135 -2.644310
v 5.362118 12.571930 -2.568322
v 5.427965 12.509748 -2.501717
v 5.482000 12.433981 -2.447055
v 5.522156 12.347537 -2.406439
v 5.546881 12.253740 -2.381427
v 5.555229 12.156196 -2.372982
v 5.546881 12.058650 -2.381427
v 5.522156 11.964853 -2.406439
v 5.482000 11.878410 -2.447055
v 5.427965 11.802643 -2.501717
v 5.362118 11.740461 -2.568322
v 5.286999 11.694256 -2.644310
v 5.205486 11.665803 -2.726762
v 5.187323 12.646587 -2.711682
v 5.251364 12.618135 -2.614727
v 5.310387 12.571930 -2.525375
v 5.362118 12.509748 -2.447055
v 5.404575 12.433981 -2.382782
v 5.436123 12.347537 -2.335021
v 5.455551 12.253740 -2.305610
v 5.462112 12.156196 -2.295680
v 5.455551 12.058650 -2.305610
v 5.436123 11.964853 -2.335021
v 5.404575 11.878410 -2.382782
v 5.362118 11.802643 -2.447055
v 5.310387 11.740461 -2.525375
v 5.251364 11.694256 -2.614727
v 5.187323 11.665803 -2.711682
v 5.166595 12.646587 -2.700476
v 5.210709 12.618135 -2.592746
v 5.251364 12.571930 -2.493463
v 5.286999 12.509748 -2.406439
v 5.316242 12.433981 -2.335021
v 5.337975 12.347537 -2.281953
v 5.351357 12.253740 -2.249273
v 5.355875 12.156196 -2.238239
v 5.351357 12.058650 -2.249273
v 5.337975 11.964853 -2.281953
v 5.316242 11.878410 -2.335021
v 5.286999 11.802643 -2.406439
v 5.251364 11.740461 -2.493463
v 5.210709 11.694256 -2.592746
v 5.166595 11.665803 -2.700476
v 5.144106 12.646587 -2.693575
v 5.166595 12.618135 -2.579210
v 5.187321 12.571930 -2.473811
v 5.205486 12.509748 -2.381427
v 5.220396 12.433981 -2.305610
v 5.231476 12.347537 -2.249273
v 5.238297 12.253740 -2.214581
v 5.240601 12.156196 -2.202867
v 5.238297 12.058650 -2.214581
v 5.231476 11.964853 -2.249273
v 5.220396 11.878410 -2.305610
v 5.205486 11.802643 -2.381427
v 5.187321 11.740461 -2.473811
v 5.166595 11.694256 -2.579210
v 5.144106 11.665803 -2.693575
v 5.120720 12.646587 -2.691245
v 5.120720 12.618135 -2.574639
v 5.120720 12.571930 -2.467175
v 5.120720 12.509748 -2.372982
v 5.120720 12.433981 -2.295680
v 5.120720 12.347537 -2.238239
v 5.120720 12.253740 -2.202867
v 5.120720 12.156196 -2.190924
v 5.120720 12.058650 -2.202867
v 5.120720 11.964853 -2.238239
v 5.120720 11.878410 -2.295680
v 5.120720 11.802643 -2.372982
v 5.120720 11.740461 -2.467175
v 5.120720 11.694256 -2.574639
v 5.120720 11.665803 -2.691245
v 5.097332 12.646587 -2.693575
v 5.074841 12.618135 -2.579210
v 5.054115 12.571930 -2.473811
v 5.035950 12.509748 -2.381427
v 5.021040 12.433981 -2.305610
v 5.009962 12.347537 -2.249273
v 5.003141 12.253740 -2.214581
v 5.000839 12.156196 -2.202867
v 5.003141 12.058650 -2.214581
v 5.009962 11.964853 -2.249273
v 5.021040 11.878410 -2.305610
v 5.035950 11.802643 -2.381427
v 5.054115 11.740461 -2.473811
v 5.074841 11.694256 -2.579210
v 5.097332 11.665803 -2.693575
v 5.074841 12.646587 -2.700476
v 5.030729 12.618135 -2.592746
v 4.990074 12.571930 -2.493463
v 4.954439 12.509748 -2.406439
v 4.925196 12.433981 -2.335021
v 4.903463 12.347537 -2.281953
v 4.890081 12.253740 -2.249274
v 4.885563 12.156196 -2.238239
v 4.890081 12.058650 -2.249274
v 4.903463 11.964853 -2.281953
v 4.925196 11.878410 -2.335021
v 4.954439 11.802643 -2.406439
v 4.990074 11.740461 -2.493463
v 5.030729 11.694256 -2.592746
v 5.074841 11.665803 -2.700476
v 5.054115 12.646587 -2.711682
v 4.990074 12.618135 -2.614727
v 4.931051 12.571930 -2.525375
v 4.879318 12.509748 -2.447055
v 4.836861 12.433981 -2.382782
v 4.805313 12.347537 -2.335021
v 4.785885 12.253740 -2.305610
v 4.779325 12.156196 -2.295680
v 4.785885 12.058650 -2.305610
v 4.805313 11.964853 -2.335021
v 4.836861 11.878410 -2.382782
v 4.879318 11.802643 -2.447055
v 4.931051 11.740461 -2.525375
v 4.990074 11.694256 -2.614727
v 5.054115 11.665803 -2.711682
v 5.035950 12.646587 -2.726763
v 4.954439 12.618135 -2.644310
v 4.879318 12.571930 -2.568322
v 4.813475 12.509748 -2.501717
v 4.759438 12.433981 -2.447055
v 4.719282 12.347537 -2.406439
v 4.694559 12.253740 -2.381428
v 4.686209 12.156196 -2.372983
v 4.694559 12.058650 -2.381428
v 4.719282 11.964853 -2.406439
v 4.759438 11.878410 -2.447055
v 4.813475 11.802643 -2.501717
v 4.879318 11.740461 -2.568322
v 4.954439 11.694256 -2.644310
v 5.035950 11.665803 -2.726763
v 5.021042 12.646587 -2.745139
v 4.925196 12.618135 -2.680357
v 4.836861 12.571930 -2.620653
v 4.759438 12.509748 -2.568322
v 4.695896 12.433981 -2.525375
v 4.648680 12.347537 -2.493463
v 4.619604 12.253740 -2.473811
v 4.609789 12.156196 -2.467176
v 4.619604 12.058650 -2.473811
v 4.648680 11.964853 -2.493463
v 4.695896 11.878410 -2.525375
v 4.759438 11.802643 -2.568322
v 4.836861 11.740461 -2.620653
v 4.925196 11.694256 -2.680357
v 5.021042 11.665803 -2.745139
v 5.009962 12.646587 -2.766105
v 4.903463 12.618135 -2.721482
v 4.805313 12.571930 -2.680357
v 4.719282 12.509748 -2.644310
v 4.648680 12.433981 -2.614727
v 4.596218 12.347537 -2.592746
v 4.563911 12.253740 -2.579210
v 4.553005 12.156196 -2.574641
v 4.563911 12.058650 -2.579210
v 4.596218 11.964853 -2.592746
v 4.648680 11.878410 -2.614727
v 4.719282 11.802643 -2.644310
v 4.805313 11.740461 -2.680357
v 4.903463 11.694256 -2.721482
v 5.009962 11.665803 -2.766105
v 5.003141 12.646587 -2.788853
v 4.890081 12.618135 -2.766105
v 4.785887 12.571930 -2.745139
v 4.694559 12.509748 -2.726762
v 4.619606 12.433981 -2.711682
v 4.563911 12.347537 -2.700476
v 4.529615 12.253740 -2.693575
v 4.518036 12.156196 -2.691245
v 4.529615 12.058650 -2.693575
v 4.563911 11.964853 -2.700476
v 4.619606 11.878410 -2.711682
v 4.694559 11.802643 -2.726762
v 4.785887 11.740461 -2.745139
v 4.890081 11.694256 -2.766105
v 5.003141 11.665803 -2.788853
v 5.000839 12.646587 -2.812511
v 4.885563 12.618135 -2.812511
v 4.779325 12.571930 -2.812511
v 4.686209 12.509748 -2.812511
v 4.609789 12.433981 -2.812511
v 4.553005 12.347537 -2.812511
v 4.518036 12.253740 -2.812511
v 4.506229 12.156196 -2.812511
v 4.518036 12.058650 -2.812511
v 4.553005 11.964853 -2.812511
v 4.609789 11.878410 -2.812511
v 4.686209 11.802643 -2.812511
v 4.779325 11.740461 -2.812511
v 4.885563 11.694256 -2.812511
v 5.000839 11.665803 -2.812511
v 5.003141 12.646587 -2.836169
v 4.890081 12.618135 -2.858918
v 4.785887 12.571930 -2.879881
v 4.694559 12.509748 -2.898259
v 4.619606 12.433981 -2.913339
v 4.563911 12.347537 -2.924546
v 4.529615 12.253740 -2.931447
v 4.518036 12.156196 -2.933776
v 4.529615 12.058650 -2.931447
v 4.563911 11.964853 -2.924546
v 4.619606 11.878410 -2.913339
v 4.694559 11.802643 -2.898259
v 4.785887 11.740461 -2.879881
v 4.890081 11.694256 -2.858918
v 5.003141 11.665803 -2.836169
v 5.009962 12.646587 -2.858917
v 4.903463 12.618135 -2.903540
v 4.805313 12.571930 -2.944664
v 4.719282 12.509748 -2.980711
v 4.648680 12.433981 -3.010293
v 4.596218 12.347537 -3.032275
v 4.563911 12.253740 -3.045811
v 4.553005 12.156196 -3.050382
v 4.563911 12.058650 -3.045811
v 4.596218 11.964853 -3.032275
v 4.648680 11.878410 -3.010293
v 4.719282 11.802643 -2.980711
v 4.805313 11.740461 -2.944664
v 4.903463 11.694256 -2.903540
v 5.009962 11.665803 -2.858917
v 5.021042 12.646587 -2.879881
v 4.925196 12.618135 -2.944664
v 4.836861 12.571930 -3.004368
v 4.759438 12.509748 -3.056699
v 4.695896 12.433981 -3.099646
v 4.648680 12.347537 -3.131559
v 4.619606 12.253740 -3.151210
v 4.609789 12.156196 -3.157846
v 4.619606 12.058650 -3.151210
v 4.648680 11.964853 -3.131559
v 4.695896 11.878410 -3.099646
v 4.759438 11.802643 -3.056699
v 4.836861 11.740461 -3.004368
v 4.925196 11.694256 -2.944664
v 5.021042 11.665803 -2.879881
v 5.035950 12.646587 -2.898258
v 4.954439 12.618135 -2.980711
v 4.879318 12.571930 -3.056699
v 4.813475 12.509748 -3.123304
v 4.759438 12.433981 -3.177966
v 4.719282 12.347537 -3.218583
v 4.694559 12.253740 -3.243594
v 4.686209 12.156196 -3.252039
v 4.694559 12.058650 -3.243594
v 4.719282 11.964853 -3.218583
v 4.759438 11.878410 -3.177966
v 4.813475 11.802643 -3.123304
v 4.879318 11.740461 -3.056699
v 4.954439 11.694256 -2.980711
v 5.035950 11.665803 -2.898258
v 5.054117 12.646587 -2.913339
v 4.990074 12.618135 -3.010293
v 4.931053 12.571930 -3.099646
v 4.879318 12.509748 -3.177966
v 4.836861 12.433981 -3.242239
v 4.805313 12.347537 -3.289999
v 4.785887 12.253740 -3.319411
v 4.779325 12.156196 -3.329341
v 4.785887 12.058650 -3.319411
v 4.805313 11.964853 -3.289999
v 4.836861 11.878410 -3.242239
v 4.879318 11.802643 -3.177966
v 4.931053 11.740461 -3.099646
v 4.990074 11.694256 -3.010293
v 5.054117 11.665803 -2.913339
v 5.074841 12.646587 -2.924546
v 5.030729 12.618135 -3.032275
v 4.990074 12.571930 -3.131559
v 4.954439 12.509748 -3.218583
v 4.925196 12.433981 -3.289999
v 4.903463 12.347537 -3.343069
v 4.890081 12.253740 -3.375748
v 4.885563 12.156196 -3.386782
v 4.890081 12.058650 -3.375748
v 4.903463 11.964853 -3.343069
v 4.925196 11.878410 -3.289999
v 4.954439 11.802643 -3.218583
v 4.990074 11.740461 -3.131559
v 5.030729 11.694256 -3.032275
v 5.074841 11.665803 -2.924546
v 5.097332 12.646587 -2.931447
v 5.074841 12.618135 -3.045811
v 5.054117 12.571930 -3.151210
v 5.035950 12.509748 -3.243594
v 5.021042 12.433981 -3.319411
v 5.009962 12.347537 -3.375748
v 5.003141 12.253740 -3.410440
v 5.000839 12.156196 -3.422154
v 5.003141 12.058650 -3.410440
v 5.009962 11.964853 -3.375748
v 5.021042 11.878410 -3.319411
v 5.035950 11.802643 -3.243594
v 5.054117 11.740461 -3.151210
v 5.074841 11.694256 -3.045811
v 5.097332 11.665803 -2.931447
v 5.120720 12.646587 -2.933775
v 5.120720 12.618135 -3.050382
v 5.120720 12.509748 -3.252039
v 5.120720 12.347537 -3.386782
v 5.120720 11.964853 -3.386782
v 5.120720 11.802643 -3.252039
v 5.120720 11.740461 -3.157846
v 5.120720 11.694256 -3.050382
v 5.120720 11.665803 -2.933775
v 5.120720 12.414371 0.718891
v 5.120720 12.346959 0.442623
v 5.120720 12.236599 0.305426
v 5.120720 12.092407 0.231176
v 5.120720 12.014371 0.221622
v 5.120720 11.936335 0.231176
v 5.120720 11.792143 0.305426
v 5.120720 11.614370 0.718891
v 5.139429 12.406685 0.623743
v 5.157419 12.383923 0.532251
v 5.174000 12.346959 0.447931
v 5.188534 12.297214 0.374024
v 5.200462 12.236599 0.313371
v 5.209324 12.167444 0.268301
v 5.214781 12.092407 0.240548
v 5.216623 12.014371 0.231176
v 5.214781 11.936335 0.240548
v 5.209324 11.861298 0.268301
v 5.200462 11.792143 0.313371
v 5.188534 11.731528 0.374024
v 5.174000 11.681784 0.447931
v 5.157419 11.644819 0.532251
v 5.139429 11.622057 0.623743
v 5.157419 12.406685 0.629263
v 5.192711 12.383923 0.543080
v 5.225235 12.346959 0.463653
v 5.253742 12.297214 0.394034
v 5.277140 12.236599 0.336899
v 5.294521 12.167444 0.294445
v 5.305229 12.092407 0.268301
v 5.308844 12.014371 0.259474
v 5.305229 11.936335 0.268301
v 5.294521 11.861298 0.294445
v 5.277140 11.792143 0.336899
v 5.253742 11.731528 0.394034
v 5.225235 11.681784 0.463653
v 5.192711 11.644819 0.543080
v 5.157419 11.622057 0.629263
v 5.174000 12.406685 0.638228
v 5.225235 12.383923 0.560665
v 5.272453 12.346959 0.489182
v 5.313841 12.297214 0.426528
v 5.347805 12.236599 0.375108
v 5.373043 12.167444 0.336899
v 5.388586 12.092407 0.313371
v 5.393833 12.014371 0.305427
v 5.388586 11.936335 0.313371
v 5.373043 11.861298 0.336899
v 5.347805 11.792143 0.375108
v 5.313841 11.731528 0.426528
v 5.272453 11.681784 0.489182
v 5.225235 11.644819 0.560665
v 5.174000 11.622057 0.638228
v 5.188534 12.406685 0.650293
v 5.253742 12.383923 0.584331
v 5.313841 12.346959 0.523540
v 5.366516 12.297214 0.470256
v 5.409744 12.236599 0.426528
v 5.441868 12.167444 0.394034
v 5.461649 12.092407 0.374024
v 5.468327 12.014371 0.367268
v 5.461649 11.936335 0.374024
v 5.441868 11.861298 0.394034
v 5.409744 11.792143 0.426528
v 5.366516 11.731528 0.470256
v 5.313841 11.681784 0.523540
v 5.253742 11.644819 0.584331
v 5.188534 11.622057 0.650293
v 5.200462 12.406685 0.664994
v 5.277140 12.383923 0.613168
v 5.347805 12.346959 0.565405
v 5.409744 12.297214 0.523540
v 5.460579 12.236599 0.489182
v 5.498352 12.167444 0.463653
v 5.521608 12.092407 0.447931
v 5.529463 12.014371 0.442623
v 5.521608 11.936335 0.447931
v 5.498352 11.861298 0.463653
v 5.460579 11.792143 0.489182
v 5.409744 11.731528 0.523540
v 5.347805 11.681784 0.565405
v 5.277140 11.644819 0.613168
v 5.200462 11.622057 0.664994
v 5.209324 12.406685 0.681766
v 5.294521 12.383923 0.646068
v 5.373043 12.346959 0.613168
v 5.441868 12.297214 0.584331
v 5.498352 12.236599 0.560665
v 5.540319 12.167444 0.543080
v 5.566164 12.092407 0.532251
v 5.574890 12.014371 0.528594
v 5.566164 11.936335 0.532251
v 5.540319 11.861298 0.543080
v 5.498352 11.792143 0.560665
v 5.441868 11.731528 0.584331
v 5.373043 11.681784 0.613168
v 5.294521 11.644819 0.646068
v 5.209324 11.622057 0.681766
v 5.214781 12.406685 0.699965
v 5.305229 12.383923 0.681766
v 5.388586 12.346959 0.664994
v 5.461649 12.297214 0.650293
v 5.521608 12.236599 0.638228
v 5.566164 12.167444 0.629263
v 5.593601 12.092407 0.623743
v 5.602867 12.014371 0.621879
v 5.593601 11.936335 0.623743
v 5.566164 11.861298 0.629263
v 5.521608 11.792143 0.638228
v 5.461649 11.731528 0.650293
v 5.388586 11.681784 0.664994
v 5.305229 11.644819 0.681766
v 5.214781 11.622057 0.699965
v 5.216623 12.406685 0.718891
v 5.308844 12.383923 0.718891
v 5.393833 12.346959 0.718891
v 5.468327 12.297214 0.718891
v 5.529463 12.236599 0.718891
v 5.574894 12.167444 0.718891
v 5.602867 12.092407 0.718891
v 5.612310 12.014371 0.718891
v 5.602867 11.936335 0.718891
v 5.574894 11.861298 0.718891
v 5.529463 11.792143 0.718891
v 5.468327 11.731528 0.718891
v 5.393833 11.681784 0.718891
v 5.308844 11.644819 0.718891
v 5.216623 11.622057 0.718891
v 5.214781 12.406685 0.737818
v 5.305229 12.383923 0.756016
v 5.388586 12.346959 0.772789
v 5.461649 12.297214 0.787489
v 5.521608 12.236599 0.799554
v 5.566164 12.167444 0.808519
v 5.593601 12.092407 0.814040
v 5.602867 12.014371 0.815904
v 5.593601 11.936335 0.814040
v 5.566164 11.861298 0.808519
v 5.521608 11.792143 0.799554
v 5.461649 11.731528 0.787489
v 5.388586 11.681784 0.772789
v 5.305229 11.644819 0.756016
v 5.214781 11.622057 0.737818
v 5.209324 12.406685 0.756016
v 5.294521 12.383923 0.791715
v 5.373043 12.346959 0.824615
v 5.441868 12.297214 0.853451
v 5.498352 12.236599 0.877118
v 5.540319 12.167444 0.894702
v 5.566164 12.092407 0.905531
v 5.574890 12.014371 0.909188
v 5.566164 11.936335 0.905531
v 5.540319 11.861298 0.894702
v 5.498352 11.792143 0.877118
v 5.441868 11.731528 0.853451
v 5.373043 11.681784 0.824615
v 5.294521 11.644819 0.791715
v 5.209324 11.622057 0.756016
v 5.200462 12.406685 0.772789
v 5.277140 12.383923 0.824615
v 5.347805 12.346959 0.872378
v 5.409744 12.297214 0.914243
v 5.460579 12.236599 0.948600
v 5.498352 12.167444 0.974130
v 5.521608 12.092407 0.989851
v 5.529463 12.014371 0.995160
v 5.521608 11.936335 0.989851
v 5.498352 11.861298 0.974130
v 5.460579 11.792143 0.948600
v 5.409744 11.731528 0.914243
v 5.347805 11.681784 0.872378
v 5.277140 11.644819 0.824615
v 5.200462 11.622057 0.772789
v 5.188534 12.406685 0.787489
v 5.253742 12.383923 0.853451
v 5.313841 12.346959 0.914243
v 5.366516 12.297214 0.967526
v 5.409744 12.236599 1.011255
v 5.441868 12.167444 1.043748
v 5.461649 12.092407 1.063758
v 5.468327 12.014371 1.070514
v 5.461649 11.936335 1.063758
v 5.441868 11.861298 1.043748
v 5.409744 11.792143 1.011255
v 5.366516 11.731528 0.967526
v 5.313841 11.681784 0.914243
v 5.253742 11.644819 0.853451
v 5.188534 11.622057 0.787489
v 5.174000 12.406685 0.799554
v 5.225235 12.383923 0.877118
v 5.272451 12.346959 0.948600
v 5.313841 12.297214 1.011255
v 5.347805 12.236599 1.062675
v 5.373043 12.167444 1.100883
v 5.388586 12.092407 1.124411
v 5.393833 12.014371 1.132356
v 5.388586 11.936335 1.124411
v 5.373043 11.861298 1.100883
v 5.347805 11.792143 1.062675
v 5.313841 11.731528 1.011255
v 5.272451 11.681784 0.948600
v 5.225235 11.644819 0.877118
v 5.174000 11.622057 0.799554
v 5.157419 12.406685 0.808519
v 5.192711 12.383923 0.894702
v 5.225235 12.346959 0.974130
v 5.253742 12.297214 1.043748
v 5.277140 12.236599 1.100883
v 5.294521 12.167444 1.143338
v 5.305229 12.092407 1.169481
v 5.308844 12.014371 1.178309
v 5.305229 11.936335 1.169481
v 5.294521 11.861298 1.143338
v 5.277140 11.792143 1.100883
v 5.253742 11.731528 1.043748
v 5.225235 11.681784 0.974130
v 5.192711 11.644819 0.894702
v 5.157419 11.622057 0.808519
v 5.139429 12.406685 0.814040
v 5.157419 12.383923 0.905531
v 5.174000 12.346959 0.989851
v 5.188534 12.297214 1.063758
v 5.200462 12.236599 1.124411
v 5.209324 12.167444 1.169481
v 5.214781 12.092407 1.197235
v 5.216623 12.014371 1.206606
v 5.214781 11.936335 1.197235
v 5.209324 11.861298 1.169481
v 5.200462 11.792143 1.124411
v 5.188534 11.731528 1.063758
v 5.174000 11.681784 0.989851
v 5.157419 11.644819 0.905531
v 5.139429 11.622057 0.814040
v 5.120720 12.406685 0.815904
v 5.120720 12.383923 0.909188
v 5.120720 12.346959 0.995160
v 5.120720 12.297214 1.070514
v 5.120720 12.236599 1.132356
v 5.120720 12.167444 1.178309
v 5.120720 12.092407 1.206606
v 5.120720 12.014371 1.216161
v 5.120720 11.936335 1.206606
v 5.120720 11.861298 1.178309
v 5.120720 11.792143 1.132356
v 5.120720 11.731528 1.070514
v 5.120720 11.681784 0.995160
v 5.120720 11.644819 0.909188
v 5.120720 11.622057 0.815904
v 5.102009 12.406685 0.814040
v 5.084019 12.383923 0.905531
v 5.067438 12.346959 0.989851
v 5.052904 12.297214 1.063758
v 5.040976 12.236599 1.124411
v 5.032114 12.167444 1.169481
v 5.026657 12.092407 1.197235
v 5.024815 12.014371 1.206606
v 5.026657 11.936335 1.197235
v 5.032114 11.861298 1.169481
v 5.040976 11.792143 1.124411
v 5.052904 11.731528 1.063758
v 5.067438 11.681784 0.989851
v 5.084019 11.644819 0.905531
v 5.102009 11.622057 0.814040
v 5.084019 12.406685 0.808519
v 5.048727 12.383923 0.894702
v 5.016201 12.346959 0.974130
v 4.987694 12.297214 1.043748
v 4.964298 12.236599 1.100883
v 4.946915 12.167444 1.143338
v 4.936211 12.092407 1.169481
v 4.932596 12.014371 1.178309
v 4.936211 11.936335 1.169481
v 4.946915 11.861298 1.143338
v 4.964298 11.792143 1.100883
v 4.987694 11.731528 1.043748
v 5.016201 11.681784 0.974130
v 5.048727 11.644819 0.894702
v 5.084019 11.622057 0.808519
v 5.067438 12.406685 0.799554
v 5.016201 12.383923 0.877118
v 4.968983 12.346959 0.948600
v 4.927599 12.297214 1.011255
v 4.893633 12.236599 1.062675
v 4.868395 12.167444 1.100883
v 4.852854 12.092407 1.124411
v 4.847605 12.014371 1.132356
v 4.852854 11.936335 1.124411
v 4.868395 11.861298 1.100883
v 4.893633 11.792143 1.062675
v 4.927599 11.731528 1.011255
v 4.968983 11.681784 0.948600
v 5.016201 11.644819 0.877118
v 5.067438 11.622057 0.799554
v 5.052904 12.406685 0.787489
v 4.987694 12.383923 0.853451
v 4.927599 12.346959 0.914243
v 4.874922 12.297214 0.967526
v 4.831692 12.236599 1.011255
v 4.799570 12.167444 1.043748
v 4.779789 12.092407 1.063757
v 4.773109 12.014371 1.070514
v 4.779789 11.936335 1.063757
v 4.799570 11.861298 1.043748
v 4.831692 11.792143 1.011255
v 4.874922 11.731528 0.967526
v 4.927599 11.681784 0.914243
v 4.987694 11.644819 0.853451
v 5.052904 11.622057 0.787489
v 5.040976 12.406685 0.772789
v 4.964298 12.383923 0.824615
v 4.893633 12.346959 0.872378
v 4.831692 12.297214 0.914243
v 4.780859 12.236599 0.948600
v 4.743088 12.167444 0.974130
v 4.719830 12.092407 0.989851
v 4.711975 12.014371 0.995160
v 4.719830 11.936335 0.989851
v 4.743088 11.861298 0.974130
v 4.780859 11.792143 0.948600
v 4.831692 11.731528 0.914243
v 4.893633 11.681784 0.872378
v 4.964298 11.644819 0.824615
v 5.040976 11.622057 0.772789
v 5.032114 12.406685 0.756016
v 4.946915 12.383923 0.791715
v 4.868395 12.346959 0.824615
v 4.799570 12.297214 0.853451
v 4.743088 12.236599 0.877118
v 4.701118 12.167444 0.894702
v 4.675274 12.092407 0.905531
v 4.666546 12.014371 0.909188
v 4.675274 11.936335 0.905531
v 4.701118 11.861298 0.894702
v 4.743088 11.792143 0.877118
v 4.799570 11.731528 0.853451
v 4.868395 11.681784 0.824615
v 4.946915 11.644819 0.791715
v 5.032114 11.622057 0.756016
v 5.026657 12.406685 0.737818
v 4.936211 12.383923 0.756016
v 4.852854 12.346959 0.772789
v 4.779789 12.297214 0.787489
v 4.719830 12.236599 0.799554
v 4.675274 12.167444 0.808519
v 4.647839 12.092407 0.814040
v 4.638571 12.014371 0.815904
v 4.647839 11.936335 0.814040
v 4.675274 11.861298 0.808519
v 4.719830 11.792143 0.799554
v 4.779789 11.731528 0.787489
v 4.852854 11.681784 0.772789
v 4.936211 11.644819 0.756016
v 5.026657 11.622057 0.737818
v 5.024815 12.406685 0.718891
v 4.932596 12.383923 0.718891
v 4.847605 12.346959 0.718891
v 4.773109 12.297214 0.718891
v 4.711975 12.236599 0.718891
v 4.666546 12.167444 0.718891
v 4.638571 12.092407 0.718891
v 4.629128 12.014371 0.718891
v 4.638571 11.936335 0.718891
v 4.666546 11.861298 0.718891
v 4.711975 11.792143 0.718891
v 4.773109 11.731528 0.718891
v 4.847605 11.681784 0.718891
v 4.932596 11.644819 0.718891
v 5.024815 11.622057 0.718891
v 5.026657 12.406685 0.699965
v 4.936211 12.383923 0.681766
v 4.852854 12.346959 0.664994
v 4.779789 12.297214 0.650293
v 4.719830 12.236599 0.638228
v 4.675274 12.167444 0.629263
v 4.647839 12.092407 0.623743
v 4.638571 12.014371 0.621879
v 4.647839 11.936335 0.623743
v 4.675274 11.861298 0.629263
v 4.719830 11.792143 0.638228
v 4.779789 11.731528 0.650293
v 4.852854 11.681784 0.664994
v 4.936211 11.644819 0.681766
v 5.026657 11.622057 0.699965
v 5.032114 12.406685 0.681766
v 4.946915 12.383923 0.646068
v 4.868395 12.346959 0.613168
v 4.799570 12.297214 0.584331
v 4.743088 12.236599 0.560665
v 4.701118 12.167444 0.543080
v 4.675274 12.092407 0.532251
v 4.666546 12.014371 0.528594
v 4.675274 11.936335 0.532251
v 4.701118 11.861298 0.543080
v 4.743088 11.792143 0.560665
v 4.799570 11.731528 0.584331
v 4.868395 11.681784 0.613168
v 4.946915 11.644819 0.646068
v 5.032114 11.622057 0.681766
v 5.040976 12.406685 0.664994
v 4.964298 12.383923 0.613168
v 4.893633 12.346959 0.565405
v 4.831692 12.297214 0.523540
v 4.780859 12.236599 0.489182
v 4.743088 12.167444 0.463653
v 4.719830 12.092407 0.447931
v 4.711975 12.014371 0.442623
v 4.719830 11.936335 0.447931
v 4.743088 11.861298 0.463653
v 4.780859 11.792143 0.489182
v 4.831692 11.731528 0.523540
v 4.893633 11.681784 0.565405
v 4.964298 11.644819 0.613168
v 5.040976 11.622057 0.664994
v 5.052904 12.406685 0.650293
v 4.987694 12.383923 0.584331
v 4.927599 12.346959 0.523540
v 4.874922 12.297214 0.470256
v 4.831692 12.236599 0.426528
v 4.799570 12.167444 0.394034
v 4.779791 12.092407 0.374025
v 4.773109 12.014371 0.367268
v 4.779791 11.936335 0.374025
v 4.799570 11.861298 0.394034
v 4.831692 11.792143 0.426528
v 4.874922 11.731528 0.470256
v 4.927599 11.681784 0.523540
v 4.987694 11.644819 0.584331
v 5.052904 11.622057 0.650293
v 5.067438 12.406685 0.638228
v 5.016201 12.383923 0.560665
v 4.968987 12.346959 0.489182
v 4.927599 12.297214 0.426528
v 4.893633 12.236599 0.375108
v 4.868395 12.167444 0.336900
v 4.852854 12.092407 0.313371
v 4.847605 12.014371 0.305427
v 4.852854 11.936335 0.313371
v 4.868395 11.861298 0.336900
v 4.893633 11.792143 0.375108
v 4.927599 11.731528 0.426528
v 4.968987 11.681784 0.489182
v 5.016201 11.644819 0.560665
v 5.067438 11.622057 0.638228
v 5.084019 12.406685 0.629263
v 5.048727 12.383923 0.543080
v 5.016201 12.346959 0.463653
v 4.987694 12.297214 0.394034
v 4.964298 12.236599 0.336900
v 4.946915 12.167444 0.294445
v 4.936211 12.092407 0.268301
v 4.932596 12.014371 0.259474
v 4.936211 11.936335 0.268301
v 4.946915 11.861298 0.294445
v 4.964298 11.792143 0.336900
v 4.987694 11.731528 0.394034
v 5.016201 11.681784 0.463653
v 5.048727 11.644819 0.543080
v 5.084019 11.622057 0.629263
v 5.102009 12.406685 0.623743
v 5.084019 12.383923 0.532251
v 5.067438 12.346959 0.447932
v 5.052904 12.297214 0.374024
v 5.040976 12.236599 0.313371
v 5.032114 12.167444 0.268301
v 5.026657 12.092407 0.240548
v 5.024815 12.014371 0.231177
v 5.026657 11.936335 0.240548
v 5.032114 11.861298 0.268301
v 5.040976 11.792143 0.313371
v 5.052904 11.731528 0.374024
v 5.067438 11.681784 0.447932
v 5.084019 11.644819 0.532251
v 5.102009 11.622057 0.623743
v 5.120720 12.406685 0.621879
v 5.120720 12.383923 0.528594
v 5.120720 12.297214 0.367268
v 5.120720 12.167444 0.259474
v 5.120720 11.861298 0.259474
v 5.120720 11.731528 0.367268
v 5.120720 11.681784 0.442623
v 5.120720 11.644819 0.528594
v 5.120720 11.622057 0.621879
v 0.539461 12.414371 0.718891
v 0.539461 12.346959 0.442623
v 0.539461 12.236599 0.305426
v 0.539461 12.092407 0.231176
v 0.539461 12.014371 0.221622
v 0.539461 11.936335 0.231176
v 0.539461 11.792143 0.305426
v 0.539461 11.614370 0.718891
v 0.558172 12.406685 0.623743
v 0.576162 12.383923 0.532251
v 0.592743 12.346959 0.447931
v 0.607275 12.297214 0.374024
v 0.619204 12.236599 0.313371
v 0.628065 12.167444 0.268301
v 0.633524 12.092407 0.240548
v 0.635365 12.014371 0.231176
v 0.633524 11.936335 0.240548
v 0.628065 11.861298 0.268301
v 0.619204 11.792143 0.313371
v 0.607275 11.731528 0.374024
v 0.592743 11.681784 0.447931
v 0.576162 11.644819 0.532251
v 0.558172 11.622057 0.623743
v 0.576162 12.406685 0.629263
v 0.611452 12.383923 0.543080
v 0.643978 12.346959 0.463653
v 0.672485 12.297214 0.394034
v 0.695881 12.236599 0.336899
v 0.713264 12.167444 0.294445
v 0.723970 12.092407 0.268301
v 0.727585 12.014371 0.259474
v 0.723970 11.936335 0.268301
v 0.713264 11.861298 0.294445
v 0.695881 11.792143 0.336899
v 0.672485 11.731528 0.394034
v 0.643978 11.681784 0.463653
v 0.611452 11.644819 0.543080
v 0.576162 11.622057 0.629263
v 0.592743 12.406685 0.638228
v 0.643978 12.383923 0.560665
v 0.691196 12.346959 0.489182
v 0.732582 12.297214 0.426528
v 0.766546 12.236599 0.375108
v 0.791784 12.167444 0.336899
v 0.807327 12.092407 0.313371
v 0.812574 12.014371 0.305427
v 0.807327 11.936335 0.313371
v 0.791784 11.861298 0.336899
v 0.766546 11.792143 0.375108
v 0.732582 11.731528 0.426528
v 0.691196 11.681784 0.489182
v 0.643978 11.644819 0.560665
v 0.592743 11.622057 0.638228
v 0.607275 12.406685 0.650293
v 0.672485 12.383923 0.584331
v 0.732582 12.346959 0.523540
v 0.785257 12.297214 0.470256
v 0.828487 12.236599 0.426528
v 0.860609 12.167444 0.394034
v 0.880390 12.092407 0.374024
v 0.887070 12.014371 0.367268
v 0.880390 11.936335 0.374024
v 0.860609 11.861298 0.394034
v 0.828487 11.792143 0.426528
v 0.785257 11.731528 0.470256
v 0.732582 11.681784 0.523540
v 0.672485 11.644819 0.584331
v 0.607275 11.622057 0.650293
v 0.619204 12.406685 0.664994
v 0.695881 12.383923 0.613168
v 0.766546 12.346959 0.565405
v 0.828487 12.297214 0.523540
v 0.879320 12.236599 0.489182
v 0.917091 12.167444 0.463653
v 0.940351 12.092407 0.447931
v 0.948206 12.014371 0.442623
v 0.940351 11.936335 0.447931
v 0.917091 11.861298 0.463653
v 0.879320 11.792143 0.489182
v 0.828487 11.731528 0.523540
v 0.766546 11.681784 0.565405
v 0.695881 11.644819 0.613168
v 0.619204 11.622057 0.664994
v 0.628065 12.406685 0.681766
v 0.713264 12.383923 0.646068
v 0.791784 12.346959 0.613168
v 0.860609 12.297214 0.584331
v 0.917091 12.236599 0.560665
v 0.959061 12.167444 0.543080
v 0.984905 12.092407 0.532251
v 0.993635 12.014371 0.528594
v 0.984905 11.936335 0.532251
v 0.959061 11.861298 0.543080
v 0.917091 11.792143 0.560665
v 0.860609 11.731528 0.584331
v 0.791784 11.681784 0.613168
v 0.713264 11.644819 0.646068
v 0.628065 11.622057 0.681766
v 0.633524 12.406685 0.699965
v 0.723970 12.383923 0.681766
v 0.807327 12.346959 0.664994
v 0.880390 12.297214 0.650293
v 0.940351 12.236599 0.638228
v 0.984905 12.167444 0.629263
v 1.012344 12.092407 0.623743
v 1.021608 12.014371 0.621879
v 1.012344 11.936335 0.623743
v 0.984905 11.861298 0.629263
v 0.940351 11.792143 0.638228
v 0.880390 11.731528 0.650293
v 0.807327 11.681784 0.664994
v 0.723970 11.644819 0.681766
v 0.633524 11.622057 0.699965
v 0.635365 12.406685 0.718891
v 0.727585 12.383923 0.718891
v 0.812574 12.346959 0.718891
v 0.887070 12.297214 0.718891
v 0.948206 12.236599 0.718891
v 0.993635 12.167444 0.718891
v 1.021608 12.092407 0.718891
v 1.031054 12.014371 0.718891
v 1.021608 11.936335 0.718891
v 0.993635 11.861298 0.718891
v 0.948206 11.792143 0.718891
v 0.887070 11.731528 0.718891
v 0.812574 11.681784 0.718891
v 0.727585 11.644819 0.718891
v 0.635365 11.622057 0.718891
v 0.633524 12.406685 0.737818
v 0.723970 12.383923 0.756016
v 0.807327 12.346959 0.772789
v 0.880390 12.297214 0.787489
v 0.940351 12.236599 0.799554
v 0.984905 12.167444 0.808519
v 1.012344 12.092407 0.814040
v 1.021608 12.014371 0.815904
v 1.012344 11.936335 0.814040
v 0.984905 11.861298 0.808519
v 0.940351 11.792143 0.799554
v 0.880390 11.731528 0.787489
v 0.807327 11.681784 0.772789
v 0.723970 11.644819 0.756016
v 0.633524 11.622057 0.737818
v 0.628065 12.406685 0.756016
v 0.713264 12.383923 0.791715
v 0.791784 12.346959 0.824615
v 0.860609 12.297214 0.853451
v 0.917091 12.236599 0.877118
v 0.959061 12.167444 0.894702
v 0.984905 12.092407 0.905531
v 0.993633 12.014371 0.909188
v 0.984905 11.936335 0.905531
v 0.959061 11.861298 0.894702
v 0.917091 11.792143 0.877118
v 0.860609 11.731528 0.853451
v 0.791784 11.681784 0.824615
v 0.713264 11.644819 0.791715
v 0.628065 11.622057 0.756016
v 0.619204 12.406685 0.772789
v 0.695881 12.383923 0.824615
v 0.766546 12.346959 0.872378
v 0.828487 12.297214 0.914243
v 0.879320 12.236599 0.948600
v 0.917091 12.167444 0.974130
v 0.940351 12.092407 0.989851
v 0.948206 12.014371 0.995160
v 0.940351 11.936335 0.989851
v 0.917091 11.861298 0.974130
v 0.879320 11.792143 0.948600
v 0.828487 11.731528 0.914243
v 0.766546 11.681784 0.872378
v 0.695881 11.644819 0.824615
v 0.619204 11.622057 0.772789
v 0.607275 12.406685 0.787489
v 0.672485 12.383923 0.853451
v 0.732582 12.346959 0.914243
v 0.785257 12.297214 0.967526
v 0.828487 12.236599 1.011255
v 0.860609 12.167444 1.043748
v 0.880390 12.092407 1.063758
v 0.887070 12.014371 1.070514
v 0.880390 11.936335 1.063758
v 0.860609 11.861298 1.043748
v 0.828487 11.792143 1.011255
v 0.785257 11.731528 0.967526
v 0.732582 11.681784 0.914243
v 0.672485 11.644819 0.853451
v 0.607275 11.622057 0.787489
v 0.592743 12.406685 0.799554
v 0.643978 12.383923 0.877118
v 0.691195 12.346959 0.948600
v 0.732582 12.297214 1.011255
v 0.766546 12.236599 1.062675
v 0.791784 12.167444 1.100883
v 0.807327 12.092407 1.124411
v 0.812574 12.014371 1.132356
v 0.807327 11.936335 1.124411
v 0.791784 11.861298 1.100883
v 0.766546 11.792143 1.062675
v 0.732582 11.731528 1.011255
v 0.691195 11.681784 0.948600
v 0.643978 11.644819 0.877118
v 0.592743 11.622057 0.799554
v 0.576162 12.406685 0.808519
v 0.611452 12.383923 0.894702
v 0.643978 12.346959 0.974130
v 0.672485 12.297214 1.043748
v 0.695881 12.236599 1.100883
v 0.713264 12.167444 1.143338
v 0.723970 12.092407 1.169481
v 0.727585 12.014371 1.178309
v 0.723970 11.936335 1.169481
v 0.713264 11.861298 1.143338
v 0.695881 11.792143 1.100883
v 0.672485 11.731528 1.043748
v 0.643978 11.681784 0.974130
v 0.611452 11.644819 0.894702
v 0.576162 11.622057 0.808519
v 0.558172 12.406685 0.814040
v 0.576162 12.383923 0.905531
v 0.592743 12.346959 0.989851
v 0.607275 12.297214 1.063758
v 0.619204 12.236599 1.124411
v 0.628065 12.167444 1.169481
v 0.633524 12.092407 1.197235
v 0.635365 12.014371 1.206606
v 0.633524 11.936335 1.197235
v 0.628065 11.861298 1.169481
v 0.619204 11.792143 1.124411
v 0.607275 11.731528 1.063758
v 0.592743 11.681784 0.989851
v 0.576162 11.644819 0.905531
v 0.558172 11.622057 0.814040
v 0.539461 12.406685 0.815904
v 0.539461 12.383923 0.909188
v 0.539461 12.346959 0.995160
v 0.539461 12.297214 1.070514
v 0.539461 12.236599 1.132356
v 0.539461 12.167444 1.178309
v 0.539461 12.092407 1.206606
v 0.539461 12.014371 1.216161
v 0.539461 11.936335 1.206606
v 0.539461 11.861298 1.178309
v 0.539461 11.792143 1.132356
v 0.539461 11.731528 1.070514
v 0.539461 11.681784 0.995160
v 0.539461 11.644819 0.909188
v 0.539461 11.622057 0.815904
v 0.520750 12.406685 0.814040
v 0.502760 12.383923 0.905531
v 0.486179 12.346959 0.989851
v 0.471645 12.297214 1.063758
v 0.459719 12.236599 1.124411
v 0.450857 12.167444 1.169481
v 0.445398 12.092407 1.197235
v 0.443556 12.014371 1.206606
v 0.445398 11.936335 1.197235
v 0.450857 11.861298 1.169481
v 0.459719 11.792143 1.124411
v 0.471645 11.731528 1.063758
v 0.486179 11.681784 0.989851
v 0.502760 11.644819 0.905531
v 0.520750 11.622057 0.814040
v 0.502760 12.406685 0.808519
v 0.467468 12.383923 0.894702
v 0.434944 12.346959 0.974130
v 0.406437 12.297214 1.043748
v 0.383041 12.236599 1.100883
v 0.365658 12.167444 1.143338
v 0.354952 12.092407 1.169481
v 0.351337 12.014371 1.178309
v 0.354952 11.936335 1.169481
v 0.365658 11.861298 1.143338
v 0.383041 11.792143 1.100883
v 0.406437 11.731528 1.043748
v 0.434944 11.681784 0.974130
v 0.467468 11.644819 0.894702
v 0.502760 11.622057 0.808519
v 0.486179 12.406685 0.799554
v 0.434944 12.383923 0.877118
v 0.387726 12.346959 0.948600
v 0.346340 12.297214 1.011255
v 0.312374 12.236599 1.062675
v 0.287136 12.167444 1.100883
v 0.271595 12.092407 1.124411
v 0.266348 12.014371 1.132356
v 0.271595 11.936335 1.124411
v 0.287136 11.861298 1.100883
v 0.312374 11.792143 1.062675
v 0.346340 11.731528 1.011255
v 0.387726 11.681784 0.948600
v 0.434944 11.644819 0.877118
v 0.486179 11.622057 0.799554
v 0.471645 12.406685 0.787489
v 0.406437 12.383923 0.853451
v 0.346340 12.346959 0.914243
v 0.293665 12.297214 0.967526
v 0.250435 12.236599 1.011255
v 0.218311 12.167444 1.043748
v 0.198532 12.092407 1.063757
v 0.191853 12.014371 1.070514
v 0.198532 11.936335 1.063757
v 0.218311 11.861298 1.043748
v 0.250435 11.792143 1.011255
v 0.293665 11.731528 0.967526
v 0.346340 11.681784 0.914243
v 0.406437 11.644819 0.853451
v 0.471645 11.622057 0.787489
v 0.459719 12.406685 0.772789
v 0.383041 12.383923 0.824615
v 0.312374 12.346959 0.872378
v 0.250435 12.297214 0.914243
v 0.199602 12.236599 0.948600
v 0.161831 12.167444 0.974130
v 0.138571 12.092407 0.989851
v 0.130716 12.014371 0.995160
v 0.138571 11.936335 0.989851
v 0.161831 11.861298 0.974130
v 0.199602 11.792143 0.948600
v 0.250435 11.731528 0.914243
v 0.312374 11.681784 0.872378
v 0.383041 11.644819 0.824615
v 0.459719 11.622057 0.772789
v 0.450857 12.406685 0.756016
v 0.365658 12.383923 0.791715
v 0.287136 12.346959 0.824615
v 0.218311 12.297214 0.853451
v 0.161831 12.236599 0.877118
v 0.119861 12.167444 0.894702
v 0.094015 12.092407 0.905531
v 0.085289 12.014371 0.909188
v 0.094015 11.936335 0.905531
v 0.119861 11.861298 0.894702
v 0.161831 11.792143 0.877118
v 0.218311 11.731528 0.853451
v 0.287136 11.681784 0.824615
v 0.365658 11.644819 0.791715
v 0.450857 11.622057 0.756016
v 0.445398 12.406685 0.737818
v 0.354952 12.383923 0.756016
v 0.271595 12.346959 0.772789
v 0.198532 12.297214 0.787489
v 0.138571 12.236599 0.799554
v 0.094015 12.167444 0.808519
v 0.066579 12.092407 0.814040
v 0.057314 12.014371 0.815904
v 0.066579 11.936335 0.814040
v 0.094015 11.861298 0.808519
v 0.138571 11.792143 0.799554
v 0.198532 11.731528 0.787489
v 0.271595 11.681784 0.772789
v 0.354952 11.644819 0.756016
v 0.445398 11.622057 0.737818
v 0.443556 12.406685 0.718891
v 0.351337 12.383923 0.718891
v 0.266348 12.346959 0.718891
v 0.191853 12.297214 0.718891
v 0.130716 12.236599 0.718891
v 0.085289 12.167444 0.718891
v 0.057314 12.092407 0.718891
v 0.047869 12.014371 0.718891
v 0.057314 11.936335 0.718891
v 0.085289 11.861298 0.718891
v 0.130716 11.792143 0.718891
v 0.191853 11.731528 0.718891
v 0.266348 11.681784 0.718891
v 0.351337 11.644819 0.718891
v 0.443556 11.622057 0.718891
v 0.445398 12.406685 0.699965
v 0.354952 12.383923 0.681766
v 0.271595 12.346959 0.664994
v 0.198532 12.297214 0.650293
v 0.138571 12.236599 0.638228
v 0.094015 12.167444 0.629263
v 0.066579 12.092407 0.623743
v 0.057314 12.014371 0.621879
v 0.066579 11.936335 0.623743
v 0.094015 11.861298 0.629263
v 0.138571 11.792143 0.638228
v 0.198532 11.731528 0.650293
v 0.271595 11.681784 0.664994
v 0.354952 11.644819 0.681766
v 0.445398 11.622057 0.699965
v 0.450857 12.406685 0.681766
v 0.365658 12.383923 0.646068
v 0.287136 12.346959 0.613168
v 0.218311 12.297214 0.584331
v 0.161831 12.236599 0.560665
v 0.119861 12.167444 0.543080
v 0.094015 12.092407 0.532251
v 0.085289 12.014371 0.528594
v 0.094015 11.936335 0.532251
v 0.119861 11.861298 0.543080
v 0.161831 11.792143 0.560665
v 0.218311 11.731528 0.584331
v 0.287136 11.681784 0.613168
v 0.365658 11.644819 0.646068
v 0.450857 11.622057 0.681766
v 0.459719 12.406685 0.664994
v 0.383041 12.383923 0.613168
v 0.312374 12.346959 0.565405
v 0.250435 12.297214 0.523540
v 0.199602 12.236599 0.489182
v 0.161831 12.167444 0.463653
v 0.138571 12.092407 0.447931
v 0.130716 12.014371 0.442623
v 0.138571 11.936335 0.447931
v 0.161831 11.861298 0.463653
v 0.199602 11.792143 0.489182
v 0.250435 11.731528 0.523540
v 0.312374 11.681784 0.565405
v 0.383041 11.644819 0.613168
v 0.459719 11.622057 0.664994
v 0.471645 12.406685 0.650293
v 0.406437 12.383923 0.584331
v 0.346340 12.346959 0.523540
v 0.293665 12.297214 0.470256
v 0.250435 12.236599 0.426528
v 0.218311 12.167444 0.394034
v 0.198532 12.092407 0.374025
v 0.191853 12.014371 0.367268
v 0.198532 11.936335 0.374025
v 0.218311 11.861298 0.394034
v 0.250435 11.792143 0.426528
v 0.293665 11.731528 0.470256
v 0.346340 11.681784 0.523540
v 0.406437 11.644819 0.584331
v 0.471645 11.622057 0.650293
v 0.486179 12.406685 0.638228
v 0.434944 12.383923 0.560665
v 0.387728 12.346959 0.489182
v 0.346340 12.297214 0.426528
v 0.312374 12.236599 0.375108
v 0.287136 12.167444 0.336900
v 0.271595 12.092407 0.313371
v 0.266348 12.014371 0.305427
v 0.271595 11.936335 0.313371
v 0.287136 11.861298 0.336900
v 0.312374 11.792143 0.375108
v 0.346340 11.731528 0.426528
v 0.387728 11.681784 0.489182
v 0.434944 11.644819 0.560665
v 0.486179 11.622057 0.638228
v 0.502760 12.406685 0.629263
v 0.467468 12.383923 0.543080
v 0.434944 12.346959 0.463653
v 0.406437 12.297214 0.394034
v 0.383041 12.236599 0.336900
v 0.365658 12.167444 0.294445
v 0.354952 12.092407 0.268301
v 0.351337 12.014371 0.259474
v 0.354952 11.936335 0.268301
v 0.365658 11.861298 0.294445
v 0.383041 11.792143 0.336900
v 0.406437 11.731528 0.394034
v 0.434944 11.681784 0.463653
v 0.467468 11.644819 0.543080
v 0.502760 11.622057 0.629263
v 0.520750 12.406685 0.623743
v 0.502760 12.383923 0.532251
v 0.486179 12.346959 0.447932
v 0.471645 12.297214 0.374024
v 0.459719 12.236599 0.313371
v 0.450857 12.167444 0.268301
v 0.445400 12.092407 0.240548
v 0.443556 12.014371 0.231177
v 0.445400 11.936335 0.240548
v 0.450857 11.861298 0.268301
v 0.459719 11.792143 0.313371
v 0.471645 11.731528 0.374024
v 0.486179 11.681784 0.447932
v 0.502760 11.644819 0.532251
v 0.520750 11.622057 0.623743
v 0.539461 12.406685 0.621879
v 0.539461 12.383923 0.528594
v 0.539461 12.297214 0.367268
v 0.539461 12.167444 0.259474
v 0.539461 11.861298 0.259474
v 0.539461 11.731528 0.367268
v 0.539461 11.681784 0.442623
v 0.539461 11.644819 0.528594
v 0.539461 11.622057 0.621879
v 0.539461 12.656196 -2.812511
v 0.539461 12.571930 -3.157846
v 0.539461 12.433981 -3.329341
v 0.539461 12.253740 -3.422154
v 0.539461 12.156196 -3.434099
v 0.539461 12.058650 -3.422154
v 0.539461 11.878410 -3.329341
v 0.539461 11.656196 -2.812511
v 0.562849 12.646587 -2.931447
v 0.585339 12.618135 -3.045811
v 0.606064 12.571930 -3.151210
v 0.624229 12.509748 -3.243594
v 0.639139 12.433981 -3.319411
v 0.650217 12.347537 -3.375748
v 0.657040 12.253740 -3.410440
v 0.659342 12.156196 -3.422154
v 0.657040 12.058650 -3.410440
v 0.650217 11.964853 -3.375748
v 0.639139 11.878410 -3.319411
v 0.624229 11.802643 -3.243594
v 0.606064 11.740461 -3.151210
v 0.585339 11.694256 -3.045811
v 0.562849 11.665803 -2.931447
v 0.585339 12.646587 -2.924546
v 0.629450 12.618135 -3.032275
v 0.670107 12.571930 -3.131559
v 0.705740 12.509748 -3.218583
v 0.734985 12.433981 -3.289999
v 0.756716 12.347537 -3.343069
v 0.770098 12.253740 -3.375748
v 0.774616 12.156196 -3.386782
v 0.770098 12.058650 -3.375748
v 0.756716 11.964853 -3.343069
v 0.734985 11.878410 -3.289999
v 0.705740 11.802643 -3.218583
v 0.670107 11.740461 -3.131559
v 0.629450 11.694256 -3.032275
v 0.585339 11.665803 -2.924546
v 0.606064 12.646587 -2.913339
v 0.670107 12.618135 -3.010293
v 0.729130 12.571930 -3.099646
v 0.780861 12.509748 -3.177966
v 0.823318 12.433981 -3.242239
v 0.854866 12.347537 -3.289999
v 0.874294 12.253740 -3.319411
v 0.880854 12.156196 -3.329341
v 0.874294 12.058650 -3.319411
v 0.854866 11.964853 -3.289999
v 0.823318 11.878410 -3.242239
v 0.780861 11.802643 -3.177966
v 0.729130 11.740461 -3.099646
v 0.670107 11.694256 -3.010293
v 0.606064 11.665803 -2.913339
v 0.624229 12.646587 -2.898259
v 0.705740 12.618135 -2.980711
v 0.780861 12.571930 -3.056699
v 0.846706 12.509748 -3.123304
v 0.900743 12.433981 -3.177966
v 0.940897 12.347537 -3.218583
v 0.965622 12.253740 -3.243594
v 0.973970 12.156196 -3.252039
v 0.965622 12.058650 -3.243594
v 0.940897 11.964853 -3.218583
v 0.900743 11.878410 -3.177966
v 0.846706 11.802643 -3.123304
v 0.780861 11.740461 -3.056699
v 0.705740 11.694256 -2.980711
v 0.624229 11.665803 -2.898259
v 0.639139 12.646587 -2.879881
v 0.734985 12.618135 -2.944664
v 0.823318 12.571930 -3.004368
v 0.900743 12.509748 -3.056699
v 0.964285 12.433981 -3.099646
v 1.011499 12.347537 -3.131559
v 1.040575 12.253740 -3.151210
v 1.050392 12.156196 -3.157846
v 1.040575 12.058650 -3.151210
v 1.011499 11.964853 -3.131559
v 0.964285 11.878410 -3.099646
v 0.900743 11.802643 -3.056699
v 0.823318 11.740461 -3.004368
v 0.734985 11.694256 -2.944664
v 0.639139 11.665803 -2.879881
v 0.650217 12.646587 -2.858918
v 0.756716 12.618135 -2.903540
v 0.854866 12.571930 -2.944664
v 0.940897 12.509748 -2.980711
v 1.011499 12.433981 -3.010293
v 1.063961 12.347537 -3.032275
v 1.096268 12.253740 -3.045811
v 1.107178 12.156196 -3.050382
v 1.096268 12.058650 -3.045811
v 1.063961 11.964853 -3.032275
v 1.011499 11.878410 -3.010293
v 0.940897 11.802643 -2.980711
v 0.854866 11.740461 -2.944664
v 0.756716 11.694256 -2.903540
v 0.650217 11.665803 -2.858918
v 0.657040 12.646587 -2.836169
v 0.770098 12.618135 -2.858918
v 0.874294 12.571930 -2.879881
v 0.965622 12.509748 -2.898259
v 1.040575 12.433981 -2.913339
v 1.096268 12.347537 -2.924546
v 1.130564 12.253740 -2.931447
v 1.142145 12.156196 -2.933775
v 1.130564 12.058650 -2.931447
v 1.096268 11.964853 -2.924546
v 1.040575 11.878410 -2.913339
v 0.965622 11.802643 -2.898259
v 0.874294 11.740461 -2.879881
v 0.770098 11.694256 -2.858918
v 0.657040 11.665803 -2.836169
v 0.659342 12.646587 -2.812511
v 0.774616 12.618135 -2.812511
v 0.880854 12.571930 -2.812511
v 0.973970 12.509748 -2.812511
v 1.050392 12.433981 -2.812511
v 1.107178 12.347537 -2.812511
v 1.142145 12.253740 -2.812511
v 1.153952 12.156196 -2.812511
v 1.142145 12.058650 -2.812511
v 1.107178 11.964853 -2.812511
v 1.050392 11.878410 -2.812511
v 0.973970 11.802643 -2.812511
v 0.880854 11.740461 -2.812511
v 0.774616 11.694256 -2.812511
v 0.659342 11.665803 -2.812511
v 0.657040 12.646587 -2.788853
v 0.770098 12.618135 -2.766104
v 0.874294 12.571930 -2.745139
v 0.965622 12.509748 -2.726762
v 1.040575 12.433981 -2.711682
v 1.096268 12.347537 -2.700476
v 1.130564 12.253740 -2.693575
v 1.142145 12.156196 -2.691245
v 1.130564 12.058650 -2.693575
v 1.096268 11.964853 -2.700476
v 1.040575 11.878410 -2.711682
v 0.965622 11.802643 -2.726762
v 0.874294 11.740461 -2.745139
v 0.770098 11.694256 -2.766104
v 0.657040 11.665803 -2.788853
v 0.650217 12.646587 -2.766104
v 0.756716 12.618135 -2.721482
v 0.854866 12.571930 -2.680357
v 0.940897 12.509748 -2.644310
v 1.011499 12.433981 -2.614727
v 1.063961 12.347537 -2.592746
v 1.096268 12.253740 -2.579210
v 1.107178 12.156196 -2.574639
v 1.096268 12.058650 -2.579210
v 1.063961 11.964853 -2.592746
v 1.011499 11.878410 -2.614727
v 0.940897 11.802643 -2.644310
v 0.854866 11.740461 -2.680357
v 0.756716 11.694256 -2.721482
v 0.650217 11.665803 -2.766104
v 0.639137 12.646587 -2.745139
v 0.734985 12.618135 -2.680357
v 0.823318 12.571930 -2.620653
v 0.900743 12.509748 -2.568322
v 0.964285 12.433981 -2.525375
v 1.011499 12.347537 -2.493463
v 1.040575 12.253740 -2.473811
v 1.050390 12.156196 -2.467175
v 1.040575 12.058650 -2.473811
v 1.011499 11.964853 -2.493463
v 0.964285 11.878410 -2.525375
v 0.900743 11.802643 -2.568322
v 0.823318 11.740461 -2.620653
v 0.734985 11.694256 -2.680357
v 0.639137 11.665803 -2.745139
v 0.624229 12.646587 -2.726762
v 0.705740 12.618135 -2.644310
v 0.780861 12.571930 -2.568322
v 0.846706 12.509748 -2.501717
v 0.900743 12.433981 -2.447055
v 0.940897 12.347537 -2.406439
v 0.965622 12.253740 -2.381427
v 0.973970 12.156196 -2.372982
v 0.965622 12.058650 -2.381427
v 0.940897 11.964853 -2.406439
v 0.900743 11.878410 -2.447055
v 0.846706 11.802643 -2.501717
v 0.780861 11.740461 -2.568322
v 0.705740 11.694256 -2.644310
v 0.624229 11.665803 -2.726762
v 0.606064 12.646587 -2.711682
v 0.670107 12.618135 -2.614727
v 0.729130 12.571930 -2.525375
v 0.780861 12.509748 -2.447055
v 0.823318 12.433981 -2.382782
v 0.854866 12.347537 -2.335021
v 0.874292 12.253740 -2.305610
v 0.880854 12.156196 -2.295680
v 0.874292 12.058650 -2.305610
v 0.854866 11.964853 -2.335021
v 0.823318 11.878410 -2.382782
v 0.780861 11.802643 -2.447055
v 0.729130 11.740461 -2.525375
v 0.670107 11.694256 -2.614727
v 0.606064 11.665803 -2.711682
v 0.585339 12.646587 -2.700476
v 0.629450 12.618135 -2.592746
v 0.670107 12.571930 -2.493463
v 0.705740 12.509748 -2.406439
v 0.734985 12.433981 -2.335021
v 0.756716 12.347537 -2.281953
v 0.770098 12.253740 -2.249273
v 0.774616 12.156196 -2.238239
v 0.770098 12.058650 -2.249273
v 0.756716 11.964853 -2.281953
v 0.734985 11.878410 -2.335021
v 0.705740 11.802643 -2.406439
v 0.670107 11.740461 -2.493463
v 0.629450 11.694256 -2.592746
v 0.585339 11.665803 -2.700476
v 0.562849 12.646587 -2.693575
v 0.585339 12.618135 -2.579210
v 0.606062 12.571930 -2.473811
v 0.624229 12.509748 -2.381427
v 0.639137 12.433981 -2.305610
v 0.650217 12.347537 -2.249273
v 0.657038 12.253740 -2.214581
v 0.659342 12.156196 -2.202867
v 0.657038 12.058650 -2.214581
v 0.650217 11.964853 -2.249273
v 0.639137 11.878410 -2.305610
v 0.624229 11.802643 -2.381427
v 0.606062 11.740461 -2.473811
v 0.585339 11.694256 -2.579210
v 0.562849 11.665803 -2.693575
v 0.539461 12.646587 -2.691245
v 0.539461 12.618135 -2.574639
v 0.539461 12.571930 -2.467175
v 0.539461 12.509748 -2.372982
v 0.539461 12.433981 -2.295680
v 0.539461 12.347537 -2.238239
v 0.539461 12.253740 -2.202867
v 0.539461 12.156196 -2.190924
v 0.539461 12.058650 -2.202867
v 0.539461 11.964853 -2.238239
v 0.539461 11.878410 -2.295680
v 0.539461 11.802643 -2.372982
v 0.539461 11.740461 -2.467175
v 0.539461 11.694256 -2.574639
v 0.539461 11.665803 -2.691245
v 0.516073 12.646587 -2.693575
v 0.493584 12.618135 -2.579210
v 0.472858 12.571930 -2.473811
v 0.454693 12.509748 -2.381427
v 0.439783 12.433981 -2.305610
v 0.428705 12.347537 -2.249273
v 0.421883 12.253740 -2.214581
v 0.419580 12.156196 -2.202867
v 0.421883 12.058650 -2.214581
v 0.428705 11.964853 -2.249273
v 0.439783 11.878410 -2.305610
v 0.454693 11.802643 -2.381427
v 0.472858 11.740461 -2.473811
v 0.493584 11.694256 -2.579210
v 0.516073 11.665803 -2.693575
v 0.493584 12.646587 -2.700476
v 0.449471 12.618135 -2.592746
v 0.408815 12.571930 -2.493463
v 0.373180 12.509748 -2.406439
v 0.343937 12.433981 -2.335021
v 0.322205 12.347537 -2.281953
v 0.308825 12.253740 -2.249274
v 0.304306 12.156196 -2.238239
v 0.308825 12.058650 -2.249274
v 0.322205 11.964853 -2.281953
v 0.343937 11.878410 -2.335021
v 0.373180 11.802643 -2.406439
v 0.408815 11.740461 -2.493463
v 0.449471 11.694256 -2.592746
v 0.493584 11.665803 -2.700476
v 0.472858 12.646587 -2.711682
v 0.408815 12.618135 -2.614727
v 0.349792 12.571930 -2.525375
v 0.298061 12.509748 -2.447055
v 0.255604 12.433981 -2.382782
v 0.224056 12.347537 -2.335021
v 0.204626 12.253740 -2.305610
v 0.198067 12.156196 -2.295680
v 0.204626 12.058650 -2.305610
v 0.224056 11.964853 -2.335021
v 0.255604 11.878410 -2.382782
v 0.298061 11.802643 -2.447055
v 0.349792 11.740461 -2.525375
v 0.408815 11.694256 -2.614727
v 0.472858 11.665803 -2.711682
v 0.454693 12.646587 -2.726763
v 0.373180 12.618135 -2.644310
v 0.298061 12.571930 -2.568322
v 0.232216 12.509748 -2.501717
v 0.178179 12.433981 -2.447055
v 0.138025 12.347537 -2.406439
v 0.113300 12.253740 -2.381428
v 0.104951 12.156196 -2.372983
v 0.113300 12.058650 -2.381428
v 0.138025 11.964853 -2.406439
v 0.178179 11.878410 -2.447055
v 0.232216 11.802643 -2.501717
v 0.298061 11.740461 -2.568322
v 0.373180 11.694256 -2.644310
v 0.454693 11.665803 -2.726763
v 0.439783 12.646587 -2.745139
v 0.343937 12.618135 -2.680357
v 0.255604 12.571930 -2.620653
v 0.178179 12.509748 -2.568322
v 0.114637 12.433981 -2.525375
v 0.067423 12.347537 -2.493463
v 0.038347 12.253740 -2.473811
v 0.028530 12.156196 -2.467176
v 0.038347 12.058650 -2.473811
v 0.067423 11.964853 -2.493463
v 0.114637 11.878410 -2.525375
v 0.178179 11.802643 -2.568322
v 0.255604 11.740461 -2.620653
v 0.343937 11.694256 -2.680357
v 0.439783 11.665803 -2.745139
v 0.428705 12.646587 -2.766105
v 0.322205 12.618135 -2.721482
v 0.224056 12.571930 -2.680357
v 0.138025 12.509748 -2.644310
v 0.067423 12.433981 -2.614727
v 0.014959 12.347537 -2.592746
v -0.017345 12.253740 -2.579210
v -0.028255 12.156196 -2.574641
v -0.017345 12.058650 -2.579210
v 0.014959 11.964853 -2.592746
v 0.067423 11.878410 -2.614727
v 0.138025 11.802643 -2.644310
v 0.224056 11.740461 -2.680357
v 0.322205 11.694256 -2.721482
v 0.428705 11.665803 -2.766105
v 0.421885 12.646587 -2.788853
v 0.308825 12.618135 -2.766105
v 0.204628 12.571930 -2.745139
v 0.113300 12.509748 -2.726762
v 0.038349 12.433981 -2.711682
v -0.017345 12.347537 -2.700476
v -0.051642 12.253740 -2.693575
v -0.063223 12.156196 -2.691245
v -0.051642 12.058650 -2.693575
v -0.017345 11.964853 -2.700476
v 0.038349 11.878410 -2.711682
v 0.113300 11.802643 -2.726762
v 0.204628 11.740461 -2.745139
v 0.308825 11.694256 -2.766105
v 0.421885 11.665803 -2.788853
v 0.419580 12.646587 -2.812511
v 0.304306 12.618135 -2.812511
v 0.198067 12.571930 -2.812511
v 0.104951 12.509748 -2.812511
v 0.028530 12.433981 -2.812511
v -0.028255 12.347537 -2.812511
v -0.063223 12.253740 -2.812511
v -0.075029 12.156196 -2.812511
v -0.063223 12.058650 -2.812511
v -0.028255 11.964853 -2.812511
v 0.028530 11.878410 -2.812511
v 0.104951 11.802643 -2.812511
v 0.198067 11.740461 -2.812511
v 0.304306 11.694256 -2.812511
v 0.419580 11.665803 -2.812511
v 0.421885 12.646587 -2.836169
v 0.308825 12.618135 -2.858918
v 0.204628 12.571930 -2.879881
v 0.113300 12.509748 -2.898259
v 0.038349 12.433981 -2.913339
v -0.017345 12.347537 -2.924546
v -0.051642 12.253740 -2.931447
v -0.063223 12.156196 -2.933776
v -0.051642 12.058650 -2.931447
v -0.017345 11.964853 -2.924546
v 0.038349 11.878410 -2.913339
v 0.113300 11.802643 -2.898259
v 0.204628 11.740461 -2.879881
v 0.308825 11.694256 -2.858918
v 0.421885 11.665803 -2.836169
v 0.428705 12.646587 -2.858917
v 0.322205 12.618135 -2.903540
v 0.224056 12.571930 -2.944664
v 0.138025 12.509748 -2.980711
v 0.067423 12.433981 -3.010293
v 0.014959 12.347537 -3.032275
v -0.017345 12.253740 -3.045811
v -0.028255 12.156196 -3.050382
v -0.017345 12.058650 -3.045811
v 0.014959 11.964853 -3.032275
v 0.067423 11.878410 -3.010293
v 0.138025 11.802643 -2.980711
v 0.224056 11.740461 -2.944664
v 0.322205 11.694256 -2.903540
v 0.428705 11.665803 -2.858917
v 0.439783 12.646587 -2.879881
v 0.343937 12.618135 -2.944664
v 0.255604 12.571930 -3.004368
v 0.178179 12.509748 -3.056699
v 0.114639 12.433981 -3.099646
v 0.067423 12.347537 -3.131559
v 0.038349 12.253740 -3.151210
v 0.028530 12.156196 -3.157846
v 0.038349 12.058650 -3.151210
v 0.067423 11.964853 -3.131559
v 0.114639 11.878410 -3.099646
v 0.178179 11.802643 -3.056699
v 0.255604 11.740461 -3.004368
v 0.343937 11.694256 -2.944664
v 0.439783 11.665803 -2.879881
v 0.454693 12.646587 -2.898258
v 0.373180 12.618135 -2.980711
v 0.298061 12.571930 -3.056699
v 0.232216 12.509748 -3.123304
v 0.178179 12.433981 -3.177966
v 0.138025 12.347537 -3.218583
v 0.113300 12.253740 -3.243594
v 0.104951 12.156196 -3.252039
v 0.113300 12.058650 -3.243594
v 0.138025 11.964853 -3.218583
v 0.178179 11.878410 -3.177966
v 0.232216 11.802643 -3.123304
v 0.298061 11.740461 -3.056699
v 0.373180 11.694256 -2.980711
v 0.454693 11.665803 -2.898258
v 0.472858 12.646587 -2.913339
v 0.408815 12.618135 -3.010293
v 0.349794 12.571930 -3.099646
v 0.298061 12.509748 -3.177966
v 0.255604 12.433981 -3.242239
v 0.224056 12.347537 -3.289999
v 0.204628 12.253740 -3.319411
v 0.198067 12.156196 -3.329341
v 0.204628 12.058650 -3.319411
v 0.224056 11.964853 -3.289999
v 0.255604 11.878410 -3.242239
v 0.298061 11.802643 -3.177966
v 0.349794 11.740461 -3.099646
v 0.408815 11.694256 -3.010293
v 0.472858 11.665803 -2.913339
v 0.493584 12.646587 -2.924546
v 0.449471 12.618135 -3.032275
v 0.408815 12.571930 -3.131559
v 0.373180 12.509748 -3.218583
v 0.343937 12.433981 -3.289999
v 0.322205 12.347537 -3.343069
v 0.308825 12.253740 -3.375748
v 0.304306 12.156196 -3.386782
v 0.308825 12.058650 -3.375748
v 0.322205 11.964853 -3.343069
v 0.343937 11.878410 -3.289999
v 0.373180 11.802643 -3.218583
v 0.408815 11.740461 -3.131559
v 0.449471 11.694256 -3.032275
v 0.493584 11.665803 -2.924546
v 0.516073 12.646587 -2.931447
v 0.493584 12.618135 -3.045811
v 0.472858 12.571930 -3.151210
v 0.454693 12.509748 -3.243594
v 0.439783 12.433981 -3.319411
v 0.428705 12.347537 -3.375748
v 0.421885 12.253740 -3.410440
v 0.419580 12.156196 -3.422154
v 0.421885 12.058650 -3.410440
v 0.428705 11.964853 -3.375748
v 0.439783 11.878410 -3.319411
v 0.454693 11.802643 -3.243594
v 0.472858 11.740461 -3.151210
v 0.493584 11.694256 -3.045811
v 0.516073 11.665803 -2.931447
v 0.539461 12.646587 -2.933775
v 0.539461 12.618135 -3.050382
v 0.539461 12.509748 -3.252039
v 0.539461 12.347537 -3.386782
v 0.539461 11.964853 -3.386782
v 0.539461 11.802643 -3.252039
v 0.539461 11.740461 -3.157846
v 0.539461 11.694256 -3.050382
v 0.539461 11.665803 -2.933775
v 2.652327 12.198181 -3.822686
v 2.652327 12.156049 -3.995354
v 2.652327 12.087074 -4.081102
v 2.652327 11.996954 -4.127508
v 2.652327 11.948181 -4.133480
v 2.652327 11.899408 -4.127508
v 2.652327 11.809289 -4.081102
v 2.652327 11.698181 -3.822686
v 2.664021 12.193377 -3.882154
v 2.675264 12.179152 -3.939336
v 2.685627 12.156049 -3.992036
v 2.694710 12.124958 -4.038228
v 2.702164 12.087074 -4.076136
v 2.707703 12.043852 -4.104304
v 2.711113 11.996954 -4.121651
v 2.712265 11.948181 -4.127508
v 2.711113 11.899408 -4.121651
v 2.707703 11.852510 -4.104304
v 2.702164 11.809289 -4.076136
v 2.694710 11.771404 -4.038228
v 2.685627 11.740314 -3.992036
v 2.675264 11.717212 -3.939336
v 2.664021 11.702985 -3.882154
v 2.675264 12.193377 -3.878703
v 2.697321 12.179152 -3.932568
v 2.717649 12.156049 -3.982211
v 2.735466 12.124958 -4.025721
v 2.750088 12.087074 -4.061430
v 2.760954 12.043852 -4.087965
v 2.767645 11.996954 -4.104304
v 2.769905 11.948181 -4.109822
v 2.767645 11.899408 -4.104304
v 2.760954 11.852510 -4.087965
v 2.750088 11.809289 -4.061430
v 2.735466 11.771404 -4.025721
v 2.717649 11.740314 -3.982211
v 2.697321 11.717212 -3.932568
v 2.675264 11.702985 -3.878703
v 2.685627 12.193377 -3.873101
v 2.717649 12.179152 -3.921577
v 2.747160 12.156049 -3.966254
v 2.773026 12.124958 -4.005414
v 2.794254 12.087074 -4.037550
v 2.810028 12.043852 -4.061430
v 2.819742 11.996954 -4.076136
v 2.823023 11.948181 -4.081102
v 2.819742 11.899408 -4.076136
v 2.810028 11.852510 -4.061430
v 2.794254 11.809289 -4.037550
v 2.773026 11.771404 -4.005414
v 2.747160 11.740314 -3.966254
v 2.717649 11.717212 -3.921577
v 2.685627 11.702985 -3.873101
v 2.694710 12.193377 -3.865560
v 2.735466 12.179152 -3.906786
v 2.773026 12.156049 -3.944781
v 2.805950 12.124958 -3.978083
v 2.832966 12.087074 -4.005414
v 2.853043 12.043852 -4.025721
v 2.865408 11.996954 -4.038228
v 2.869581 11.948181 -4.042450
v 2.865408 11.899408 -4.038228
v 2.853043 11.852510 -4.025721
v 2.832966 11.809289 -4.005414
v 2.805950 11.771404 -3.978083
v 2.773026 11.740314 -3.944781
v 2.735466 11.717212 -3.906786
v 2.694710 11.702985 -3.865560
v 2.702164 12.193377 -3.856372
v 2.750088 12.179152 -3.888763
v 2.794254 12.156049 -3.918616
v 2.832966 12.124958 -3.944781
v 2.864738 12.087074 -3.966254
v 2.888346 12.043852 -3.982211
v 2.902882 11.996954 -3.992036
v 2.907791 11.948181 -3.995354
v 2.902882 11.899408 -3.992036
v 2.888346 11.852510 -3.982211
v 2.864738 11.809289 -3.966254
v 2.832966 11.771404 -3.944781
v 2.794254 11.740314 -3.918616
v 2.750088 11.717212 -3.888763
v 2.702164 11.702985 -3.856372
v 2.707703 12.193377 -3.845890
v 2.760954 12.179152 -3.868201
v 2.810028 12.156049 -3.888763
v 2.853043 12.124958 -3.906786
v 2.888346 12.087074 -3.921577
v 2.914576 12.043852 -3.932568
v 2.930729 11.996954 -3.939336
v 2.936184 11.948181 -3.941622
v 2.930729 11.899408 -3.939336
v 2.914576 11.852510 -3.932568
v 2.888346 11.809289 -3.921577
v 2.853043 11.771404 -3.906786
v 2.810028 11.740314 -3.888763
v 2.760954 11.717212 -3.868201
v 2.707703 11.702985 -3.845890
v 2.711113 12.193377 -3.834515
v 2.767645 12.179152 -3.845890
v 2.819742 12.156049 -3.856372
v 2.865408 12.124958 -3.865560
v 2.902882 12.087074 -3.873101
v 2.930729 12.043852 -3.878703
v 2.947876 11.996954 -3.882154
v 2.953669 11.948181 -3.883318
v 2.947876 11.899408 -3.882154
v 2.930729 11.852510 -3.878703
v 2.902882 11.809289 -3.873101
v 2.865408 11.771404 -3.865560
v 2.819742 11.740314 -3.856372
v 2.767645 11.717212 -3.845890
v 2.711113 11.702985 -3.834515
v 2.712265 12.193377 -3.822686
v 2.769905 12.179152 -3.822686
v 2.823023 12.156049 -3.822686
v 2.869581 12.124958 -3.822686
v 2.907791 12.087074 -3.822686
v 2.936184 12.043852 -3.822686
v 2.953669 11.996954 -3.822686
v 2.959572 11.948181 -3.822686
v 2.953669 11.899408 -3.822686
v 2.936184 11.852510 -3.822686
v 2.907791 11.809289 -3.822686
v 2.869581 11.771404 -3.822686
v 2.823023 11.740314 -3.822686
v 2.769905 11.717212 -3.822686
v 2.712265 11.702985 -3.822686
v 2.711113 12.193377 -3.810857
v 2.767645 12.179152 -3.799483
v 2.819742 12.156049 -3.789000
v 2.865408 12.124958 -3.779812
v 2.902882 12.087074 -3.772272
v 2.930729 12.043852 -3.766669
v 2.947876 11.996954 -3.763218
v 2.953669 11.948181 -3.762053
v 2.947876 11.899408 -3.763218
v 2.930729 11.852510 -3.766669
v 2.902882 11.809289 -3.772272
v 2.865408 11.771404 -3.779812
v 2.819742 11.740314 -3.789000
v 2.767645 11.717212 -3.799483
v 2.711113 11.702985 -3.810857
v 2.707703 12.193377 -3.799483
v 2.760954 12.179152 -3.777172
v 2.810028 12.156049 -3.756609
v 2.853043 12.124958 -3.738586
v 2.888344 12.087074 -3.723795
v 2.914576 12.043852 -3.712804
v 2.930729 11.996954 -3.706036
v 2.936182 11.948181 -3.703750
v 2.930729 11.899408 -3.706036
v 2.914576 11.852510 -3.712804
v 2.888344 11.809289 -3.723795
v 2.853043 11.771404 -3.738586
v 2.810028 11.740314 -3.756609
v 2.760954 11.717212 -3.777172
v 2.707703 11.702985 -3.799483
v 2.702164 12.193377 -3.789000
v 2.750088 12.179152 -3.756609
v 2.794254 12.156049 -3.726757
v 2.832966 12.124958 -3.700592
v 2.864738 12.087074 -3.679118
v 2.888346 12.043852 -3.663162
v 2.902882 11.996954 -3.653336
v 2.907791 11.948181 -3.650018
v 2.902882 11.899408 -3.653336
v 2.888346 11.852510 -3.663162
v 2.864738 11.809289 -3.679118
v 2.832966 11.771404 -3.700592
v 2.794254 11.740314 -3.726757
v 2.750088 11.717212 -3.756609
v 2.702164 11.702985 -3.789000
v 2.694710 12.193377 -3.779812
v 2.735466 12.179152 -3.738586
v 2.773026 12.156049 -3.700592
v 2.805950 12.124958 -3.667289
v 2.832966 12.087074 -3.639959
v 2.853043 12.043852 -3.619650
v 2.865408 11.996954 -3.607144
v 2.869581 11.948181 -3.602922
v 2.865408 11.899408 -3.607144
v 2.853043 11.852510 -3.619650
v 2.832966 11.809289 -3.639959
v 2.805950 11.771404 -3.667289
v 2.773026 11.740314 -3.700592
v 2.735466 11.717212 -3.738586
v 2.694710 11.702985 -3.779812
v 2.685627 12.193377 -3.772272
v 2.717649 12.179152 -3.723795
v 2.747160 12.156049 -3.679118
v 2.773026 12.124958 -3.639959
v 2.794254 12.087074 -3.607821
v 2.810028 12.043852 -3.583941
v 2.819742 11.996954 -3.569235
v 2.823021 11.948181 -3.564270
v 2.819742 11.899408 -3.569235
v 2.810028 11.852510 -3.583941
v 2.794254 11.809289 -3.607821
v 2.773026 11.771404 -3.639959
v 2.747160 11.740314 -3.679118
v 2.717649 11.717212 -3.723795
v 2.685627 11.702985 -3.772272
v 2.675264 12.193377 -3.766669
v 2.697321 12.179152 -3.712804
v 2.717649 12.156049 -3.663162
v 2.735466 12.124958 -3.619650
v 2.750088 12.087074 -3.583941
v 2.760954 12.043852 -3.557407
v 2.767645 11.996954 -3.541068
v 2.769903 11.948181 -3.535551
v 2.767645 11.899408 -3.541068
v 2.760954 11.852510 -3.557407
v 2.750088 11.809289 -3.583941
v 2.735466 11.771404 -3.619650
v 2.717649 11.740314 -3.663162
v 2.697321 11.717212 -3.712804
v 2.675264 11.702985 -3.766669
v 2.664021 12.193377 -3.763218
v 2.675264 12.179152 -3.706036
v 2.685627 12.156049 -3.653337
v 2.694710 12.124958 -3.607144
v 2.702164 12.087074 -3.569235
v 2.707703 12.043852 -3.541068
v 2.711113 11.996954 -3.523721
v 2.712265 11.948181 -3.517865
v 2.711113 11.899408 -3.523721
v 2.707703 11.852510 -3.541068
v 2.702164 11.809289 -3.569235
v 2.694710 11.771404 -3.607144
v 2.685627 11.740314 -3.653337
v 2.675264 11.717212 -3.706036
v 2.664021 11.702985 -3.763218
v 2.652327 12.193377 -3.762053
v 2.652327 12.179152 -3.703750
v 2.652327 12.156049 -3.650018
v 2.652327 12.124958 -3.602922
v 2.652327 12.087074 -3.564270
v 2.652327 12.043852 -3.535551
v 2.652327 11.996954 -3.517865
v 2.652327 11.948181 -3.511893
v 2.652327 11.899408 -3.517865
v 2.652327 11.852510 -3.535551
v 2.652327 11.809289 -3.564270
v 2.652327 11.771404 -3.602922
v 2.652327 11.740314 -3.650018
v 2.652327 11.717212 -3.703750
v 2.652327 11.702985 -3.762053
v 2.640631 12.193377 -3.763218
v 2.629387 12.179152 -3.706036
v 2.619024 12.156049 -3.653337
v 2.609941 12.124958 -3.607144
v 2.602488 12.087074 -3.569236
v 2.596949 12.043852 -3.541068
v 2.593538 11.996954 -3.523721
v 2.592386 11.948181 -3.517865
v 2.593538 11.899408 -3.523721
v 2.596949 11.852510 -3.541068
v 2.602488 11.809289 -3.569236
v 2.609941 11.771404 -3.607144
v 2.619024 11.740314 -3.653337
v 2.629387 11.717212 -3.706036
v 2.640631 11.702985 -3.763218
v 2.629387 12.193377 -3.766669
v 2.607330 12.179152 -3.712804
v 2.587002 12.156049 -3.663162
v 2.569185 12.124958 -3.619650
v 2.554564 12.087074 -3.583941
v 2.543699 12.043852 -3.557407
v 2.537008 11.996954 -3.541068
v 2.534748 11.948181 -3.535551
v 2.537008 11.899408 -3.541068
v 2.543699 11.852510 -3.557407
v 2.554564 11.809289 -3.583941
v 2.569185 11.771404 -3.619650
v 2.587002 11.740314 -3.663162
v 2.607330 11.717212 -3.712804
v 2.629387 11.702985 -3.766669
v 2.619024 12.193377 -3.772272
v 2.587002 12.179152 -3.723795
v 2.557493 12.156049 -3.679119
v 2.531626 12.124958 -3.639959
v 2.510397 12.087074 -3.607821
v 2.494623 12.043852 -3.583941
v 2.484909 11.996954 -3.569236
v 2.481628 11.948181 -3.564270
v 2.484909 11.899408 -3.569236
v 2.494623 11.852510 -3.583941
v 2.510397 11.809289 -3.607821
v 2.531626 11.771404 -3.639959
v 2.557493 11.740314 -3.679119
v 2.587002 11.717212 -3.723795
v 2.619024 11.702985 -3.772272
v 2.609941 12.193377 -3.779812
v 2.569185 12.179152 -3.738586
v 2.531626 12.156049 -3.700592
v 2.498703 12.124958 -3.667289
v 2.471685 12.087074 -3.639959
v 2.451609 12.043852 -3.619650
v 2.439243 11.996954 -3.607144
v 2.435070 11.948181 -3.602922
v 2.439243 11.899408 -3.607144
v 2.451609 11.852510 -3.619650
v 2.471685 11.809289 -3.639959
v 2.498703 11.771404 -3.667289
v 2.531626 11.740314 -3.700592
v 2.569185 11.717212 -3.738586
v 2.609941 11.702985 -3.779812
v 2.602488 12.193377 -3.789000
v 2.554564 12.179152 -3.756609
v 2.510397 12.156049 -3.726757
v 2.471685 12.124958 -3.700592
v 2.439915 12.087074 -3.679119
v 2.416307 12.043852 -3.663162
v 2.401770 11.996954 -3.653337
v 2.396860 11.948181 -3.650018
v 2.401770 11.899408 -3.653337
v 2.416307 11.852510 -3.663162
v 2.439915 11.809289 -3.679119
v 2.471685 11.771404 -3.700592
v 2.510397 11.740314 -3.726757
v 2.554564 11.717212 -3.756609
v 2.602488 11.702985 -3.789000
v 2.596949 12.193377 -3.799483
v 2.543699 12.179152 -3.777172
v 2.494623 12.156049 -3.756609
v 2.451609 12.124958 -3.738586
v 2.416307 12.087074 -3.723795
v 2.390076 12.043852 -3.712804
v 2.373922 11.996954 -3.706036
v 2.368469 11.948181 -3.703750
v 2.373922 11.899408 -3.706036
v 2.390076 11.852510 -3.712804
v 2.416307 11.809289 -3.723795
v 2.451609 11.771404 -3.738586
v 2.494623 11.740314 -3.756609
v 2.543699 11.717212 -3.777172
v 2.596949 11.702985 -3.799483
v 2.593538 12.193377 -3.810857
v 2.537008 12.179152 -3.799483
v 2.484909 12.156049 -3.789000
v 2.439243 12.124958 -3.779812
v 2.401770 12.087074 -3.772272
v 2.373922 12.043852 -3.766669
v 2.356775 11.996954 -3.763218
v 2.350985 11.948181 -3.762053
v 2.356775 11.899408 -3.763218
v 2.373922 11.852510 -3.766669
v 2.401770 11.809289 -3.772272
v 2.439243 11.771404 -3.779812
v 2.484909 11.740314 -3.789000
v 2.537008 11.717212 -3.799483
v 2.593538 11.702985 -3.810857
v 2.592386 12.193377 -3.822686
v 2.534748 12.179152 -3.822686
v 2.481630 12.156049 -3.822686
v 2.435070 12.124958 -3.822686
v 2.396860 12.087074 -3.822686
v 2.368467 12.043852 -3.822686
v 2.350985 11.996954 -3.822686
v 2.345081 11.948181 -3.822686
v 2.350985 11.899408 -3.822686
v 2.368467 11.852510 -3.822686
v 2.396860 11.809289 -3.822686
v 2.435070 11.771404 -3.822686
v 2.481630 11.740314 -3.822686
v 2.534748 11.717212 -3.822686
v 2.592386 11.702985 -3.822686
v 2.593538 12.193377 -3.834515
v 2.537008 12.179152 -3.845890
v 2.484909 12.156049 -3.856372
v 2.439243 12.124958 -3.865560
v 2.401770 12.087074 -3.873101
v 2.373922 12.043852 -3.878703
v 2.356775 11.996954 -3.882154
v 2.350985 11.948181 -3.883318
v 2.356775 11.899408 -3.882154
v 2.373922 11.852510 -3.878703
v 2.401770 11.809289 -3.873101
v 2.439243 11.771404 -3.865560
v 2.484909 11.740314 -3.856372
v 2.537008 11.717212 -3.845890
v 2.593538 11.702985 -3.834515
v 2.596949 12.193377 -3.845890
v 2.543699 12.179152 -3.868201
v 2.494623 12.156049 -3.888763
v 2.451609 12.124958 -3.906786
v 2.416307 12.087074 -3.921577
v 2.390076 12.043852 -3.932568
v 2.373922 11.996954 -3.939336
v 2.368469 11.948181 -3.941622
v 2.373922 11.899408 -3.939336
v 2.390076 11.852510 -3.932568
v 2.416307 11.809289 -3.921577
v 2.451609 11.771404 -3.906786
v 2.494623 11.740314 -3.888763
v 2.543699 11.717212 -3.868201
v 2.596949 11.702985 -3.845890
v 2.602488 12.193377 -3.856372
v 2.554564 12.179152 -3.888763
v 2.510397 12.156049 -3.918616
v 2.471685 12.124958 -3.944781
v 2.439915 12.087074 -3.966254
v 2.416307 12.043852 -3.982211
v 2.401770 11.996954 -3.992036
v 2.396860 11.948181 -3.995354
v 2.401770 11.899408 -3.992036
v 2.416307 11.852510 -3.982211
v 2.439915 11.809289 -3.966254
v 2.471685 11.771404 -3.944781
v 2.510397 11.740314 -3.918616
v 2.554564 11.717212 -3.888763
v 2.602488 11.702985 -3.856372
v 2.609941 12.193377 -3.865560
v 2.569187 12.179152 -3.906786
v 2.531626 12.156049 -3.944781
v 2.498703 12.124958 -3.978083
v 2.471685 12.087074 -4.005414
v 2.451609 12.043852 -4.025721
v 2.439243 11.996954 -4.038228
v 2.435070 11.948181 -4.042450
v 2.439243 11.899408 -4.038228
v 2.451609 11.852510 -4.025721
v 2.471685 11.809289 -4.005414
v 2.498703 11.771404 -3.978083
v 2.531626 11.740314 -3.944781
v 2.569187 11.717212 -3.906786
v 2.609941 11.702985 -3.865560
v 2.619024 12.193377 -3.873101
v 2.587002 12.179152 -3.921577
v 2.557493 12.156049 -3.966254
v 2.531626 12.124958 -4.005414
v 2.510397 12.087074 -4.037550
v 2.494623 12.043852 -4.061430
v 2.484909 11.996954 -4.076136
v 2.481630 11.948181 -4.081101
v 2.484909 11.899408 -4.076136
v 2.494623 11.852510 -4.061430
v 2.510397 11.809289 -4.037550
v 2.531626 11.771404 -4.005414
v 2.557493 11.740314 -3.966254
v 2.587002 11.717212 -3.921577
v 2.619024 11.702985 -3.873101
v 2.629387 12.193377 -3.878703
v 2.607330 12.179152 -3.932568
v 2.587002 12.156049 -3.982211
v 2.569187 12.124958 -4.025721
v 2.554564 12.087074 -4.061430
v 2.543699 12.043852 -4.087965
v 2.537008 11.996954 -4.104304
v 2.534748 11.948181 -4.109822
v 2.537008 11.899408 -4.104304
v 2.543699 11.852510 -4.087965
v 2.554564 11.809289 -4.061430
v 2.569187 11.771404 -4.025721
v 2.587002 11.740314 -3.982211
v 2.607330 11.717212 -3.932568
v 2.629387 11.702985 -3.878703
v 2.640631 12.193377 -3.882154
v 2.629387 12.179152 -3.939336
v 2.619024 12.156049 -3.992035
v 2.609941 12.124958 -4.038228
v 2.602488 12.087074 -4.076136
v 2.596949 12.043852 -4.104304
v 2.593538 11.996954 -4.121651
v 2.592386 11.948181 -4.127508
v 2.593538 11.899408 -4.121651
v 2.596949 11.852510 -4.104304
v 2.602488 11.809289 -4.076136
v 2.609941 11.771404 -4.038228
v 2.619024 11.740314 -3.992035
v 2.629387 11.717212 -3.939336
v 2.640631 11.702985 -3.882154
v 2.652327 12.193377 -3.883318
v 2.652327 12.179152 -3.941622
v 2.652327 12.124958 -4.042450
v 2.652327 12.043852 -4.109822
v 2.652327 11.852510 -4.109822
v 2.652327 11.771404 -4.042450
v 2.652327 11.740314 -3.995354
v 2.652327 11.717212 -3.941622
v 2.652327 11.702985 -3.883318
v 3.873814 11.256161 1.746883
v 3.873814 26.256161 1.746883
v 3.918770 11.256161 1.751362
v 3.918770 26.256161 1.751362
v 3.961998 11.256161 1.764627
v 3.961998 26.256161 1.764627
v 4.001837 11.256161 1.786167
v 4.001837 26.256161 1.786167
v 4.036757 11.256161 1.815155
v 4.036757 26.256161 1.815155
v 4.065414 11.256161 1.850477
v 4.065414 26.256161 1.850477
v 4.086708 11.256161 1.890777
v 4.086708 26.256161 1.890777
v 4.099819 11.256161 1.934504
v 4.099819 26.256161 1.934504
v 4.104248 11.256161 1.979979
v 4.104248 26.256161 1.979979
v 4.099819 11.256161 2.025454
v 4.099819 26.256161 2.025454
v 4.086708 11.256161 2.069180
v 4.086708 26.256161 2.069180
v 4.065414 11.256161 2.109480
v 4.065414 26.256161 2.109480
v 4.036757 11.256161 2.144802
v 4.036757 26.256161 2.144802
v 4.001837 11.256161 2.173790
v 4.001837 26.256161 2.173790
v 3.961998 11.256161 2.195331
v 3.961998 26.256161 2.195331
v 3.918770 11.256161 2.208595
v 3.918770 26.256161 2.208595
v 3.873814 11.256161 2.213074
v 3.873814 26.256161 2.213074
v 3.828857 11.256161 2.208595
v 3.828857 26.256161 2.208595
v 3.785631 11.256161 2.195331
v 3.785631 26.256161 2.195331
v 3.745790 11.256161 2.173790
v 3.745790 26.256161 2.173790
v 3.710873 11.256161 2.144802
v 3.710873 26.256161 2.144802
v 3.682215 11.256161 2.109480
v 3.682215 26.256161 2.109480
v 3.660919 11.256161 2.069180
v 3.660919 26.256161 2.069180
v 3.647808 11.256161 2.025454
v 3.647808 26.256161 2.025454
v 3.643381 11.256161 1.979979
v 3.643381 26.256161 1.979979
v 3.647808 11.256161 1.934504
v 3.647808 26.256161 1.934504
v 3.660919 11.256161 1.890777
v 3.660919 26.256161 1.890777
v 3.682215 11.256161 1.850477
v 3.682215 26.256161 1.850477
v 3.710873 11.256161 1.815155
v 3.710873 26.256161 1.815155
v 3.745790 11.256161 1.786167
v 3.745790 26.256161 1.786167
v 3.785631 11.256161 1.764627
v 3.785631 26.256161 1.764627
v 3.828857 11.256161 1.751362
v 3.828857 26.256161 1.751362
v 3.873814 11.592768 1.047597
v 3.873814 13.592768 1.047597
v 4.053637 11.592768 1.065513
v 4.053637 13.592768 1.065513
v 4.226547 11.592768 1.118571
v 4.226547 13.592768 1.118571
v 4.385904 11.592768 1.204732
v 4.385904 13.592768 1.204732
v 4.525579 11.592768 1.320686
v 4.525579 13.592768 1.320686
v 4.640209 11.592768 1.461976
v 4.640209 13.592768 1.461976
v 4.725388 11.592768 1.623172
v 4.725388 13.592768 1.623172
v 4.777840 11.592768 1.798080
v 4.777840 13.592768 1.798080
v 4.795553 11.592768 1.979979
v 4.795553 13.592768 1.979979
v 4.777840 11.592768 2.161877
v 4.777840 13.592768 2.161877
v 4.725388 11.592768 2.336786
v 4.725388 13.592768 2.336786
v 4.640209 11.592768 2.497983
v 4.640209 13.592768 2.497983
v 4.525579 11.592768 2.639272
v 4.525579 13.592768 2.639272
v 4.385904 11.592768 2.755225
v 4.385904 13.592768 2.755225
v 4.226547 11.592768 2.841387
v 4.226547 13.592768 2.841387
v 4.053637 11.592768 2.894444
v 4.053637 13.592768 2.894444
v 3.873814 11.592768 2.912360
v 3.873814 13.592768 2.912360
v 3.693993 11.592768 2.894444
v 3.693993 13.592768 2.894444
v 3.521080 11.592768 2.841387
v 3.521080 13.592768 2.841387
v 3.361723 11.592768 2.755225
v 3.361723 13.592768 2.755225
v 3.222048 11.592768 2.639272
v 3.222048 13.592768 2.639272
v 3.107420 11.592768 2.497983
v 3.107420 13.592768 2.497983
v 3.022240 11.592768 2.336786
v 3.022240 13.592768 2.336786
v 2.969788 11.592768 2.161877
v 2.969788 13.592768 2.161877
v 2.952078 11.592768 1.979979
v 2.952078 13.592768 1.979979
v 2.969788 11.592768 1.798080
v 2.969788 13.592768 1.798080
v 3.022240 11.592768 1.623172
v 3.022240 13.592768 1.623172
v 3.107420 11.592768 1.461976
v 3.107420 13.592768 1.461976
v 3.222048 11.592768 1.320686
v 3.222048 13.592768 1.320686
v 3.361723 11.592768 1.204732
v 3.361723 13.592768 1.204732
v 3.521080 11.592768 1.118571
v 3.521080 13.592768 1.118571
v 3.693993 11.592768 1.065513
v 3.693993 13.592768 1.065513
v 3.873814 20.608391 0.861121
v 3.873814 21.008389 0.861121
v 4.089600 20.608391 0.882619
v 4.089600 21.008389 0.882619
v 4.297092 20.608391 0.946289
v 4.297092 21.008389 0.946289
v 4.488321 20.608391 1.049683
v 4.488321 21.008389 1.049683
v 4.655935 20.608391 1.188827
v 4.655935 21.008389 1.188827
v 4.793491 20.608391 1.358375
v 4.793491 21.008389 1.358375
v 4.895702 20.608391 1.551811
v 4.895702 21.008389 1.551811
v 4.958645 20.608391 1.761701
v 4.958645 21.008389 1.761701
v 4.979898 20.608391 1.979979
v 4.979898 21.008389 1.979979
v 4.958645 20.608391 2.198257
v 4.958645 21.008389 2.198257
v 4.895702 20.608391 2.408147
v 4.895702 21.008389 2.408147
v 4.793491 20.608391 2.601583
v 4.793491 21.008389 2.601583
v 4.655935 20.608391 2.771130
v 4.655935 21.008389 2.771130
v 4.488321 20.608391 2.910275
v 4.488321 21.008389 2.910275
v 4.297092 20.608391 3.013668
v 4.297092 21.008389 3.013668
v 4.089600 20.608391 3.077338
v 4.089600 21.008389 3.077338
v 3.873814 20.608391 3.098836
v 3.873814 21.008389 3.098836
v 3.658028 20.608391 3.077338
v 3.658028 21.008389 3.077338
v 3.450535 20.608391 3.013668
v 3.450535 21.008389 3.013668
v 3.259306 20.608391 2.910275
v 3.259306 21.008389 2.910275
v 3.091694 20.608391 2.771130
v 3.091694 21.008389 2.771130
v 2.954140 20.608391 2.601583
v 2.954140 21.008389 2.601583
v 2.851925 20.608391 2.408147
v 2.851925 21.008389 2.408147
v 2.788984 20.608391 2.198257
v 2.788984 21.008389 2.198257
v 2.767731 20.608391 1.979979
v 2.767731 21.008389 1.979979
v 2.788984 20.608391 1.761701
v 2.788984 21.008389 1.761701
v 2.851925 20.608391 1.551811
v 2.851925 21.008389 1.551811
v 2.954140 20.608391 1.358375
v 2.954140 21.008389 1.358375
v 3.091694 20.608391 1.188827
v 3.091694 21.008389 1.188827
v 3.259306 20.608391 1.049683
v 3.259306 21.008389 1.049683
v 3.450535 20.608391 0.946289
v 3.450535 21.008389 0.946289
v 3.658028 20.608391 0.882619
v 3.658028 21.008389 0.882619
v 4.208509 20.953350 2.045096
v 4.208509 21.453350 2.045096
v 4.298420 20.953350 2.054054
v 4.298420 21.453350 2.054054
v 4.384876 20.953350 2.080583
v 4.384876 21.453350 2.080583
v 4.464554 20.953350 2.123663
v 4.464554 21.453350 2.123663
v 4.534393 20.953350 2.181640
v 4.534393 21.453350 2.181640
v 4.591707 20.953350 2.252285
v 4.591707 21.453350 2.252285
v 4.634296 20.953350 2.332883
v 4.634296 21.453350 2.332883
v 4.660522 20.953350 2.420338
v 4.660522 21.453350 2.420338
v 4.669376 20.953350 2.511287
v 4.669376 21.453350 2.511287
v 4.660522 20.953350 2.602236
v 4.660522 21.453350 2.602236
v 4.634296 20.953350 2.689691
v 4.634296 21.453350 2.689691
v 4.591707 20.953350 2.770288
v 4.591707 21.453350 2.770288
v 4.534393 20.953350 2.840933
v 4.534393 21.453350 2.840933
v 4.464554 20.953350 2.898911
v 4.464554 21.453350 2.898911
v 4.384876 20.953350 2.941991
v 4.384876 21.453350 2.941991
v 4.298420 20.953350 2.968520
v 4.298420 21.453350 2.968520
v 4.208509 20.953350 2.977478
v 4.208509 21.453350 2.977478
v 4.118597 20.953350 2.968520
v 4.118597 21.453350 2.968520
v 4.032141 20.953350 2.941991
v 4.032141 21.453350 2.941991
v 3.952465 20.953350 2.898911
v 3.952465 21.453350 2.898911
v 3.882626 20.953350 2.840933
v 3.882626 21.453350 2.840933
v 3.825310 20.953350 2.770288
v 3.825310 21.453350 2.770288
v 3.782722 20.953350 2.689691
v 3.782722 21.453350 2.689691
v 3.756496 20.953350 2.602236
v 3.756496 21.453350 2.602236
v 3.747641 20.953350 2.511287
v 3.747641 21.453350 2.511287
v 3.756496 20.953350 2.420338
v 3.756496 21.453350 2.420338
v 3.782722 20.953350 2.332883
v 3.782722 21.453350 2.332883
v 3.825310 20.953350 2.252285
v 3.825310 21.453350 2.252285
v 3.882626 20.953350 2.181640
v 3.882626 21.453350 2.181640
v 3.952465 20.953350 2.123663
v 3.952465 21.453350 2.123663
v 4.032141 20.953350 2.080583
v 4.032141 21.453350 2.080583
v 4.118597 20.953350 2.054054
v 4.118597 21.453350 2.054054
vn -1.0000 -0.0000 -0.0000
vn -0.0000 -0.0000 -1.0000
vn 1.0000 -0.0000 -0.0000
vn -0.0000 -0.0000 1.0000
vn -0.0000 -1.0000 -0.0000
vn -0.0000 1.0000 -0.0000
vn 0.0040 -0.0000 1.0000
vn 0.0125 -0.0000 -0.9999
vn -0.7206 -0.0000 -0.6934
vn -0.7141 -0.0000 0.7000
vn 0.7133 -0.0000 -0.7008
vn -0.6758 0.2955 0.6753
vn 0.7141 -0.0000 0.7000
vn 0.6786 0.3115 0.6652
vn -0.6847 0.3114 -0.6589
vn 0.6751 0.2954 -0.6760
vn -0.7105 -0.0436 0.7024
vn -0.6832 0.3060 -0.6631
vn 0.7105 0.0436 -0.7024
vn 0.6832 -0.3060 0.6631
vn 0.1329 -0.9050 -0.4041
vn -0.1364 0.9032 0.4070
vn 0.3702 0.9239 -0.0968
vn -0.3672 -0.9254 0.0934
vn -0.7105 -0.0436 -0.7024
vn 0.6709 0.3061 -0.6755
vn 0.7105 0.0436 0.7024
vn -0.6709 -0.3061 0.6755
vn 0.4080 -0.9035 0.1312
vn -0.4110 0.9016 -0.1346
vn 0.0981 0.9252 0.3665
vn -0.0946 -0.9268 -0.3635
vn 0.7105 -0.0436 0.7024
vn -0.6709 0.3061 0.6755
vn -0.7105 0.0436 -0.7024
vn 0.6709 -0.3061 -0.6755
vn -0.4080 -0.9035 -0.1312
vn 0.4110 0.9016 0.1346
vn -0.0981 0.9252 -0.3665
vn 0.0946 -0.9268 0.3635
vn 0.7105 -0.0436 -0.7024
vn 0.6832 0.3060 0.6631
vn -0.7105 0.0436 0.7024
vn -0.6832 -0.3060 -0.6631
vn -0.1329 -0.9050 0.4041
vn 0.1364 0.9032 -0.4070
vn -0.3702 0.9239 0.0968
vn 0.3672 -0.9254 -0.0934
vn 0.0236 -0.9712 -0.2370
vn 0.0984 0.1209 -0.9878
vn 0.0079 0.9968 -0.0790
vn 0.0079 -0.9968 -0.0790
vn 0.0984 -0.1209 -0.9878
vn 0.0236 0.9712 -0.2370
vn 0.0928 -0.3513 -0.9316
vn 0.0393 0.9180 -0.3947
vn 0.0827 -0.5516 -0.8300
vn 0.0548 0.8333 -0.5501
vn 0.0696 -0.7124 -0.6983
vn 0.0696 0.7124 -0.6983
vn 0.0548 -0.8333 -0.5501
vn 0.0827 0.5516 -0.8300
vn 0.0393 -0.9180 -0.3947
vn 0.0928 0.3513 -0.9316
vn 0.2448 0.5512 -0.7977
vn 0.1164 -0.9178 -0.3795
vn 0.2747 0.3511 -0.8952
vn 0.0699 -0.9712 -0.2279
vn 0.2912 0.1208 -0.9490
vn 0.0233 0.9968 -0.0759
vn 0.0233 -0.9968 -0.0759
vn 0.2912 -0.1208 -0.9490
vn 0.0699 0.9712 -0.2279
vn 0.2747 -0.3511 -0.8952
vn 0.1165 0.9178 -0.3795
vn 0.2448 -0.5512 -0.7977
vn 0.1623 0.8331 -0.5288
vn 0.2059 -0.7121 -0.6712
vn 0.2060 0.7121 -0.6712
vn 0.1623 -0.8331 -0.5288
vn 0.4454 -0.3506 -0.8238
vn 0.1890 0.9176 -0.3496
vn 0.3970 -0.5506 -0.7343
vn 0.2634 0.8327 -0.4871
vn 0.3342 -0.7115 -0.6181
vn 0.3342 0.7116 -0.6181
vn 0.2634 -0.8327 -0.4871
vn 0.3970 0.5506 -0.7343
vn 0.1890 -0.9176 -0.3496
vn 0.4454 0.3506 -0.8238
vn 0.1135 -0.9711 -0.2100
vn 0.4722 0.1207 -0.8732
vn 0.0378 0.9968 -0.0700
vn 0.0378 -0.9968 -0.0700
vn 0.4722 -0.1207 -0.8732
vn 0.1135 0.9711 -0.2100
vn 0.2543 -0.9173 -0.3063
vn 0.5983 0.3499 -0.7208
vn 0.1528 -0.9710 -0.1840
vn 0.6341 0.1204 -0.7638
vn 0.0509 0.9968 -0.0613
vn 0.0509 -0.9968 -0.0613
vn 0.6341 -0.1204 -0.7638
vn 0.1528 0.9710 -0.1840
vn 0.5983 -0.3499 -0.7208
vn 0.2543 0.9173 -0.3064
vn 0.5335 -0.5498 -0.6427
vn 0.3542 0.8321 -0.4267
vn 0.4493 -0.7108 -0.5412
vn 0.4493 0.7108 -0.5412
vn 0.3542 -0.8321 -0.4267
vn 0.5335 0.5498 -0.6427
vn 0.6491 -0.5490 -0.5266
vn 0.4313 0.8316 -0.3499
vn 0.5468 -0.7100 -0.4436
vn 0.5468 0.7100 -0.4437
vn 0.4313 -0.8316 -0.3499
vn 0.6491 0.5490 -0.5266
vn 0.3098 -0.9170 -0.2514
vn 0.7277 0.3492 -0.5903
vn 0.1862 -0.9708 -0.1510
vn 0.7709 0.1201 -0.6255
vn 0.0621 0.9968 -0.0504
vn 0.0621 -0.9968 -0.0504
vn 0.7709 -0.1202 -0.6255
vn 0.1861 0.9708 -0.1510
vn 0.7277 -0.3493 -0.5903
vn 0.3098 0.9170 -0.2513
vn 0.2123 -0.9707 -0.1122
vn 0.8778 0.1199 -0.4639
vn 0.0708 0.9968 -0.0374
vn 0.0708 -0.9968 -0.0374
vn 0.8778 -0.1199 -0.4638
vn 0.2123 0.9707 -0.1122
vn 0.8287 -0.3486 -0.4379
vn 0.3533 0.9167 -0.1867
vn 0.7395 -0.5481 -0.3908
vn 0.4918 0.8310 -0.2599
vn 0.6232 -0.7093 -0.3293
vn 0.6232 0.7093 -0.3293
vn 0.4918 -0.8310 -0.2599
vn 0.7395 0.5482 -0.3908
vn 0.3533 -0.9167 -0.1867
vn 0.8287 0.3486 -0.4379
vn 0.5333 0.8306 -0.1600
vn 0.6757 -0.7088 -0.2027
vn 0.6757 0.7088 -0.2027
vn 0.5334 -0.8306 -0.1599
vn 0.8015 0.5475 -0.2403
vn 0.3833 -0.9165 -0.1150
vn 0.8979 0.3481 -0.2693
vn 0.2304 -0.9707 -0.0691
vn 0.9510 0.1197 -0.2852
vn 0.0768 0.9968 -0.0230
vn 0.0768 -0.9968 -0.0230
vn 0.9510 -0.1197 -0.2852
vn 0.2304 0.9706 -0.0691
vn 0.8979 -0.3481 -0.2693
vn 0.3833 0.9165 -0.1150
vn 0.8015 -0.5475 -0.2404
vn 0.9882 0.1196 -0.0962
vn 0.0799 0.9968 -0.0078
vn 0.0799 -0.9968 -0.0078
vn 0.9881 -0.1196 -0.0962
vn 0.2396 0.9706 -0.0233
vn 0.9331 -0.3479 -0.0909
vn 0.3985 0.9163 -0.0388
vn 0.8330 -0.5472 -0.0811
vn 0.5545 0.8304 -0.0540
vn 0.7024 -0.7085 -0.0684
vn 0.7024 0.7085 -0.0683
vn 0.5545 -0.8304 -0.0540
vn 0.8331 0.5472 -0.0811
vn 0.3985 -0.9163 -0.0388
vn 0.9331 0.3479 -0.0908
vn 0.2396 -0.9706 -0.0233
vn 0.7024 -0.7085 0.0684
vn 0.7024 0.7085 0.0683
vn 0.5545 -0.8304 0.0540
vn 0.8331 0.5472 0.0811
vn 0.3985 -0.9163 0.0388
vn 0.9331 0.3479 0.0908
vn 0.2396 -0.9706 0.0233
vn 0.9882 0.1196 0.0962
vn 0.0799 0.9968 0.0078
vn 0.0799 -0.9968 0.0078
vn 0.9881 -0.1196 0.0962
vn 0.2396 0.9706 0.0233
vn 0.9331 -0.3479 0.0909
vn 0.3985 0.9163 0.0388
vn 0.8330 -0.5472 0.0811
vn 0.5545 0.8304 0.0540
vn 0.0768 0.9968 0.0230
vn 0.0768 -0.9968 0.0230
vn 0.9510 -0.1197 0.2852
vn 0.2304 0.9706 0.0691
vn 0.8979 -0.3481 0.2693
vn 0.3833 0.9164 0.1150
vn 0.8015 -0.5475 0.2404
vn 0.5334 0.8306 0.1600
vn 0.6757 -0.7088 0.2027
vn 0.6757 0.7088 0.2026
vn 0.5334 -0.8306 0.1599
vn 0.8015 0.5475 0.2403
vn 0.3833 -0.9165 0.1150
vn 0.8979 0.3481 0.2693
vn 0.2304 -0.9706 0.0691
vn 0.9510 0.1197 0.2852
vn 0.6232 0.7093 0.3293
vn 0.4918 -0.8310 0.2599
vn 0.7395 0.5482 0.3908
vn 0.3533 -0.9167 0.1867
vn 0.8287 0.3486 0.4379
vn 0.2123 -0.9707 0.1122
vn 0.8778 0.1199 0.4639
vn 0.0708 0.9968 0.0374
vn 0.0708 -0.9968 0.0374
vn 0.8778 -0.1199 0.4638
vn 0.2123 0.9707 0.1122
vn 0.8287 -0.3486 0.4379
vn 0.3533 0.9167 0.1867
vn 0.7395 -0.5482 0.3908
vn 0.4918 0.8310 0.2599
vn 0.6232 -0.7093 0.3293
vn 0.7710 -0.1201 0.6255
vn 0.1861 0.9708 0.1510
vn 0.7277 -0.3493 0.5904
vn 0.3098 0.9170 0.2513
vn 0.6491 -0.5490 0.5266
vn 0.4313 0.8316 0.3499
vn 0.5468 -0.7100 0.4436
vn 0.5468 0.7100 0.4437
vn 0.4313 -0.8316 0.3499
vn 0.6491 0.5490 0.5266
vn 0.3098 -0.9170 0.2513
vn 0.7277 0.3492 0.5904
vn 0.1862 -0.9708 0.1511
vn 0.7709 0.1201 0.6255
vn 0.0621 0.9968 0.0504
vn 0.0621 -0.9968 0.0504
vn 0.3542 -0.8321 0.4267
vn 0.5335 0.5498 0.6427
vn 0.2543 -0.9173 0.3063
vn 0.5983 0.3499 0.7208
vn 0.1528 -0.9710 0.1840
vn 0.6341 0.1204 0.7638
vn 0.0509 0.9968 0.0613
vn 0.0509 -0.9968 0.0613
vn 0.6341 -0.1204 0.7638
vn 0.1528 0.9710 0.1840
vn 0.5984 -0.3499 0.7208
vn 0.2543 0.9173 0.3064
vn 0.5335 -0.5498 0.6427
vn 0.3542 0.8321 0.4267
vn 0.4493 -0.7108 0.5412
vn 0.4493 0.7108 0.5412
vn 0.4454 -0.3506 0.8238
vn 0.1890 0.9176 0.3496
vn 0.3970 -0.5506 0.7343
vn 0.2634 0.8327 0.4871
vn 0.3342 -0.7116 0.6181
vn 0.3342 0.7116 0.6181
vn 0.2634 -0.8327 0.4871
vn 0.3970 0.5506 0.7343
vn 0.1890 -0.9176 0.3496
vn 0.4454 0.3506 0.8238
vn 0.1135 -0.9711 0.2100
vn 0.4722 0.1206 0.8732
vn 0.0378 0.9968 0.0700
vn 0.0378 -0.9968 0.0700
vn 0.4721 -0.1207 0.8732
vn 0.1135 0.9711 0.2100
vn 0.1164 -0.9178 0.3795
vn 0.2747 0.3511 0.8952
vn 0.0699 -0.9712 0.2279
vn 0.2912 0.1208 0.9490
vn 0.0233 0.9968 0.0759
vn 0.0233 -0.9968 0.0759
vn 0.2912 -0.1208 0.9490
vn 0.0699 0.9712 0.2279
vn 0.2747 -0.3510 0.8952
vn 0.1164 0.9179 0.3795
vn 0.2448 -0.5512 0.7977
vn 0.1623 0.8331 0.5288
vn 0.2060 -0.7121 0.6712
vn 0.2059 0.7121 0.6712
vn 0.1623 -0.8331 0.5288
vn 0.2448 0.5512 0.7977
vn 0.0393 0.9180 0.3947
vn 0.0827 -0.5516 0.8300
vn 0.0548 0.8333 0.5501
vn 0.0696 -0.7124 0.6983
vn 0.0696 0.7124 0.6983
vn 0.0548 -0.8333 0.5501
vn 0.0827 0.5516 0.8300
vn 0.0393 -0.9180 0.3947
vn 0.0928 0.3513 0.9316
vn 0.0236 -0.9712 0.2370
vn 0.0984 0.1209 0.9878
vn 0.0079 0.9968 0.0790
vn 0.0079 -0.9968 0.0790
vn 0.0984 -0.1209 0.9878
vn 0.0236 0.9712 0.2370
vn 0.0928 -0.3513 0.9316
vn -0.0928 0.3513 0.9316
vn -0.0236 -0.9712 0.2369
vn -0.0984 0.1209 0.9878
vn -0.0079 0.9968 0.0790
vn -0.0079 -0.9968 0.0790
vn -0.0984 -0.1209 0.9878
vn -0.0236 0.9712 0.2370
vn -0.0928 -0.3513 0.9316
vn -0.0393 0.9180 0.3947
vn -0.0827 -0.5516 0.8300
vn -0.0548 0.8333 0.5501
vn -0.0696 -0.7124 0.6983
vn -0.0696 0.7124 0.6983
vn -0.0548 -0.8333 0.5501
vn -0.0827 0.5515 0.8300
vn -0.0393 -0.9180 0.3947
vn -0.2448 -0.5512 0.7977
vn -0.1623 0.8331 0.5288
vn -0.2060 -0.7121 0.6712
vn -0.2060 0.7121 0.6712
vn -0.1623 -0.8331 0.5288
vn -0.2448 0.5512 0.7976
vn -0.1164 -0.9178 0.3795
vn -0.2747 0.3511 0.8952
vn -0.0699 -0.9712 0.2279
vn -0.2912 0.1208 0.9490
vn -0.0233 0.9968 0.0760
vn -0.0233 -0.9968 0.0760
vn -0.2912 -0.1209 0.9490
vn -0.0699 0.9712 0.2279
vn -0.2747 -0.3511 0.8952
vn -0.1165 0.9179 0.3794
vn -0.1135 -0.9711 0.2100
vn -0.4721 0.1207 0.8732
vn -0.0379 0.9968 0.0700
vn -0.0378 -0.9968 0.0700
vn -0.4721 -0.1206 0.8732
vn -0.1135 0.9711 0.2100
vn -0.4454 -0.3506 0.8238
vn -0.1890 0.9176 0.3496
vn -0.3970 -0.5506 0.7343
vn -0.2634 0.8327 0.4871
vn -0.3342 -0.7116 0.6181
vn -0.3342 0.7116 0.6181
vn -0.2634 -0.8327 0.4871
vn -0.3970 0.5506 0.7343
vn -0.1890 -0.9176 0.3496
vn -0.4454 0.3506 0.8238
vn -0.3542 0.8321 0.4267
vn -0.4493 -0.7108 0.5412
vn -0.4493 0.7108 0.5412
vn -0.3542 -0.8321 0.4267
vn -0.5335 0.5498 0.6427
vn -0.2543 -0.9173 0.3063
vn -0.5984 0.3500 0.7208
vn -0.1528 -0.9710 0.1840
vn -0.6341 0.1204 0.7638
vn -0.0509 0.9968 0.0614
vn -0.0509 -0.9968 0.0614
vn -0.6341 -0.1204 0.7638
vn -0.1528 0.9710 0.1841
vn -0.5984 -0.3499 0.7208
vn -0.2543 0.9173 0.3064
vn -0.5335 -0.5498 0.6427
vn -0.7709 0.1201 0.6255
vn -0.0621 0.9968 0.0503
vn -0.0620 -0.9968 0.0503
vn -0.7709 -0.1201 0.6255
vn -0.1861 0.9708 0.1510
vn -0.7277 -0.3493 0.5904
vn -0.3098 0.9170 0.2513
vn -0.6491 -0.5489 0.5266
vn -0.4313 0.8316 0.3499
vn -0.5468 -0.7101 0.4436
vn -0.5468 0.7100 0.4437
vn -0.4313 -0.8316 0.3499
vn -0.6491 0.5490 0.5266
vn -0.3098 -0.9170 0.2513
vn -0.7277 0.3492 0.5904
vn -0.1861 -0.9709 0.1510
vn -0.6232 -0.7093 0.3294
vn -0.6232 0.7093 0.3293
vn -0.4918 -0.8310 0.2598
vn -0.7395 0.5482 0.3907
vn -0.3533 -0.9167 0.1867
vn -0.8287 0.3486 0.4379
vn -0.2123 -0.9707 0.1122
vn -0.8778 0.1199 0.4638
vn -0.0708 0.9968 0.0374
vn -0.0708 -0.9968 0.0374
vn -0.8778 -0.1199 0.4638
vn -0.2123 0.9707 0.1122
vn -0.8287 -0.3486 0.4379
vn -0.3533 0.9167 0.1867
vn -0.7395 -0.5482 0.3908
vn -0.4918 0.8310 0.2599
vn -0.0768 -0.9968 0.0230
vn -0.9510 -0.1197 0.2852
vn -0.2304 0.9706 0.0691
vn -0.8979 -0.3481 0.2692
vn -0.3833 0.9165 0.1149
vn -0.8015 -0.5476 0.2403
vn -0.5333 0.8306 0.1599
vn -0.6757 -0.7088 0.2027
vn -0.6757 0.7088 0.2026
vn -0.5334 -0.8306 0.1599
vn -0.8015 0.5475 0.2403
vn -0.3833 -0.9165 0.1149
vn -0.8979 0.3481 0.2693
vn -0.2304 -0.9706 0.0690
vn -0.9510 0.1197 0.2852
vn -0.0768 0.9968 0.0230
vn -0.5545 -0.8304 0.0540
vn -0.8330 0.5472 0.0811
vn -0.3985 -0.9163 0.0388
vn -0.9331 0.3479 0.0909
vn -0.2396 -0.9706 0.0233
vn -0.9881 0.1196 0.0962
vn -0.0799 0.9968 0.0078
vn -0.0799 -0.9968 0.0078
vn -0.9882 -0.1196 0.0962
vn -0.2396 0.9706 0.0233
vn -0.9331 -0.3479 0.0908
vn -0.3985 0.9163 0.0388
vn -0.8330 -0.5472 0.0811
vn -0.5545 0.8304 0.0540
vn -0.7024 -0.7085 0.0684
vn -0.7024 0.7085 0.0684
vn -0.2396 0.9706 -0.0233
vn -0.9331 -0.3479 -0.0908
vn -0.3985 0.9163 -0.0388
vn -0.8330 -0.5472 -0.0811
vn -0.5545 0.8304 -0.0540
vn -0.7024 -0.7085 -0.0684
vn -0.7024 0.7085 -0.0684
vn -0.5545 -0.8304 -0.0540
vn -0.8330 0.5472 -0.0811
vn -0.3985 -0.9163 -0.0388
vn -0.9331 0.3479 -0.0909
vn -0.2396 -0.9706 -0.0233
vn -0.9881 0.1196 -0.0962
vn -0.0799 0.9968 -0.0078
vn -0.0799 -0.9968 -0.0078
vn -0.9882 -0.1196 -0.0962
vn -0.8015 0.5475 -0.2403
vn -0.3833 -0.9165 -0.1149
vn -0.8979 0.3481 -0.2693
vn -0.2304 -0.9706 -0.0690
vn -0.9510 0.1197 -0.2852
vn -0.0768 0.9968 -0.0230
vn -0.0768 -0.9968 -0.0230
vn -0.9510 -0.1197 -0.2852
vn -0.2304 0.9706 -0.0691
vn -0.8979 -0.3481 -0.2692
vn -0.3833 0.9165 -0.1149
vn -0.8015 -0.5476 -0.2403
vn -0.5334 0.8306 -0.1599
vn -0.6757 -0.7088 -0.2027
vn -0.6757 0.7088 -0.2026
vn -0.5334 -0.8306 -0.1599
vn -0.8287 -0.3486 -0.4379
vn -0.3533 0.9167 -0.1867
vn -0.7395 -0.5481 -0.3908
vn -0.4918 0.8310 -0.2599
vn -0.6232 -0.7093 -0.3294
vn -0.6232 0.7093 -0.3293
vn -0.4918 -0.8310 -0.2598
vn -0.7395 0.5482 -0.3907
vn -0.3533 -0.9167 -0.1867
vn -0.8287 0.3486 -0.4379
vn -0.2123 -0.9707 -0.1122
vn -0.8778 0.1199 -0.4638
vn -0.0708 0.9968 -0.0374
vn -0.0708 -0.9968 -0.0374
vn -0.8778 -0.1199 -0.4638
vn -0.2123 0.9707 -0.1122
vn -0.3098 -0.9170 -0.2514
vn -0.7277 0.3492 -0.5904
vn -0.1862 -0.9708 -0.1510
vn -0.7709 0.1201 -0.6255
vn -0.0621 0.9968 -0.0503
vn -0.0621 -0.9968 -0.0503
vn -0.7709 -0.1202 -0.6255
vn -0.1861 0.9708 -0.1510
vn -0.7277 -0.3492 -0.5904
vn -0.3098 0.9170 -0.2513
vn -0.6491 -0.5489 -0.5266
vn -0.4313 0.8316 -0.3499
vn -0.5468 -0.7101 -0.4436
vn -0.5468 0.7100 -0.4437
vn -0.4313 -0.8316 -0.3499
vn -0.6491 0.5490 -0.5266
vn -0.2543 0.9173 -0.3064
vn -0.5335 -0.5498 -0.6427
vn -0.3542 0.8321 -0.4267
vn -0.4493 -0.7108 -0.5412
vn -0.4493 0.7108 -0.5412
vn -0.3542 -0.8321 -0.4267
vn -0.5335 0.5498 -0.6427
vn -0.2543 -0.9173 -0.3063
vn -0.5984 0.3499 -0.7208
vn -0.1527 -0.9710 -0.1840
vn -0.6341 0.1204 -0.7638
vn -0.0509 0.9968 -0.0614
vn -0.0509 -0.9968 -0.0614
vn -0.6341 -0.1204 -0.7638
vn -0.1528 0.9710 -0.1840
vn -0.5983 -0.3499 -0.7208
vn -0.4454 0.3506 -0.8238
vn -0.1136 -0.9711 -0.2100
vn -0.4721 0.1207 -0.8732
vn -0.0378 0.9968 -0.0700
vn -0.0378 -0.9968 -0.0700
vn -0.4721 -0.1206 -0.8732
vn -0.1135 0.9711 -0.2100
vn -0.4454 -0.3506 -0.8238
vn -0.1891 0.9176 -0.3496
vn -0.3970 -0.5506 -0.7343
vn -0.2634 0.8327 -0.4871
vn -0.3342 -0.7116 -0.6181
vn -0.3342 0.7116 -0.6181
vn -0.2634 -0.8327 -0.4871
vn -0.3970 0.5506 -0.7343
vn -0.1890 -0.9176 -0.3496
vn -0.2448 -0.5512 -0.7977
vn -0.1623 0.8331 -0.5288
vn -0.2060 -0.7121 -0.6712
vn -0.2060 0.7121 -0.6712
vn -0.1623 -0.8331 -0.5288
vn -0.2448 0.5512 -0.7976
vn -0.1164 -0.9178 -0.3795
vn -0.2747 0.3511 -0.8951
vn -0.0699 -0.9712 -0.2279
vn -0.2912 0.1208 -0.9490
vn -0.0233 0.9968 -0.0760
vn -0.0233 -0.9968 -0.0760
vn -0.2912 -0.1208 -0.9490
vn -0.0699 0.9712 -0.2279
vn -0.2747 -0.3511 -0.8952
vn -0.1164 0.9179 -0.3795
vn -0.0236 -0.9712 -0.2369
vn -0.0984 0.1209 -0.9878
vn -0.0079 0.9968 -0.0790
vn -0.0079 -0.9968 -0.0790
vn -0.0984 -0.1210 -0.9878
vn -0.0236 0.9712 -0.2370
vn -0.0928 -0.3513 -0.9316
vn -0.0393 0.9180 -0.3947
vn -0.0827 -0.5515 -0.8300
vn -0.0548 0.8333 -0.5501
vn -0.0696 -0.7124 -0.6983
vn -0.0696 0.7124 -0.6983
vn -0.0548 -0.8333 -0.5501
vn -0.0827 0.5515 -0.8300
vn -0.0393 -0.9180 -0.3947
vn -0.0928 0.3513 -0.9316
vn 0.0827 0.5515 -0.8300
vn 0.2912 -0.1209 -0.9490
vn 0.1164 0.9179 -0.3795
vn 0.2059 0.7121 -0.6712
vn 0.1623 -0.8331 -0.5289
vn 0.4454 -0.3505 -0.8239
vn 0.1890 -0.9176 -0.3497
vn 0.4455 0.3506 -0.8238
vn 0.4722 0.1206 -0.8732
vn 0.0379 0.9968 -0.0700
vn 0.4721 -0.1206 -0.8732
vn 0.2543 -0.9173 -0.3064
vn 0.5984 0.3499 -0.7208
vn 0.2543 0.9173 -0.3063
vn 0.4493 -0.7108 -0.5411
vn 0.5468 0.7101 -0.4436
vn 0.6491 0.5489 -0.5266
vn 0.3098 -0.9170 -0.2513
vn 0.7277 0.3493 -0.5903
vn 0.1861 -0.9709 -0.1510
vn 0.0620 0.9968 -0.0503
vn 0.0620 -0.9968 -0.0503
vn 0.7710 -0.1201 -0.6254
vn 0.7276 -0.3492 -0.5904
vn 0.2123 -0.9707 -0.1121
vn 0.8778 0.1199 -0.4638
vn 0.4918 0.8310 -0.2598
vn 0.7395 0.5482 -0.3907
vn 0.5334 0.8306 -0.1599
vn 0.6757 -0.7088 -0.2026
vn 0.6757 0.7088 -0.2026
vn 0.5333 -0.8306 -0.1600
vn 0.8015 0.5475 -0.2404
vn 0.3833 -0.9164 -0.1150
vn 0.2304 -0.9706 -0.0690
vn 0.3833 0.9165 -0.1149
vn 0.8015 -0.5476 -0.2403
vn 0.9882 0.1196 -0.0961
vn 0.9881 -0.1196 -0.0963
vn 0.8330 -0.5473 -0.0811
vn 0.7024 -0.7085 -0.0683
vn 0.7024 0.7085 -0.0684
vn 0.8330 0.5472 -0.0811
vn 0.9331 0.3479 -0.0909
vn 0.2396 -0.9706 -0.0234
vn 0.7024 -0.7085 0.0683
vn 0.7024 0.7085 0.0684
vn 0.8330 0.5472 0.0811
vn 0.9331 0.3479 0.0909
vn 0.2396 -0.9706 0.0234
vn 0.9882 0.1196 0.0961
vn 0.9881 -0.1196 0.0963
vn 0.8330 -0.5473 0.0811
vn 0.3833 0.9165 0.1149
vn 0.8015 -0.5476 0.2403
vn 0.5334 0.8306 0.1599
vn 0.6757 -0.7088 0.2026
vn 0.5333 -0.8306 0.1600
vn 0.8015 0.5475 0.2404
vn 0.3833 -0.9164 0.1150
vn 0.2304 -0.9706 0.0690
vn 0.7395 0.5482 0.3907
vn 0.2123 -0.9707 0.1121
vn 0.8778 0.1199 0.4638
vn 0.8287 -0.3486 0.4378
vn 0.7395 -0.5481 0.3908
vn 0.4918 0.8310 0.2598
vn 0.7710 -0.1201 0.6254
vn 0.7276 -0.3492 0.5904
vn 0.5468 0.7100 0.4436
vn 0.6491 0.5489 0.5267
vn 0.7277 0.3493 0.5903
vn 0.1861 -0.9709 0.1510
vn 0.0620 0.9968 0.0503
vn 0.0621 -0.9968 0.0503
vn 0.2543 -0.9173 0.3064
vn 0.5984 0.3500 0.7208
vn 0.5983 -0.3499 0.7208
vn 0.4493 -0.7109 0.5411
vn 0.4454 -0.3506 0.8239
vn 0.3342 -0.7115 0.6181
vn 0.3342 0.7115 0.6181
vn 0.1891 -0.9176 0.3496
vn 0.4455 0.3506 0.8238
vn 0.0379 0.9968 0.0700
vn 0.4721 -0.1206 0.8732
vn 0.2747 -0.3511 0.8952
vn 0.2059 -0.7121 0.6712
vn 0.1623 -0.8330 0.5289
vn 0.0827 0.5515 0.8300
vn 0.0237 -0.9712 0.2370
vn 0.0984 0.1210 0.9878
vn 0.0078 0.9968 0.0790
vn -0.0236 -0.9712 0.2370
vn -0.0984 0.1210 0.9878
vn -0.0078 0.9968 0.0790
vn -0.0827 -0.5515 0.8300
vn -0.2447 -0.5512 0.7977
vn -0.2059 -0.7121 0.6712
vn -0.2059 0.7121 0.6712
vn -0.0700 -0.9712 0.2279
vn -0.0233 0.9968 0.0759
vn -0.0233 -0.9968 0.0759
vn -0.2912 -0.1208 0.9490
vn -0.2747 -0.3510 0.8952
vn -0.1164 0.9179 0.3795
vn -0.4721 0.1206 0.8732
vn -0.4721 -0.1207 0.8732
vn -0.1890 0.9176 0.3497
vn -0.2634 0.8327 0.4872
vn -0.1891 -0.9176 0.3496
vn -0.5983 0.3499 0.7208
vn -0.0509 0.9968 0.0613
vn -0.0509 -0.9968 0.0613
vn -0.6341 -0.1204 0.7639
vn -0.7710 0.1201 0.6254
vn -0.0621 0.9968 0.0504
vn -0.0621 -0.9968 0.0504
vn -0.1861 0.9709 0.1510
vn -0.7277 -0.3492 0.5903
vn -0.6491 -0.5489 0.5267
vn -0.4313 0.8316 0.3500
vn -0.5468 -0.7100 0.4436
vn -0.3098 -0.9170 0.2514
vn -0.7276 0.3492 0.5904
vn -0.1861 -0.9708 0.1511
vn -0.6232 -0.7093 0.3293
vn -0.4918 -0.8311 0.2598
vn -0.7395 0.5481 0.3907
vn -0.2123 -0.9707 0.1123
vn -0.7395 -0.5482 0.3907
vn -0.9510 -0.1197 0.2851
vn -0.2304 0.9707 0.0690
vn -0.8979 -0.3481 0.2693
vn -0.5334 0.8306 0.1600
vn -0.6757 0.7088 0.2027
vn -0.5333 -0.8306 0.1599
vn -0.8015 0.5476 0.2404
vn -0.2304 -0.9706 0.0691
vn -0.5545 -0.8304 0.0541
vn -0.2396 -0.9706 0.0234
vn -0.9881 -0.1196 0.0962
vn -0.9331 -0.3479 0.0909
vn -0.7024 0.7085 0.0683
vn -0.9331 -0.3479 -0.0909
vn -0.7024 0.7085 -0.0683
vn -0.5545 -0.8304 -0.0541
vn -0.2396 -0.9706 -0.0234
vn -0.9881 -0.1196 -0.0962
vn -0.8015 0.5476 -0.2404
vn -0.2304 -0.9706 -0.0691
vn -0.9510 -0.1197 -0.2851
vn -0.2304 0.9706 -0.0690
vn -0.8979 -0.3481 -0.2693
vn -0.5334 0.8306 -0.1600
vn -0.6757 -0.7087 -0.2027
vn -0.6757 0.7088 -0.2027
vn -0.5333 -0.8306 -0.1599
vn -0.7395 -0.5482 -0.3907
vn -0.6232 -0.7093 -0.3293
vn -0.7395 0.5481 -0.3907
vn -0.1861 -0.9708 -0.1511
vn -0.7710 0.1202 -0.6255
vn -0.0620 0.9968 -0.0504
vn -0.0620 -0.9968 -0.0504
vn -0.7709 -0.1201 -0.6255
vn -0.1861 0.9709 -0.1510
vn -0.7277 -0.3492 -0.5903
vn -0.6491 -0.5489 -0.5267
vn -0.4313 0.8316 -0.3500
vn -0.5468 -0.7100 -0.4437
vn -0.3542 0.8322 -0.4267
vn -0.1528 -0.9710 -0.1840
vn -0.0509 0.9968 -0.0613
vn -0.0509 -0.9968 -0.0613
vn -0.1528 0.9710 -0.1841
vn -0.1135 -0.9711 -0.2100
vn -0.0379 0.9968 -0.0700
vn -0.4721 -0.1207 -0.8732
vn -0.1890 0.9176 -0.3496
vn -0.2634 0.8326 -0.4872
vn -0.1891 -0.9176 -0.3496
vn -0.2059 -0.7121 -0.6712
vn -0.2059 0.7121 -0.6712
vn -0.2747 0.3511 -0.8952
vn -0.0233 0.9968 -0.0759
vn -0.0233 -0.9968 -0.0759
vn -0.0237 -0.9712 -0.2370
vn -0.0984 0.1210 -0.9878
vn -0.0984 -0.1209 -0.9878
vn -0.0827 0.5516 -0.8300
vn -0.0928 0.3514 -0.9316
vn 0.0827 -0.5515 -0.8300
vn 0.2747 -0.3511 -0.8951
vn 0.3342 0.7116 -0.6180
vn 0.5984 -0.3499 -0.7208
vn 0.4313 0.8316 -0.3500
vn 0.7277 0.3493 -0.5904
vn 0.1861 -0.9708 -0.1510
vn 0.0620 0.9968 -0.0504
vn 0.0620 -0.9968 -0.0504
vn 0.7710 -0.1201 -0.6255
vn 0.7277 -0.3492 -0.5904
vn 0.7395 -0.5482 -0.3907
vn 0.4918 -0.8310 -0.2598
vn 0.8015 0.5476 -0.2404
vn 0.3833 -0.9165 -0.1149
vn 0.2304 -0.9706 -0.0691
vn 0.0768 0.9968 -0.0231
vn 0.0768 -0.9968 -0.0231
vn 0.9881 0.1196 -0.0962
vn 0.8330 0.5472 -0.0812
vn 0.8330 0.5472 0.0812
vn 0.9881 0.1196 0.0962
vn 0.0768 0.9968 0.0231
vn 0.0768 -0.9968 0.0231
vn 0.3833 0.9165 0.1150
vn 0.6757 0.7088 0.2027
vn 0.8015 0.5476 0.2404
vn 0.3833 -0.9165 0.1149
vn 0.4918 -0.8310 0.2598
vn 0.7395 -0.5482 0.3907
vn 0.4313 0.8316 0.3500
vn 0.6491 0.5489 0.5266
vn 0.7277 0.3493 0.5904
vn 0.1861 -0.9708 0.1510
vn 0.0620 0.9968 0.0504
vn 0.3342 0.7116 0.6180
vn 0.2634 -0.8327 0.4872
vn -0.2448 -0.5512 0.7976
vn -0.2060 -0.7122 0.6711
vn -0.2448 0.5512 0.7977
vn -0.1164 0.9178 0.3795
vn -0.2543 -0.9173 0.3064
vn -0.1528 0.9710 0.1840
vn -0.0621 -0.9968 0.0503
vn -0.6491 0.5489 0.5266
vn -0.8015 -0.5476 0.2404
vn -0.5334 0.8306 0.1599
vn -0.6757 -0.7088 0.2026
vn -0.5333 -0.8306 0.1600
vn -0.8979 0.3482 -0.2693
vn -0.8015 -0.5476 -0.2404
vn -0.6757 -0.7088 -0.2026
vn -0.5334 -0.8306 -0.1600
vn -0.3098 -0.9170 -0.2513
vn -0.1861 -0.9709 -0.1510
vn -0.0620 0.9968 -0.0503
vn -0.0620 -0.9968 -0.0503
vn -0.2543 -0.9173 -0.3064
vn -0.5983 0.3499 -0.7208
vn -0.5984 -0.3499 -0.7208
vn -0.2060 -0.7121 -0.6711
vn -0.2912 -0.1209 -0.9490
vn -0.1164 0.9178 -0.3795
vn -0.0928 -0.3514 -0.9316
vn 0.1164 -0.9179 -0.3795
vn 0.0699 -0.9712 -0.2278
vn 0.3342 -0.7116 -0.6181
vn 0.4721 0.1207 -0.8732
vn 0.0509 0.9968 -0.0614
vn 0.0509 -0.9968 -0.0614
vn 0.5468 0.7100 -0.4436
vn 0.7277 0.3492 -0.5904
vn 0.0621 0.9968 -0.0503
vn 0.7709 -0.1201 -0.6255
vn 0.7277 -0.3493 -0.5904
vn 0.5334 0.8306 -0.1600
vn 0.8015 -0.5476 -0.2404
vn 0.9331 -0.3479 -0.0908
vn 0.9331 -0.3479 0.0908
vn 0.8015 -0.5476 0.2404
vn 0.7709 -0.1201 0.6255
vn 0.0621 0.9968 0.0503
vn 0.5984 0.3499 0.7208
vn 0.0509 0.9968 0.0614
vn 0.0509 -0.9968 0.0614
vn 0.2543 0.9173 0.3063
vn 0.4721 0.1206 0.8732
vn 0.1164 0.9178 0.3795
vn 0.2448 0.5512 0.7976
vn 0.0984 -0.1210 0.9878
vn -0.0827 0.5516 0.8300
vn -0.1164 -0.9179 0.3795
vn -0.2912 0.1209 0.9490
vn -0.1136 -0.9711 0.2100
vn -0.1528 -0.9710 0.1841
vn -0.2543 0.9173 0.3063
vn -0.5468 0.7100 0.4436
vn -0.1861 -0.9708 0.1510
vn -0.4918 -0.8310 0.2599
vn -0.9331 0.3479 0.0908
vn -0.9331 0.3479 -0.0908
vn -0.7395 -0.5482 -0.3908
vn -0.4918 -0.8310 -0.2599
vn -0.7395 0.5482 -0.3908
vn -0.7277 -0.3493 -0.5904
vn -0.5468 0.7100 -0.4436
vn -0.4721 0.1206 -0.8732
vn -0.2448 0.5512 -0.7977
vn -0.1164 -0.9179 -0.3795
vn -0.0236 -0.9712 -0.2370
vn 0.0235 -0.9712 -0.2370
vn 0.0077 0.9968 -0.0790
vn 0.0078 -0.9968 -0.0790
vn 0.0827 -0.5515 -0.8301
vn 0.0696 0.7125 -0.6983
vn 0.0928 0.3514 -0.9316
vn 0.2448 0.5512 -0.7976
vn 0.2747 0.3511 -0.8951
vn 0.0234 0.9968 -0.0759
vn 0.2747 -0.3510 -0.8952
vn 0.1165 0.9179 -0.3794
vn 0.1135 -0.9711 -0.2101
vn 0.4721 -0.1207 -0.8732
vn 0.6341 0.1205 -0.7638
vn 0.0510 0.9968 -0.0613
vn 0.4492 -0.7108 -0.5413
vn 0.4493 0.7109 -0.5411
vn 0.6491 -0.5489 -0.5267
vn 0.5468 -0.7101 -0.4436
vn 0.4313 -0.8315 -0.3500
vn 0.0621 -0.9968 -0.0503
vn 0.1862 0.9708 -0.1510
vn 0.2124 0.9707 -0.1122
vn 0.8979 0.3481 -0.2692
vn 0.9510 -0.1197 -0.2851
vn 0.8015 -0.5475 -0.2403
vn 0.5545 0.8304 -0.0539
vn 0.9331 0.3478 -0.0909
vn 0.7024 0.7084 0.0684
vn 0.5545 0.8304 0.0539
vn 0.9510 -0.1197 0.2851
vn 0.3832 0.9165 0.1149
vn 0.6757 -0.7087 0.2027
vn 0.8015 0.5476 0.2403
vn 0.8979 0.3482 0.2692
vn 0.2304 -0.9707 0.0691
vn 0.2124 0.9707 0.1122
vn 0.6233 -0.7093 0.3294
vn 0.1862 0.9708 0.1510
vn 0.7277 -0.3492 0.5904
vn 0.6491 -0.5489 0.5267
vn 0.5468 -0.7101 0.4436
vn 0.4313 -0.8316 0.3500
vn 0.1862 -0.9708 0.1510
vn 0.3542 -0.8322 0.4267
vn 0.5984 -0.3500 0.7208
vn 0.4492 -0.7108 0.5412
vn 0.4493 0.7108 0.5411
vn 0.1890 -0.9176 0.3497
vn 0.4721 0.1207 0.8732
vn 0.1165 -0.9178 0.3795
vn 0.2747 0.3511 0.8951
vn 0.0700 -0.9712 0.2279
vn 0.2060 0.7121 0.6712
vn 0.0928 0.3514 0.9316
vn 0.0078 -0.9968 0.0790
vn 0.0237 0.9712 0.2370
vn -0.0078 -0.9968 0.0790
vn -0.1165 0.9179 0.3795
vn -0.0378 0.9968 0.0700
vn -0.3342 -0.7115 0.6181
vn -0.3342 0.7116 0.6180
vn -0.4492 -0.7108 0.5412
vn -0.4493 0.7109 0.5411
vn -0.5984 -0.3500 0.7208
vn -0.5336 -0.5498 0.6427
vn -0.7276 -0.3493 0.5904
vn -0.6491 -0.5490 0.5266
vn -0.4313 -0.8316 0.3500
vn -0.7277 0.3493 0.5903
vn -0.1862 -0.9708 0.1510
vn -0.7395 0.5482 0.3908
vn -0.2124 0.9707 0.1122
vn -0.2304 0.9706 0.0690
vn -0.5334 -0.8306 0.1600
vn -0.8015 0.5475 0.2404
vn -0.3833 -0.9165 0.1150
vn -0.8979 0.3481 0.2692
vn -0.9331 0.3478 0.0909
vn -0.2396 0.9706 0.0234
vn -0.8330 -0.5473 0.0811
vn -0.7024 -0.7085 0.0683
vn -0.7024 0.7084 0.0684
vn -0.2396 0.9706 -0.0234
vn -0.7024 0.7084 -0.0684
vn -0.8015 0.5475 -0.2404
vn -0.3833 -0.9164 -0.1150
vn -0.8979 0.3482 -0.2692
vn -0.3832 0.9165 -0.1149
vn -0.5333 0.8306 -0.1599
vn -0.5333 -0.8306 -0.1600
vn -0.7395 0.5481 -0.3908
vn -0.2124 0.9707 -0.1122
vn -0.7277 0.3493 -0.5903
vn -0.1862 -0.9709 -0.1510
vn -0.1862 0.9708 -0.1510
vn -0.7276 -0.3493 -0.5904
vn -0.3097 0.9170 -0.2513
vn -0.4313 -0.8315 -0.3500
vn -0.2543 0.9173 -0.3063
vn -0.5336 -0.5498 -0.6427
vn -0.4492 -0.7108 -0.5413
vn -0.4493 0.7109 -0.5411
vn -0.1890 0.9176 -0.3497
vn -0.2634 0.8327 -0.4872
vn -0.2447 -0.5512 -0.7977
vn -0.1165 -0.9178 -0.3795
vn -0.0700 -0.9712 -0.2278
vn -0.0699 0.9712 -0.2278
vn -0.0078 -0.9968 -0.0790
vn -0.0237 0.9712 -0.2370
vn 0.0991 -0.0000 -0.9951
vn 0.2934 -0.0000 -0.9560
vn 0.4756 -0.0000 -0.8796
vn 0.6388 -0.0000 -0.7694
vn 0.7766 -0.0000 -0.6300
vn 0.8842 -0.0000 -0.4672
vn 0.9579 -0.0000 -0.2872
vn 0.9953 -0.0000 -0.0969
vn 0.9953 -0.0000 0.0969
vn 0.9579 -0.0000 0.2872
vn 0.8841 -0.0000 0.4672
vn 0.7766 -0.0000 0.6300
vn 0.6387 -0.0000 0.7694
vn 0.4756 -0.0000 0.8797
vn 0.2933 -0.0000 0.9560
vn 0.0991 -0.0000 0.9951
vn -0.0991 -0.0000 0.9951
vn -0.2934 -0.0000 0.9560
vn -0.4756 -0.0000 0.8796
vn -0.6387 -0.0000 0.7694
vn -0.7766 -0.0000 0.6300
vn -0.8841 -0.0000 0.4672
vn -0.9579 -0.0000 0.2872
vn -0.9953 -0.0000 0.0969
vn -0.9953 -0.0000 -0.0969
vn -0.9579 -0.0000 -0.2872
vn -0.8841 -0.0000 -0.4672
vn -0.7766 -0.0000 -0.6300
vn -0.6388 -0.0000 -0.7694
vn -0.4756 -0.0000 -0.8796
vn -0.2933 -0.0000 -0.9560
vn -0.0991 -0.0000 -0.9951
vn 0.2933 -0.0000 -0.9560
vn 0.6387 -0.0000 -0.7694
vn -0.2933 -0.0000 0.9560
vn -0.4756 -0.0000 0.8797
vn -0.8842 -0.0000 -0.4672
vn -0.6387 -0.0000 -0.7694
vn -0.4756 -0.0000 -0.8797
vn 0.4756 -0.0000 -0.8797
vn 0.8842 -0.0000 0.4672
vn 0.2934 -0.0000 0.9560
vn -0.8842 -0.0000 0.4672
vn -0.2934 -0.0000 -0.9560
vn 0.8841 -0.0000 -0.4672
vn -0.6388 -0.0000 0.7694
vn -0.6789 0.3101 0.6655
vn 0.6755 0.2969 0.6749
vn -0.6818 0.2968 -0.6687
vn 0.6782 0.3102 -0.6663
vn 0.1164 0.9178 -0.3795
vn 0.2060 -0.7121 -0.6712
vn 0.1891 0.9176 -0.3496
vn 0.3342 0.7115 -0.6181
vn 0.5468 -0.7100 -0.4437
vn 0.7709 0.1202 -0.6255
vn 0.3098 0.9170 -0.2514
vn 0.8778 -0.1199 -0.4639
vn 0.7395 -0.5482 -0.3908
vn 0.7395 0.5481 -0.3908
vn 0.2304 0.9707 -0.0691
vn 0.9882 -0.1196 -0.0962
vn 0.8331 -0.5472 -0.0811
vn 0.9882 -0.1196 0.0962
vn 0.8331 -0.5472 0.0811
vn 0.8015 -0.5475 0.2403
vn 0.5333 0.8306 0.1599
vn 0.5334 -0.8306 0.1600
vn 0.8778 -0.1199 0.4639
vn 0.1861 0.9708 0.1511
vn 0.5468 -0.7100 0.4437
vn 0.7710 0.1201 0.6255
vn 0.4492 0.7108 0.5412
vn 0.4722 -0.1206 0.8732
vn 0.1164 -0.9179 0.3795
vn 0.2747 0.3510 0.8952
vn -0.0235 0.9712 0.2369
vn -0.1164 -0.9179 0.3794
vn -0.5984 0.3499 0.7208
vn -0.7277 -0.3492 0.5904
vn -0.5468 -0.7100 0.4437
vn -0.5468 0.7101 0.4436
vn -0.7277 0.3493 0.5904
vn -0.6232 0.7093 0.3294
vn -0.4918 0.8310 0.2598
vn -0.8015 -0.5475 0.2403
vn -0.8015 0.5476 0.2403
vn -0.9882 0.1196 0.0962
vn -0.9882 0.1196 -0.0962
vn -0.8015 0.5476 -0.2403
vn -0.8979 0.3481 -0.2692
vn -0.8015 -0.5475 -0.2403
vn -0.4918 0.8310 -0.2598
vn -0.6232 0.7093 -0.3294
vn -0.1861 -0.9708 -0.1510
vn -0.7709 0.1202 -0.6255
vn -0.3098 0.9170 -0.2514
vn -0.6491 -0.5490 -0.5266
vn -0.5468 0.7101 -0.4436
vn -0.6491 0.5489 -0.5266
vn -0.2448 -0.5512 -0.7976
vn -0.2747 -0.3511 -0.8951
vn -0.0236 0.9712 -0.2369
vn 0.2912 0.1209 -0.9490
vn 0.0700 0.9712 -0.2279
vn 0.1623 0.8330 -0.5289
vn 0.4455 -0.3506 -0.8238
vn 0.1890 0.9176 -0.3497
vn 0.4454 0.3505 -0.8239
vn 0.4721 0.1206 -0.8732
vn 0.4493 0.7108 -0.5411
vn 0.6491 -0.5489 -0.5266
vn 0.7710 0.1201 -0.6254
vn 0.1861 0.9709 -0.1510
vn 0.2123 0.9707 -0.1121
vn 0.8287 0.3486 -0.4378
vn 0.8015 0.5476 -0.2403
vn 0.2304 0.9706 -0.0690
vn 0.3833 0.9164 -0.1150
vn 0.9881 0.1196 -0.0963
vn 0.9882 -0.1196 -0.0961
vn 0.2396 0.9706 -0.0234
vn 0.8330 0.5473 -0.0811
vn 0.8330 0.5473 0.0811
vn 0.9881 0.1196 0.0963
vn 0.9882 -0.1196 0.0961
vn 0.2396 0.9706 0.0234
vn 0.2304 0.9706 0.0690
vn 0.5333 0.8306 0.1600
vn 0.7395 0.5481 0.3908
vn 0.8287 0.3486 0.4378
vn 0.2124 0.9707 0.1121
vn 0.1861 0.9709 0.1510
vn 0.7277 -0.3493 0.5903
vn 0.7276 0.3492 0.5904
vn 0.7710 0.1201 0.6254
vn 0.4493 0.7109 0.5411
vn 0.4455 -0.3506 0.8238
vn 0.4454 0.3506 0.8239
vn 0.0700 0.9712 0.2279
vn 0.1165 0.9178 0.3795
vn 0.1623 0.8330 0.5289
vn 0.0827 -0.5515 0.8300
vn -0.0984 -0.1210 0.9878
vn -0.2747 0.3510 0.8952
vn -0.0700 0.9712 0.2279
vn -0.1165 0.9178 0.3795
vn -0.4722 0.1207 0.8732
vn -0.1891 0.9176 0.3496
vn -0.2634 -0.8327 0.4872
vn -0.1890 -0.9176 0.3497
vn -0.6340 0.1204 0.7639
vn -0.5983 -0.3499 0.7208
vn -0.7710 -0.1201 0.6254
vn -0.1861 0.9708 0.1511
vn -0.7276 -0.3492 0.5904
vn -0.3098 0.9170 0.2514
vn -0.6491 0.5489 0.5267
vn -0.7277 0.3492 0.5903
vn -0.7395 -0.5481 0.3907
vn -0.4918 0.8311 0.2598
vn -0.6757 0.7087 0.2027
vn -0.9510 0.1197 0.2851
vn -0.5545 0.8304 0.0541
vn -0.5545 0.8304 -0.0541
vn -0.7024 -0.7085 -0.0683
vn -0.9510 0.1197 -0.2851
vn -0.6757 0.7087 -0.2027
vn -0.7395 -0.5481 -0.3907
vn -0.4918 0.8311 -0.2598
vn -0.7277 0.3492 -0.5903
vn -0.1861 0.9708 -0.1511
vn -0.4313 -0.8316 -0.3500
vn -0.6491 0.5489 -0.5267
vn -0.3542 -0.8322 -0.4267
vn -0.1528 -0.9710 -0.1841
vn -0.2634 -0.8327 -0.4872
vn -0.0700 0.9712 -0.2279
vn -0.1165 0.9178 -0.3795
vn -0.0827 -0.5516 -0.8300
vn 0.3342 -0.7116 -0.6180
vn 0.4313 -0.8316 -0.3500
vn 0.7710 0.1201 -0.6255
vn 0.8330 -0.5472 -0.0812
vn 0.8330 -0.5472 0.0812
vn 0.6491 -0.5489 0.5266
vn 0.3542 0.8322 0.4267
vn 0.3342 -0.7116 0.6180
vn -0.2060 0.7122 0.6711
vn -0.5333 0.8306 0.1600
vn -0.2060 0.7121 -0.6711
vn -0.2912 0.1209 -0.9490
vn 0.5334 -0.8306 -0.1600
vn 0.2448 -0.5512 0.7976
vn -0.0235 0.9712 0.2370
vn -0.7277 0.3493 -0.5904
vn 0.0928 -0.3514 -0.9316
vn 0.0696 -0.7125 -0.6983
vn 0.0827 0.5515 -0.8301
vn 0.1164 -0.9179 -0.3794
vn 0.2747 0.3510 -0.8952
vn 0.0700 -0.9712 -0.2279
vn 0.2448 -0.5512 -0.7976
vn 0.1135 0.9711 -0.2101
vn 0.6341 0.1204 -0.7639
vn 0.6341 -0.1205 -0.7638
vn 0.1527 0.9710 -0.1840
vn 0.4493 -0.7109 -0.5411
vn 0.4492 0.7108 -0.5413
vn 0.4313 0.8315 -0.3500
vn 0.6491 0.5489 -0.5267
vn 0.9510 0.1197 -0.2851
vn 0.8979 -0.3481 -0.2692
vn 0.7024 -0.7084 -0.0684
vn 0.5545 -0.8304 -0.0539
vn 0.2395 -0.9706 -0.0233
vn 0.7024 -0.7084 0.0684
vn 0.5545 -0.8304 0.0539
vn 0.2304 0.9707 0.0691
vn 0.8979 -0.3482 0.2692
vn 0.9510 0.1197 0.2851
vn 0.6233 0.7093 0.3294
vn 0.7276 -0.3493 0.5904
vn 0.5468 0.7101 0.4436
vn 0.5984 0.3500 0.7207
vn 0.1527 0.9710 0.1840
vn 0.4493 -0.7108 0.5411
vn 0.4454 -0.3505 0.8238
vn 0.1891 0.9176 0.3497
vn 0.2747 -0.3511 0.8951
vn 0.0928 -0.3514 0.9316
vn -0.2447 0.5512 0.7977
vn -0.1136 0.9711 0.2100
vn -0.3342 -0.7116 0.6180
vn -0.3342 0.7115 0.6181
vn -0.4493 -0.7109 0.5411
vn -0.4492 0.7108 0.5412
vn -0.5336 0.5498 0.6427
vn -0.5984 0.3500 0.7207
vn -0.1527 0.9710 0.1840
vn -0.7276 0.3493 0.5904
vn -0.7395 0.5481 0.3908
vn -0.7395 -0.5481 0.3908
vn -0.3833 0.9165 0.1150
vn -0.8015 -0.5475 0.2404
vn -0.8330 0.5473 0.0811
vn -0.7025 -0.7084 0.0684
vn -0.8979 -0.3482 -0.2692
vn -0.3833 0.9164 -0.1150
vn -0.8015 -0.5475 -0.2404
vn -0.3097 -0.9170 -0.2513
vn -0.7276 0.3493 -0.5904
vn -0.7277 -0.3493 -0.5903
vn -0.4313 0.8315 -0.3500
vn -0.4493 -0.7109 -0.5411
vn -0.4492 0.7108 -0.5413
vn -0.5336 0.5498 -0.6427
vn -0.1527 0.9710 -0.1840
vn -0.1890 -0.9176 -0.3497
vn -0.2060 0.7122 -0.6711
vn -0.2447 0.5512 -0.7977
vn -0.0699 -0.9712 -0.2278
vn 0.6388 -0.0000 0.7694
vn 0.4756 -0.0000 0.8796
vn 0.0001 -1.0000 -0.0000
vn -0.0001 -1.0000 -0.0000
vn -0.0001 1.0000 -0.0000
vn 0.0001 1.0000 -0.0000
vt 0.625000 0.250000
vt 0.406534 0.000000
vt 0.588187 0.000000
vt 0.588187 0.500000
vt 0.406534 0.500000
vt 0.375000 0.250000
vt 0.625000 0.500000
vt 0.596521 0.750000
vt 0.596521 0.500000
vt 0.375000 0.750000
vt 0.398201 0.500000
vt 0.398201 0.750000
vt 0.406534 0.750000
vt 0.625000 0.750000
vt 0.596521 1.000000
vt 0.375000 1.000000
vt 0.398201 1.000000
vt 0.588187 0.750000
vt 0.406534 1.000000
vt 0.375000 0.500000
vt 0.125000 0.750000
vt 0.125000 0.500000
vt 0.875000 0.500000
vt 0.596521 0.000000
vt 0.625000 0.000000
vt 0.588187 0.250000
vt 0.398201 0.000000
vt 0.398201 0.250000
vt 0.406534 0.250000
vt 0.596521 0.250000
vt 0.588187 1.000000
vt 0.375000 0.000000
vt 0.625000 1.000000
vt 0.361111 0.513889
vt 0.256944 0.513889
vt 0.138889 0.736111
vt 0.243056 0.736111
vt 0.875000 0.750000
vt 0.756944 0.736111
vt 0.861111 0.736111
vt 0.743056 0.513889
vt 0.638889 0.513889
vt 0.415541 0.117188
vt 0.584459 0.132812
vt 0.584459 0.117188
vt 0.415541 0.367188
vt 0.584459 0.382812
vt 0.584459 0.367188
vt 0.415541 0.632812
vt 0.584459 0.617188
vt 0.415541 0.617188
vt 0.584459 0.867188
vt 0.415541 0.882812
vt 0.584459 0.882812
vt 0.256944 0.736111
vt 0.500000 0.500000
vt 0.437500 0.500000
vt 0.500000 0.750000
vt 0.375000 0.656250
vt 0.375000 0.687500
vt 0.437500 0.687500
vt 0.437500 0.656250
vt 0.375000 0.625000
vt 0.437500 0.625000
vt 0.000000 0.000000
vt 0.375000 0.375000
vt 0.625000 0.875000
vt 0.375000 0.875000
vt 0.250000 0.750000
vt 0.250000 0.500000
vt 0.750000 0.500000
vt 0.750000 0.750000
vt 0.625000 0.375000
vt 0.750000 0.062500
vt 0.718750 0.125000
vt 0.718750 0.062500
vt 0.750000 0.562500
vt 0.718750 0.500000
vt 0.750000 0.937500
vt 0.734375 1.000000
vt 0.718750 0.937500
vt 0.734375 0.000000
vt 0.750000 0.437500
vt 0.718750 0.437500
vt 0.718750 0.875000
vt 0.750000 0.875000
vt 0.750000 0.375000
vt 0.718750 0.375000
vt 0.718750 0.812500
vt 0.750000 0.812500
vt 0.750000 0.312500
vt 0.718750 0.312500
vt 0.718750 0.750000
vt 0.750000 0.750000
vt 0.750000 0.250000
vt 0.718750 0.250000
vt 0.718750 0.687500
vt 0.750000 0.687500
vt 0.750000 0.187500
vt 0.718750 0.187500
vt 0.718750 0.625000
vt 0.750000 0.625000
vt 0.750000 0.125000
vt 0.718750 0.562500
vt 0.687500 0.625000
vt 0.687500 0.187500
vt 0.687500 0.125000
vt 0.687500 0.562500
vt 0.687500 0.062500
vt 0.687500 0.500000
vt 0.703125 1.000000
vt 0.687500 0.937500
vt 0.703125 0.000000
vt 0.687500 0.437500
vt 0.687500 0.875000
vt 0.687500 0.375000
vt 0.687500 0.812500
vt 0.687500 0.312500
vt 0.687500 0.750000
vt 0.687500 0.250000
vt 0.687500 0.687500
vt 0.656250 0.437500
vt 0.656250 0.375000
vt 0.656250 0.812500
vt 0.656250 0.312500
vt 0.656250 0.750000
vt 0.656250 0.250000
vt 0.656250 0.687500
vt 0.656250 0.187500
vt 0.656250 0.625000
vt 0.656250 0.125000
vt 0.656250 0.562500
vt 0.656250 0.062500
vt 0.656250 0.500000
vt 0.671875 1.000000
vt 0.656250 0.937500
vt 0.671875 0.000000
vt 0.656250 0.875000
vt 0.625000 0.187500
vt 0.625000 0.125000
vt 0.625000 0.562500
vt 0.625000 0.062500
vt 0.640625 1.000000
vt 0.625000 0.937500
vt 0.640625 0.000000
vt 0.625000 0.437500
vt 0.625000 0.812500
vt 0.625000 0.312500
vt 0.625000 0.687500
vt 0.625000 0.625000
vt 0.593750 0.375000
vt 0.593750 0.312500
vt 0.593750 0.750000
vt 0.593750 0.250000
vt 0.593750 0.687500
vt 0.593750 0.187500
vt 0.593750 0.625000
vt 0.593750 0.125000
vt 0.593750 0.562500
vt 0.593750 0.062500
vt 0.593750 0.500000
vt 0.609375 1.000000
vt 0.593750 0.937500
vt 0.609375 0.000000
vt 0.593750 0.437500
vt 0.593750 0.875000
vt 0.593750 0.812500
vt 0.562500 0.125000
vt 0.562500 0.062500
vt 0.562500 0.500000
vt 0.578125 1.000000
vt 0.562500 0.937500
vt 0.578125 0.000000
vt 0.562500 0.437500
vt 0.562500 0.875000
vt 0.562500 0.375000
vt 0.562500 0.812500
vt 0.562500 0.312500
vt 0.562500 0.750000
vt 0.562500 0.250000
vt 0.562500 0.687500
vt 0.562500 0.187500
vt 0.562500 0.625000
vt 0.562500 0.562500
vt 0.531250 0.750000
vt 0.531250 0.312500
vt 0.531250 0.250000
vt 0.531250 0.687500
vt 0.531250 0.187500
vt 0.531250 0.625000
vt 0.531250 0.125000
vt 0.531250 0.562500
vt 0.531250 0.062500
vt 0.531250 0.500000
vt 0.546875 1.000000
vt 0.531250 0.937500
vt 0.546875 0.000000
vt 0.531250 0.437500
vt 0.531250 0.875000
vt 0.531250 0.375000
vt 0.531250 0.812500
vt 0.500000 0.500000
vt 0.515625 1.000000
vt 0.500000 0.937500
vt 0.515625 0.000000
vt 0.500000 0.062500
vt 0.500000 0.437500
vt 0.500000 0.875000
vt 0.500000 0.375000
vt 0.500000 0.812500
vt 0.500000 0.312500
vt 0.500000 0.750000
vt 0.500000 0.250000
vt 0.500000 0.687500
vt 0.500000 0.187500
vt 0.500000 0.625000
vt 0.500000 0.125000
vt 0.500000 0.562500
vt 0.468750 0.250000
vt 0.468750 0.750000
vt 0.468750 0.687500
vt 0.468750 0.187500
vt 0.468750 0.625000
vt 0.468750 0.125000
vt 0.468750 0.562500
vt 0.468750 0.062500
vt 0.468750 0.500000
vt 0.484375 1.000000
vt 0.468750 0.937500
vt 0.484375 0.000000
vt 0.468750 0.437500
vt 0.468750 0.875000
vt 0.468750 0.375000
vt 0.468750 0.812500
vt 0.468750 0.312500
vt 0.453125 1.000000
vt 0.437500 0.937500
vt 0.453125 0.000000
vt 0.437500 0.062500
vt 0.437500 0.437500
vt 0.437500 0.875000
vt 0.437500 0.375000
vt 0.437500 0.812500
vt 0.437500 0.312500
vt 0.437500 0.750000
vt 0.437500 0.250000
vt 0.437500 0.687500
vt 0.437500 0.187500
vt 0.437500 0.625000
vt 0.437500 0.125000
vt 0.437500 0.562500
vt 0.437500 0.500000
vt 0.406250 0.750000
vt 0.406250 0.687500
vt 0.406250 0.187500
vt 0.406250 0.625000
vt 0.406250 0.125000
vt 0.406250 0.562500
vt 0.406250 0.062500
vt 0.406250 0.500000
vt 0.421875 1.000000
vt 0.406250 0.937500
vt 0.421875 0.000000
vt 0.406250 0.437500
vt 0.406250 0.875000
vt 0.406250 0.375000
vt 0.406250 0.812500
vt 0.406250 0.312500
vt 0.406250 0.250000
vt 0.375000 0.437500
vt 0.375000 0.937500
vt 0.375000 0.812500
vt 0.375000 0.312500
vt 0.375000 0.750000
vt 0.375000 0.687500
vt 0.375000 0.187500
vt 0.375000 0.625000
vt 0.375000 0.125000
vt 0.375000 0.562500
vt 0.375000 0.062500
vt 0.375000 0.500000
vt 0.390625 1.000000
vt 0.390625 0.000000
vt 0.343750 0.187500
vt 0.343750 0.687500
vt 0.343750 0.625000
vt 0.343750 0.125000
vt 0.343750 0.562500
vt 0.343750 0.062500
vt 0.343750 0.500000
vt 0.359375 1.000000
vt 0.343750 0.937500
vt 0.359375 0.000000
vt 0.343750 0.437500
vt 0.343750 0.875000
vt 0.343750 0.375000
vt 0.343750 0.812500
vt 0.343750 0.312500
vt 0.343750 0.750000
vt 0.343750 0.250000
vt 0.312500 0.375000
vt 0.312500 0.875000
vt 0.312500 0.812500
vt 0.312500 0.312500
vt 0.312500 0.750000
vt 0.312500 0.250000
vt 0.312500 0.687500
vt 0.312500 0.187500
vt 0.312500 0.625000
vt 0.312500 0.125000
vt 0.312500 0.562500
vt 0.312500 0.062500
vt 0.312500 0.500000
vt 0.328125 1.000000
vt 0.312500 0.937500
vt 0.328125 0.000000
vt 0.312500 0.437500
vt 0.281250 0.125000
vt 0.281250 0.625000
vt 0.281250 0.562500
vt 0.281250 0.062500
vt 0.281250 0.500000
vt 0.296875 1.000000
vt 0.281250 0.937500
vt 0.296875 0.000000
vt 0.281250 0.437500
vt 0.281250 0.875000
vt 0.281250 0.375000
vt 0.281250 0.812500
vt 0.281250 0.312500
vt 0.281250 0.750000
vt 0.281250 0.250000
vt 0.281250 0.687500
vt 0.281250 0.187500
vt 0.250000 0.875000
vt 0.250000 0.812500
vt 0.250000 0.312500
vt 0.250000 0.750000
vt 0.250000 0.250000
vt 0.250000 0.687500
vt 0.250000 0.187500
vt 0.250000 0.625000
vt 0.250000 0.125000
vt 0.250000 0.562500
vt 0.250000 0.062500
vt 0.250000 0.500000
vt 0.265625 1.000000
vt 0.250000 0.937500
vt 0.265625 0.000000
vt 0.250000 0.437500
vt 0.250000 0.375000
vt 0.218750 0.562500
vt 0.218750 0.125000
vt 0.218750 0.062500
vt 0.218750 0.500000
vt 0.234375 1.000000
vt 0.218750 0.937500
vt 0.234375 0.000000
vt 0.218750 0.437500
vt 0.218750 0.875000
vt 0.218750 0.375000
vt 0.218750 0.812500
vt 0.218750 0.312500
vt 0.218750 0.750000
vt 0.218750 0.250000
vt 0.218750 0.687500
vt 0.218750 0.187500
vt 0.218750 0.625000
vt 0.187500 0.375000
vt 0.187500 0.312500
vt 0.187500 0.750000
vt 0.187500 0.250000
vt 0.187500 0.687500
vt 0.187500 0.187500
vt 0.187500 0.625000
vt 0.187500 0.125000
vt 0.187500 0.562500
vt 0.187500 0.062500
vt 0.187500 0.500000
vt 0.203125 1.000000
vt 0.187500 0.937500
vt 0.203125 0.000000
vt 0.187500 0.437500
vt 0.187500 0.875000
vt 0.187500 0.812500
vt 0.156250 0.125000
vt 0.156250 0.062500
vt 0.156250 0.500000
vt 0.171875 1.000000
vt 0.156250 0.937500
vt 0.171875 0.000000
vt 0.156250 0.437500
vt 0.156250 0.875000
vt 0.156250 0.375000
vt 0.156250 0.812500
vt 0.156250 0.312500
vt 0.156250 0.750000
vt 0.156250 0.250000
vt 0.156250 0.687500
vt 0.156250 0.187500
vt 0.156250 0.625000
vt 0.156250 0.562500
vt 0.125000 0.750000
vt 0.125000 0.312500
vt 0.125000 0.250000
vt 0.125000 0.687500
vt 0.125000 0.187500
vt 0.125000 0.625000
vt 0.125000 0.125000
vt 0.125000 0.562500
vt 0.125000 0.062500
vt 0.125000 0.500000
vt 0.140625 1.000000
vt 0.125000 0.937500
vt 0.140625 0.000000
vt 0.125000 0.437500
vt 0.125000 0.875000
vt 0.125000 0.375000
vt 0.125000 0.812500
vt 0.093750 0.500000
vt 0.109375 1.000000
vt 0.093750 0.937500
vt 0.109375 0.000000
vt 0.093750 0.062500
vt 0.093750 0.437500
vt 0.093750 0.875000
vt 0.093750 0.375000
vt 0.093750 0.812500
vt 0.093750 0.312500
vt 0.093750 0.750000
vt 0.093750 0.250000
vt 0.093750 0.687500
vt 0.093750 0.187500
vt 0.093750 0.625000
vt 0.093750 0.125000
vt 0.093750 0.562500
vt 0.062500 0.312500
vt 0.062500 0.250000
vt 0.062500 0.687500
vt 0.062500 0.187500
vt 0.062500 0.625000
vt 0.062500 0.125000
vt 0.062500 0.562500
vt 0.062500 0.062500
vt 0.062500 0.500000
vt 0.078125 1.000000
vt 0.062500 0.937500
vt 0.078125 0.000000
vt 0.062500 0.437500
vt 0.062500 0.875000
vt 0.062500 0.375000
vt 0.062500 0.812500
vt 0.062500 0.750000
vt 0.046875 0.000000
vt 0.031250 0.062500
vt 0.031250 0.500000
vt 0.031250 0.437500
vt 0.031250 0.875000
vt 0.031250 0.375000
vt 0.031250 0.812500
vt 0.031250 0.312500
vt 0.031250 0.750000
vt 0.031250 0.250000
vt 0.031250 0.687500
vt 0.031250 0.187500
vt 0.031250 0.625000
vt 0.031250 0.125000
vt 0.031250 0.562500
vt 0.046875 1.000000
vt 0.031250 0.937500
vt 0.000000 0.250000
vt 0.000000 0.187500
vt 0.000000 0.625000
vt 0.000000 0.125000
vt 0.000000 0.562500
vt 0.000000 0.062500
vt 0.000000 0.500000
vt 0.015625 1.000000
vt 0.000000 0.937500
vt 0.015625 0.000000
vt 0.000000 0.437500
vt 0.000000 0.875000
vt 0.000000 0.375000
vt 0.000000 0.812500
vt 0.000000 0.312500
vt 0.000000 0.750000
vt 0.000000 0.687500
vt 1.000000 0.875000
vt 0.968750 0.937500
vt 0.968750 0.875000
vt 1.000000 0.437500
vt 0.968750 0.375000
vt 1.000000 0.375000
vt 1.000000 0.812500
vt 0.968750 0.812500
vt 0.968750 0.312500
vt 1.000000 0.312500
vt 1.000000 0.750000
vt 0.968750 0.750000
vt 0.968750 0.250000
vt 1.000000 0.250000
vt 1.000000 0.687500
vt 0.968750 0.687500
vt 0.968750 0.187500
vt 1.000000 0.187500
vt 1.000000 0.625000
vt 0.968750 0.625000
vt 0.968750 0.125000
vt 1.000000 0.125000
vt 1.000000 0.562500
vt 0.968750 0.562500
vt 0.968750 0.062500
vt 1.000000 0.062500
vt 1.000000 0.500000
vt 0.968750 0.500000
vt 1.000000 0.937500
vt 0.984375 1.000000
vt 0.984375 0.000000
vt 0.968750 0.437500
vt 0.937500 0.687500
vt 0.937500 0.625000
vt 0.937500 0.125000
vt 0.937500 0.562500
vt 0.937500 0.062500
vt 0.937500 0.500000
vt 0.953125 1.000000
vt 0.937500 0.937500
vt 0.953125 0.000000
vt 0.937500 0.437500
vt 0.937500 0.875000
vt 0.937500 0.375000
vt 0.937500 0.812500
vt 0.937500 0.312500
vt 0.937500 0.750000
vt 0.937500 0.250000
vt 0.937500 0.187500
vt 0.906250 0.375000
vt 0.906250 0.875000
vt 0.906250 0.812500
vt 0.906250 0.312500
vt 0.906250 0.750000
vt 0.906250 0.250000
vt 0.906250 0.687500
vt 0.906250 0.187500
vt 0.906250 0.625000
vt 0.906250 0.125000
vt 0.906250 0.562500
vt 0.906250 0.062500
vt 0.906250 0.500000
vt 0.921875 1.000000
vt 0.906250 0.937500
vt 0.921875 0.000000
vt 0.906250 0.437500
vt 0.875000 0.125000
vt 0.875000 0.625000
vt 0.875000 0.562500
vt 0.875000 0.062500
vt 0.875000 0.500000
vt 0.890625 1.000000
vt 0.875000 0.937500
vt 0.890625 0.000000
vt 0.875000 0.437500
vt 0.875000 0.875000
vt 0.875000 0.375000
vt 0.875000 0.812500
vt 0.875000 0.312500
vt 0.875000 0.750000
vt 0.875000 0.250000
vt 0.875000 0.687500
vt 0.875000 0.187500
vt 0.843750 0.875000
vt 0.843750 0.812500
vt 0.843750 0.312500
vt 0.843750 0.750000
vt 0.843750 0.250000
vt 0.843750 0.687500
vt 0.843750 0.187500
vt 0.843750 0.625000
vt 0.843750 0.125000
vt 0.843750 0.562500
vt 0.843750 0.062500
vt 0.843750 0.500000
vt 0.859375 1.000000
vt 0.843750 0.937500
vt 0.859375 0.000000
vt 0.843750 0.437500
vt 0.843750 0.375000
vt 0.812500 0.625000
vt 0.812500 0.562500
vt 0.812500 0.062500
vt 0.812500 0.500000
vt 0.828125 1.000000
vt 0.812500 0.937500
vt 0.828125 0.000000
vt 0.812500 0.437500
vt 0.812500 0.875000
vt 0.812500 0.375000
vt 0.812500 0.812500
vt 0.812500 0.312500
vt 0.812500 0.750000
vt 0.812500 0.250000
vt 0.812500 0.687500
vt 0.812500 0.187500
vt 0.812500 0.125000
vt 0.781250 0.312500
vt 0.781250 0.812500
vt 0.781250 0.750000
vt 0.781250 0.250000
vt 0.781250 0.687500
vt 0.781250 0.187500
vt 0.781250 0.625000
vt 0.781250 0.125000
vt 0.781250 0.562500
vt 0.781250 0.062500
vt 0.781250 0.500000
vt 0.796875 1.000000
vt 0.781250 0.937500
vt 0.796875 0.000000
vt 0.781250 0.437500
vt 0.781250 0.875000
vt 0.781250 0.375000
vt 0.765625 1.000000
vt 0.765625 0.000000
vt 1.000000 1.000000
vt 0.968750 0.500000
vt 0.968750 1.000000
vt 0.937500 0.500000
vt 0.937500 1.000000
vt 0.906250 0.500000
vt 0.906250 1.000000
vt 0.875000 1.000000
vt 0.843750 0.500000
vt 0.843750 1.000000
vt 0.812500 0.500000
vt 0.812500 1.000000
vt 0.781250 0.500000
vt 0.781250 1.000000
vt 0.750000 1.000000
vt 0.718750 1.000000
vt 0.687500 1.000000
vt 0.656250 1.000000
vt 0.593750 1.000000
vt 0.562500 1.000000
vt 0.531250 1.000000
vt 0.500000 1.000000
vt 0.468750 0.500000
vt 0.468750 1.000000
vt 0.437500 1.000000
vt 0.406250 0.500000
vt 0.406250 1.000000
vt 0.343750 0.500000
vt 0.343750 1.000000
vt 0.312500 0.500000
vt 0.312500 1.000000
vt 0.281250 0.500000
vt 0.281250 1.000000
vt 0.250000 1.000000
vt 0.218750 0.500000
vt 0.218750 1.000000
vt 0.187500 0.500000
vt 0.187500 1.000000
vt 0.156250 0.500000
vt 0.156250 1.000000
vt 0.125000 1.000000
vt 0.093750 0.500000
vt 0.093750 1.000000
vt 0.062500 0.500000
vt 0.158156 0.028269
vt 0.471731 0.158156
vt 0.341844 0.471731
vt 0.062500 1.000000
vt 0.031250 0.500000
vt 0.031250 1.000000
vt 0.796822 0.014612
vt 0.514612 0.203178
vt 0.703178 0.485388
vt 0.138889 0.631944
vt 0.361111 0.736111
vt 0.361111 0.631944
vt 0.138889 0.618056
vt 0.361111 0.618056
vt 0.138889 0.513889
vt 0.243056 0.513889
vt 0.861111 0.618056
vt 0.861111 0.513889
vt 0.638889 0.736111
vt 0.743056 0.736111
vt 0.861111 0.631944
vt 0.638889 0.631944
vt 0.756944 0.513889
vt 0.638889 0.618056
vt 0.415541 0.132812
vt 0.415541 0.382812
vt 0.584459 0.632812
vt 0.415541 0.867188
vt 0.437500 0.750000
vt 0.296822 0.485388
vt 0.250000 0.490000
vt 0.203178 0.485388
vt 0.158156 0.471731
vt 0.116663 0.449553
vt 0.080294 0.419706
vt 0.050447 0.383337
vt 0.028269 0.341844
vt 0.014612 0.296822
vt 0.010000 0.250000
vt 0.014612 0.203178
vt 0.028269 0.158156
vt 0.050447 0.116663
vt 0.080294 0.080294
vt 0.116663 0.050447
vt 0.203178 0.014612
vt 0.250000 0.010000
vt 0.296822 0.014612
vt 0.341844 0.028269
vt 0.383337 0.050447
vt 0.419706 0.080294
vt 0.449553 0.116663
vt 0.485388 0.203178
vt 0.490000 0.250000
vt 0.485388 0.296822
vt 0.471731 0.341844
vt 0.449553 0.383337
vt 0.419706 0.419706
vt 0.383337 0.449553
vt 0.000000 1.000000
vt 0.750000 0.490000
vt 0.796822 0.485388
vt 0.841844 0.471731
vt 0.883337 0.449553
vt 0.919706 0.419706
vt 0.949553 0.383337
vt 0.971731 0.341844
vt 0.985388 0.296822
vt 0.990000 0.250000
vt 0.985388 0.203178
vt 0.971731 0.158156
vt 0.949553 0.116663
vt 0.919706 0.080294
vt 0.883337 0.050447
vt 0.841844 0.028269
vt 0.750000 0.010000
vt 0.703178 0.014612
vt 0.658156 0.028269
vt 0.616663 0.050447
vt 0.580294 0.080294
vt 0.550447 0.116663
vt 0.528269 0.158156
vt 0.510000 0.250000
vt 0.514612 0.296822
vt 0.528269 0.341844
vt 0.550447 0.383337
vt 0.580294 0.419706
vt 0.616663 0.449553
vt 0.658156 0.471731
s 0
usemtl Material.022
f 53/1/1 81/2/1 66/3/1
f 67/4/2 84/5/2 49/6/2
f 63/7/3 47/8/3 68/9/3
f 57/10/3 83/11/3 18/12/3
f 67/4/3 32/13/3 84/5/3
f 59/14/4 65/15/4 47/8/4
f 1/16/4 18/12/4 82/17/4
f 34/18/4 81/19/4 32/13/4
f 61/20/5 1/21/5 49/22/5
f 53/23/6 59/14/6 63/7/6
f 55/1/1 42/24/1 41/25/1
f 70/26/1 26/2/1 39/3/1
f 51/6/1 24/27/1 86/28/1
f 64/7/2 85/29/2 70/26/2
f 62/20/3 72/18/3 87/13/3
f 60/14/4 42/15/4 71/8/4
f 19/16/4 88/12/4 24/17/4
f 72/18/4 26/19/4 87/13/4
f 62/20/5 19/21/5 51/22/5
f 55/23/6 60/14/6 64/7/6
f 45/1/1 75/24/1 28/25/1
f 38/6/1 92/27/1 20/28/1
f 35/26/1 91/2/1 76/3/1
f 56/7/2 46/30/2 45/1/2
f 73/4/2 30/29/2 35/26/2
f 54/20/2 20/28/2 89/11/2
f 52/14/3 90/5/3 73/4/3
f 50/10/4 76/31/4 91/19/4
f 54/20/5 12/21/5 38/22/5
f 45/23/6 52/14/6 56/7/6
f 77/26/1 94/29/1 8/32/1
f 48/7/2 78/30/2 31/1/2
f 44/20/2 93/28/2 21/11/2
f 37/4/2 94/29/2 77/26/2
f 48/7/3 80/8/3 43/20/3
f 36/10/3 21/11/3 95/12/3
f 37/4/3 96/13/3 27/5/3
f 16/33/4 96/13/4 79/18/4
f 44/20/5 8/21/5 22/22/5
f 31/23/6 40/14/6 48/7/6
f 5/25/1 9/6/1 3/32/1
f 14/1/2 25/20/2 9/6/2
f 29/7/3 17/10/3 25/20/3
f 23/14/4 3/16/4 17/10/4
f 9/22/5 37/34/5 77/35/5
f 17/10/5 39/36/5 72/37/5
f 5/38/6 71/39/6 42/40/6
f 29/7/6 78/41/6 43/42/6
f 70/43/3 75/44/3 69/45/3
f 73/46/4 78/47/4 74/48/4
f 67/49/1 80/50/1 79/51/1
f 65/52/2 72/53/2 71/54/2
f 4/25/1 6/6/1 2/32/1
f 7/1/2 13/20/2 6/6/2
f 15/7/3 10/10/3 13/20/3
f 11/14/4 2/16/4 10/10/4
f 6/22/5 21/34/5 93/35/5
f 2/21/5 88/37/5 82/55/5
f 4/38/6 87/39/6 26/40/6
f 15/7/6 94/41/6 27/42/6
f 86/43/3 91/44/3 85/45/3
f 89/46/4 94/47/4 90/48/4
f 83/49/1 96/50/1 95/51/1
f 81/52/2 88/53/2 87/54/2
f 149/1/1 177/2/1 162/3/1
f 163/4/2 180/5/2 145/6/2
f 159/7/3 143/8/3 164/9/3
f 153/10/3 179/11/3 114/12/3
f 163/4/3 128/13/3 180/5/3
f 155/14/4 161/15/4 143/8/4
f 97/16/4 114/12/4 178/17/4
f 130/18/4 177/19/4 128/13/4
f 157/20/5 97/21/5 145/22/5
f 149/23/6 155/14/6 159/7/6
f 151/1/1 138/24/1 137/25/1
f 166/26/1 122/2/1 135/3/1
f 147/6/1 120/27/1 182/28/1
f 160/7/2 181/29/2 166/26/2
f 158/20/3 168/18/3 183/13/3
f 156/14/4 138/15/4 167/8/4
f 115/16/4 184/12/4 120/17/4
f 168/18/4 122/19/4 183/13/4
f 158/20/5 115/21/5 147/22/5
f 151/23/6 156/14/6 160/7/6
f 141/1/1 171/24/1 124/25/1
f 134/6/1 188/27/1 116/28/1
f 131/26/1 187/2/1 172/3/1
f 152/7/2 142/30/2 141/1/2
f 169/4/2 126/29/2 131/26/2
f 150/20/2 116/28/2 185/11/2
f 148/14/3 186/5/3 169/4/3
f 146/10/4 172/31/4 187/19/4
f 150/20/5 108/21/5 134/22/5
f 141/23/6 148/14/6 152/7/6
f 173/26/1 190/29/1 104/32/1
f 144/7/2 174/30/2 127/1/2
f 140/20/2 189/28/2 117/11/2
f 133/4/2 190/29/2 173/26/2
f 144/7/3 176/8/3 139/20/3
f 132/10/3 117/11/3 191/12/3
f 133/4/3 192/13/3 123/5/3
f 112/33/4 192/13/4 175/18/4
f 140/20/5 104/21/5 118/22/5
f 127/23/6 136/14/6 144/7/6
f 101/25/1 105/6/1 99/32/1
f 110/1/2 121/20/2 105/6/2
f 125/7/3 113/10/3 121/20/3
f 119/14/4 99/16/4 113/10/4
f 105/22/5 133/34/5 173/35/5
f 113/10/5 135/36/5 168/37/5
f 101/38/6 167/39/6 138/40/6
f 125/7/6 174/41/6 139/42/6
f 166/43/3 171/44/3 165/45/3
f 169/46/4 174/47/4 170/48/4
f 163/49/1 176/50/1 175/51/1
f 161/52/2 168/53/2 167/54/2
f 100/25/1 102/6/1 98/32/1
f 103/1/2 109/20/2 102/6/2
f 111/7/3 106/10/3 109/20/3
f 107/14/4 98/16/4 106/10/4
f 102/22/5 117/34/5 189/35/5
f 98/21/5 184/37/5 178/55/5
f 100/38/6 183/39/6 122/40/6
f 111/7/6 190/41/6 123/42/6
f 182/43/3 187/44/3 181/45/3
f 185/46/4 190/47/4 186/48/4
f 179/49/1 192/50/1 191/51/1
f 177/52/2 184/53/2 183/54/2
f 245/1/1 273/2/1 258/3/1
f 259/4/2 276/5/2 241/6/2
f 255/7/3 239/8/3 260/9/3
f 249/10/3 275/11/3 210/12/3
f 259/4/3 224/13/3 276/5/3
f 251/14/4 257/15/4 239/8/4
f 193/16/4 210/12/4 274/17/4
f 226/18/4 273/19/4 224/13/4
f 253/20/5 193/21/5 241/22/5
f 245/23/6 251/14/6 255/7/6
f 247/1/1 234/24/1 233/25/1
f 262/26/1 218/2/1 231/3/1
f 243/6/1 216/27/1 278/28/1
f 256/7/2 277/29/2 262/26/2
f 254/20/3 264/18/3 279/13/3
f 252/14/4 234/15/4 263/8/4
f 211/16/4 280/12/4 216/17/4
f 264/18/4 218/19/4 279/13/4
f 254/20/5 211/21/5 243/22/5
f 247/23/6 252/14/6 256/7/6
f 237/1/1 267/24/1 220/25/1
f 230/6/1 284/27/1 212/28/1
f 227/26/1 283/2/1 268/3/1
f 248/7/2 238/30/2 237/1/2
f 265/4/2 222/29/2 227/26/2
f 246/20/2 212/28/2 281/11/2
f 244/14/3 282/5/3 265/4/3
f 242/10/4 268/31/4 283/19/4
f 246/20/5 204/21/5 230/22/5
f 237/23/6 244/14/6 248/7/6
f 269/26/1 286/29/1 200/32/1
f 240/7/2 270/30/2 223/1/2
f 236/20/2 285/28/2 213/11/2
f 229/4/2 286/29/2 269/26/2
f 240/7/3 272/8/3 235/20/3
f 228/10/3 213/11/3 287/12/3
f 229/4/3 288/13/3 219/5/3
f 208/33/4 288/13/4 271/18/4
f 236/20/5 200/21/5 214/22/5
f 223/23/6 232/14/6 240/7/6
f 197/25/1 201/6/1 195/32/1
f 206/1/2 217/20/2 201/6/2
f 221/7/3 209/10/3 217/20/3
f 215/14/4 195/16/4 209/10/4
f 201/22/5 229/34/5 269/35/5
f 209/10/5 231/36/5 264/37/5
f 197/38/6 263/39/6 234/40/6
f 221/7/6 270/41/6 235/42/6
f 262/43/3 267/44/3 261/45/3
f 265/46/4 270/47/4 266/48/4
f 259/49/1 272/50/1 271/51/1
f 257/52/2 264/53/2 263/54/2
f 196/25/1 198/6/1 194/32/1
f 199/1/2 205/20/2 198/6/2
f 207/7/3 202/10/3 205/20/3
f 203/14/4 194/16/4 202/10/4
f 198/22/5 213/34/5 285/35/5
f 194/21/5 280/37/5 274/55/5
f 196/38/6 279/39/6 218/40/6
f 207/7/6 286/41/6 219/42/6
f 278/43/3 283/44/3 277/45/3
f 281/46/4 286/47/4 282/48/4
f 275/49/1 288/50/1 287/51/1
f 273/52/2 280/53/2 279/54/2
f 341/1/1 369/2/1 354/3/1
f 355/4/2 372/5/2 337/6/2
f 351/7/3 335/8/3 356/9/3
f 345/10/3 371/11/3 306/12/3
f 355/4/3 320/13/3 372/5/3
f 347/14/4 353/15/4 335/8/4
f 289/16/4 306/12/4 370/17/4
f 322/18/4 369/19/4 320/13/4
f 349/20/5 289/21/5 337/22/5
f 341/23/6 347/14/6 351/7/6
f 343/1/1 330/24/1 329/25/1
f 358/26/1 314/2/1 327/3/1
f 339/6/1 312/27/1 374/28/1
f 352/7/2 373/29/2 358/26/2
f 350/20/3 360/18/3 375/13/3
f 348/14/4 330/15/4 359/8/4
f 307/16/4 376/12/4 312/17/4
f 360/18/4 314/19/4 375/13/4
f 350/20/5 307/21/5 339/22/5
f 343/23/6 348/14/6 352/7/6
f 333/1/1 363/24/1 316/25/1
f 326/6/1 380/27/1 308/28/1
f 323/26/1 379/2/1 364/3/1
f 344/7/2 334/30/2 333/1/2
f 361/4/2 318/29/2 323/26/2
f 342/20/2 308/28/2 377/11/2
f 340/14/3 378/5/3 361/4/3
f 338/10/4 364/31/4 379/19/4
f 342/20/5 300/21/5 326/22/5
f 333/23/6 340/14/6 344/7/6
f 365/26/1 382/29/1 296/32/1
f 336/7/2 366/30/2 319/1/2
f 332/20/2 381/28/2 309/11/2
f 325/4/2 382/29/2 365/26/2
f 336/7/3 368/8/3 331/20/3
f 324/10/3 309/11/3 383/12/3
f 325/4/3 384/13/3 315/5/3
f 304/33/4 384/13/4 367/18/4
f 332/20/5 296/21/5 310/22/5
f 319/23/6 328/14/6 336/7/6
f 293/25/1 297/6/1 291/32/1
f 302/1/2 313/20/2 297/6/2
f 317/7/3 305/10/3 313/20/3
f 311/14/4 291/16/4 305/10/4
f 297/22/5 325/34/5 365/35/5
f 305/10/5 327/36/5 360/37/5
f 293/38/6 359/39/6 330/40/6
f 317/7/6 366/41/6 331/42/6
f 358/43/3 363/44/3 357/45/3
f 361/46/4 366/47/4 362/48/4
f 355/49/1 368/50/1 367/51/1
f 353/52/2 360/53/2 359/54/2
f 292/25/1 294/6/1 290/32/1
f 295/1/2 301/20/2 294/6/2
f 303/7/3 298/10/3 301/20/3
f 299/14/4 290/16/4 298/10/4
f 294/22/5 309/34/5 381/35/5
f 290/21/5 376/37/5 370/55/5
f 292/38/6 375/39/6 314/40/6
f 303/7/6 382/41/6 315/42/6
f 374/43/3 379/44/3 373/45/3
f 377/46/4 382/47/4 378/48/4
f 371/49/1 384/50/1 383/51/1
f 369/52/2 376/53/2 375/54/2
f 386/25/1 387/6/1 385/32/1
f 388/1/2 393/56/2 395/57/2
f 392/7/3 394/58/3 393/56/3
f 394/58/4 386/33/4 385/16/4
f 401/59/5 400/60/5 385/21/5
f 393/56/3 399/61/3 402/62/3
f 399/61/3 389/10/3 400/60/3
f 395/57/3 397/63/3 391/20/3
f 402/62/3 400/60/3 401/59/3
f 402/62/7 403/59/7 406/62/7
f 404/63/5 434/63/5 414/63/5
f 398/64/8 404/63/8 397/63/8
f 401/59/5 404/63/5 403/59/5
f 409/64/3 407/59/3 408/63/3
f 410/62/4 424/62/4 406/62/4
f 404/63/5 407/59/5 403/59/5
f 407/59/5 416/59/5 403/59/5
f 411/64/9 431/63/9 412/63/9
f 408/63/3 413/64/3 409/64/3
f 405/64/1 412/63/1 404/63/1
f 435/64/10 439/64/10 427/64/10
f 416/59/4 417/62/4 415/62/4
f 410/62/3 418/59/3 407/59/3
f 403/59/1 415/62/1 406/62/1
f 417/62/4 421/62/4 415/62/4
f 415/62/1 419/62/1 406/62/1
f 406/62/2 420/62/2 410/62/2
f 410/62/3 422/62/3 417/62/3
f 405/64/1 427/64/1 411/64/1
f 409/64/3 426/62/3 410/62/3
f 406/62/1 423/64/1 405/64/1
f 413/64/3 425/64/3 409/64/3
f 431/63/11 432/65/11 434/65/11
f 414/63/2 432/65/2 413/64/2
f 427/64/9 429/64/9 411/64/9
f 434/65/5 412/63/5 431/63/5
f 433/65/11 429/64/11 430/64/11
f 433/65/2 413/64/2 432/65/2
f 439/64/12 442/64/12 443/64/12
f 430/64/11 437/65/11 433/65/11
f 427/64/9 436/64/9 430/64/9
f 433/64/13 438/64/13 435/64/13
f 437/64/14 442/64/14 438/64/14
f 439/64/15 440/64/15 436/64/15
f 437/65/16 440/64/16 441/65/16
f 445/25/1 446/6/1 444/32/1
f 447/1/2 450/20/2 446/6/2
f 451/7/3 448/10/3 450/20/3
f 449/14/4 444/16/4 448/10/4
f 450/20/5 444/21/5 446/22/5
f 453/25/1 454/6/1 452/32/1
f 455/1/2 458/20/2 454/6/2
f 459/7/3 456/10/3 458/20/3
f 457/14/4 452/16/4 456/10/4
f 458/20/5 452/21/5 454/22/5
f 455/23/6 457/14/6 459/7/6
f 2919/624/974 2920/625/974 2918/514/974
f 2921/626/975 2922/627/975 2920/625/975
f 2923/628/976 2924/629/976 2922/627/976
f 2925/630/977 2926/23/977 2924/629/977
f 2927/631/978 2928/632/978 2926/23/978
f 2929/633/979 2930/634/979 2928/632/979
f 2931/635/980 2932/636/980 2930/634/980
f 2933/637/981 2934/71/981 2932/636/981
f 2935/638/982 2936/78/982 2934/71/982
f 2937/639/983 2938/110/983 2936/78/983
f 2939/640/984 2940/134/984 2938/110/984
f 2941/641/985 2942/7/985 2940/134/985
f 2943/33/986 2944/161/986 2942/7/986
f 2945/642/987 2946/170/987 2944/161/987
f 2947/643/988 2948/194/988 2946/170/988
f 2949/644/989 2950/56/989 2948/194/989
f 2951/645/990 2952/646/990 2950/56/990
f 2953/647/991 2954/57/991 2952/646/991
f 2955/648/992 2956/649/992 2954/57/992
f 2957/650/993 2958/20/993 2956/649/993
f 2959/16/994 2960/651/994 2958/20/994
f 2961/652/995 2962/653/995 2960/651/995
f 2963/654/996 2964/655/996 2962/653/996
f 2965/656/997 2966/70/997 2964/655/997
f 2967/657/998 2968/658/998 2966/70/998
f 2969/659/999 2970/660/999 2968/658/999
f 2971/661/1000 2972/662/1000 2970/660/1000
f 2973/663/1001 2974/22/1001 2972/662/1001
f 2975/664/1002 2976/665/1002 2974/22/1002
f 2977/666/1003 2978/667/1003 2976/665/1003
f 2955/668/6 2939/669/6 2923/670/6
f 2979/671/1004 2980/672/1004 2978/667/1004
f 2981/673/1005 2918/477/1005 2980/672/1005
f 2948/674/5 2964/675/5 2980/676/5
f 2983/624/974 2984/625/974 2982/514/974
f 2985/626/1006 2986/627/1006 2984/625/1006
f 2987/628/976 2988/629/976 2986/627/976
f 2989/630/1007 2990/23/1007 2988/629/1007
f 2991/631/978 2992/632/978 2990/23/978
f 2993/633/979 2994/634/979 2992/632/979
f 2995/635/980 2996/636/980 2994/634/980
f 2997/637/981 2998/71/981 2996/636/981
f 2999/638/982 3000/78/982 2998/71/982
f 3001/639/983 3002/110/983 3000/78/983
f 3003/640/984 3004/134/984 3002/110/984
f 3005/641/985 3006/7/985 3004/134/985
f 3007/33/986 3008/161/986 3006/7/986
f 3009/642/987 3010/170/987 3008/161/987
f 3011/643/988 3012/194/988 3010/170/988
f 3013/644/989 3014/56/989 3012/194/989
f 3015/645/990 3016/646/990 3014/56/990
f 3017/647/1008 3018/57/1008 3016/646/1008
f 3019/648/1009 3020/649/1009 3018/57/1009
f 3021/650/993 3022/20/993 3020/649/993
f 3023/16/994 3024/651/994 3022/20/994
f 3025/652/995 3026/653/995 3024/651/995
f 3027/654/996 3028/655/996 3026/653/996
f 3029/656/997 3030/70/997 3028/655/997
f 3031/657/998 3032/658/998 3030/70/998
f 3033/659/999 3034/660/999 3032/658/999
f 3035/661/1010 3036/662/1010 3034/660/1010
f 3037/663/1001 3038/22/1001 3036/662/1001
f 3039/664/1011 3040/665/1011 3038/22/1011
f 3041/666/1012 3042/667/1012 3040/665/1012
f 3019/668/6 3003/669/6 2987/670/6
f 3043/671/1004 3044/672/1004 3042/667/1004
f 3045/673/1005 2982/477/1005 3044/672/1005
f 3012/674/5 3028/675/5 3044/676/5
f 3047/624/974 3048/625/974 3046/514/974
f 3049/626/1006 3050/627/1006 3048/625/1006
f 3051/628/1013 3052/629/1013 3050/627/1013
f 3053/630/1007 3054/23/1007 3052/629/1007
f 3055/631/978 3056/632/978 3054/23/978
f 3057/633/979 3058/634/979 3056/632/979
f 3059/635/980 3060/636/980 3058/634/980
f 3061/637/981 3062/71/981 3060/636/981
f 3063/638/982 3064/78/982 3062/71/982
f 3065/639/983 3066/110/983 3064/78/983
f 3067/640/1014 3068/134/1014 3066/110/1014
f 3069/641/985 3070/7/985 3068/134/985
f 3071/33/986 3072/161/986 3070/7/986
f 3073/642/987 3074/170/987 3072/161/987
f 3075/643/1015 3076/194/1015 3074/170/1015
f 3077/644/989 3078/56/989 3076/194/989
f 3079/645/990 3080/646/990 3078/56/990
f 3081/647/1008 3082/57/1008 3080/646/1008
f 3083/648/1009 3084/649/1009 3082/57/1009
f 3085/650/993 3086/20/993 3084/649/993
f 3087/16/994 3088/651/994 3086/20/994
f 3089/652/1016 3090/653/1016 3088/651/1016
f 3091/654/996 3092/655/996 3090/653/996
f 3093/656/997 3094/70/997 3092/655/997
f 3095/657/998 3096/658/998 3094/70/998
f 3097/659/999 3098/660/999 3096/658/999
f 3099/661/1010 3100/662/1010 3098/660/1010
f 3101/663/1001 3102/22/1001 3100/662/1001
f 3103/664/1011 3104/665/1011 3102/22/1011
f 3105/666/1012 3106/667/1012 3104/665/1012
f 3083/668/6 3067/669/6 3051/670/6
f 3107/671/1017 3108/672/1017 3106/667/1017
f 3109/673/1005 3046/477/1005 3108/672/1005
f 3076/674/5 3092/675/5 3108/676/5
f 65/24/1 33/25/1 53/1/1
f 53/1/1 49/6/1 1/32/1
f 53/1/1 1/32/1 82/27/1
f 66/3/1 65/24/1 53/1/1
f 53/1/1 82/27/1 81/2/1
f 49/6/2 53/1/2 63/7/2
f 49/6/2 63/7/2 68/9/2
f 83/11/2 61/20/2 49/6/2
f 84/5/2 83/11/2 49/6/2
f 49/6/2 68/9/2 67/4/2
f 63/7/3 59/14/3 47/8/3
f 57/10/3 61/20/3 83/11/3
f 67/4/3 34/18/3 32/13/3
f 59/14/4 33/33/4 65/15/4
f 1/16/4 57/10/4 18/12/4
f 34/18/4 66/31/4 81/19/4
f 61/20/5 57/10/5 1/21/5
f 53/23/6 33/38/6 59/14/6
f 55/1/1 69/30/1 42/24/1
f 70/26/1 85/29/1 26/2/1
f 51/6/1 19/32/1 24/27/1
f 69/30/2 55/1/2 64/7/2
f 64/7/2 62/20/2 51/6/2
f 64/7/2 51/6/2 86/28/2
f 70/26/2 69/30/2 64/7/2
f 64/7/2 86/28/2 85/29/2
f 88/12/3 58/10/3 62/20/3
f 62/20/3 64/7/3 60/14/3
f 62/20/3 60/14/3 71/8/3
f 87/13/3 88/12/3 62/20/3
f 62/20/3 71/8/3 72/18/3
f 60/14/4 41/33/4 42/15/4
f 19/16/4 58/10/4 88/12/4
f 72/18/4 39/31/4 26/19/4
f 62/20/5 58/10/5 19/21/5
f 55/23/6 41/38/6 60/14/6
f 45/1/1 46/30/1 75/24/1
f 38/6/1 12/32/1 92/27/1
f 35/26/1 30/29/1 91/2/1
f 56/7/2 74/9/2 46/30/2
f 73/4/2 90/5/2 30/29/2
f 54/20/2 38/6/2 20/28/2
f 74/9/3 56/7/3 52/14/3
f 52/14/3 50/10/3 54/20/3
f 52/14/3 54/20/3 89/11/3
f 73/4/3 74/9/3 52/14/3
f 52/14/3 89/11/3 90/5/3
f 92/17/4 12/16/4 50/10/4
f 50/10/4 52/14/4 28/33/4
f 50/10/4 28/33/4 75/15/4
f 91/19/4 92/17/4 50/10/4
f 50/10/4 75/15/4 76/31/4
f 54/20/5 50/10/5 12/21/5
f 45/23/6 28/38/6 52/14/6
f 8/32/1 16/25/1 31/1/1
f 8/32/1 31/1/1 78/30/1
f 93/28/1 22/6/1 8/32/1
f 94/29/1 93/28/1 8/32/1
f 8/32/1 78/30/1 77/26/1
f 48/7/2 43/9/2 78/30/2
f 44/20/2 22/6/2 93/28/2
f 37/4/2 27/5/2 94/29/2
f 48/7/3 40/14/3 80/8/3
f 36/10/3 44/20/3 21/11/3
f 37/4/3 79/18/3 96/13/3
f 80/8/4 40/14/4 16/33/4
f 16/33/4 8/16/4 36/10/4
f 16/33/4 36/10/4 95/12/4
f 79/18/4 80/8/4 16/33/4
f 16/33/4 95/12/4 96/13/4
f 44/20/5 36/10/5 8/21/5
f 31/23/6 16/38/6 40/14/6
f 5/25/1 14/1/1 9/6/1
f 14/1/2 29/7/2 25/20/2
f 29/7/3 23/14/3 17/10/3
f 23/14/4 5/33/4 3/16/4
f 70/677/5 39/36/5 3/21/5
f 25/20/5 17/10/5 34/678/5
f 25/20/5 34/678/5 67/679/5
f 70/677/5 3/21/5 9/22/5
f 76/680/5 70/677/5 9/22/5
f 25/20/5 67/679/5 79/681/5
f 25/20/5 79/681/5 37/34/5
f 35/682/5 76/680/5 9/22/5
f 73/683/5 35/682/5 9/22/5
f 9/22/5 25/20/5 37/34/5
f 77/35/5 73/683/5 9/22/5
f 66/55/5 34/678/5 17/10/5
f 17/10/5 3/21/5 39/36/5
f 72/37/5 66/55/5 17/10/5
f 75/684/6 46/685/6 14/23/6
f 5/38/6 23/14/6 47/686/6
f 5/38/6 47/686/6 65/687/6
f 75/684/6 14/23/6 5/38/6
f 69/688/6 75/684/6 5/38/6
f 5/38/6 65/687/6 71/39/6
f 42/40/6 69/688/6 5/38/6
f 68/689/6 47/686/6 23/14/6
f 29/7/6 14/23/6 46/685/6
f 29/7/6 46/685/6 74/690/6
f 68/689/6 23/14/6 29/7/6
f 80/691/6 68/689/6 29/7/6
f 29/7/6 74/690/6 78/41/6
f 43/42/6 80/691/6 29/7/6
f 70/43/3 76/692/3 75/44/3
f 73/46/4 77/693/4 78/47/4
f 67/49/1 68/694/1 80/50/1
f 65/52/2 66/695/2 72/53/2
f 4/25/1 7/1/1 6/6/1
f 7/1/2 15/7/2 13/20/2
f 15/7/3 11/14/3 10/10/3
f 11/14/4 4/33/4 2/16/4
f 24/36/5 2/21/5 6/22/5
f 13/20/5 10/10/5 18/678/5
f 13/20/5 18/678/5 83/679/5
f 86/677/5 24/36/5 6/22/5
f 92/680/5 86/677/5 6/22/5
f 13/20/5 83/679/5 95/681/5
f 13/20/5 95/681/5 21/34/5
f 20/682/5 92/680/5 6/22/5
f 89/683/5 20/682/5 6/22/5
f 6/22/5 13/20/5 21/34/5
f 93/35/5 89/683/5 6/22/5
f 18/678/5 10/10/5 2/21/5
f 2/21/5 24/36/5 88/37/5
f 82/55/5 18/678/5 2/21/5
f 30/685/6 7/23/6 4/38/6
f 4/38/6 11/14/6 32/686/6
f 4/38/6 32/686/6 81/687/6
f 91/684/6 30/685/6 4/38/6
f 85/688/6 91/684/6 4/38/6
f 4/38/6 81/687/6 87/39/6
f 26/40/6 85/688/6 4/38/6
f 84/689/6 32/686/6 11/14/6
f 15/7/6 7/23/6 30/685/6
f 15/7/6 30/685/6 90/690/6
f 84/689/6 11/14/6 15/7/6
f 96/691/6 84/689/6 15/7/6
f 15/7/6 90/690/6 94/41/6
f 27/42/6 96/691/6 15/7/6
f 86/43/3 92/692/3 91/44/3
f 89/46/4 93/693/4 94/47/4
f 83/49/1 84/694/1 96/50/1
f 81/52/2 82/695/2 88/53/2
f 161/24/1 129/25/1 149/1/1
f 149/1/1 145/6/1 97/32/1
f 149/1/1 97/32/1 178/27/1
f 162/3/1 161/24/1 149/1/1
f 149/1/1 178/27/1 177/2/1
f 145/6/2 149/1/2 159/7/2
f 145/6/2 159/7/2 164/9/2
f 179/11/2 157/20/2 145/6/2
f 180/5/2 179/11/2 145/6/2
f 145/6/2 164/9/2 163/4/2
f 159/7/3 155/14/3 143/8/3
f 153/10/3 157/20/3 179/11/3
f 163/4/3 130/18/3 128/13/3
f 155/14/4 129/33/4 161/15/4
f 97/16/4 153/10/4 114/12/4
f 130/18/4 162/31/4 177/19/4
f 157/20/5 153/10/5 97/21/5
f 149/23/6 129/38/6 155/14/6
f 151/1/1 165/30/1 138/24/1
f 166/26/1 181/29/1 122/2/1
f 147/6/1 115/32/1 120/27/1
f 165/30/2 151/1/2 160/7/2
f 160/7/2 158/20/2 147/6/2
f 160/7/2 147/6/2 182/28/2
f 166/26/2 165/30/2 160/7/2
f 160/7/2 182/28/2 181/29/2
f 184/12/3 154/10/3 158/20/3
f 158/20/3 160/7/3 156/14/3
f 158/20/3 156/14/3 167/8/3
f 183/13/3 184/12/3 158/20/3
f 158/20/3 167/8/3 168/18/3
f 156/14/4 137/33/4 138/15/4
f 115/16/4 154/10/4 184/12/4
f 168/18/4 135/31/4 122/19/4
f 158/20/5 154/10/5 115/21/5
f 151/23/6 137/38/6 156/14/6
f 141/1/1 142/30/1 171/24/1
f 134/6/1 108/32/1 188/27/1
f 131/26/1 126/29/1 187/2/1
f 152/7/2 170/9/2 142/30/2
f 169/4/2 186/5/2 126/29/2
f 150/20/2 134/6/2 116/28/2
f 170/9/3 152/7/3 148/14/3
f 148/14/3 146/10/3 150/20/3
f 148/14/3 150/20/3 185/11/3
f 169/4/3 170/9/3 148/14/3
f 148/14/3 185/11/3 186/5/3
f 188/17/4 108/16/4 146/10/4
f 146/10/4 148/14/4 124/33/4
f 146/10/4 124/33/4 171/15/4
f 187/19/4 188/17/4 146/10/4
f 146/10/4 171/15/4 172/31/4
f 150/20/5 146/10/5 108/21/5
f 141/23/6 124/38/6 148/14/6
f 104/32/1 112/25/1 127/1/1
f 104/32/1 127/1/1 174/30/1
f 189/28/1 118/6/1 104/32/1
f 190/29/1 189/28/1 104/32/1
f 104/32/1 174/30/1 173/26/1
f 144/7/2 139/9/2 174/30/2
f 140/20/2 118/6/2 189/28/2
f 133/4/2 123/5/2 190/29/2
f 144/7/3 136/14/3 176/8/3
f 132/10/3 140/20/3 117/11/3
f 133/4/3 175/18/3 192/13/3
f 176/8/4 136/14/4 112/33/4
f 112/33/4 104/16/4 132/10/4
f 112/33/4 132/10/4 191/12/4
f 175/18/4 176/8/4 112/33/4
f 112/33/4 191/12/4 192/13/4
f 140/20/5 132/10/5 104/21/5
f 127/23/6 112/38/6 136/14/6
f 101/25/1 110/1/1 105/6/1
f 110/1/2 125/7/2 121/20/2
f 125/7/3 119/14/3 113/10/3
f 119/14/4 101/33/4 99/16/4
f 166/677/5 135/36/5 99/21/5
f 121/20/5 113/10/5 130/678/5
f 121/20/5 130/678/5 163/679/5
f 166/677/5 99/21/5 105/22/5
f 172/680/5 166/677/5 105/22/5
f 121/20/5 163/679/5 175/681/5
f 121/20/5 175/681/5 133/34/5
f 131/682/5 172/680/5 105/22/5
f 169/683/5 131/682/5 105/22/5
f 105/22/5 121/20/5 133/34/5
f 173/35/5 169/683/5 105/22/5
f 162/55/5 130/678/5 113/10/5
f 113/10/5 99/21/5 135/36/5
f 168/37/5 162/55/5 113/10/5
f 171/684/6 142/685/6 110/23/6
f 101/38/6 119/14/6 143/686/6
f 101/38/6 143/686/6 161/687/6
f 171/684/6 110/23/6 101/38/6
f 165/688/6 171/684/6 101/38/6
f 101/38/6 161/687/6 167/39/6
f 138/40/6 165/688/6 101/38/6
f 164/689/6 143/686/6 119/14/6
f 125/7/6 110/23/6 142/685/6
f 125/7/6 142/685/6 170/690/6
f 164/689/6 119/14/6 125/7/6
f 176/691/6 164/689/6 125/7/6
f 125/7/6 170/690/6 174/41/6
f 139/42/6 176/691/6 125/7/6
f 166/43/3 172/692/3 171/44/3
f 169/46/4 173/693/4 174/47/4
f 163/49/1 164/694/1 176/50/1
f 161/52/2 162/695/2 168/53/2
f 100/25/1 103/1/1 102/6/1
f 103/1/2 111/7/2 109/20/2
f 111/7/3 107/14/3 106/10/3
f 107/14/4 100/33/4 98/16/4
f 120/36/5 98/21/5 102/22/5
f 109/20/5 106/10/5 114/678/5
f 109/20/5 114/678/5 179/679/5
f 182/677/5 120/36/5 102/22/5
f 188/680/5 182/677/5 102/22/5
f 109/20/5 179/679/5 191/681/5
f 109/20/5 191/681/5 117/34/5
f 116/682/5 188/680/5 102/22/5
f 185/683/5 116/682/5 102/22/5
f 102/22/5 109/20/5 117/34/5
f 189/35/5 185/683/5 102/22/5
f 114/678/5 106/10/5 98/21/5
f 98/21/5 120/36/5 184/37/5
f 178/55/5 114/678/5 98/21/5
f 126/685/6 103/23/6 100/38/6
f 100/38/6 107/14/6 128/686/6
f 100/38/6 128/686/6 177/687/6
f 187/684/6 126/685/6 100/38/6
f 181/688/6 187/684/6 100/38/6
f 100/38/6 177/687/6 183/39/6
f 122/40/6 181/688/6 100/38/6
f 180/689/6 128/686/6 107/14/6
f 111/7/6 103/23/6 126/685/6
f 111/7/6 126/685/6 186/690/6
f 180/689/6 107/14/6 111/7/6
f 192/691/6 180/689/6 111/7/6
f 111/7/6 186/690/6 190/41/6
f 123/42/6 192/691/6 111/7/6
f 182/43/3 188/692/3 187/44/3
f 185/46/4 189/693/4 190/47/4
f 179/49/1 180/694/1 192/50/1
f 177/52/2 178/695/2 184/53/2
f 257/24/1 225/25/1 245/1/1
f 245/1/1 241/6/1 193/32/1
f 245/1/1 193/32/1 274/27/1
f 258/3/1 257/24/1 245/1/1
f 245/1/1 274/27/1 273/2/1
f 241/6/2 245/1/2 255/7/2
f 241/6/2 255/7/2 260/9/2
f 275/11/2 253/20/2 241/6/2
f 276/5/2 275/11/2 241/6/2
f 241/6/2 260/9/2 259/4/2
f 255/7/3 251/14/3 239/8/3
f 249/10/3 253/20/3 275/11/3
f 259/4/3 226/18/3 224/13/3
f 251/14/4 225/33/4 257/15/4
f 193/16/4 249/10/4 210/12/4
f 226/18/4 258/31/4 273/19/4
f 253/20/5 249/10/5 193/21/5
f 245/23/6 225/38/6 251/14/6
f 247/1/1 261/30/1 234/24/1
f 262/26/1 277/29/1 218/2/1
f 243/6/1 211/32/1 216/27/1
f 261/30/2 247/1/2 256/7/2
f 256/7/2 254/20/2 243/6/2
f 256/7/2 243/6/2 278/28/2
f 262/26/2 261/30/2 256/7/2
f 256/7/2 278/28/2 277/29/2
f 280/12/3 250/10/3 254/20/3
f 254/20/3 256/7/3 252/14/3
f 254/20/3 252/14/3 263/8/3
f 279/13/3 280/12/3 254/20/3
f 254/20/3 263/8/3 264/18/3
f 252/14/4 233/33/4 234/15/4
f 211/16/4 250/10/4 280/12/4
f 264/18/4 231/31/4 218/19/4
f 254/20/5 250/10/5 211/21/5
f 247/23/6 233/38/6 252/14/6
f 237/1/1 238/30/1 267/24/1
f 230/6/1 204/32/1 284/27/1
f 227/26/1 222/29/1 283/2/1
f 248/7/2 266/9/2 238/30/2
f 265/4/2 282/5/2 222/29/2
f 246/20/2 230/6/2 212/28/2
f 266/9/3 248/7/3 244/14/3
f 244/14/3 242/10/3 246/20/3
f 244/14/3 246/20/3 281/11/3
f 265/4/3 266/9/3 244/14/3
f 244/14/3 281/11/3 282/5/3
f 284/17/4 204/16/4 242/10/4
f 242/10/4 244/14/4 220/33/4
f 242/10/4 220/33/4 267/15/4
f 283/19/4 284/17/4 242/10/4
f 242/10/4 267/15/4 268/31/4
f 246/20/5 242/10/5 204/21/5
f 237/23/6 220/38/6 244/14/6
f 200/32/1 208/25/1 223/1/1
f 200/32/1 223/1/1 270/30/1
f 285/28/1 214/6/1 200/32/1
f 286/29/1 285/28/1 200/32/1
f 200/32/1 270/30/1 269/26/1
f 240/7/2 235/9/2 270/30/2
f 236/20/2 214/6/2 285/28/2
f 229/4/2 219/5/2 286/29/2
f 240/7/3 232/14/3 272/8/3
f 228/10/3 236/20/3 213/11/3
f 229/4/3 271/18/3 288/13/3
f 272/8/4 232/14/4 208/33/4
f 208/33/4 200/16/4 228/10/4
f 208/33/4 228/10/4 287/12/4
f 271/18/4 272/8/4 208/33/4
f 208/33/4 287/12/4 288/13/4
f 236/20/5 228/10/5 200/21/5
f 223/23/6 208/38/6 232/14/6
f 197/25/1 206/1/1 201/6/1
f 206/1/2 221/7/2 217/20/2
f 221/7/3 215/14/3 209/10/3
f 215/14/4 197/33/4 195/16/4
f 262/677/5 231/36/5 195/21/5
f 217/20/5 209/10/5 226/678/5
f 217/20/5 226/678/5 259/679/5
f 262/677/5 195/21/5 201/22/5
f 268/680/5 262/677/5 201/22/5
f 217/20/5 259/679/5 271/681/5
f 217/20/5 271/681/5 229/34/5
f 227/682/5 268/680/5 201/22/5
f 265/683/5 227/682/5 201/22/5
f 201/22/5 217/20/5 229/34/5
f 269/35/5 265/683/5 201/22/5
f 258/55/5 226/678/5 209/10/5
f 209/10/5 195/21/5 231/36/5
f 264/37/5 258/55/5 209/10/5
f 267/684/6 238/685/6 206/23/6
f 197/38/6 215/14/6 239/686/6
f 197/38/6 239/686/6 257/687/6
f 267/684/6 206/23/6 197/38/6
f 261/688/6 267/684/6 197/38/6
f 197/38/6 257/687/6 263/39/6
f 234/40/6 261/688/6 197/38/6
f 260/689/6 239/686/6 215/14/6
f 221/7/6 206/23/6 238/685/6
f 221/7/6 238/685/6 266/690/6
f 260/689/6 215/14/6 221/7/6
f 272/691/6 260/689/6 221/7/6
f 221/7/6 266/690/6 270/41/6
f 235/42/6 272/691/6 221/7/6
f 262/43/3 268/692/3 267/44/3
f 265/46/4 269/693/4 270/47/4
f 259/49/1 260/694/1 272/50/1
f 257/52/2 258/695/2 264/53/2
f 196/25/1 199/1/1 198/6/1
f 199/1/2 207/7/2 205/20/2
f 207/7/3 203/14/3 202/10/3
f 203/14/4 196/33/4 194/16/4
f 216/36/5 194/21/5 198/22/5
f 205/20/5 202/10/5 210/678/5
f 205/20/5 210/678/5 275/679/5
f 278/677/5 216/36/5 198/22/5
f 284/680/5 278/677/5 198/22/5
f 205/20/5 275/679/5 287/681/5
f 205/20/5 287/681/5 213/34/5
f 212/682/5 284/680/5 198/22/5
f 281/683/5 212/682/5 198/22/5
f 198/22/5 205/20/5 213/34/5
f 285/35/5 281/683/5 198/22/5
f 210/678/5 202/10/5 194/21/5
f 194/21/5 216/36/5 280/37/5
f 274/55/5 210/678/5 194/21/5
f 222/685/6 199/23/6 196/38/6
f 196/38/6 203/14/6 224/686/6
f 196/38/6 224/686/6 273/687/6
f 283/684/6 222/685/6 196/38/6
f 277/688/6 283/684/6 196/38/6
f 196/38/6 273/687/6 279/39/6
f 218/40/6 277/688/6 196/38/6
f 276/689/6 224/686/6 203/14/6
f 207/7/6 199/23/6 222/685/6
f 207/7/6 222/685/6 282/690/6
f 276/689/6 203/14/6 207/7/6
f 288/691/6 276/689/6 207/7/6
f 207/7/6 282/690/6 286/41/6
f 219/42/6 288/691/6 207/7/6
f 278/43/3 284/692/3 283/44/3
f 281/46/4 285/693/4 286/47/4
f 275/49/1 276/694/1 288/50/1
f 273/52/2 274/695/2 280/53/2
f 353/24/1 321/25/1 341/1/1
f 341/1/1 337/6/1 289/32/1
f 341/1/1 289/32/1 370/27/1
f 354/3/1 353/24/1 341/1/1
f 341/1/1 370/27/1 369/2/1
f 337/6/2 341/1/2 351/7/2
f 337/6/2 351/7/2 356/9/2
f 371/11/2 349/20/2 337/6/2
f 372/5/2 371/11/2 337/6/2
f 337/6/2 356/9/2 355/4/2
f 351/7/3 347/14/3 335/8/3
f 345/10/3 349/20/3 371/11/3
f 355/4/3 322/18/3 320/13/3
f 347/14/4 321/33/4 353/15/4
f 289/16/4 345/10/4 306/12/4
f 322/18/4 354/31/4 369/19/4
f 349/20/5 345/10/5 289/21/5
f 341/23/6 321/38/6 347/14/6
f 343/1/1 357/30/1 330/24/1
f 358/26/1 373/29/1 314/2/1
f 339/6/1 307/32/1 312/27/1
f 357/30/2 343/1/2 352/7/2
f 352/7/2 350/20/2 339/6/2
f 352/7/2 339/6/2 374/28/2
f 358/26/2 357/30/2 352/7/2
f 352/7/2 374/28/2 373/29/2
f 376/12/3 346/10/3 350/20/3
f 350/20/3 352/7/3 348/14/3
f 350/20/3 348/14/3 359/8/3
f 375/13/3 376/12/3 350/20/3
f 350/20/3 359/8/3 360/18/3
f 348/14/4 329/33/4 330/15/4
f 307/16/4 346/10/4 376/12/4
f 360/18/4 327/31/4 314/19/4
f 350/20/5 346/10/5 307/21/5
f 343/23/6 329/38/6 348/14/6
f 333/1/1 334/30/1 363/24/1
f 326/6/1 300/32/1 380/27/1
f 323/26/1 318/29/1 379/2/1
f 344/7/2 362/9/2 334/30/2
f 361/4/2 378/5/2 318/29/2
f 342/20/2 326/6/2 308/28/2
f 362/9/3 344/7/3 340/14/3
f 340/14/3 338/10/3 342/20/3
f 340/14/3 342/20/3 377/11/3
f 361/4/3 362/9/3 340/14/3
f 340/14/3 377/11/3 378/5/3
f 380/17/4 300/16/4 338/10/4
f 338/10/4 340/14/4 316/33/4
f 338/10/4 316/33/4 363/15/4
f 379/19/4 380/17/4 338/10/4
f 338/10/4 363/15/4 364/31/4
f 342/20/5 338/10/5 300/21/5
f 333/23/6 316/38/6 340/14/6
f 296/32/1 304/25/1 319/1/1
f 296/32/1 319/1/1 366/30/1
f 381/28/1 310/6/1 296/32/1
f 382/29/1 381/28/1 296/32/1
f 296/32/1 366/30/1 365/26/1
f 336/7/2 331/9/2 366/30/2
f 332/20/2 310/6/2 381/28/2
f 325/4/2 315/5/2 382/29/2
f 336/7/3 328/14/3 368/8/3
f 324/10/3 332/20/3 309/11/3
f 325/4/3 367/18/3 384/13/3
f 368/8/4 328/14/4 304/33/4
f 304/33/4 296/16/4 324/10/4
f 304/33/4 324/10/4 383/12/4
f 367/18/4 368/8/4 304/33/4
f 304/33/4 383/12/4 384/13/4
f 332/20/5 324/10/5 296/21/5
f 319/23/6 304/38/6 328/14/6
f 293/25/1 302/1/1 297/6/1
f 302/1/2 317/7/2 313/20/2
f 317/7/3 311/14/3 305/10/3
f 311/14/4 293/33/4 291/16/4
f 358/677/5 327/36/5 291/21/5
f 313/20/5 305/10/5 322/678/5
f 313/20/5 322/678/5 355/679/5
f 358/677/5 291/21/5 297/22/5
f 364/680/5 358/677/5 297/22/5
f 313/20/5 355/679/5 367/681/5
f 313/20/5 367/681/5 325/34/5
f 323/682/5 364/680/5 297/22/5
f 361/683/5 323/682/5 297/22/5
f 297/22/5 313/20/5 325/34/5
f 365/35/5 361/683/5 297/22/5
f 354/55/5 322/678/5 305/10/5
f 305/10/5 291/21/5 327/36/5
f 360/37/5 354/55/5 305/10/5
f 363/684/6 334/685/6 302/23/6
f 293/38/6 311/14/6 335/686/6
f 293/38/6 335/686/6 353/687/6
f 363/684/6 302/23/6 293/38/6
f 357/688/6 363/684/6 293/38/6
f 293/38/6 353/687/6 359/39/6
f 330/40/6 357/688/6 293/38/6
f 356/689/6 335/686/6 311/14/6
f 317/7/6 302/23/6 334/685/6
f 317/7/6 334/685/6 362/690/6
f 356/689/6 311/14/6 317/7/6
f 368/691/6 356/689/6 317/7/6
f 317/7/6 362/690/6 366/41/6
f 331/42/6 368/691/6 317/7/6
f 358/43/3 364/692/3 363/44/3
f 361/46/4 365/693/4 366/47/4
f 355/49/1 356/694/1 368/50/1
f 353/52/2 354/695/2 360/53/2
f 292/25/1 295/1/1 294/6/1
f 295/1/2 303/7/2 301/20/2
f 303/7/3 299/14/3 298/10/3
f 299/14/4 292/33/4 290/16/4
f 312/36/5 290/21/5 294/22/5
f 301/20/5 298/10/5 306/678/5
f 301/20/5 306/678/5 371/679/5
f 374/677/5 312/36/5 294/22/5
f 380/680/5 374/677/5 294/22/5
f 301/20/5 371/679/5 383/681/5
f 301/20/5 383/681/5 309/34/5
f 308/682/5 380/680/5 294/22/5
f 377/683/5 308/682/5 294/22/5
f 294/22/5 301/20/5 309/34/5
f 381/35/5 377/683/5 294/22/5
f 306/678/5 298/10/5 290/21/5
f 290/21/5 312/36/5 376/37/5
f 370/55/5 306/678/5 290/21/5
f 318/685/6 295/23/6 292/38/6
f 292/38/6 299/14/6 320/686/6
f 292/38/6 320/686/6 369/687/6
f 379/684/6 318/685/6 292/38/6
f 373/688/6 379/684/6 292/38/6
f 292/38/6 369/687/6 375/39/6
f 314/40/6 373/688/6 292/38/6
f 372/689/6 320/686/6 299/14/6
f 303/7/6 295/23/6 318/685/6
f 303/7/6 318/685/6 378/690/6
f 372/689/6 299/14/6 303/7/6
f 384/691/6 372/689/6 303/7/6
f 303/7/6 378/690/6 382/41/6
f 315/42/6 384/691/6 303/7/6
f 374/43/3 380/692/3 379/44/3
f 377/46/4 381/693/4 382/47/4
f 371/49/1 372/694/1 384/50/1
f 369/52/2 370/695/2 376/53/2
f 386/25/1 388/1/1 387/6/1
f 391/20/2 387/6/2 388/1/2
f 388/1/2 392/7/2 393/56/2
f 395/57/2 391/20/2 388/1/2
f 392/7/3 390/14/3 394/58/3
f 385/16/4 389/10/4 396/696/4
f 394/58/4 390/14/4 386/33/4
f 385/16/4 396/696/4 394/58/4
f 385/21/5 387/22/5 391/20/5
f 385/21/5 391/20/5 397/63/5
f 400/60/5 389/10/5 385/21/5
f 385/21/5 397/63/5 401/59/5
f 398/64/3 395/57/3 393/56/3
f 393/56/3 394/58/3 396/696/3
f 393/56/3 396/696/3 399/61/3
f 402/62/3 398/64/3 393/56/3
f 399/61/3 396/696/3 389/10/3
f 395/57/3 398/64/3 397/63/3
f 402/62/3 399/61/3 400/60/3
f 402/62/7 401/59/7 403/59/7
f 414/63/5 408/63/5 404/63/5
f 404/63/5 412/63/5 434/63/5
f 398/64/8 405/64/8 404/63/8
f 401/59/5 397/63/5 404/63/5
f 409/64/3 410/62/3 407/59/3
f 410/62/4 426/62/4 424/62/4
f 404/63/5 408/63/5 407/59/5
f 407/59/5 418/59/5 416/59/5
f 411/64/9 429/64/9 431/63/9
f 408/63/3 414/63/3 413/64/3
f 405/64/1 411/64/1 412/63/1
f 435/64/10 438/64/10 439/64/10
f 416/59/4 418/59/4 417/62/4
f 410/62/3 417/62/3 418/59/3
f 403/59/1 416/59/1 415/62/1
f 417/62/4 422/62/4 421/62/4
f 415/62/1 421/62/1 419/62/1
f 406/62/2 419/62/2 420/62/2
f 410/62/3 420/62/3 422/62/3
f 405/64/1 423/64/1 427/64/1
f 409/64/3 425/64/3 426/62/3
f 406/62/1 424/62/1 423/64/1
f 413/64/3 428/64/3 425/64/3
f 431/63/11 429/64/11 432/65/11
f 414/63/2 434/63/2 432/65/2
f 427/64/9 430/64/9 429/64/9
f 433/65/11 432/65/11 429/64/11
f 433/65/2 428/64/2 413/64/2
f 439/64/1020 438/64/1020 442/64/1020
f 430/64/11 436/64/11 437/65/11
f 427/64/9 439/64/9 436/64/9
f 433/64/13 437/64/13 438/64/13
f 437/64/1021 441/64/1021 442/64/1021
f 439/64/1022 443/64/1022 440/64/1022
f 437/65/1023 436/64/1023 440/64/1023
f 445/25/1 447/1/1 446/6/1
f 447/1/2 451/7/2 450/20/2
f 451/7/3 449/14/3 448/10/3
f 449/14/4 445/33/4 444/16/4
f 450/20/5 448/10/5 444/21/5
f 453/25/1 455/1/1 454/6/1
f 455/1/2 459/7/2 458/20/2
f 459/7/3 457/14/3 456/10/3
f 457/14/4 453/33/4 452/16/4
f 458/20/5 456/10/5 452/21/5
f 455/23/6 453/38/6 457/14/6
f 2919/624/974 2921/626/974 2920/625/974
f 2921/626/1006 2923/628/1006 2922/627/1006
f 2923/628/1013 2925/630/1013 2924/629/1013
f 2925/630/1007 2927/631/1007 2926/23/1007
f 2927/631/978 2929/633/978 2928/632/978
f 2929/633/1018 2931/635/1018 2930/634/1018
f 2931/635/980 2933/637/980 2932/636/980
f 2933/637/981 2935/638/981 2934/71/981
f 2935/638/982 2937/639/982 2936/78/982
f 2937/639/983 2939/640/983 2938/110/983
f 2939/640/1014 2941/641/1014 2940/134/1014
f 2941/641/985 2943/33/985 2942/7/985
f 2943/33/1236 2945/642/1236 2944/161/1236
f 2945/642/1237 2947/643/1237 2946/170/1237
f 2947/643/1015 2949/644/1015 2948/194/1015
f 2949/644/989 2951/645/989 2950/56/989
f 2951/645/990 2953/647/990 2952/646/990
f 2953/647/1008 2955/648/1008 2954/57/1008
f 2955/648/992 2957/650/992 2956/649/992
f 2957/650/1019 2959/16/1019 2958/20/1019
f 2959/16/994 2961/652/994 2960/651/994
f 2961/652/995 2963/654/995 2962/653/995
f 2963/654/996 2965/656/996 2964/655/996
f 2965/656/997 2967/657/997 2966/70/997
f 2967/657/998 2969/659/998 2968/658/998
f 2969/659/999 2971/661/999 2970/660/999
f 2971/661/1000 2973/663/1000 2972/662/1000
f 2973/663/1001 2975/664/1001 2974/22/1001
f 2975/664/1011 2977/666/1011 2976/665/1011
f 2977/666/1003 2979/671/1003 2978/667/1003
f 2923/670/6 2921/697/6 2919/698/6
f 2919/698/6 2981/699/6 2979/700/6
f 2979/700/6 2977/701/6 2975/702/6
f 2975/702/6 2973/703/6 2971/704/6
f 2971/704/6 2969/705/6 2967/706/6
f 2967/706/6 2965/707/6 2963/708/6
f 2963/708/6 2961/709/6 2959/710/6
f 2959/710/6 2957/711/6 2955/668/6
f 2955/668/6 2953/712/6 2951/713/6
f 2951/713/6 2949/714/6 2947/715/6
f 2947/715/6 2945/716/6 2943/717/6
f 2943/717/6 2941/718/6 2939/669/6
f 2939/669/6 2937/719/6 2935/720/6
f 2935/720/6 2933/721/6 2931/722/6
f 2931/722/6 2929/723/6 2927/724/6
f 2927/724/6 2925/725/6 2923/670/6
f 2923/670/6 2919/698/6 2979/700/6
f 2979/700/6 2975/702/6 2971/704/6
f 2971/704/6 2967/706/6 2963/708/6
f 2963/708/6 2959/710/6 2955/668/6
f 2955/668/6 2951/713/6 2947/715/6
f 2947/715/6 2943/717/6 2939/669/6
f 2939/669/6 2935/720/6 2931/722/6
f 2931/722/6 2927/724/6 2923/670/6
f 2923/670/6 2979/700/6 2971/704/6
f 2971/704/6 2963/708/6 2955/668/6
f 2955/668/6 2947/715/6 2939/669/6
f 2939/669/6 2931/722/6 2923/670/6
f 2923/670/6 2971/704/6 2955/668/6
f 2979/671/1017 2981/673/1017 2980/672/1017
f 2981/673/1005 2919/726/1005 2918/477/1005
f 2980/676/5 2918/727/5 2920/728/5
f 2920/728/5 2922/729/5 2924/730/5
f 2924/730/5 2926/731/5 2928/732/5
f 2928/732/1238 2930/733/1238 2932/734/1238
f 2932/734/5 2934/735/5 2936/736/5
f 2936/736/1238 2938/737/1238 2940/738/1238
f 2940/738/5 2942/739/5 2944/740/5
f 2944/740/5 2946/741/5 2948/674/5
f 2948/674/5 2950/742/5 2952/743/5
f 2952/743/5 2954/744/5 2956/745/5
f 2956/745/5 2958/746/5 2960/747/5
f 2960/747/1239 2962/748/1239 2964/675/1239
f 2964/675/5 2966/749/5 2968/750/5
f 2968/750/1239 2970/751/1239 2972/752/1239
f 2972/752/5 2974/753/5 2976/754/5
f 2976/754/5 2978/755/5 2980/676/5
f 2980/676/5 2920/728/5 2924/730/5
f 2924/730/5 2928/732/5 2932/734/5
f 2932/734/5 2936/736/5 2940/738/5
f 2940/738/5 2944/740/5 2948/674/5
f 2948/674/5 2952/743/5 2956/745/5
f 2956/745/5 2960/747/5 2964/675/5
f 2964/675/5 2968/750/5 2972/752/5
f 2972/752/5 2976/754/5 2980/676/5
f 2980/676/5 2924/730/5 2932/734/5
f 2932/734/5 2940/738/5 2948/674/5
f 2948/674/5 2956/745/5 2964/675/5
f 2964/675/5 2972/752/5 2980/676/5
f 2980/676/5 2932/734/5 2948/674/5
f 2983/624/974 2985/626/974 2984/625/974
f 2985/626/1006 2987/628/1006 2986/627/1006
f 2987/628/1013 2989/630/1013 2988/629/1013
f 2989/630/1007 2991/631/1007 2990/23/1007
f 2991/631/978 2993/633/978 2992/632/978
f 2993/633/1018 2995/635/1018 2994/634/1018
f 2995/635/980 2997/637/980 2996/636/980
f 2997/637/981 2999/638/981 2998/71/981
f 2999/638/982 3001/639/982 3000/78/982
f 3001/639/983 3003/640/983 3002/110/983
f 3003/640/1014 3005/641/1014 3004/134/1014
f 3005/641/985 3007/33/985 3006/7/985
f 3007/33/986 3009/642/986 3008/161/986
f 3009/642/1237 3011/643/1237 3010/170/1237
f 3011/643/988 3013/644/988 3012/194/988
f 3013/644/989 3015/645/989 3014/56/989
f 3015/645/990 3017/647/990 3016/646/990
f 3017/647/1008 3019/648/1008 3018/57/1008
f 3019/648/1009 3021/650/1009 3020/649/1009
f 3021/650/993 3023/16/993 3022/20/993
f 3023/16/994 3025/652/994 3024/651/994
f 3025/652/1016 3027/654/1016 3026/653/1016
f 3027/654/996 3029/656/996 3028/655/996
f 3029/656/997 3031/657/997 3030/70/997
f 3031/657/998 3033/659/998 3032/658/998
f 3033/659/999 3035/661/999 3034/660/999
f 3035/661/1000 3037/663/1000 3036/662/1000
f 3037/663/1001 3039/664/1001 3038/22/1001
f 3039/664/1011 3041/666/1011 3040/665/1011
f 3041/666/1012 3043/671/1012 3042/667/1012
f 2987/670/6 2985/697/6 2983/698/6
f 2983/698/6 3045/699/6 3043/700/6
f 3043/700/6 3041/701/6 3039/702/6
f 3039/702/6 3037/703/6 3035/704/6
f 3035/704/6 3033/705/6 3031/706/6
f 3031/706/6 3029/707/6 3027/708/6
f 3027/708/6 3025/709/6 3023/710/6
f 3023/710/6 3021/711/6 3019/668/6
f 3019/668/6 3017/712/6 3015/713/6
f 3015/713/6 3013/714/6 3011/715/6
f 3011/715/6 3009/716/6 3007/717/6
f 3007/717/6 3005/718/6 3003/669/6
f 3003/669/6 3001/719/6 2999/720/6
f 2999/720/6 2997/721/6 2995/722/6
f 2995/722/6 2993/723/6 2991/724/6
f 2991/724/6 2989/725/6 2987/670/6
f 2987/670/6 2983/698/6 3043/700/6
f 3043/700/6 3039/702/6 3035/704/6
f 3035/704/6 3031/706/6 3027/708/6
f 3027/708/6 3023/710/6 3019/668/6
f 3019/668/6 3015/713/6 3011/715/6
f 3011/715/6 3007/717/6 3003/669/6
f 3003/669/6 2999/720/6 2995/722/6
f 2995/722/6 2991/724/6 2987/670/6
f 2987/670/6 3043/700/6 3035/704/6
f 3035/704/6 3027/708/6 3019/668/6
f 3019/668/6 3011/715/6 3003/669/6
f 3003/669/6 2995/722/6 2987/670/6
f 2987/670/6 3035/704/6 3019/668/6
f 3043/671/1004 3045/673/1004 3044/672/1004
f 3045/673/1005 2983/726/1005 2982/477/1005
f 3044/676/5 2982/727/5 2984/728/5
f 2984/728/5 2986/729/5 2988/730/5
f 2988/730/5 2990/731/5 2992/732/5
f 2992/732/5 2994/733/5 2996/734/5
f 2996/734/5 2998/735/5 3000/736/5
f 3000/736/5 3002/737/5 3004/738/5
f 3004/738/5 3006/739/5 3008/740/5
f 3008/740/5 3010/741/5 3012/674/5
f 3012/674/5 3014/742/5 3016/743/5
f 3016/743/5 3018/744/5 3020/745/5
f 3020/745/5 3022/746/5 3024/747/5
f 3024/747/5 3026/748/5 3028/675/5
f 3028/675/5 3030/749/5 3032/750/5
f 3032/750/5 3034/751/5 3036/752/5
f 3036/752/5 3038/753/5 3040/754/5
f 3040/754/5 3042/755/5 3044/676/5
f 3044/676/5 2984/728/5 2988/730/5
f 2988/730/5 2992/732/5 2996/734/5
f 2996/734/5 3000/736/5 3004/738/5
f 3004/738/5 3008/740/5 3012/674/5
f 3012/674/5 3016/743/5 3020/745/5
f 3020/745/5 3024/747/5 3028/675/5
f 3028/675/5 3032/750/5 3036/752/5
f 3036/752/5 3040/754/5 3044/676/5
f 3044/676/5 2988/730/5 2996/734/5
f 2996/734/5 3004/738/5 3012/674/5
f 3012/674/5 3020/745/5 3028/675/5
f 3028/675/5 3036/752/5 3044/676/5
f 3044/676/5 2996/734/5 3012/674/5
f 3047/624/974 3049/626/974 3048/625/974
f 3049/626/975 3051/628/975 3050/627/975
f 3051/628/1013 3053/630/1013 3052/629/1013
f 3053/630/1007 3055/631/1007 3054/23/1007
f 3055/631/978 3057/633/978 3056/632/978
f 3057/633/979 3059/635/979 3058/634/979
f 3059/635/980 3061/637/980 3060/636/980
f 3061/637/981 3063/638/981 3062/71/981
f 3063/638/982 3065/639/982 3064/78/982
f 3065/639/983 3067/640/983 3066/110/983
f 3067/640/1014 3069/641/1014 3068/134/1014
f 3069/641/985 3071/33/985 3070/7/985
f 3071/33/986 3073/642/986 3072/161/986
f 3073/642/987 3075/643/987 3074/170/987
f 3075/643/988 3077/644/988 3076/194/988
f 3077/644/989 3079/645/989 3078/56/989
f 3079/645/990 3081/647/990 3080/646/990
f 3081/647/991 3083/648/991 3082/57/991
f 3083/648/1009 3085/650/1009 3084/649/1009
f 3085/650/993 3087/16/993 3086/20/993
f 3087/16/994 3089/652/994 3088/651/994
f 3089/652/1016 3091/654/1016 3090/653/1016
f 3091/654/996 3093/656/996 3092/655/996
f 3093/656/997 3095/657/997 3094/70/997
f 3095/657/998 3097/659/998 3096/658/998
f 3097/659/999 3099/661/999 3098/660/999
f 3099/661/1010 3101/663/1010 3100/662/1010
f 3101/663/1001 3103/664/1001 3102/22/1001
f 3103/664/1011 3105/666/1011 3104/665/1011
f 3105/666/1012 3107/671/1012 3106/667/1012
f 3051/670/6 3049/697/6 3047/698/6
f 3047/698/6 3109/699/6 3107/700/6
f 3107/700/6 3105/701/6 3103/702/6
f 3103/702/6 3101/703/6 3099/704/6
f 3099/704/6 3097/705/6 3095/706/6
f 3095/706/6 3093/707/6 3091/708/6
f 3091/708/6 3089/709/6 3087/710/6
f 3087/710/6 3085/711/6 3083/668/6
f 3083/668/6 3081/712/6 3079/713/6
f 3079/713/6 3077/714/6 3075/715/6
f 3075/715/6 3073/716/6 3071/717/6
f 3071/717/6 3069/718/6 3067/669/6
f 3067/669/6 3065/719/6 3063/720/6
f 3063/720/6 3061/721/6 3059/722/6
f 3059/722/6 3057/723/6 3055/724/6
f 3055/724/6 3053/725/6 3051/670/6
f 3051/670/6 3047/698/6 3107/700/6
f 3107/700/6 3103/702/6 3099/704/6
f 3099/704/6 3095/706/6 3091/708/6
f 3091/708/6 3087/710/6 3083/668/6
f 3083/668/6 3079/713/6 3075/715/6
f 3075/715/6 3071/717/6 3067/669/6
f 3067/669/6 3063/720/6 3059/722/6
f 3059/722/6 3055/724/6 3051/670/6
f 3051/670/6 3107/700/6 3099/704/6
f 3099/704/6 3091/708/6 3083/668/6
f 3083/668/6 3075/715/6 3067/669/6
f 3067/669/6 3059/722/6 3051/670/6
f 3051/670/6 3099/704/6 3083/668/6
f 3107/671/1004 3109/673/1004 3108/672/1004
f 3109/673/1005 3047/726/1005 3046/477/1005
f 3108/676/5 3046/727/5 3048/728/5
f 3048/728/5 3050/729/5 3052/730/5
f 3052/730/5 3054/731/5 3056/732/5
f 3056/732/5 3058/733/5 3060/734/5
f 3060/734/5 3062/735/5 3064/736/5
f 3064/736/5 3066/737/5 3068/738/5
f 3068/738/5 3070/739/5 3072/740/5
f 3072/740/5 3074/741/5 3076/674/5
f 3076/674/5 3078/742/5 3080/743/5
f 3080/743/5 3082/744/5 3084/745/5
f 3084/745/5 3086/746/5 3088/747/5
f 3088/747/5 3090/748/5 3092/675/5
f 3092/675/5 3094/749/5 3096/750/5
f 3096/750/5 3098/751/5 3100/752/5
f 3100/752/5 3102/753/5 3104/754/5
f 3104/754/5 3106/755/5 3108/676/5
f 3108/676/5 3048/728/5 3052/730/5
f 3052/730/5 3056/732/5 3060/734/5
f 3060/734/5 3064/736/5 3068/738/5
f 3068/738/5 3072/740/5 3076/674/5
f 3076/674/5 3080/743/5 3084/745/5
f 3084/745/5 3088/747/5 3092/675/5
f 3092/675/5 3096/750/5 3100/752/5
f 3100/752/5 3104/754/5 3108/676/5
f 3108/676/5 3052/730/5 3060/734/5
f 3060/734/5 3068/738/5 3076/674/5
f 3076/674/5 3084/745/5 3092/675/5
f 3092/675/5 3100/752/5 3108/676/5
f 3108/676/5 3060/734/5 3076/674/5
usemtl Material.023
f 460/32/17 463/1/17 462/6/17
f 468/66/18 467/7/18 466/20/18
f 467/7/19 464/10/19 466/20/19
f 471/67/20 460/16/20 470/68/20
f 466/20/21 470/69/21 468/70/21
f 469/71/22 461/38/22 471/72/22
f 469/71/23 465/14/23 467/7/23
f 462/22/24 470/69/24 460/21/24
f 465/14/20 470/68/20 464/10/20
f 462/6/18 469/73/18 468/66/18
f 472/32/25 475/1/25 474/6/25
f 480/66/26 479/7/26 478/20/26
f 479/7/27 476/10/27 478/20/27
f 483/67/28 472/16/28 482/68/28
f 478/20/29 482/69/29 480/70/29
f 481/71/30 473/38/30 483/72/30
f 481/71/31 477/14/31 479/7/31
f 474/22/32 482/69/32 472/21/32
f 477/14/28 482/68/28 476/10/28
f 474/6/26 481/73/26 480/66/26
f 484/32/33 487/1/33 486/6/33
f 492/66/34 491/7/34 490/20/34
f 491/7/35 488/10/35 490/20/35
f 495/67/36 484/16/36 494/68/36
f 490/20/37 494/69/37 492/70/37
f 493/71/38 485/38/38 495/72/38
f 493/71/39 489/14/39 491/7/39
f 486/22/40 494/69/40 484/21/40
f 489/14/36 494/68/36 488/10/36
f 486/6/34 493/73/34 492/66/34
f 496/32/41 499/1/41 498/6/41
f 504/66/42 503/7/42 502/20/42
f 503/7/43 500/10/43 502/20/43
f 507/67/44 496/16/44 506/68/44
f 502/20/45 506/69/45 504/70/45
f 505/71/46 497/38/46 507/72/46
f 505/71/47 501/14/47 503/7/47
f 498/22/48 506/69/48 496/21/48
f 501/14/44 506/68/44 500/10/44
f 498/6/42 505/73/42 504/66/42
f 989/74/49 529/75/49 530/76/49
f 511/77/50 523/78/50 512/71/50
f 981/79/51 508/80/51 516/81/51
f 515/82/52 989/74/52 530/76/52
f 513/83/53 523/78/53 524/84/53
f 981/79/54 517/85/54 982/86/54
f 985/87/55 524/84/55 525/88/55
f 982/86/56 518/89/56 509/90/56
f 514/91/57 525/88/57 526/92/57
f 509/90/58 519/93/58 983/94/58
f 986/95/59 526/92/59 527/96/59
f 983/94/60 520/97/60 510/98/60
f 987/99/61 527/96/61 528/100/61
f 510/98/62 521/101/62 984/102/62
f 988/103/63 528/100/63 529/75/63
f 984/102/64 522/104/64 511/77/64
f 520/97/65 536/105/65 521/101/65
f 529/75/66 543/106/66 544/107/66
f 521/101/67 537/108/67 522/104/67
f 530/76/68 544/107/68 545/109/68
f 522/104/69 538/110/69 523/78/69
f 516/81/70 508/111/70 531/112/70
f 515/113/71 530/76/71 545/109/71
f 524/84/72 538/110/72 539/114/72
f 516/81/73 532/115/73 517/85/73
f 525/88/74 539/114/74 540/116/74
f 517/85/75 533/117/75 518/89/75
f 526/92/76 540/116/76 541/118/76
f 518/89/77 534/119/77 519/93/77
f 527/96/78 541/118/78 542/120/78
f 519/93/79 535/121/79 520/97/79
f 528/100/80 542/120/80 543/106/80
f 540/116/81 554/122/81 555/123/81
f 532/115/82 548/124/82 533/117/82
f 541/118/83 555/123/83 556/125/83
f 533/117/84 549/126/84 534/119/84
f 542/120/85 556/125/85 557/127/85
f 534/119/86 550/128/86 535/121/86
f 543/106/87 557/127/87 558/129/87
f 535/121/88 551/130/88 536/105/88
f 544/107/89 558/129/89 559/131/89
f 536/105/90 552/132/90 537/108/90
f 545/109/91 559/131/91 560/133/91
f 537/108/92 553/134/92 538/110/92
f 531/112/93 508/135/93 546/136/93
f 515/137/94 545/109/94 560/133/94
f 539/114/95 553/134/95 554/122/95
f 531/112/96 547/138/96 532/115/96
f 559/131/97 573/139/97 574/140/97
f 551/130/98 567/141/98 552/132/98
f 560/133/99 574/140/99 575/142/99
f 552/132/100 568/7/100 553/134/100
f 546/136/101 508/143/101 561/144/101
f 515/145/102 560/133/102 575/142/102
f 554/122/103 568/7/103 569/146/103
f 546/136/104 562/67/104 547/138/104
f 555/123/105 569/146/105 570/73/105
f 547/138/106 563/147/106 548/124/106
f 556/125/107 570/73/107 571/148/107
f 548/124/108 564/14/108 549/126/108
f 557/127/109 571/148/109 572/1/109
f 549/126/110 565/149/110 550/128/110
f 558/129/111 572/1/111 573/139/111
f 550/128/112 566/150/112 551/130/112
f 571/148/113 585/151/113 586/152/113
f 563/147/114 579/153/114 564/14/114
f 572/1/115 586/152/115 587/154/115
f 564/14/116 580/155/116 565/149/116
f 573/139/117 587/154/117 588/156/117
f 565/149/118 581/157/118 566/150/118
f 574/140/119 588/156/119 589/158/119
f 566/150/120 582/159/120 567/141/120
f 575/142/121 589/158/121 590/160/121
f 567/141/122 583/161/122 568/7/122
f 561/144/123 508/162/123 576/163/123
f 515/164/124 575/142/124 590/160/124
f 569/146/125 583/161/125 584/165/125
f 561/144/126 577/166/126 562/67/126
f 570/73/127 584/165/127 585/151/127
f 562/67/128 578/167/128 563/147/128
f 590/160/129 604/168/129 605/169/129
f 582/159/130 598/170/130 583/161/130
f 576/163/131 508/171/131 591/172/131
f 515/173/132 590/160/132 605/169/132
f 584/165/133 598/170/133 599/174/133
f 576/163/134 592/175/134 577/166/134
f 585/151/135 599/174/135 600/176/135
f 577/166/136 593/177/136 578/167/136
f 586/152/137 600/176/137 601/178/137
f 578/167/138 594/179/138 579/153/138
f 587/154/139 601/178/139 602/180/139
f 579/153/140 595/181/140 580/155/140
f 588/156/141 602/180/141 603/182/141
f 580/155/142 596/183/142 581/157/142
f 589/158/143 603/182/143 604/168/143
f 581/157/144 597/184/144 582/159/144
f 593/177/145 609/185/145 594/179/145
f 602/180/146 616/186/146 617/187/146
f 594/179/147 610/188/147 595/181/147
f 603/182/148 617/187/148 618/189/148
f 595/181/149 611/190/149 596/183/149
f 604/168/150 618/189/150 619/191/150
f 596/183/151 612/192/151 597/184/151
f 605/169/152 619/191/152 620/193/152
f 597/184/153 613/194/153 598/170/153
f 591/172/154 508/195/154 606/196/154
f 515/197/155 605/169/155 620/193/155
f 599/174/156 613/194/156 614/198/156
f 591/172/157 607/199/157 592/175/157
f 600/176/158 614/198/158 615/200/158
f 592/175/159 608/201/159 593/177/159
f 601/178/160 615/200/160 616/186/160
f 612/192/161 628/202/161 613/194/161
f 606/196/162 508/203/162 621/204/162
f 515/205/163 620/193/163 635/206/163
f 614/198/164 628/202/164 629/207/164
f 606/196/165 622/208/165 607/199/165
f 615/200/166 629/207/166 630/209/166
f 607/199/167 623/210/167 608/201/167
f 616/186/168 630/209/168 631/211/168
f 608/201/169 624/212/169 609/185/169
f 617/187/170 631/211/170 632/213/170
f 609/185/171 625/214/171 610/188/171
f 618/189/172 632/213/172 633/215/172
f 610/188/173 626/216/173 611/190/173
f 619/191/174 633/215/174 634/217/174
f 611/190/175 627/218/175 612/192/175
f 620/193/176 634/217/176 635/206/176
f 631/211/177 647/219/177 632/213/177
f 625/214/178 639/220/178 640/221/178
f 632/213/179 648/222/179 633/215/179
f 626/216/180 640/221/180 641/223/180
f 633/215/181 649/224/181 634/217/181
f 627/218/182 641/223/182 642/225/182
f 634/217/183 650/226/183 635/206/183
f 628/202/184 642/225/184 643/227/184
f 621/204/185 508/228/185 636/229/185
f 515/230/186 635/206/186 650/226/186
f 628/202/187 644/231/187 629/207/187
f 622/208/188 636/229/188 637/232/188
f 629/207/189 645/233/189 630/209/189
f 623/210/190 637/232/190 638/234/190
f 630/209/191 646/235/191 631/211/191
f 624/212/192 638/234/192 639/220/192
f 636/229/193 508/236/193 651/237/193
f 515/238/194 650/226/194 665/239/194
f 643/227/195 659/240/195 644/231/195
f 637/232/196 651/237/196 652/241/196
f 644/231/197 660/242/197 645/233/197
f 638/234/198 652/241/198 653/243/198
f 645/233/199 661/244/199 646/235/199
f 639/220/200 653/243/200 654/245/200
f 646/235/201 662/246/201 647/219/201
f 640/221/202 654/245/202 655/247/202
f 647/219/203 663/248/203 648/222/203
f 641/223/204 655/247/204 656/249/204
f 648/222/205 664/250/205 649/224/205
f 642/225/206 656/249/206 657/251/206
f 649/224/207 665/239/207 650/226/207
f 643/227/208 657/251/208 658/252/208
f 655/247/209 669/253/209 670/254/209
f 662/246/210 678/255/210 663/248/210
f 656/249/211 670/254/211 671/256/211
f 663/248/212 679/257/212 664/250/212
f 657/251/213 671/256/213 672/258/213
f 664/250/214 680/259/214 665/239/214
f 658/252/215 672/258/215 673/260/215
f 651/237/216 508/261/216 666/262/216
f 515/263/217 665/239/217 680/259/217
f 658/252/218 674/264/218 659/240/218
f 652/241/219 666/262/219 667/265/219
f 659/240/220 675/266/220 660/242/220
f 653/243/221 667/265/221 668/267/221
f 660/242/222 676/268/222 661/244/222
f 654/245/223 668/267/223 669/253/223
f 661/244/224 677/269/224 662/246/224
f 673/260/225 689/270/225 674/264/225
f 667/265/226 681/271/226 682/68/226
f 674/264/227 690/66/227 675/266/227
f 668/267/228 682/68/228 683/272/228
f 675/266/229 691/273/229 676/268/229
f 669/253/230 683/272/230 684/274/230
f 676/268/231 692/6/231 677/269/231
f 670/254/232 684/274/232 685/275/232
f 677/269/233 693/276/233 678/255/233
f 671/256/234 685/275/234 686/277/234
f 678/255/235 694/278/235 679/257/235
f 672/258/236 686/277/236 687/279/236
f 679/257/237 695/280/237 680/259/237
f 673/260/238 687/279/238 688/281/238
f 666/262/239 508/282/239 681/271/239
f 515/283/240 680/259/240 695/280/240
f 692/6/241 708/284/241 693/276/241
f 686/277/242 700/285/242 701/286/242
f 693/276/243 709/287/243 694/278/243
f 687/279/244 701/286/244 702/288/244
f 694/278/245 710/289/245 695/280/245
f 688/281/246 702/288/246 703/290/246
f 681/271/247 508/291/247 696/292/247
f 515/293/248 695/280/248 710/289/248
f 688/281/249 704/294/249 689/270/249
f 682/68/250 696/292/250 697/295/250
f 689/270/251 705/296/251 690/66/251
f 683/272/252 697/295/252 698/297/252
f 690/66/253 706/298/253 691/273/253
f 684/274/254 698/297/254 699/299/254
f 691/273/255 707/300/255 692/6/255
f 685/275/256 699/299/256 700/285/256
f 704/294/257 720/301/257 705/296/257
f 698/297/258 712/302/258 713/303/258
f 705/296/259 721/304/259 706/298/259
f 699/299/260 713/303/260 714/305/260
f 706/298/261 722/306/261 707/300/261
f 700/285/262 714/305/262 715/307/262
f 707/300/263 723/308/263 708/284/263
f 701/286/264 715/307/264 716/309/264
f 708/284/265 724/310/265 709/287/265
f 702/288/266 716/309/266 717/311/266
f 709/287/267 725/312/267 710/289/267
f 703/290/268 717/311/268 718/313/268
f 696/292/269 508/314/269 711/315/269
f 515/316/270 710/289/270 725/312/270
f 703/290/271 719/317/271 704/294/271
f 697/295/272 711/315/272 712/302/272
f 723/308/273 739/318/273 724/310/273
f 717/311/274 731/319/274 732/320/274
f 724/310/275 740/321/275 725/312/275
f 718/313/276 732/320/276 733/322/276
f 711/315/277 508/323/277 726/324/277
f 515/325/278 725/312/278 740/321/278
f 718/313/279 734/326/279 719/317/279
f 712/302/280 726/324/280 727/327/280
f 719/317/281 735/328/281 720/301/281
f 713/303/282 727/327/282 728/329/282
f 720/301/283 736/330/283 721/304/283
f 714/305/284 728/329/284 729/331/284
f 721/304/285 737/332/285 722/306/285
f 715/307/286 729/331/286 730/333/286
f 722/306/287 738/334/287 723/308/287
f 716/309/288 730/333/288 731/319/288
f 728/329/289 742/335/289 743/336/289
f 735/328/290 751/337/290 736/330/290
f 729/331/291 743/336/291 744/338/291
f 736/330/292 752/339/292 737/332/292
f 730/333/293 744/338/293 745/340/293
f 737/332/294 753/341/294 738/334/294
f 731/319/295 745/340/295 746/342/295
f 738/334/296 754/343/296 739/318/296
f 732/320/297 746/342/297 747/344/297
f 739/318/298 755/345/298 740/321/298
f 733/322/299 747/344/299 748/346/299
f 726/324/300 508/347/300 741/348/300
f 515/349/301 740/321/301 755/345/301
f 733/322/302 749/350/302 734/326/302
f 727/327/303 741/348/303 742/335/303
f 734/326/304 750/351/304 735/328/304
f 746/342/305 762/352/305 747/344/305
f 755/345/306 769/353/306 770/354/306
f 747/344/307 763/355/307 748/346/307
f 741/348/308 508/356/308 756/357/308
f 515/358/309 755/345/309 770/354/309
f 749/350/310 763/355/310 764/359/310
f 741/348/311 757/360/311 742/335/311
f 750/351/312 764/359/312 765/361/312
f 742/335/313 758/362/313 743/336/313
f 751/337/314 765/361/314 766/363/314
f 743/336/315 759/364/315 744/338/315
f 752/339/316 766/363/316 767/365/316
f 744/338/317 760/366/317 745/340/317
f 753/341/318 767/365/318 768/367/318
f 745/340/319 761/368/319 746/342/319
f 754/343/320 768/367/320 769/353/320
f 766/363/321 780/369/321 781/370/321
f 758/362/322 774/371/322 759/364/322
f 767/365/323 781/370/323 782/372/323
f 759/364/324 775/373/324 760/366/324
f 768/367/325 782/372/325 783/374/325
f 760/366/326 776/375/326 761/368/326
f 769/353/327 783/374/327 784/376/327
f 761/368/328 777/377/328 762/352/328
f 770/354/329 784/376/329 785/378/329
f 762/352/330 778/379/330 763/355/330
f 756/357/331 508/380/331 771/381/331
f 515/382/332 770/354/332 785/378/332
f 764/359/333 778/379/333 779/383/333
f 756/357/334 772/384/334 757/360/334
f 765/361/335 779/383/335 780/369/335
f 757/360/336 773/385/336 758/362/336
f 785/378/337 799/386/337 800/387/337
f 777/377/338 793/388/338 778/379/338
f 771/381/339 508/389/339 786/390/339
f 515/391/340 785/378/340 800/387/340
f 779/383/341 793/388/341 794/392/341
f 771/381/342 787/393/342 772/384/342
f 780/369/343 794/392/343 795/394/343
f 772/384/344 788/395/344 773/385/344
f 781/370/345 795/394/345 796/396/345
f 773/385/346 789/397/346 774/371/346
f 782/372/347 796/396/347 797/398/347
f 774/371/348 790/399/348 775/373/348
f 783/374/349 797/398/349 798/400/349
f 775/373/350 791/401/350 776/375/350
f 784/376/351 798/400/351 799/386/351
f 776/375/352 792/402/352 777/377/352
f 788/395/353 804/403/353 789/397/353
f 797/398/354 811/404/354 812/405/354
f 789/397/355 805/406/355 790/399/355
f 798/400/356 812/405/356 813/407/356
f 790/399/357 806/408/357 791/401/357
f 799/386/358 813/407/358 814/409/358
f 791/401/359 807/410/359 792/402/359
f 800/387/360 814/409/360 815/411/360
f 792/402/361 808/412/361 793/388/361
f 786/390/362 508/413/362 801/414/362
f 515/415/363 800/387/363 815/411/363
f 794/392/364 808/412/364 809/416/364
f 786/390/365 802/417/365 787/393/365
f 795/394/366 809/416/366 810/418/366
f 787/393/367 803/419/367 788/395/367
f 796/396/368 810/418/368 811/404/368
f 807/410/369 823/420/369 808/412/369
f 801/414/370 508/421/370 816/422/370
f 515/423/371 815/411/371 830/424/371
f 809/416/372 823/420/372 824/425/372
f 801/414/373 817/426/373 802/417/373
f 810/418/374 824/425/374 825/427/374
f 802/417/375 818/428/375 803/419/375
f 811/404/376 825/427/376 826/429/376
f 803/419/377 819/430/377 804/403/377
f 812/405/378 826/429/378 827/431/378
f 804/403/379 820/432/379 805/406/379
f 813/407/380 827/431/380 828/433/380
f 805/406/381 821/434/381 806/408/381
f 814/409/382 828/433/382 829/435/382
f 806/408/383 822/436/383 807/410/383
f 815/411/384 829/435/384 830/424/384
f 827/431/385 841/437/385 842/438/385
f 819/430/386 835/439/386 820/432/386
f 828/433/387 842/438/387 843/440/387
f 820/432/388 836/441/388 821/434/388
f 829/435/389 843/440/389 844/442/389
f 821/434/390 837/443/390 822/436/390
f 830/424/391 844/442/391 845/444/391
f 822/436/392 838/445/392 823/420/392
f 816/422/393 508/446/393 831/447/393
f 515/448/394 830/424/394 845/444/394
f 824/425/395 838/445/395 839/449/395
f 816/422/396 832/450/396 817/426/396
f 825/427/397 839/449/397 840/451/397
f 817/426/398 833/452/398 818/428/398
f 826/429/399 840/451/399 841/437/399
f 818/428/400 834/453/400 819/430/400
f 515/454/401 845/444/401 860/455/401
f 839/449/402 853/456/402 854/457/402
f 831/447/403 847/458/403 832/450/403
f 840/451/404 854/457/404 855/459/404
f 832/450/405 848/460/405 833/452/405
f 841/437/406 855/459/406 856/461/406
f 833/452/407 849/462/407 834/453/407
f 842/438/408 856/461/408 857/463/408
f 834/453/409 850/464/409 835/439/409
f 843/440/410 857/463/410 858/465/410
f 835/439/411 851/466/411 836/441/411
f 844/442/412 858/465/412 859/467/412
f 836/441/413 852/468/413 837/443/413
f 845/444/414 859/467/414 860/455/414
f 837/443/415 853/456/415 838/445/415
f 831/447/416 508/469/416 846/470/416
f 858/465/417 872/471/417 873/472/417
f 850/464/418 866/473/418 851/466/418
f 859/467/419 873/472/419 874/474/419
f 851/466/420 867/475/420 852/468/420
f 860/455/421 874/474/421 875/476/421
f 852/468/422 868/477/422 853/456/422
f 846/470/423 508/478/423 861/479/423
f 515/480/424 860/455/424 875/476/424
f 854/457/425 868/477/425 869/481/425
f 846/470/426 862/482/426 847/458/426
f 855/459/427 869/481/427 870/483/427
f 847/458/428 863/484/428 848/460/428
f 856/461/429 870/483/429 871/485/429
f 848/460/430 864/486/430 849/462/430
f 857/463/431 871/485/431 872/471/431
f 849/462/432 865/487/432 850/464/432
f 862/488/433 876/489/433 877/490/433
f 869/491/434 885/492/434 870/493/434
f 863/494/435 877/490/435 878/495/435
f 870/493/436 886/496/436 871/497/436
f 864/498/437 878/495/437 879/499/437
f 871/497/438 887/500/438 872/501/438
f 865/502/439 879/499/439 880/503/439
f 872/501/440 888/504/440 873/505/440
f 866/506/441 880/503/441 881/507/441
f 873/505/442 889/508/442 874/509/442
f 867/510/443 881/507/443 882/511/443
f 874/509/444 890/512/444 875/513/444
f 868/514/445 882/511/445 883/515/445
f 861/516/446 508/517/446 876/489/446
f 515/518/447 875/513/447 890/512/447
f 868/514/448 884/519/448 869/491/448
f 881/507/449 895/520/449 896/521/449
f 888/504/450 904/522/450 889/508/450
f 882/511/451 896/521/451 897/523/451
f 889/508/452 905/524/452 890/512/452
f 883/515/453 897/523/453 898/525/453
f 876/489/454 508/526/454 891/527/454
f 515/528/455 890/512/455 905/524/455
f 883/515/456 899/529/456 884/519/456
f 877/490/457 891/527/457 892/530/457
f 884/519/458 900/531/458 885/492/458
f 878/495/459 892/530/459 893/532/459
f 885/492/460 901/533/460 886/496/460
f 879/499/461 893/532/461 894/534/461
f 886/496/462 902/535/462 887/500/462
f 880/503/463 894/534/463 895/520/463
f 887/500/464 903/536/464 888/504/464
f 899/529/465 915/537/465 900/531/465
f 893/532/466 907/538/466 908/539/466
f 900/531/467 916/540/467 901/533/467
f 894/534/468 908/539/468 909/541/468
f 901/533/469 917/542/469 902/535/469
f 895/520/470 909/541/470 910/543/470
f 902/535/471 918/544/471 903/536/471
f 896/521/472 910/543/472 911/545/472
f 903/536/473 919/546/473 904/522/473
f 897/523/474 911/545/474 912/547/474
f 904/522/475 920/548/475 905/524/475
f 898/525/476 912/547/476 913/549/476
f 891/527/477 508/550/477 906/551/477
f 515/552/478 905/524/478 920/548/478
f 898/525/479 914/553/479 899/529/479
f 892/530/480 906/551/480 907/538/480
f 918/544/481 934/554/481 919/546/481
f 912/547/482 926/555/482 927/556/482
f 919/546/483 935/557/483 920/548/483
f 913/549/484 927/556/484 928/558/484
f 906/551/485 508/559/485 921/560/485
f 515/561/486 920/548/486 935/557/486
f 913/549/487 929/562/487 914/553/487
f 907/538/488 921/560/488 922/563/488
f 914/553/489 930/564/489 915/537/489
f 908/539/490 922/563/490 923/565/490
f 915/537/491 931/566/491 916/540/491
f 909/541/492 923/565/492 924/567/492
f 916/540/493 932/568/493 917/542/493
f 910/543/494 924/567/494 925/569/494
f 917/542/495 933/570/495 918/544/495
f 911/545/496 925/569/496 926/555/496
f 923/565/497 937/571/497 938/572/497
f 930/564/498 946/573/498 931/566/498
f 924/567/499 938/572/499 939/574/499
f 931/566/500 947/575/500 932/568/500
f 925/569/501 939/574/501 940/576/501
f 932/568/502 948/577/502 933/570/502
f 926/555/503 940/576/503 941/578/503
f 933/570/504 949/579/504 934/554/504
f 927/556/505 941/578/505 942/580/505
f 934/554/506 950/581/506 935/557/506
f 928/558/507 942/580/507 943/582/507
f 921/560/508 508/583/508 936/584/508
f 515/585/509 935/557/509 950/581/509
f 928/558/510 944/586/510 929/562/510
f 922/563/511 936/584/511 937/571/511
f 929/562/512 945/587/512 930/564/512
f 942/580/513 956/588/513 957/589/513
f 949/579/514 965/590/514 950/581/514
f 943/582/515 957/589/515 958/591/515
f 936/584/516 508/592/516 951/593/516
f 515/594/517 950/581/517 965/590/517
f 943/582/518 959/595/518 944/586/518
f 937/571/519 951/593/519 952/596/519
f 944/586/520 960/597/520 945/587/520
f 938/572/521 952/596/521 953/598/521
f 945/587/522 961/599/522 946/573/522
f 939/574/523 953/598/523 954/600/523
f 946/573/524 962/601/524 947/575/524
f 940/576/525 954/600/525 955/602/525
f 947/575/526 963/603/526 948/577/526
f 941/578/527 955/602/527 956/588/527
f 948/577/528 964/604/528 949/579/528
f 960/597/529 976/605/529 961/599/529
f 954/600/530 968/606/530 969/607/530
f 961/599/531 977/608/531 962/601/531
f 955/602/532 969/607/532 970/609/532
f 962/601/533 978/610/533 963/603/533
f 956/588/534 970/609/534 971/611/534
f 963/603/535 979/612/535 964/604/535
f 957/589/536 971/611/536 972/613/536
f 964/604/537 980/614/537 965/590/537
f 958/591/538 972/613/538 973/615/538
f 951/593/539 508/616/539 966/617/539
f 515/618/540 965/590/540 980/614/540
f 958/591/541 974/619/541 959/595/541
f 952/596/542 966/617/542 967/620/542
f 959/595/543 975/621/543 960/597/543
f 953/598/544 967/620/544 968/606/544
f 979/612/545 989/74/545 980/614/545
f 973/615/546 511/77/546 512/71/546
f 966/617/547 508/622/547 981/79/547
f 515/623/548 980/614/548 989/74/548
f 973/615/549 513/83/549 974/619/549
f 967/620/550 981/79/550 982/86/550
f 974/619/551 985/87/551 975/621/551
f 968/606/552 982/86/552 509/90/552
f 975/621/553 514/91/553 976/605/553
f 969/607/554 509/90/554 983/94/554
f 976/605/555 986/95/555 977/608/555
f 970/609/556 983/94/556 510/98/556
f 977/608/557 987/99/557 978/610/557
f 971/611/558 510/98/558 984/102/558
f 978/610/559 988/103/559 979/612/559
f 972/613/560 984/102/560 511/77/560
f 1471/74/49 1011/75/49 1012/76/49
f 993/77/50 1005/78/50 994/71/50
f 1463/79/51 990/80/51 998/81/51
f 997/82/52 1471/74/52 1012/76/52
f 995/83/53 1005/78/53 1006/84/53
f 1463/79/54 999/85/54 1464/86/54
f 1467/87/55 1006/84/55 1007/88/55
f 1464/86/56 1000/89/56 991/90/56
f 996/91/57 1007/88/57 1008/92/57
f 991/90/58 1001/93/58 1465/94/58
f 1468/95/59 1008/92/59 1009/96/59
f 1465/94/60 1002/97/60 992/98/60
f 1469/99/61 1009/96/61 1010/100/61
f 992/98/561 1003/101/561 1466/102/561
f 1470/103/63 1010/100/63 1011/75/63
f 1466/102/64 1004/104/64 993/77/64
f 1002/97/65 1018/105/65 1003/101/65
f 1011/75/66 1025/106/66 1026/107/66
f 1003/101/67 1019/108/67 1004/104/67
f 1012/76/68 1026/107/68 1027/109/68
f 1004/104/69 1020/110/69 1005/78/69
f 998/81/70 990/111/70 1013/112/70
f 997/113/71 1012/76/71 1027/109/71
f 1006/84/562 1020/110/562 1021/114/562
f 998/81/73 1014/115/73 999/85/73
f 1007/88/74 1021/114/74 1022/116/74
f 999/85/563 1015/117/563 1000/89/563
f 1008/92/76 1022/116/76 1023/118/76
f 1000/89/77 1016/119/77 1001/93/77
f 1009/96/78 1023/118/78 1024/120/78
f 1001/93/564 1017/121/564 1002/97/564
f 1010/100/565 1024/120/565 1025/106/565
f 1022/116/566 1036/122/566 1037/123/566
f 1014/115/82 1030/124/82 1015/117/82
f 1023/118/83 1037/123/83 1038/125/83
f 1015/117/84 1031/126/84 1016/119/84
f 1024/120/85 1038/125/85 1039/127/85
f 1016/119/86 1032/128/86 1017/121/86
f 1025/106/87 1039/127/87 1040/129/87
f 1017/121/88 1033/130/88 1018/105/88
f 1026/107/567 1040/129/567 1041/131/567
f 1018/105/568 1034/132/568 1019/108/568
f 1027/109/91 1041/131/91 1042/133/91
f 1019/108/569 1035/134/569 1020/110/569
f 1013/112/570 990/135/570 1028/136/570
f 997/137/94 1027/109/94 1042/133/94
f 1021/114/571 1035/134/571 1036/122/571
f 1013/112/96 1029/138/96 1014/115/96
f 1041/131/572 1055/139/572 1056/140/572
f 1033/130/573 1049/141/573 1034/132/573
f 1042/133/99 1056/140/99 1057/142/99
f 1034/132/100 1050/7/100 1035/134/100
f 1028/136/101 990/143/101 1043/144/101
f 997/145/102 1042/133/102 1057/142/102
f 1036/122/103 1050/7/103 1051/146/103
f 1028/136/104 1044/67/104 1029/138/104
f 1037/123/105 1051/146/105 1052/73/105
f 1029/138/574 1045/147/574 1030/124/574
f 1038/125/107 1052/73/107 1053/148/107
f 1030/124/108 1046/14/108 1031/126/108
f 1039/127/575 1053/148/575 1054/1/575
f 1031/126/110 1047/149/110 1032/128/110
f 1040/129/111 1054/1/111 1055/139/111
f 1032/128/112 1048/150/112 1033/130/112
f 1053/148/113 1067/151/113 1068/152/113
f 1045/147/114 1061/153/114 1046/14/114
f 1054/1/115 1068/152/115 1069/154/115
f 1046/14/576 1062/155/576 1047/149/576
f 1055/139/117 1069/154/117 1070/156/117
f 1047/149/577 1063/157/577 1048/150/577
f 1056/140/578 1070/156/578 1071/158/578
f 1048/150/579 1064/159/579 1049/141/579
f 1057/142/580 1071/158/580 1072/160/580
f 1049/141/122 1065/161/122 1050/7/122
f 1043/144/581 990/162/581 1058/163/581
f 997/164/582 1057/142/582 1072/160/582
f 1051/146/583 1065/161/583 1066/165/583
f 1043/144/126 1059/166/126 1044/67/126
f 1052/73/584 1066/165/584 1067/151/584
f 1044/67/128 1060/167/128 1045/147/128
f 1072/160/585 1086/168/585 1087/169/585
f 1064/159/586 1080/170/586 1065/161/586
f 1058/163/131 990/171/131 1073/172/131
f 997/173/132 1072/160/132 1087/169/132
f 1066/165/133 1080/170/133 1081/174/133
f 1058/163/134 1074/175/134 1059/166/134
f 1067/151/135 1081/174/135 1082/176/135
f 1059/166/136 1075/177/136 1060/167/136
f 1068/152/137 1082/176/137 1083/178/137
f 1060/167/587 1076/179/587 1061/153/587
f 1069/154/139 1083/178/139 1084/180/139
f 1061/153/140 1077/181/140 1062/155/140
f 1070/156/141 1084/180/141 1085/182/141
f 1062/155/588 1078/183/588 1063/157/588
f 1071/158/143 1085/182/143 1086/168/143
f 1063/157/144 1079/184/144 1064/159/144
f 1075/177/589 1091/185/589 1076/179/589
f 1084/180/590 1098/186/590 1099/187/590
f 1076/179/591 1092/188/591 1077/181/591
f 1085/182/592 1099/187/592 1100/189/592
f 1077/181/593 1093/190/593 1078/183/593
f 1086/168/594 1100/189/594 1101/191/594
f 1078/183/151 1094/192/151 1079/184/151
f 1087/169/595 1101/191/595 1102/193/595
f 1079/184/153 1095/194/153 1080/170/153
f 1073/172/154 990/195/154 1088/196/154
f 997/197/155 1087/169/155 1102/193/155
f 1081/174/156 1095/194/156 1096/198/156
f 1073/172/157 1089/199/157 1074/175/157
f 1082/176/158 1096/198/158 1097/200/158
f 1074/175/596 1090/201/596 1075/177/596
f 1083/178/597 1097/200/597 1098/186/597
f 1094/192/598 1110/202/598 1095/194/598
f 1088/196/162 990/203/162 1103/204/162
f 997/205/163 1102/193/163 1117/206/163
f 1096/198/599 1110/202/599 1111/207/599
f 1088/196/165 1104/208/165 1089/199/165
f 1097/200/166 1111/207/166 1112/209/166
f 1089/199/167 1105/210/167 1090/201/167
f 1098/186/600 1112/209/600 1113/211/600
f 1090/201/169 1106/212/169 1091/185/169
f 1099/187/601 1113/211/601 1114/213/601
f 1091/185/602 1107/214/602 1092/188/602
f 1100/189/172 1114/213/172 1115/215/172
f 1092/188/603 1108/216/603 1093/190/603
f 1101/191/174 1115/215/174 1116/217/174
f 1093/190/604 1109/218/604 1094/192/604
f 1102/193/605 1116/217/605 1117/206/605
f 1113/211/606 1129/219/606 1114/213/606
f 1107/214/607 1121/220/607 1122/221/607
f 1114/213/179 1130/222/179 1115/215/179
f 1108/216/608 1122/221/608 1123/223/608
f 1115/215/181 1131/224/181 1116/217/181
f 1109/218/609 1123/223/609 1124/225/609
f 1116/217/610 1132/226/610 1117/206/610
f 1110/202/611 1124/225/611 1125/227/611
f 1103/204/185 990/228/185 1118/229/185
f 997/230/186 1117/206/186 1132/226/186
f 1110/202/612 1126/231/612 1111/207/612
f 1104/208/188 1118/229/188 1119/232/188
f 1111/207/189 1127/233/189 1112/209/189
f 1105/210/190 1119/232/190 1120/234/190
f 1112/209/613 1128/235/613 1113/211/613
f 1106/212/192 1120/234/192 1121/220/192
f 1118/229/193 990/236/193 1133/237/193
f 997/238/194 1132/226/194 1147/239/194
f 1125/227/195 1141/240/195 1126/231/195
f 1119/232/196 1133/237/196 1134/241/196
f 1126/231/197 1142/242/197 1127/233/197
f 1120/234/614 1134/241/614 1135/243/614
f 1127/233/615 1143/244/615 1128/235/615
f 1121/220/616 1135/243/616 1136/245/616
f 1128/235/617 1144/246/617 1129/219/617
f 1122/221/202 1136/245/202 1137/247/202
f 1129/219/618 1145/248/618 1130/222/618
f 1123/223/619 1137/247/619 1138/249/619
f 1130/222/620 1146/250/620 1131/224/620
f 1124/225/206 1138/249/206 1139/251/206
f 1131/224/621 1147/239/621 1132/226/621
f 1125/227/208 1139/251/208 1140/252/208
f 1137/247/209 1151/253/209 1152/254/209
f 1144/246/210 1160/255/210 1145/248/210
f 1138/249/622 1152/254/622 1153/256/622
f 1145/248/212 1161/257/212 1146/250/212
f 1139/251/213 1153/256/213 1154/258/213
f 1146/250/623 1162/259/623 1147/239/623
f 1140/252/624 1154/258/624 1155/260/624
f 1133/237/216 990/261/216 1148/262/216
f 997/263/217 1147/239/217 1162/259/217
f 1140/252/218 1156/264/218 1141/240/218
f 1134/241/219 1148/262/219 1149/265/219
f 1141/240/625 1157/266/625 1142/242/625
f 1135/243/221 1149/265/221 1150/267/221
f 1142/242/626 1158/268/626 1143/244/626
f 1136/245/627 1150/267/627 1151/253/627
f 1143/244/224 1159/269/224 1144/246/224
f 1155/260/628 1171/270/628 1156/264/628
f 1149/265/226 1163/271/226 1164/68/226
f 1156/264/629 1172/66/629 1157/266/629
f 1150/267/228 1164/68/228 1165/272/228
f 1157/266/229 1173/273/229 1158/268/229
f 1151/253/230 1165/272/230 1166/274/230
f 1158/268/231 1174/6/231 1159/269/231
f 1152/254/630 1166/274/630 1167/275/630
f 1159/269/233 1175/276/233 1160/255/233
f 1153/256/631 1167/275/631 1168/277/631
f 1160/255/235 1176/278/235 1161/257/235
f 1154/258/632 1168/277/632 1169/279/632
f 1161/257/633 1177/280/633 1162/259/633
f 1155/260/238 1169/279/238 1170/281/238
f 1148/262/634 990/282/634 1163/271/634
f 997/283/635 1162/259/635 1177/280/635
f 1174/6/241 1190/284/241 1175/276/241
f 1168/277/242 1182/285/242 1183/286/242
f 1175/276/636 1191/287/636 1176/278/636
f 1169/279/637 1183/286/637 1184/288/637
f 1176/278/245 1192/289/245 1177/280/245
f 1170/281/246 1184/288/246 1185/290/246
f 1163/271/247 990/291/247 1178/292/247
f 997/293/248 1177/280/248 1192/289/248
f 1170/281/249 1186/294/249 1171/270/249
f 1164/68/250 1178/292/250 1179/295/250
f 1171/270/638 1187/296/638 1172/66/638
f 1165/272/252 1179/295/252 1180/297/252
f 1172/66/253 1188/298/253 1173/273/253
f 1166/274/254 1180/297/254 1181/299/254
f 1173/273/639 1189/300/639 1174/6/639
f 1167/275/256 1181/299/256 1182/285/256
f 1186/294/640 1202/301/640 1187/296/640
f 1180/297/258 1194/302/258 1195/303/258
f 1187/296/259 1203/304/259 1188/298/259
f 1181/299/260 1195/303/260 1196/305/260
f 1188/298/641 1204/306/641 1189/300/641
f 1182/285/642 1196/305/642 1197/307/642
f 1189/300/263 1205/308/263 1190/284/263
f 1183/286/264 1197/307/264 1198/309/264
f 1190/284/643 1206/310/643 1191/287/643
f 1184/288/644 1198/309/644 1199/311/644
f 1191/287/267 1207/312/267 1192/289/267
f 1185/290/268 1199/311/268 1200/313/268
f 1178/292/645 990/314/645 1193/315/645
f 997/316/270 1192/289/270 1207/312/270
f 1185/290/646 1201/317/646 1186/294/646
f 1179/295/272 1193/315/272 1194/302/272
f 1205/308/273 1221/318/273 1206/310/273
f 1199/311/274 1213/319/274 1214/320/274
f 1206/310/275 1222/321/275 1207/312/275
f 1200/313/276 1214/320/276 1215/322/276
f 1193/315/277 990/323/277 1208/324/277
f 997/325/278 1207/312/278 1222/321/278
f 1200/313/279 1216/326/279 1201/317/279
f 1194/302/280 1208/324/280 1209/327/280
f 1201/317/647 1217/328/647 1202/301/647
f 1195/303/282 1209/327/282 1210/329/282
f 1202/301/283 1218/330/283 1203/304/283
f 1196/305/284 1210/329/284 1211/331/284
f 1203/304/648 1219/332/648 1204/306/648
f 1197/307/286 1211/331/286 1212/333/286
f 1204/306/649 1220/334/649 1205/308/649
f 1198/309/288 1212/333/288 1213/319/288
f 1210/329/289 1224/335/289 1225/336/289
f 1217/328/290 1233/337/290 1218/330/290
f 1211/331/291 1225/336/291 1226/338/291
f 1218/330/292 1234/339/292 1219/332/292
f 1212/333/293 1226/338/293 1227/340/293
f 1219/332/294 1235/341/294 1220/334/294
f 1213/319/650 1227/340/650 1228/342/650
f 1220/334/296 1236/343/296 1221/318/296
f 1214/320/297 1228/342/297 1229/344/297
f 1221/318/651 1237/345/651 1222/321/651
f 1215/322/652 1229/344/652 1230/346/652
f 1208/324/653 990/347/653 1223/348/653
f 997/349/301 1222/321/301 1237/345/301
f 1215/322/302 1231/350/302 1216/326/302
f 1209/327/303 1223/348/303 1224/335/303
f 1216/326/304 1232/351/304 1217/328/304
f 1228/342/305 1244/352/305 1229/344/305
f 1237/345/654 1251/353/654 1252/354/654
f 1229/344/655 1245/355/655 1230/346/655
f 1223/348/656 990/356/656 1238/357/656
f 997/358/309 1237/345/309 1252/354/309
f 1231/350/310 1245/355/310 1246/359/310
f 1223/348/311 1239/360/311 1224/335/311
f 1232/351/312 1246/359/312 1247/361/312
f 1224/335/313 1240/362/313 1225/336/313
f 1233/337/657 1247/361/657 1248/363/657
f 1225/336/315 1241/364/315 1226/338/315
f 1234/339/316 1248/363/316 1249/365/316
f 1226/338/317 1242/366/317 1227/340/317
f 1235/341/318 1249/365/318 1250/367/318
f 1227/340/319 1243/368/319 1228/342/319
f 1236/343/320 1250/367/320 1251/353/320
f 1248/363/658 1262/369/658 1263/370/658
f 1240/362/322 1256/371/322 1241/364/322
f 1249/365/659 1263/370/659 1264/372/659
f 1241/364/660 1257/373/660 1242/366/660
f 1250/367/325 1264/372/325 1265/374/325
f 1242/366/326 1258/375/326 1243/368/326
f 1251/353/327 1265/374/327 1266/376/327
f 1243/368/328 1259/377/328 1244/352/328
f 1252/354/661 1266/376/661 1267/378/661
f 1244/352/330 1260/379/330 1245/355/330
f 1238/357/662 990/380/662 1253/381/662
f 997/382/663 1252/354/663 1267/378/663
f 1246/359/664 1260/379/664 1261/383/664
f 1238/357/334 1254/384/334 1239/360/334
f 1247/361/665 1261/383/665 1262/369/665
f 1239/360/666 1255/385/666 1240/362/666
f 1267/378/337 1281/386/337 1282/387/337
f 1259/377/667 1275/388/667 1260/379/667
f 1253/381/339 990/389/339 1268/390/339
f 997/391/340 1267/378/340 1282/387/340
f 1261/383/668 1275/388/668 1276/392/668
f 1253/381/342 1269/393/342 1254/384/342
f 1262/369/343 1276/392/343 1277/394/343
f 1254/384/669 1270/395/669 1255/385/669
f 1263/370/345 1277/394/345 1278/396/345
f 1255/385/670 1271/397/670 1256/371/670
f 1264/372/347 1278/396/347 1279/398/347
f 1256/371/348 1272/399/348 1257/373/348
f 1265/374/349 1279/398/349 1280/400/349
f 1257/373/350 1273/401/350 1258/375/350
f 1266/376/671 1280/400/671 1281/386/671
f 1258/375/352 1274/402/352 1259/377/352
f 1270/395/353 1286/403/353 1271/397/353
f 1279/398/354 1293/404/354 1294/405/354
f 1271/397/355 1287/406/355 1272/399/355
f 1280/400/356 1294/405/356 1295/407/356
f 1272/399/357 1288/408/357 1273/401/357
f 1281/386/358 1295/407/358 1296/409/358
f 1273/401/672 1289/410/672 1274/402/672
f 1282/387/360 1296/409/360 1297/411/360
f 1274/402/361 1290/412/361 1275/388/361
f 1268/390/673 990/413/673 1283/414/673
f 997/415/674 1282/387/674 1297/411/674
f 1276/392/675 1290/412/675 1291/416/675
f 1268/390/365 1284/417/365 1269/393/365
f 1277/394/366 1291/416/366 1292/418/366
f 1269/393/367 1285/419/367 1270/395/367
f 1278/396/368 1292/418/368 1293/404/368
f 1289/410/676 1305/420/676 1290/412/676
f 1283/414/677 990/421/677 1298/422/677
f 997/423/678 1297/411/678 1312/424/678
f 1291/416/372 1305/420/372 1306/425/372
f 1283/414/679 1299/426/679 1284/417/679
f 1292/418/680 1306/425/680 1307/427/680
f 1284/417/375 1300/428/375 1285/419/375
f 1293/404/681 1307/427/681 1308/429/681
f 1285/419/682 1301/430/682 1286/403/682
f 1294/405/683 1308/429/683 1309/431/683
f 1286/403/379 1302/432/379 1287/406/379
f 1295/407/380 1309/431/380 1310/433/380
f 1287/406/381 1303/434/381 1288/408/381
f 1296/409/684 1310/433/684 1311/435/684
f 1288/408/685 1304/436/685 1289/410/685
f 1297/411/686 1311/435/686 1312/424/686
f 1309/431/687 1323/437/687 1324/438/687
f 1301/430/386 1317/439/386 1302/432/386
f 1310/433/688 1324/438/688 1325/440/688
f 1302/432/689 1318/441/689 1303/434/689
f 1311/435/389 1325/440/389 1326/442/389
f 1303/434/390 1319/443/390 1304/436/390
f 1312/424/690 1326/442/690 1327/444/690
f 1304/436/392 1320/445/392 1305/420/392
f 1298/422/393 990/446/393 1313/447/393
f 997/448/394 1312/424/394 1327/444/394
f 1306/425/395 1320/445/395 1321/449/395
f 1298/422/396 1314/450/396 1299/426/396
f 1307/427/397 1321/449/397 1322/451/397
f 1299/426/398 1315/452/398 1300/428/398
f 1308/429/691 1322/451/691 1323/437/691
f 1300/428/400 1316/453/400 1301/430/400
f 997/454/401 1327/444/401 1342/455/401
f 1321/449/692 1335/456/692 1336/457/692
f 1313/447/693 1329/458/693 1314/450/693
f 1322/451/694 1336/457/694 1337/459/694
f 1314/450/405 1330/460/405 1315/452/405
f 1323/437/406 1337/459/406 1338/461/406
f 1315/452/695 1331/462/695 1316/453/695
f 1324/438/408 1338/461/408 1339/463/408
f 1316/453/696 1332/464/696 1317/439/696
f 1325/440/697 1339/463/697 1340/465/697
f 1317/439/698 1333/466/698 1318/441/698
f 1326/442/412 1340/465/412 1341/467/412
f 1318/441/413 1334/468/413 1319/443/413
f 1327/444/699 1341/467/699 1342/455/699
f 1319/443/415 1335/456/415 1320/445/415
f 1313/447/416 990/469/416 1328/470/416
f 1340/465/700 1354/471/700 1355/472/700
f 1332/464/418 1348/473/418 1333/466/418
f 1341/467/419 1355/472/419 1356/474/419
f 1333/466/420 1349/475/420 1334/468/420
f 1342/455/701 1356/474/701 1357/476/701
f 1334/468/422 1350/477/422 1335/456/422
f 1328/470/423 990/478/423 1343/479/423
f 997/480/424 1342/455/424 1357/476/424
f 1336/457/702 1350/477/702 1351/481/702
f 1328/470/426 1344/482/426 1329/458/426
f 1337/459/703 1351/481/703 1352/483/703
f 1329/458/428 1345/484/428 1330/460/428
f 1338/461/429 1352/483/429 1353/485/429
f 1330/460/430 1346/486/430 1331/462/430
f 1339/463/431 1353/485/431 1354/471/431
f 1331/462/704 1347/487/704 1332/464/704
f 1344/488/433 1358/489/433 1359/490/433
f 1351/491/705 1367/492/705 1352/493/705
f 1345/494/435 1359/490/435 1360/495/435
f 1352/493/436 1368/496/436 1353/497/436
f 1346/498/437 1360/495/437 1361/499/437
f 1353/497/438 1369/500/438 1354/501/438
f 1347/502/706 1361/499/706 1362/503/706
f 1354/501/707 1370/504/707 1355/505/707
f 1348/506/441 1362/503/441 1363/507/441
f 1355/505/442 1371/508/442 1356/509/442
f 1349/510/443 1363/507/443 1364/511/443
f 1356/509/708 1372/512/708 1357/513/708
f 1350/514/445 1364/511/445 1365/515/445
f 1343/516/446 990/517/446 1358/489/446
f 997/518/447 1357/513/447 1372/512/447
f 1350/514/709 1366/519/709 1351/491/709
f 1363/507/710 1377/520/710 1378/521/710
f 1370/504/450 1386/522/450 1371/508/450
f 1364/511/451 1378/521/451 1379/523/451
f 1371/508/711 1387/524/711 1372/512/711
f 1365/515/453 1379/523/453 1380/525/453
f 1358/489/454 990/526/454 1373/527/454
f 997/528/455 1372/512/455 1387/524/455
f 1365/515/712 1381/529/712 1366/519/712
f 1359/490/713 1373/527/713 1374/530/713
f 1366/519/714 1382/531/714 1367/492/714
f 1360/495/459 1374/530/459 1375/532/459
f 1367/492/460 1383/533/460 1368/496/460
f 1361/499/715 1375/532/715 1376/534/715
f 1368/496/716 1384/535/716 1369/500/716
f 1362/503/717 1376/534/717 1377/520/717
f 1369/500/718 1385/536/718 1370/504/718
f 1381/529/465 1397/537/465 1382/531/465
f 1375/532/466 1389/538/466 1390/539/466
f 1382/531/719 1398/540/719 1383/533/719
f 1376/534/468 1390/539/468 1391/541/468
f 1383/533/720 1399/542/720 1384/535/720
f 1377/520/470 1391/541/470 1392/543/470
f 1384/535/471 1400/544/471 1385/536/471
f 1378/521/721 1392/543/721 1393/545/721
f 1385/536/473 1401/546/473 1386/522/473
f 1379/523/474 1393/545/474 1394/547/474
f 1386/522/475 1402/548/475 1387/524/475
f 1380/525/476 1394/547/476 1395/549/476
f 1373/527/477 990/550/477 1388/551/477
f 997/552/478 1387/524/478 1402/548/478
f 1380/525/479 1396/553/479 1381/529/479
f 1374/530/480 1388/551/480 1389/538/480
f 1400/544/481 1416/554/481 1401/546/481
f 1394/547/482 1408/555/482 1409/556/482
f 1401/546/722 1417/557/722 1402/548/722
f 1395/549/723 1409/556/723 1410/558/723
f 1388/551/724 990/559/724 1403/560/724
f 997/561/725 1402/548/725 1417/557/725
f 1395/549/726 1411/562/726 1396/553/726
f 1389/538/727 1403/560/727 1404/563/727
f 1396/553/728 1412/564/728 1397/537/728
f 1390/539/490 1404/563/490 1405/565/490
f 1397/537/729 1413/566/729 1398/540/729
f 1391/541/730 1405/565/730 1406/567/730
f 1398/540/731 1414/568/731 1399/542/731
f 1392/543/494 1406/567/494 1407/569/494
f 1399/542/495 1415/570/495 1400/544/495
f 1393/545/496 1407/569/496 1408/555/496
f 1405/565/497 1419/571/497 1420/572/497
f 1412/564/498 1428/573/498 1413/566/498
f 1406/567/732 1420/572/732 1421/574/732
f 1413/566/500 1429/575/500 1414/568/500
f 1407/569/501 1421/574/501 1422/576/501
f 1414/568/502 1430/577/502 1415/570/502
f 1408/555/503 1422/576/503 1423/578/503
f 1415/570/504 1431/579/504 1416/554/504
f 1409/556/505 1423/578/505 1424/580/505
f 1416/554/733 1432/581/733 1417/557/733
f 1410/558/507 1424/580/507 1425/582/507
f 1403/560/734 990/583/734 1418/584/734
f 997/585/735 1417/557/735 1432/581/735
f 1410/558/510 1426/586/510 1411/562/510
f 1404/563/736 1418/584/736 1419/571/736
f 1411/562/512 1427/587/512 1412/564/512
f 1424/580/513 1438/588/513 1439/589/513
f 1431/579/737 1447/590/737 1432/581/737
f 1425/582/515 1439/589/515 1440/591/515
f 1418/584/738 990/592/738 1433/593/738
f 997/594/517 1432/581/517 1447/590/517
f 1425/582/739 1441/595/739 1426/586/739
f 1419/571/519 1433/593/519 1434/596/519
f 1426/586/520 1442/597/520 1427/587/520
f 1420/572/740 1434/596/740 1435/598/740
f 1427/587/522 1443/599/522 1428/573/522
f 1421/574/741 1435/598/741 1436/600/741
f 1428/573/524 1444/601/524 1429/575/524
f 1422/576/525 1436/600/525 1437/602/525
f 1429/575/526 1445/603/526 1430/577/526
f 1423/578/527 1437/602/527 1438/588/527
f 1430/577/742 1446/604/742 1431/579/742
f 1442/597/529 1458/605/529 1443/599/529
f 1436/600/530 1450/606/530 1451/607/530
f 1443/599/743 1459/608/743 1444/601/743
f 1437/602/744 1451/607/744 1452/609/744
f 1444/601/533 1460/610/533 1445/603/533
f 1438/588/534 1452/609/534 1453/611/534
f 1445/603/535 1461/612/535 1446/604/535
f 1439/589/745 1453/611/745 1454/613/745
f 1446/604/537 1462/614/537 1447/590/537
f 1440/591/538 1454/613/538 1455/615/538
f 1433/593/746 990/616/746 1448/617/746
f 997/618/747 1447/590/747 1462/614/747
f 1440/591/541 1456/619/541 1441/595/541
f 1434/596/542 1448/617/542 1449/620/542
f 1441/595/543 1457/621/543 1442/597/543
f 1435/598/544 1449/620/544 1450/606/544
f 1461/612/748 1471/74/748 1462/614/748
f 1455/615/749 993/77/749 994/71/749
f 1448/617/547 990/622/547 1463/79/547
f 997/623/548 1462/614/548 1471/74/548
f 1455/615/750 995/83/750 1456/619/750
f 1449/620/550 1463/79/550 1464/86/550
f 1456/619/551 1467/87/551 1457/621/551
f 1450/606/552 1464/86/552 991/90/552
f 1457/621/553 996/91/553 1458/605/553
f 1451/607/554 991/90/554 1465/94/554
f 1458/605/555 1468/95/555 1459/608/555
f 1452/609/556 1465/94/556 992/98/556
f 1459/608/557 1469/99/557 1460/610/557
f 1453/611/751 992/98/751 1466/102/751
f 1460/610/559 1470/103/559 1461/612/559
f 1454/613/752 1466/102/752 993/77/752
f 1953/74/49 1493/75/49 1494/76/49
f 1475/77/50 1487/78/50 1476/71/50
f 1945/79/51 1472/80/51 1480/81/51
f 1479/82/52 1953/74/52 1494/76/52
f 1477/83/53 1487/78/53 1488/84/53
f 1945/79/54 1481/85/54 1946/86/54
f 1949/87/55 1488/84/55 1489/88/55
f 1946/86/56 1482/89/56 1473/90/56
f 1478/91/753 1489/88/753 1490/92/753
f 1473/90/58 1483/93/58 1947/94/58
f 1950/95/59 1490/92/59 1491/96/59
f 1947/94/60 1484/97/60 1474/98/60
f 1951/99/61 1491/96/61 1492/100/61
f 1474/98/62 1485/101/62 1948/102/62
f 1952/103/63 1492/100/63 1493/75/63
f 1948/102/64 1486/104/64 1475/77/64
f 1484/97/65 1500/105/65 1485/101/65
f 1493/75/66 1507/106/66 1508/107/66
f 1485/101/67 1501/108/67 1486/104/67
f 1494/76/68 1508/107/68 1509/109/68
f 1486/104/69 1502/110/69 1487/78/69
f 1480/81/70 1472/111/70 1495/112/70
f 1479/113/71 1494/76/71 1509/109/71
f 1488/84/562 1502/110/562 1503/114/562
f 1480/81/73 1496/115/73 1481/85/73
f 1489/88/754 1503/114/754 1504/116/754
f 1481/85/563 1497/117/563 1482/89/563
f 1490/92/76 1504/116/76 1505/118/76
f 1482/89/77 1498/119/77 1483/93/77
f 1491/96/78 1505/118/78 1506/120/78
f 1483/93/564 1499/121/564 1484/97/564
f 1492/100/80 1506/120/80 1507/106/80
f 1504/116/81 1518/122/81 1519/123/81
f 1496/115/82 1512/124/82 1497/117/82
f 1505/118/83 1519/123/83 1520/125/83
f 1497/117/84 1513/126/84 1498/119/84
f 1506/120/85 1520/125/85 1521/127/85
f 1498/119/755 1514/128/755 1499/121/755
f 1507/106/87 1521/127/87 1522/129/87
f 1499/121/88 1515/130/88 1500/105/88
f 1508/107/89 1522/129/89 1523/131/89
f 1500/105/90 1516/132/90 1501/108/90
f 1509/109/91 1523/131/91 1524/133/91
f 1501/108/92 1517/134/92 1502/110/92
f 1495/112/570 1472/135/570 1510/136/570
f 1479/137/94 1509/109/94 1524/133/94
f 1503/114/571 1517/134/571 1518/122/571
f 1495/112/96 1511/138/96 1496/115/96
f 1523/131/97 1537/139/97 1538/140/97
f 1515/130/98 1531/141/98 1516/132/98
f 1524/133/99 1538/140/99 1539/142/99
f 1516/132/100 1532/7/100 1517/134/100
f 1510/136/101 1472/143/101 1525/144/101
f 1479/145/102 1524/133/102 1539/142/102
f 1518/122/103 1532/7/103 1533/146/103
f 1510/136/104 1526/67/104 1511/138/104
f 1519/123/756 1533/146/756 1534/73/756
f 1511/138/106 1527/147/106 1512/124/106
f 1520/125/107 1534/73/107 1535/148/107
f 1512/124/108 1528/14/108 1513/126/108
f 1521/127/109 1535/148/109 1536/1/109
f 1513/126/110 1529/149/110 1514/128/110
f 1522/129/111 1536/1/111 1537/139/111
f 1514/128/112 1530/150/112 1515/130/112
f 1535/148/113 1549/151/113 1550/152/113
f 1527/147/757 1543/153/757 1528/14/757
f 1536/1/115 1550/152/115 1551/154/115
f 1528/14/576 1544/155/576 1529/149/576
f 1537/139/117 1551/154/117 1552/156/117
f 1529/149/577 1545/157/577 1530/150/577
f 1538/140/578 1552/156/578 1553/158/578
f 1530/150/758 1546/159/758 1531/141/758
f 1539/142/759 1553/158/759 1554/160/759
f 1531/141/122 1547/161/122 1532/7/122
f 1525/144/760 1472/162/760 1540/163/760
f 1479/164/761 1539/142/761 1554/160/761
f 1533/146/762 1547/161/762 1548/165/762
f 1525/144/126 1541/166/126 1526/67/126
f 1534/73/763 1548/165/763 1549/151/763
f 1526/67/128 1542/167/128 1527/147/128
f 1554/160/129 1568/168/129 1569/169/129
f 1546/159/130 1562/170/130 1547/161/130
f 1540/163/131 1472/171/131 1555/172/131
f 1479/173/132 1554/160/132 1569/169/132
f 1548/165/133 1562/170/133 1563/174/133
f 1540/163/134 1556/175/134 1541/166/134
f 1549/151/135 1563/174/135 1564/176/135
f 1541/166/136 1557/177/136 1542/167/136
f 1550/152/764 1564/176/764 1565/178/764
f 1542/167/138 1558/179/138 1543/153/138
f 1551/154/139 1565/178/139 1566/180/139
f 1543/153/140 1559/181/140 1544/155/140
f 1552/156/765 1566/180/765 1567/182/765
f 1544/155/588 1560/183/588 1545/157/588
f 1553/158/143 1567/182/143 1568/168/143
f 1545/157/144 1561/184/144 1546/159/144
f 1557/177/589 1573/185/589 1558/179/589
f 1566/180/146 1580/186/146 1581/187/146
f 1558/179/147 1574/188/147 1559/181/147
f 1567/182/592 1581/187/592 1582/189/592
f 1559/181/766 1575/190/766 1560/183/766
f 1568/168/767 1582/189/767 1583/191/767
f 1560/183/151 1576/192/151 1561/184/151
f 1569/169/768 1583/191/768 1584/193/768
f 1561/184/153 1577/194/153 1562/170/153
f 1555/172/769 1472/195/769 1570/196/769
f 1479/197/770 1569/169/770 1584/193/770
f 1563/174/156 1577/194/156 1578/198/156
f 1555/172/157 1571/199/157 1556/175/157
f 1564/176/158 1578/198/158 1579/200/158
f 1556/175/159 1572/201/159 1557/177/159
f 1565/178/597 1579/200/597 1580/186/597
f 1576/192/771 1592/202/771 1577/194/771
f 1570/196/162 1472/203/162 1585/204/162
f 1479/205/163 1584/193/163 1599/206/163
f 1578/198/164 1592/202/164 1593/207/164
f 1570/196/165 1586/208/165 1571/199/165
f 1579/200/166 1593/207/166 1594/209/166
f 1571/199/167 1587/210/167 1572/201/167
f 1580/186/168 1594/209/168 1595/211/168
f 1572/201/169 1588/212/169 1573/185/169
f 1581/187/170 1595/211/170 1596/213/170
f 1573/185/602 1589/214/602 1574/188/602
f 1582/189/172 1596/213/172 1597/215/172
f 1574/188/772 1590/216/772 1575/190/772
f 1583/191/174 1597/215/174 1598/217/174
f 1575/190/604 1591/218/604 1576/192/604
f 1584/193/176 1598/217/176 1599/206/176
f 1595/211/177 1611/219/177 1596/213/177
f 1589/214/607 1603/220/607 1604/221/607
f 1596/213/179 1612/222/179 1597/215/179
f 1590/216/773 1604/221/773 1605/223/773
f 1597/215/181 1613/224/181 1598/217/181
f 1591/218/609 1605/223/609 1606/225/609
f 1598/217/183 1614/226/183 1599/206/183
f 1592/202/774 1606/225/774 1607/227/774
f 1585/204/185 1472/228/185 1600/229/185
f 1479/230/186 1599/206/186 1614/226/186
f 1592/202/187 1608/231/187 1593/207/187
f 1586/208/188 1600/229/188 1601/232/188
f 1593/207/189 1609/233/189 1594/209/189
f 1587/210/190 1601/232/190 1602/234/190
f 1594/209/191 1610/235/191 1595/211/191
f 1588/212/192 1602/234/192 1603/220/192
f 1600/229/775 1472/236/775 1615/237/775
f 1479/238/776 1614/226/776 1629/239/776
f 1607/227/195 1623/240/195 1608/231/195
f 1601/232/196 1615/237/196 1616/241/196
f 1608/231/197 1624/242/197 1609/233/197
f 1602/234/777 1616/241/777 1617/243/777
f 1609/233/615 1625/244/615 1610/235/615
f 1603/220/616 1617/243/616 1618/245/616
f 1610/235/201 1626/246/201 1611/219/201
f 1604/221/778 1618/245/778 1619/247/778
f 1611/219/618 1627/248/618 1612/222/618
f 1605/223/779 1619/247/779 1620/249/779
f 1612/222/780 1628/250/780 1613/224/780
f 1606/225/206 1620/249/206 1621/251/206
f 1613/224/207 1629/239/207 1614/226/207
f 1607/227/208 1621/251/208 1622/252/208
f 1619/247/209 1633/253/209 1634/254/209
f 1626/246/781 1642/255/781 1627/248/781
f 1620/249/622 1634/254/622 1635/256/622
f 1627/248/212 1643/257/212 1628/250/212
f 1621/251/213 1635/256/213 1636/258/213
f 1628/250/214 1644/259/214 1629/239/214
f 1622/252/624 1636/258/624 1637/260/624
f 1615/237/216 1472/261/216 1630/262/216
f 1479/263/217 1629/239/217 1644/259/217
f 1622/252/218 1638/264/218 1623/240/218
f 1616/241/219 1630/262/219 1631/265/219
f 1623/240/220 1639/266/220 1624/242/220
f 1617/243/221 1631/265/221 1632/267/221
f 1624/242/782 1640/268/782 1625/244/782
f 1618/245/223 1632/267/223 1633/253/223
f 1625/244/224 1641/269/224 1626/246/224
f 1637/260/225 1653/270/225 1638/264/225
f 1631/265/226 1645/271/226 1646/68/226
f 1638/264/227 1654/66/227 1639/266/227
f 1632/267/228 1646/68/228 1647/272/228
f 1639/266/229 1655/273/229 1640/268/229
f 1633/253/783 1647/272/783 1648/274/783
f 1640/268/231 1656/6/231 1641/269/231
f 1634/254/630 1648/274/630 1649/275/630
f 1641/269/233 1657/276/233 1642/255/233
f 1635/256/784 1649/275/784 1650/277/784
f 1642/255/235 1658/278/235 1643/257/235
f 1636/258/785 1650/277/785 1651/279/785
f 1643/257/786 1659/280/786 1644/259/786
f 1637/260/238 1651/279/238 1652/281/238
f 1630/262/787 1472/282/787 1645/271/787
f 1479/283/240 1644/259/240 1659/280/240
f 1656/6/241 1672/284/241 1657/276/241
f 1650/277/242 1664/285/242 1665/286/242
f 1657/276/243 1673/287/243 1658/278/243
f 1651/279/244 1665/286/244 1666/288/244
f 1658/278/245 1674/289/245 1659/280/245
f 1652/281/246 1666/288/246 1667/290/246
f 1645/271/247 1472/291/247 1660/292/247
f 1479/293/248 1659/280/248 1674/289/248
f 1652/281/249 1668/294/249 1653/270/249
f 1646/68/250 1660/292/250 1661/295/250
f 1653/270/251 1669/296/251 1654/66/251
f 1647/272/252 1661/295/252 1662/297/252
f 1654/66/253 1670/298/253 1655/273/253
f 1648/274/254 1662/297/254 1663/299/254
f 1655/273/255 1671/300/255 1656/6/255
f 1649/275/256 1663/299/256 1664/285/256
f 1668/294/257 1684/301/257 1669/296/257
f 1662/297/258 1676/302/258 1677/303/258
f 1669/296/259 1685/304/259 1670/298/259
f 1663/299/260 1677/303/260 1678/305/260
f 1670/298/641 1686/306/641 1671/300/641
f 1664/285/788 1678/305/788 1679/307/788
f 1671/300/789 1687/308/789 1672/284/789
f 1665/286/264 1679/307/264 1680/309/264
f 1672/284/643 1688/310/643 1673/287/643
f 1666/288/266 1680/309/266 1681/311/266
f 1673/287/267 1689/312/267 1674/289/267
f 1667/290/268 1681/311/268 1682/313/268
f 1660/292/645 1472/314/645 1675/315/645
f 1479/316/270 1674/289/270 1689/312/270
f 1667/290/271 1683/317/271 1668/294/271
f 1661/295/272 1675/315/272 1676/302/272
f 1687/308/273 1703/318/273 1688/310/273
f 1681/311/274 1695/319/274 1696/320/274
f 1688/310/275 1704/321/275 1689/312/275
f 1682/313/276 1696/320/276 1697/322/276
f 1675/315/277 1472/323/277 1690/324/277
f 1479/325/278 1689/312/278 1704/321/278
f 1682/313/279 1698/326/279 1683/317/279
f 1676/302/280 1690/324/280 1691/327/280
f 1683/317/647 1699/328/647 1684/301/647
f 1677/303/282 1691/327/282 1692/329/282
f 1684/301/283 1700/330/283 1685/304/283
f 1678/305/284 1692/329/284 1693/331/284
f 1685/304/648 1701/332/648 1686/306/648
f 1679/307/286 1693/331/286 1694/333/286
f 1686/306/287 1702/334/287 1687/308/287
f 1680/309/288 1694/333/288 1695/319/288
f 1692/329/289 1706/335/289 1707/336/289
f 1699/328/290 1715/337/290 1700/330/290
f 1693/331/291 1707/336/291 1708/338/291
f 1700/330/292 1716/339/292 1701/332/292
f 1694/333/293 1708/338/293 1709/340/293
f 1701/332/294 1717/341/294 1702/334/294
f 1695/319/295 1709/340/295 1710/342/295
f 1702/334/296 1718/343/296 1703/318/296
f 1696/320/297 1710/342/297 1711/344/297
f 1703/318/651 1719/345/651 1704/321/651
f 1697/322/299 1711/344/299 1712/346/299
f 1690/324/653 1472/347/653 1705/348/653
f 1479/349/301 1704/321/301 1719/345/301
f 1697/322/302 1713/350/302 1698/326/302
f 1691/327/303 1705/348/303 1706/335/303
f 1698/326/304 1714/351/304 1699/328/304
f 1710/342/305 1726/352/305 1711/344/305
f 1719/345/654 1733/353/654 1734/354/654
f 1711/344/307 1727/355/307 1712/346/307
f 1705/348/656 1472/356/656 1720/357/656
f 1479/358/309 1719/345/309 1734/354/309
f 1713/350/310 1727/355/310 1728/359/310
f 1705/348/311 1721/360/311 1706/335/311
f 1714/351/312 1728/359/312 1729/361/312
f 1706/335/313 1722/362/313 1707/336/313
f 1715/337/657 1729/361/657 1730/363/657
f 1707/336/315 1723/364/315 1708/338/315
f 1716/339/316 1730/363/316 1731/365/316
f 1708/338/317 1724/366/317 1709/340/317
f 1717/341/318 1731/365/318 1732/367/318
f 1709/340/319 1725/368/319 1710/342/319
f 1718/343/320 1732/367/320 1733/353/320
f 1730/363/790 1744/369/790 1745/370/790
f 1722/362/322 1738/371/322 1723/364/322
f 1731/365/791 1745/370/791 1746/372/791
f 1723/364/660 1739/373/660 1724/366/660
f 1732/367/325 1746/372/325 1747/374/325
f 1724/366/792 1740/375/792 1725/368/792
f 1733/353/327 1747/374/327 1748/376/327
f 1725/368/328 1741/377/328 1726/352/328
f 1734/354/661 1748/376/661 1749/378/661
f 1726/352/330 1742/379/330 1727/355/330
f 1720/357/662 1472/380/662 1735/381/662
f 1479/382/663 1734/354/663 1749/378/663
f 1728/359/664 1742/379/664 1743/383/664
f 1720/357/334 1736/384/334 1721/360/334
f 1729/361/665 1743/383/665 1744/369/665
f 1721/360/793 1737/385/793 1722/362/793
f 1749/378/337 1763/386/337 1764/387/337
f 1741/377/667 1757/388/667 1742/379/667
f 1735/381/339 1472/389/339 1750/390/339
f 1479/391/340 1749/378/340 1764/387/340
f 1743/383/668 1757/388/668 1758/392/668
f 1735/381/342 1751/393/342 1736/384/342
f 1744/369/343 1758/392/343 1759/394/343
f 1736/384/344 1752/395/344 1737/385/344
f 1745/370/345 1759/394/345 1760/396/345
f 1737/385/346 1753/397/346 1738/371/346
f 1746/372/347 1760/396/347 1761/398/347
f 1738/371/348 1754/399/348 1739/373/348
f 1747/374/349 1761/398/349 1762/400/349
f 1739/373/350 1755/401/350 1740/375/350
f 1748/376/671 1762/400/671 1763/386/671
f 1740/375/352 1756/402/352 1741/377/352
f 1752/395/353 1768/403/353 1753/397/353
f 1761/398/354 1775/404/354 1776/405/354
f 1753/397/355 1769/406/355 1754/399/355
f 1762/400/356 1776/405/356 1777/407/356
f 1754/399/357 1770/408/357 1755/401/357
f 1763/386/794 1777/407/794 1778/409/794
f 1755/401/672 1771/410/672 1756/402/672
f 1764/387/360 1778/409/360 1779/411/360
f 1756/402/361 1772/412/361 1757/388/361
f 1750/390/673 1472/413/673 1765/414/673
f 1479/415/674 1764/387/674 1779/411/674
f 1758/392/364 1772/412/364 1773/416/364
f 1750/390/795 1766/417/795 1751/393/795
f 1759/394/366 1773/416/366 1774/418/366
f 1751/393/367 1767/419/367 1752/395/367
f 1760/396/368 1774/418/368 1775/404/368
f 1771/410/369 1787/420/369 1772/412/369
f 1765/414/370 1472/421/370 1780/422/370
f 1479/423/796 1779/411/796 1794/424/796
f 1773/416/372 1787/420/372 1788/425/372
f 1765/414/373 1781/426/373 1766/417/373
f 1774/418/680 1788/425/680 1789/427/680
f 1766/417/375 1782/428/375 1767/419/375
f 1775/404/376 1789/427/376 1790/429/376
f 1767/419/377 1783/430/377 1768/403/377
f 1776/405/683 1790/429/683 1791/431/683
f 1768/403/379 1784/432/379 1769/406/379
f 1777/407/380 1791/431/380 1792/433/380
f 1769/406/797 1785/434/797 1770/408/797
f 1778/409/382 1792/433/382 1793/435/382
f 1770/408/383 1786/436/383 1771/410/383
f 1779/411/384 1793/435/384 1794/424/384
f 1791/431/687 1805/437/687 1806/438/687
f 1783/430/386 1799/439/386 1784/432/386
f 1792/433/387 1806/438/387 1807/440/387
f 1784/432/388 1800/441/388 1785/434/388
f 1793/435/389 1807/440/389 1808/442/389
f 1785/434/390 1801/443/390 1786/436/390
f 1794/424/391 1808/442/391 1809/444/391
f 1786/436/392 1802/445/392 1787/420/392
f 1780/422/393 1472/446/393 1795/447/393
f 1479/448/394 1794/424/394 1809/444/394
f 1788/425/395 1802/445/395 1803/449/395
f 1780/422/396 1796/450/396 1781/426/396
f 1789/427/397 1803/449/397 1804/451/397
f 1781/426/398 1797/452/398 1782/428/398
f 1790/429/691 1804/451/691 1805/437/691
f 1782/428/400 1798/453/400 1783/430/400
f 1479/454/401 1809/444/401 1824/455/401
f 1803/449/402 1817/456/402 1818/457/402
f 1795/447/403 1811/458/403 1796/450/403
f 1804/451/694 1818/457/694 1819/459/694
f 1796/450/405 1812/460/405 1797/452/405
f 1805/437/798 1819/459/798 1820/461/798
f 1797/452/799 1813/462/799 1798/453/799
f 1806/438/800 1820/461/800 1821/463/800
f 1798/453/409 1814/464/409 1799/439/409
f 1807/440/801 1821/463/801 1822/465/801
f 1799/439/698 1815/466/698 1800/441/698
f 1808/442/412 1822/465/412 1823/467/412
f 1800/441/413 1816/468/413 1801/443/413
f 1809/444/699 1823/467/699 1824/455/699
f 1801/443/415 1817/456/415 1802/445/415
f 1795/447/416 1472/469/416 1810/470/416
f 1822/465/417 1836/471/417 1837/472/417
f 1814/464/418 1830/473/418 1815/466/418
f 1823/467/419 1837/472/419 1838/474/419
f 1815/466/420 1831/475/420 1816/468/420
f 1824/455/421 1838/474/421 1839/476/421
f 1816/468/422 1832/477/422 1817/456/422
f 1810/470/423 1472/478/423 1825/479/423
f 1479/480/424 1824/455/424 1839/476/424
f 1818/457/425 1832/477/425 1833/481/425
f 1810/470/426 1826/482/426 1811/458/426
f 1819/459/703 1833/481/703 1834/483/703
f 1811/458/428 1827/484/428 1812/460/428
f 1820/461/429 1834/483/429 1835/485/429
f 1812/460/430 1828/486/430 1813/462/430
f 1821/463/431 1835/485/431 1836/471/431
f 1813/462/432 1829/487/432 1814/464/432
f 1826/488/433 1840/489/433 1841/490/433
f 1833/491/705 1849/492/705 1834/493/705
f 1827/494/435 1841/490/435 1842/495/435
f 1834/493/436 1850/496/436 1835/497/436
f 1828/498/437 1842/495/437 1843/499/437
f 1835/497/438 1851/500/438 1836/501/438
f 1829/502/439 1843/499/439 1844/503/439
f 1836/501/440 1852/504/440 1837/505/440
f 1830/506/441 1844/503/441 1845/507/441
f 1837/505/442 1853/508/442 1838/509/442
f 1831/510/443 1845/507/443 1846/511/443
f 1838/509/444 1854/512/444 1839/513/444
f 1832/514/445 1846/511/445 1847/515/445
f 1825/516/446 1472/517/446 1840/489/446
f 1479/518/447 1839/513/447 1854/512/447
f 1832/514/448 1848/519/448 1833/491/448
f 1845/507/710 1859/520/710 1860/521/710
f 1852/504/450 1868/522/450 1853/508/450
f 1846/511/802 1860/521/802 1861/523/802
f 1853/508/711 1869/524/711 1854/512/711
f 1847/515/453 1861/523/453 1862/525/453
f 1840/489/454 1472/526/454 1855/527/454
f 1479/528/455 1854/512/455 1869/524/455
f 1847/515/456 1863/529/456 1848/519/456
f 1841/490/457 1855/527/457 1856/530/457
f 1848/519/714 1864/531/714 1849/492/714
f 1842/495/459 1856/530/459 1857/532/459
f 1849/492/803 1865/533/803 1850/496/803
f 1843/499/461 1857/532/461 1858/534/461
f 1850/496/804 1866/535/804 1851/500/804
f 1844/503/463 1858/534/463 1859/520/463
f 1851/500/805 1867/536/805 1852/504/805
f 1863/529/465 1879/537/465 1864/531/465
f 1857/532/466 1871/538/466 1872/539/466
f 1864/531/719 1880/540/719 1865/533/719
f 1858/534/468 1872/539/468 1873/541/468
f 1865/533/720 1881/542/720 1866/535/720
f 1859/520/470 1873/541/470 1874/543/470
f 1866/535/471 1882/544/471 1867/536/471
f 1860/521/472 1874/543/472 1875/545/472
f 1867/536/473 1883/546/473 1868/522/473
f 1861/523/474 1875/545/474 1876/547/474
f 1868/522/475 1884/548/475 1869/524/475
f 1862/525/476 1876/547/476 1877/549/476
f 1855/527/477 1472/550/477 1870/551/477
f 1479/552/478 1869/524/478 1884/548/478
f 1862/525/479 1878/553/479 1863/529/479
f 1856/530/480 1870/551/480 1871/538/480
f 1882/544/806 1898/554/806 1883/546/806
f 1876/547/482 1890/555/482 1891/556/482
f 1883/546/807 1899/557/807 1884/548/807
f 1877/549/484 1891/556/484 1892/558/484
f 1870/551/808 1472/559/808 1885/560/808
f 1479/561/809 1884/548/809 1899/557/809
f 1877/549/726 1893/562/726 1878/553/726
f 1871/538/488 1885/560/488 1886/563/488
f 1878/553/728 1894/564/728 1879/537/728
f 1872/539/490 1886/563/490 1887/565/490
f 1879/537/729 1895/566/729 1880/540/729
f 1873/541/492 1887/565/492 1888/567/492
f 1880/540/731 1896/568/731 1881/542/731
f 1874/543/494 1888/567/494 1889/569/494
f 1881/542/495 1897/570/495 1882/544/495
f 1875/545/496 1889/569/496 1890/555/496
f 1887/565/497 1901/571/497 1902/572/497
f 1894/564/498 1910/573/498 1895/566/498
f 1888/567/499 1902/572/499 1903/574/499
f 1895/566/500 1911/575/500 1896/568/500
f 1889/569/501 1903/574/501 1904/576/501
f 1896/568/502 1912/577/502 1897/570/502
f 1890/555/503 1904/576/503 1905/578/503
f 1897/570/810 1913/579/810 1898/554/810
f 1891/556/811 1905/578/811 1906/580/811
f 1898/554/733 1914/581/733 1899/557/733
f 1892/558/507 1906/580/507 1907/582/507
f 1885/560/734 1472/583/734 1900/584/734
f 1479/585/735 1899/557/735 1914/581/735
f 1892/558/510 1908/586/510 1893/562/510
f 1886/563/511 1900/584/511 1901/571/511
f 1893/562/812 1909/587/812 1894/564/812
f 1906/580/513 1920/588/513 1921/589/513
f 1913/579/737 1929/590/737 1914/581/737
f 1907/582/515 1921/589/515 1922/591/515
f 1900/584/738 1472/592/738 1915/593/738
f 1479/594/517 1914/581/517 1929/590/517
f 1907/582/518 1923/595/518 1908/586/518
f 1901/571/519 1915/593/519 1916/596/519
f 1908/586/520 1924/597/520 1909/587/520
f 1902/572/740 1916/596/740 1917/598/740
f 1909/587/522 1925/599/522 1910/573/522
f 1903/574/523 1917/598/523 1918/600/523
f 1910/573/524 1926/601/524 1911/575/524
f 1904/576/525 1918/600/525 1919/602/525
f 1911/575/526 1927/603/526 1912/577/526
f 1905/578/527 1919/602/527 1920/588/527
f 1912/577/742 1928/604/742 1913/579/742
f 1924/597/529 1940/605/529 1925/599/529
f 1918/600/530 1932/606/530 1933/607/530
f 1925/599/813 1941/608/813 1926/601/813
f 1919/602/744 1933/607/744 1934/609/744
f 1926/601/533 1942/610/533 1927/603/533
f 1920/588/534 1934/609/534 1935/611/534
f 1927/603/535 1943/612/535 1928/604/535
f 1921/589/745 1935/611/745 1936/613/745
f 1928/604/537 1944/614/537 1929/590/537
f 1922/591/538 1936/613/538 1937/615/538
f 1915/593/746 1472/616/746 1930/617/746
f 1479/618/747 1929/590/747 1944/614/747
f 1922/591/814 1938/619/814 1923/595/814
f 1916/596/542 1930/617/542 1931/620/542
f 1923/595/543 1939/621/543 1924/597/543
f 1917/598/815 1931/620/815 1932/606/815
f 1943/612/748 1953/74/748 1944/614/748
f 1937/615/749 1475/77/749 1476/71/749
f 1930/617/547 1472/622/547 1945/79/547
f 1479/623/548 1944/614/548 1953/74/548
f 1937/615/750 1477/83/750 1938/619/750
f 1931/620/550 1945/79/550 1946/86/550
f 1938/619/816 1949/87/816 1939/621/816
f 1932/606/552 1946/86/552 1473/90/552
f 1939/621/553 1478/91/553 1940/605/553
f 1933/607/554 1473/90/554 1947/94/554
f 1940/605/555 1950/95/555 1941/608/555
f 1934/609/556 1947/94/556 1474/98/556
f 1941/608/557 1951/99/557 1942/610/557
f 1935/611/558 1474/98/558 1948/102/558
f 1942/610/559 1952/103/559 1943/612/559
f 1936/613/560 1948/102/560 1475/77/560
f 2435/74/49 1975/75/49 1976/76/49
f 1957/77/50 1969/78/50 1958/71/50
f 2427/79/51 1954/80/51 1962/81/51
f 1961/82/52 2435/74/52 1976/76/52
f 1959/83/53 1969/78/53 1970/84/53
f 2427/79/54 1963/85/54 2428/86/54
f 2431/87/55 1970/84/55 1971/88/55
f 2428/86/56 1964/89/56 1955/90/56
f 1960/91/57 1971/88/57 1972/92/57
f 1955/90/58 1965/93/58 2429/94/58
f 2432/95/59 1972/92/59 1973/96/59
f 2429/94/60 1966/97/60 1956/98/60
f 2433/99/61 1973/96/61 1974/100/61
f 1956/98/561 1967/101/561 2430/102/561
f 2434/103/63 1974/100/63 1975/75/63
f 2430/102/64 1968/104/64 1957/77/64
f 1966/97/65 1982/105/65 1967/101/65
f 1975/75/817 1989/106/817 1990/107/817
f 1967/101/67 1983/108/67 1968/104/67
f 1976/76/818 1990/107/818 1991/109/818
f 1968/104/69 1984/110/69 1969/78/69
f 1962/81/70 1954/111/70 1977/112/70
f 1961/113/71 1976/76/71 1991/109/71
f 1970/84/72 1984/110/72 1985/114/72
f 1962/81/73 1978/115/73 1963/85/73
f 1971/88/754 1985/114/754 1986/116/754
f 1963/85/563 1979/117/563 1964/89/563
f 1972/92/76 1986/116/76 1987/118/76
f 1964/89/77 1980/119/77 1965/93/77
f 1973/96/78 1987/118/78 1988/120/78
f 1965/93/79 1981/121/79 1966/97/79
f 1974/100/80 1988/120/80 1989/106/80
f 1986/116/81 2000/122/81 2001/123/81
f 1978/115/82 1994/124/82 1979/117/82
f 1987/118/83 2001/123/83 2002/125/83
f 1979/117/84 1995/126/84 1980/119/84
f 1988/120/819 2002/125/819 2003/127/819
f 1980/119/86 1996/128/86 1981/121/86
f 1989/106/87 2003/127/87 2004/129/87
f 1981/121/88 1997/130/88 1982/105/88
f 1990/107/567 2004/129/567 2005/131/567
f 1982/105/90 1998/132/90 1983/108/90
f 1991/109/91 2005/131/91 2006/133/91
f 1983/108/820 1999/134/820 1984/110/820
f 1977/112/93 1954/135/93 1992/136/93
f 1961/137/94 1991/109/94 2006/133/94
f 1985/114/95 1999/134/95 2000/122/95
f 1977/112/96 1993/138/96 1978/115/96
f 2005/131/572 2019/139/572 2020/140/572
f 1997/130/573 2013/141/573 1998/132/573
f 2006/133/99 2020/140/99 2021/142/99
f 1998/132/100 2014/7/100 1999/134/100
f 1992/136/821 1954/143/821 2007/144/821
f 1961/145/822 2006/133/822 2021/142/822
f 2000/122/103 2014/7/103 2015/146/103
f 1992/136/104 2008/67/104 1993/138/104
f 2001/123/756 2015/146/756 2016/73/756
f 1993/138/574 2009/147/574 1994/124/574
f 2002/125/107 2016/73/107 2017/148/107
f 1994/124/108 2010/14/108 1995/126/108
f 2003/127/109 2017/148/109 2018/1/109
f 1995/126/110 2011/149/110 1996/128/110
f 2004/129/111 2018/1/111 2019/139/111
f 1996/128/112 2012/150/112 1997/130/112
f 2017/148/113 2031/151/113 2032/152/113
f 2009/147/757 2025/153/757 2010/14/757
f 2018/1/115 2032/152/115 2033/154/115
f 2010/14/823 2026/155/823 2011/149/823
f 2019/139/117 2033/154/117 2034/156/117
f 2011/149/577 2027/157/577 2012/150/577
f 2020/140/578 2034/156/578 2035/158/578
f 2012/150/824 2028/159/824 2013/141/824
f 2021/142/759 2035/158/759 2036/160/759
f 2013/141/122 2029/161/122 2014/7/122
f 2007/144/825 1954/162/825 2022/163/825
f 1961/164/582 2021/142/582 2036/160/582
f 2015/146/826 2029/161/826 2030/165/826
f 2007/144/126 2023/166/126 2008/67/126
f 2016/73/827 2030/165/827 2031/151/827
f 2008/67/128 2024/167/128 2009/147/128
f 2036/160/129 2050/168/129 2051/169/129
f 2028/159/586 2044/170/586 2029/161/586
f 2022/163/131 1954/171/131 2037/172/131
f 1961/173/132 2036/160/132 2051/169/132
f 2030/165/133 2044/170/133 2045/174/133
f 2022/163/134 2038/175/134 2023/166/134
f 2031/151/135 2045/174/135 2046/176/135
f 2023/166/136 2039/177/136 2024/167/136
f 2032/152/137 2046/176/137 2047/178/137
f 2024/167/138 2040/179/138 2025/153/138
f 2033/154/139 2047/178/139 2048/180/139
f 2025/153/140 2041/181/140 2026/155/140
f 2034/156/141 2048/180/141 2049/182/141
f 2026/155/588 2042/183/588 2027/157/588
f 2035/158/143 2049/182/143 2050/168/143
f 2027/157/144 2043/184/144 2028/159/144
f 2039/177/828 2055/185/828 2040/179/828
f 2048/180/590 2062/186/590 2063/187/590
f 2040/179/147 2056/188/147 2041/181/147
f 2049/182/148 2063/187/148 2064/189/148
f 2041/181/593 2057/190/593 2042/183/593
f 2050/168/767 2064/189/767 2065/191/767
f 2042/183/151 2058/192/151 2043/184/151
f 2051/169/152 2065/191/152 2066/193/152
f 2043/184/153 2059/194/153 2044/170/153
f 2037/172/154 1954/195/154 2052/196/154
f 1961/197/155 2051/169/155 2066/193/155
f 2045/174/156 2059/194/156 2060/198/156
f 2037/172/157 2053/199/157 2038/175/157
f 2046/176/158 2060/198/158 2061/200/158
f 2038/175/596 2054/201/596 2039/177/596
f 2047/178/829 2061/200/829 2062/186/829
f 2058/192/161 2074/202/161 2059/194/161
f 2052/196/162 1954/203/162 2067/204/162
f 1961/205/163 2066/193/163 2081/206/163
f 2060/198/164 2074/202/164 2075/207/164
f 2052/196/165 2068/208/165 2053/199/165
f 2061/200/830 2075/207/830 2076/209/830
f 2053/199/167 2069/210/167 2054/201/167
f 2062/186/168 2076/209/168 2077/211/168
f 2054/201/169 2070/212/169 2055/185/169
f 2063/187/170 2077/211/170 2078/213/170
f 2055/185/602 2071/214/602 2056/188/602
f 2064/189/172 2078/213/172 2079/215/172
f 2056/188/603 2072/216/603 2057/190/603
f 2065/191/174 2079/215/174 2080/217/174
f 2057/190/604 2073/218/604 2058/192/604
f 2066/193/176 2080/217/176 2081/206/176
f 2077/211/177 2093/219/177 2078/213/177
f 2071/214/607 2085/220/607 2086/221/607
f 2078/213/179 2094/222/179 2079/215/179
f 2072/216/608 2086/221/608 2087/223/608
f 2079/215/181 2095/224/181 2080/217/181
f 2073/218/609 2087/223/609 2088/225/609
f 2080/217/183 2096/226/183 2081/206/183
f 2074/202/184 2088/225/184 2089/227/184
f 2067/204/185 1954/228/185 2082/229/185
f 1961/230/186 2081/206/186 2096/226/186
f 2074/202/187 2090/231/187 2075/207/187
f 2068/208/188 2082/229/188 2083/232/188
f 2075/207/831 2091/233/831 2076/209/831
f 2069/210/190 2083/232/190 2084/234/190
f 2076/209/191 2092/235/191 2077/211/191
f 2070/212/192 2084/234/192 2085/220/192
f 2082/229/193 1954/236/193 2097/237/193
f 1961/238/194 2096/226/194 2111/239/194
f 2089/227/195 2105/240/195 2090/231/195
f 2083/232/196 2097/237/196 2098/241/196
f 2090/231/197 2106/242/197 2091/233/197
f 2084/234/614 2098/241/614 2099/243/614
f 2091/233/832 2107/244/832 2092/235/832
f 2085/220/200 2099/243/200 2100/245/200
f 2092/235/617 2108/246/617 2093/219/617
f 2086/221/202 2100/245/202 2101/247/202
f 2093/219/203 2109/248/203 2094/222/203
f 2087/223/779 2101/247/779 2102/249/779
f 2094/222/780 2110/250/780 2095/224/780
f 2088/225/206 2102/249/206 2103/251/206
f 2095/224/207 2111/239/207 2096/226/207
f 2089/227/208 2103/251/208 2104/252/208
f 2101/247/209 2115/253/209 2116/254/209
f 2108/246/210 2124/255/210 2109/248/210
f 2102/249/622 2116/254/622 2117/256/622
f 2109/248/212 2125/257/212 2110/250/212
f 2103/251/213 2117/256/213 2118/258/213
f 2110/250/214 2126/259/214 2111/239/214
f 2104/252/624 2118/258/624 2119/260/624
f 2097/237/216 1954/261/216 2112/262/216
f 1961/263/217 2111/239/217 2126/259/217
f 2104/252/218 2120/264/218 2105/240/218
f 2098/241/219 2112/262/219 2113/265/219
f 2105/240/220 2121/266/220 2106/242/220
f 2099/243/221 2113/265/221 2114/267/221
f 2106/242/626 2122/268/626 2107/244/626
f 2100/245/223 2114/267/223 2115/253/223
f 2107/244/224 2123/269/224 2108/246/224
f 2119/260/833 2135/270/833 2120/264/833
f 2113/265/226 2127/271/226 2128/68/226
f 2120/264/227 2136/66/227 2121/266/227
f 2114/267/228 2128/68/228 2129/272/228
f 2121/266/229 2137/273/229 2122/268/229
f 2115/253/783 2129/272/783 2130/274/783
f 2122/268/231 2138/6/231 2123/269/231
f 2116/254/630 2130/274/630 2131/275/630
f 2123/269/233 2139/276/233 2124/255/233
f 2117/256/784 2131/275/784 2132/277/784
f 2124/255/235 2140/278/235 2125/257/235
f 2118/258/236 2132/277/236 2133/279/236
f 2125/257/786 2141/280/786 2126/259/786
f 2119/260/238 2133/279/238 2134/281/238
f 2112/262/834 1954/282/834 2127/271/834
f 1961/283/635 2126/259/635 2141/280/635
f 2138/6/241 2154/284/241 2139/276/241
f 2132/277/242 2146/285/242 2147/286/242
f 2139/276/636 2155/287/636 2140/278/636
f 2133/279/835 2147/286/835 2148/288/835
f 2140/278/245 2156/289/245 2141/280/245
f 2134/281/246 2148/288/246 2149/290/246
f 2127/271/836 1954/291/836 2142/292/836
f 1961/293/837 2141/280/837 2156/289/837
f 2134/281/249 2150/294/249 2135/270/249
f 2128/68/250 2142/292/250 2143/295/250
f 2135/270/251 2151/296/251 2136/66/251
f 2129/272/838 2143/295/838 2144/297/838
f 2136/66/253 2152/298/253 2137/273/253
f 2130/274/254 2144/297/254 2145/299/254
f 2137/273/255 2153/300/255 2138/6/255
f 2131/275/256 2145/299/256 2146/285/256
f 2150/294/257 2166/301/257 2151/296/257
f 2144/297/258 2158/302/258 2159/303/258
f 2151/296/259 2167/304/259 2152/298/259
f 2145/299/260 2159/303/260 2160/305/260
f 2152/298/261 2168/306/261 2153/300/261
f 2146/285/262 2160/305/262 2161/307/262
f 2153/300/263 2169/308/263 2154/284/263
f 2147/286/264 2161/307/264 2162/309/264
f 2154/284/265 2170/310/265 2155/287/265
f 2148/288/266 2162/309/266 2163/311/266
f 2155/287/267 2171/312/267 2156/289/267
f 2149/290/839 2163/311/839 2164/313/839
f 2142/292/269 1954/314/269 2157/315/269
f 1961/316/270 2156/289/270 2171/312/270
f 2149/290/646 2165/317/646 2150/294/646
f 2143/295/272 2157/315/272 2158/302/272
f 2169/308/273 2185/318/273 2170/310/273
f 2163/311/274 2177/319/274 2178/320/274
f 2170/310/275 2186/321/275 2171/312/275
f 2164/313/276 2178/320/276 2179/322/276
f 2157/315/277 1954/323/277 2172/324/277
f 1961/325/278 2171/312/278 2186/321/278
f 2164/313/279 2180/326/279 2165/317/279
f 2158/302/280 2172/324/280 2173/327/280
f 2165/317/647 2181/328/647 2166/301/647
f 2159/303/840 2173/327/840 2174/329/840
f 2166/301/283 2182/330/283 2167/304/283
f 2160/305/284 2174/329/284 2175/331/284
f 2167/304/285 2183/332/285 2168/306/285
f 2161/307/286 2175/331/286 2176/333/286
f 2168/306/287 2184/334/287 2169/308/287
f 2162/309/841 2176/333/841 2177/319/841
f 2174/329/289 2188/335/289 2189/336/289
f 2181/328/290 2197/337/290 2182/330/290
f 2175/331/291 2189/336/291 2190/338/291
f 2182/330/292 2198/339/292 2183/332/292
f 2176/333/293 2190/338/293 2191/340/293
f 2183/332/294 2199/341/294 2184/334/294
f 2177/319/650 2191/340/650 2192/342/650
f 2184/334/296 2200/343/296 2185/318/296
f 2178/320/297 2192/342/297 2193/344/297
f 2185/318/298 2201/345/298 2186/321/298
f 2179/322/299 2193/344/299 2194/346/299
f 2172/324/300 1954/347/300 2187/348/300
f 1961/349/301 2186/321/301 2201/345/301
f 2179/322/842 2195/350/842 2180/326/842
f 2173/327/303 2187/348/303 2188/335/303
f 2180/326/304 2196/351/304 2181/328/304
f 2192/342/305 2208/352/305 2193/344/305
f 2201/345/654 2215/353/654 2216/354/654
f 2193/344/307 2209/355/307 2194/346/307
f 2187/348/308 1954/356/308 2202/357/308
f 1961/358/309 2201/345/309 2216/354/309
f 2195/350/310 2209/355/310 2210/359/310
f 2187/348/311 2203/360/311 2188/335/311
f 2196/351/312 2210/359/312 2211/361/312
f 2188/335/313 2204/362/313 2189/336/313
f 2197/337/314 2211/361/314 2212/363/314
f 2189/336/315 2205/364/315 2190/338/315
f 2198/339/316 2212/363/316 2213/365/316
f 2190/338/317 2206/366/317 2191/340/317
f 2199/341/318 2213/365/318 2214/367/318
f 2191/340/843 2207/368/843 2192/342/843
f 2200/343/320 2214/367/320 2215/353/320
f 2212/363/321 2226/369/321 2227/370/321
f 2204/362/322 2220/371/322 2205/364/322
f 2213/365/323 2227/370/323 2228/372/323
f 2205/364/324 2221/373/324 2206/366/324
f 2214/367/325 2228/372/325 2229/374/325
f 2206/366/792 2222/375/792 2207/368/792
f 2215/353/844 2229/374/844 2230/376/844
f 2207/368/328 2223/377/328 2208/352/328
f 2216/354/329 2230/376/329 2231/378/329
f 2208/352/845 2224/379/845 2209/355/845
f 2202/357/331 1954/380/331 2217/381/331
f 1961/382/332 2216/354/332 2231/378/332
f 2210/359/664 2224/379/664 2225/383/664
f 2202/357/334 2218/384/334 2203/360/334
f 2211/361/335 2225/383/335 2226/369/335
f 2203/360/793 2219/385/793 2204/362/793
f 2231/378/846 2245/386/846 2246/387/846
f 2223/377/338 2239/388/338 2224/379/338
f 2217/381/339 1954/389/339 2232/390/339
f 1961/391/340 2231/378/340 2246/387/340
f 2225/383/341 2239/388/341 2240/392/341
f 2217/381/342 2233/393/342 2218/384/342
f 2226/369/343 2240/392/343 2241/394/343
f 2218/384/344 2234/395/344 2219/385/344
f 2227/370/345 2241/394/345 2242/396/345
f 2219/385/346 2235/397/346 2220/371/346
f 2228/372/347 2242/396/347 2243/398/347
f 2220/371/348 2236/399/348 2221/373/348
f 2229/374/349 2243/398/349 2244/400/349
f 2221/373/350 2237/401/350 2222/375/350
f 2230/376/351 2244/400/351 2245/386/351
f 2222/375/352 2238/402/352 2223/377/352
f 2234/395/353 2250/403/353 2235/397/353
f 2243/398/354 2257/404/354 2258/405/354
f 2235/397/355 2251/406/355 2236/399/355
f 2244/400/356 2258/405/356 2259/407/356
f 2236/399/357 2252/408/357 2237/401/357
f 2245/386/794 2259/407/794 2260/409/794
f 2237/401/359 2253/410/359 2238/402/359
f 2246/387/847 2260/409/847 2261/411/847
f 2238/402/361 2254/412/361 2239/388/361
f 2232/390/673 1954/413/673 2247/414/673
f 1961/415/674 2246/387/674 2261/411/674
f 2240/392/364 2254/412/364 2255/416/364
f 2232/390/795 2248/417/795 2233/393/795
f 2241/394/366 2255/416/366 2256/418/366
f 2233/393/848 2249/419/848 2234/395/848
f 2242/396/368 2256/418/368 2257/404/368
f 2253/410/369 2269/420/369 2254/412/369
f 2247/414/370 1954/421/370 2262/422/370
f 1961/423/371 2261/411/371 2276/424/371
f 2255/416/372 2269/420/372 2270/425/372
f 2247/414/679 2263/426/679 2248/417/679
f 2256/418/374 2270/425/374 2271/427/374
f 2248/417/375 2264/428/375 2249/419/375
f 2257/404/376 2271/427/376 2272/429/376
f 2249/419/682 2265/430/682 2250/403/682
f 2258/405/683 2272/429/683 2273/431/683
f 2250/403/849 2266/432/849 2251/406/849
f 2259/407/380 2273/431/380 2274/433/380
f 2251/406/797 2267/434/797 2252/408/797
f 2260/409/382 2274/433/382 2275/435/382
f 2252/408/383 2268/436/383 2253/410/383
f 2261/411/850 2275/435/850 2276/424/850
f 2273/431/687 2287/437/687 2288/438/687
f 2265/430/386 2281/439/386 2266/432/386
f 2274/433/851 2288/438/851 2289/440/851
f 2266/432/388 2282/441/388 2267/434/388
f 2275/435/389 2289/440/389 2290/442/389
f 2267/434/390 2283/443/390 2268/436/390
f 2276/424/391 2290/442/391 2291/444/391
f 2268/436/392 2284/445/392 2269/420/392
f 2262/422/393 1954/446/393 2277/447/393
f 1961/448/394 2276/424/394 2291/444/394
f 2270/425/395 2284/445/395 2285/449/395
f 2262/422/396 2278/450/396 2263/426/396
f 2271/427/397 2285/449/397 2286/451/397
f 2263/426/398 2279/452/398 2264/428/398
f 2272/429/691 2286/451/691 2287/437/691
f 2264/428/400 2280/453/400 2265/430/400
f 1961/454/401 2291/444/401 2306/455/401
f 2285/449/402 2299/456/402 2300/457/402
f 2277/447/403 2293/458/403 2278/450/403
f 2286/451/694 2300/457/694 2301/459/694
f 2278/450/405 2294/460/405 2279/452/405
f 2287/437/406 2301/459/406 2302/461/406
f 2279/452/799 2295/462/799 2280/453/799
f 2288/438/800 2302/461/800 2303/463/800
f 2280/453/409 2296/464/409 2281/439/409
f 2289/440/410 2303/463/410 2304/465/410
f 2281/439/698 2297/466/698 2282/441/698
f 2290/442/412 2304/465/412 2305/467/412
f 2282/441/413 2298/468/413 2283/443/413
f 2291/444/414 2305/467/414 2306/455/414
f 2283/443/415 2299/456/415 2284/445/415
f 2277/447/416 1954/469/416 2292/470/416
f 2304/465/417 2318/471/417 2319/472/417
f 2296/464/418 2312/473/418 2297/466/418
f 2305/467/419 2319/472/419 2320/474/419
f 2297/466/852 2313/475/852 2298/468/852
f 2306/455/421 2320/474/421 2321/476/421
f 2298/468/422 2314/477/422 2299/456/422
f 2292/470/423 1954/478/423 2307/479/423
f 1961/480/424 2306/455/424 2321/476/424
f 2300/457/702 2314/477/702 2315/481/702
f 2292/470/426 2308/482/426 2293/458/426
f 2301/459/703 2315/481/703 2316/483/703
f 2293/458/428 2309/484/428 2294/460/428
f 2302/461/429 2316/483/429 2317/485/429
f 2294/460/430 2310/486/430 2295/462/430
f 2303/463/431 2317/485/431 2318/471/431
f 2295/462/432 2311/487/432 2296/464/432
f 2308/488/433 2322/489/433 2323/490/433
f 2315/491/705 2331/492/705 2316/493/705
f 2309/494/435 2323/490/435 2324/495/435
f 2316/493/436 2332/496/436 2317/497/436
f 2310/498/437 2324/495/437 2325/499/437
f 2317/497/438 2333/500/438 2318/501/438
f 2311/502/439 2325/499/439 2326/503/439
f 2318/501/440 2334/504/440 2319/505/440
f 2312/506/441 2326/503/441 2327/507/441
f 2319/505/442 2335/508/442 2320/509/442
f 2313/510/853 2327/507/853 2328/511/853
f 2320/509/444 2336/512/444 2321/513/444
f 2314/514/445 2328/511/445 2329/515/445
f 2307/516/446 1954/517/446 2322/489/446
f 1961/518/447 2321/513/447 2336/512/447
f 2314/514/709 2330/519/709 2315/491/709
f 2327/507/710 2341/520/710 2342/521/710
f 2334/504/450 2350/522/450 2335/508/450
f 2328/511/451 2342/521/451 2343/523/451
f 2335/508/452 2351/524/452 2336/512/452
f 2329/515/453 2343/523/453 2344/525/453
f 2322/489/454 1954/526/454 2337/527/454
f 1961/528/455 2336/512/455 2351/524/455
f 2329/515/456 2345/529/456 2330/519/456
f 2323/490/457 2337/527/457 2338/530/457
f 2330/519/714 2346/531/714 2331/492/714
f 2324/495/459 2338/530/459 2339/532/459
f 2331/492/460 2347/533/460 2332/496/460
f 2325/499/461 2339/532/461 2340/534/461
f 2332/496/804 2348/535/804 2333/500/804
f 2326/503/463 2340/534/463 2341/520/463
f 2333/500/464 2349/536/464 2334/504/464
f 2345/529/465 2361/537/465 2346/531/465
f 2339/532/466 2353/538/466 2354/539/466
f 2346/531/854 2362/540/854 2347/533/854
f 2340/534/468 2354/539/468 2355/541/468
f 2347/533/720 2363/542/720 2348/535/720
f 2341/520/470 2355/541/470 2356/543/470
f 2348/535/855 2364/544/855 2349/536/855
f 2342/521/856 2356/543/856 2357/545/856
f 2349/536/473 2365/546/473 2350/522/473
f 2343/523/474 2357/545/474 2358/547/474
f 2350/522/475 2366/548/475 2351/524/475
f 2344/525/476 2358/547/476 2359/549/476
f 2337/527/477 1954/550/477 2352/551/477
f 1961/552/478 2351/524/478 2366/548/478
f 2344/525/479 2360/553/479 2345/529/479
f 2338/530/480 2352/551/480 2353/538/480
f 2364/544/806 2380/554/806 2365/546/806
f 2358/547/482 2372/555/482 2373/556/482
f 2365/546/483 2381/557/483 2366/548/483
f 2359/549/484 2373/556/484 2374/558/484
f 2352/551/485 1954/559/485 2367/560/485
f 1961/561/486 2366/548/486 2381/557/486
f 2359/549/487 2375/562/487 2360/553/487
f 2353/538/488 2367/560/488 2368/563/488
f 2360/553/857 2376/564/857 2361/537/857
f 2354/539/490 2368/563/490 2369/565/490
f 2361/537/491 2377/566/491 2362/540/491
f 2355/541/730 2369/565/730 2370/567/730
f 2362/540/493 2378/568/493 2363/542/493
f 2356/543/858 2370/567/858 2371/569/858
f 2363/542/495 2379/570/495 2364/544/495
f 2357/545/496 2371/569/496 2372/555/496
f 2369/565/497 2383/571/497 2384/572/497
f 2376/564/498 2392/573/498 2377/566/498
f 2370/567/499 2384/572/499 2385/574/499
f 2377/566/500 2393/575/500 2378/568/500
f 2371/569/501 2385/574/501 2386/576/501
f 2378/568/502 2394/577/502 2379/570/502
f 2372/555/503 2386/576/503 2387/578/503
f 2379/570/810 2395/579/810 2380/554/810
f 2373/556/505 2387/578/505 2388/580/505
f 2380/554/506 2396/581/506 2381/557/506
f 2374/558/507 2388/580/507 2389/582/507
f 2367/560/734 1954/583/734 2382/584/734
f 1961/585/735 2381/557/735 2396/581/735
f 2374/558/510 2390/586/510 2375/562/510
f 2368/563/511 2382/584/511 2383/571/511
f 2375/562/512 2391/587/512 2376/564/512
f 2388/580/513 2402/588/513 2403/589/513
f 2395/579/737 2411/590/737 2396/581/737
f 2389/582/859 2403/589/859 2404/591/859
f 2382/584/516 1954/592/516 2397/593/516
f 1961/594/517 2396/581/517 2411/590/517
f 2389/582/518 2405/595/518 2390/586/518
f 2383/571/519 2397/593/519 2398/596/519
f 2390/586/520 2406/597/520 2391/587/520
f 2384/572/740 2398/596/740 2399/598/740
f 2391/587/522 2407/599/522 2392/573/522
f 2385/574/523 2399/598/523 2400/600/523
f 2392/573/524 2408/601/524 2393/575/524
f 2386/576/525 2400/600/525 2401/602/525
f 2393/575/526 2409/603/526 2394/577/526
f 2387/578/527 2401/602/527 2402/588/527
f 2394/577/528 2410/604/528 2395/579/528
f 2406/597/529 2422/605/529 2407/599/529
f 2400/600/530 2414/606/530 2415/607/530
f 2407/599/743 2423/608/743 2408/601/743
f 2401/602/532 2415/607/532 2416/609/532
f 2408/601/533 2424/610/533 2409/603/533
f 2402/588/860 2416/609/860 2417/611/860
f 2409/603/861 2425/612/861 2410/604/861
f 2403/589/745 2417/611/745 2418/613/745
f 2410/604/537 2426/614/537 2411/590/537
f 2404/591/538 2418/613/538 2419/615/538
f 2397/593/539 1954/616/539 2412/617/539
f 1961/618/540 2411/590/540 2426/614/540
f 2404/591/541 2420/619/541 2405/595/541
f 2398/596/542 2412/617/542 2413/620/542
f 2405/595/543 2421/621/543 2406/597/543
f 2399/598/544 2413/620/544 2414/606/544
f 2425/612/862 2435/74/862 2426/614/862
f 2419/615/546 1957/77/546 1958/71/546
f 2412/617/547 1954/622/547 2427/79/547
f 1961/623/548 2426/614/548 2435/74/548
f 2419/615/750 1959/83/750 2420/619/750
f 2413/620/550 2427/79/550 2428/86/550
f 2420/619/551 2431/87/551 2421/621/551
f 2414/606/552 2428/86/552 1955/90/552
f 2421/621/553 1960/91/553 2422/605/553
f 2415/607/554 1955/90/554 2429/94/554
f 2422/605/555 2432/95/555 2423/608/555
f 2416/609/556 2429/94/556 1956/98/556
f 2423/608/557 2433/99/557 2424/610/557
f 2417/611/751 1956/98/751 2430/102/751
f 2424/610/559 2434/103/559 2425/612/559
f 2418/613/560 2430/102/560 1957/77/560
f 2917/74/863 2457/75/863 2458/76/863
f 2439/77/50 2451/78/50 2440/71/50
f 2909/79/864 2436/80/864 2444/81/864
f 2443/82/865 2917/74/865 2458/76/865
f 2441/83/53 2451/78/53 2452/84/53
f 2909/79/54 2445/85/54 2910/86/54
f 2913/87/55 2452/84/55 2453/88/55
f 2910/86/56 2446/89/56 2437/90/56
f 2442/91/866 2453/88/866 2454/92/866
f 2437/90/58 2447/93/58 2911/94/58
f 2914/95/59 2454/92/59 2455/96/59
f 2911/94/867 2448/97/867 2438/98/867
f 2915/99/61 2455/96/61 2456/100/61
f 2438/98/561 2449/101/561 2912/102/561
f 2916/103/63 2456/100/63 2457/75/63
f 2912/102/868 2450/104/868 2439/77/868
f 2448/97/869 2464/105/869 2449/101/869
f 2457/75/66 2471/106/66 2472/107/66
f 2449/101/870 2465/108/870 2450/104/870
f 2458/76/68 2472/107/68 2473/109/68
f 2450/104/69 2466/110/69 2451/78/69
f 2444/81/871 2436/111/871 2459/112/871
f 2443/113/71 2458/76/71 2473/109/71
f 2452/84/72 2466/110/72 2467/114/72
f 2444/81/73 2460/115/73 2445/85/73
f 2453/88/872 2467/114/872 2468/116/872
f 2445/85/873 2461/117/873 2446/89/873
f 2454/92/76 2468/116/76 2469/118/76
f 2446/89/77 2462/119/77 2447/93/77
f 2455/96/78 2469/118/78 2470/120/78
f 2447/93/79 2463/121/79 2448/97/79
f 2456/100/80 2470/120/80 2471/106/80
f 2468/116/81 2482/122/81 2483/123/81
f 2460/115/82 2476/124/82 2461/117/82
f 2469/118/83 2483/123/83 2484/125/83
f 2461/117/84 2477/126/84 2462/119/84
f 2470/120/819 2484/125/819 2485/127/819
f 2462/119/86 2478/128/86 2463/121/86
f 2471/106/87 2485/127/87 2486/129/87
f 2463/121/88 2479/130/88 2464/105/88
f 2472/107/89 2486/129/89 2487/131/89
f 2464/105/90 2480/132/90 2465/108/90
f 2473/109/874 2487/131/874 2488/133/874
f 2465/108/820 2481/134/820 2466/110/820
f 2459/112/93 2436/135/93 2474/136/93
f 2443/137/94 2473/109/94 2488/133/94
f 2467/114/875 2481/134/875 2482/122/875
f 2459/112/96 2475/138/96 2460/115/96
f 2487/131/572 2501/139/572 2502/140/572
f 2479/130/98 2495/141/98 2480/132/98
f 2488/133/99 2502/140/99 2503/142/99
f 2480/132/876 2496/7/876 2481/134/876
f 2474/136/877 2436/143/877 2489/144/877
f 2443/145/102 2488/133/102 2503/142/102
f 2482/122/103 2496/7/103 2497/146/103
f 2474/136/104 2490/67/104 2475/138/104
f 2483/123/756 2497/146/756 2498/73/756
f 2475/138/574 2491/147/574 2476/124/574
f 2484/125/107 2498/73/107 2499/148/107
f 2476/124/108 2492/14/108 2477/126/108
f 2485/127/878 2499/148/878 2500/1/878
f 2477/126/879 2493/149/879 2478/128/879
f 2486/129/111 2500/1/111 2501/139/111
f 2478/128/112 2494/150/112 2479/130/112
f 2499/148/880 2513/151/880 2514/152/880
f 2491/147/114 2507/153/114 2492/14/114
f 2500/1/881 2514/152/881 2515/154/881
f 2492/14/116 2508/155/116 2493/149/116
f 2501/139/882 2515/154/882 2516/156/882
f 2493/149/118 2509/157/118 2494/150/118
f 2502/140/578 2516/156/578 2517/158/578
f 2494/150/758 2510/159/758 2495/141/758
f 2503/142/121 2517/158/121 2518/160/121
f 2495/141/122 2511/161/122 2496/7/122
f 2489/144/825 2436/162/825 2504/163/825
f 2443/164/883 2503/142/883 2518/160/883
f 2497/146/583 2511/161/583 2512/165/583
f 2489/144/884 2505/166/884 2490/67/884
f 2498/73/827 2512/165/827 2513/151/827
f 2490/67/128 2506/167/128 2491/147/128
f 2518/160/129 2532/168/129 2533/169/129
f 2510/159/130 2526/170/130 2511/161/130
f 2504/163/131 2436/171/131 2519/172/131
f 2443/173/132 2518/160/132 2533/169/132
f 2512/165/133 2526/170/133 2527/174/133
f 2504/163/885 2520/175/885 2505/166/885
f 2513/151/135 2527/174/135 2528/176/135
f 2505/166/136 2521/177/136 2506/167/136
f 2514/152/137 2528/176/137 2529/178/137
f 2506/167/138 2522/179/138 2507/153/138
f 2515/154/139 2529/178/139 2530/180/139
f 2507/153/140 2523/181/140 2508/155/140
f 2516/156/141 2530/180/141 2531/182/141
f 2508/155/588 2524/183/588 2509/157/588
f 2517/158/143 2531/182/143 2532/168/143
f 2509/157/144 2525/184/144 2510/159/144
f 2521/177/828 2537/185/828 2522/179/828
f 2530/180/146 2544/186/146 2545/187/146
f 2522/179/591 2538/188/591 2523/181/591
f 2531/182/592 2545/187/592 2546/189/592
f 2523/181/593 2539/190/593 2524/183/593
f 2532/168/150 2546/189/150 2547/191/150
f 2524/183/886 2540/192/886 2525/184/886
f 2533/169/768 2547/191/768 2548/193/768
f 2525/184/153 2541/194/153 2526/170/153
f 2519/172/154 2436/195/154 2534/196/154
f 2443/197/155 2533/169/155 2548/193/155
f 2527/174/887 2541/194/887 2542/198/887
f 2519/172/157 2535/199/157 2520/175/157
f 2528/176/158 2542/198/158 2543/200/158
f 2520/175/596 2536/201/596 2521/177/596
f 2529/178/888 2543/200/888 2544/186/888
f 2540/192/771 2556/202/771 2541/194/771
f 2534/196/162 2436/203/162 2549/204/162
f 2443/205/163 2548/193/163 2563/206/163
f 2542/198/599 2556/202/599 2557/207/599
f 2534/196/165 2550/208/165 2535/199/165
f 2543/200/166 2557/207/166 2558/209/166
f 2535/199/167 2551/210/167 2536/201/167
f 2544/186/168 2558/209/168 2559/211/168
f 2536/201/889 2552/212/889 2537/185/889
f 2545/187/170 2559/211/170 2560/213/170
f 2537/185/602 2553/214/602 2538/188/602
f 2546/189/172 2560/213/172 2561/215/172
f 2538/188/603 2554/216/603 2539/190/603
f 2547/191/174 2561/215/174 2562/217/174
f 2539/190/890 2555/218/890 2540/192/890
f 2548/193/605 2562/217/605 2563/206/605
f 2559/211/606 2575/219/606 2560/213/606
f 2553/214/891 2567/220/891 2568/221/891
f 2560/213/179 2576/222/179 2561/215/179
f 2554/216/608 2568/221/608 2569/223/608
f 2561/215/181 2577/224/181 2562/217/181
f 2555/218/609 2569/223/609 2570/225/609
f 2562/217/610 2578/226/610 2563/206/610
f 2556/202/774 2570/225/774 2571/227/774
f 2549/204/185 2436/228/185 2564/229/185
f 2443/230/186 2563/206/186 2578/226/186
f 2556/202/612 2572/231/612 2557/207/612
f 2550/208/188 2564/229/188 2565/232/188
f 2557/207/189 2573/233/189 2558/209/189
f 2551/210/190 2565/232/190 2566/234/190
f 2558/209/613 2574/235/613 2559/211/613
f 2552/212/892 2566/234/892 2567/220/892
f 2564/229/193 2436/236/193 2579/237/193
f 2443/238/194 2578/226/194 2593/239/194
f 2571/227/893 2587/240/893 2572/231/893
f 2565/232/196 2579/237/196 2580/241/196
f 2572/231/197 2588/242/197 2573/233/197
f 2566/234/894 2580/241/894 2581/243/894
f 2573/233/832 2589/244/832 2574/235/832
f 2567/220/200 2581/243/200 2582/245/200
f 2574/235/895 2590/246/895 2575/219/895
f 2568/221/778 2582/245/778 2583/247/778
f 2575/219/618 2591/248/618 2576/222/618
f 2569/223/896 2583/247/896 2584/249/896
f 2576/222/205 2592/250/205 2577/224/205
f 2570/225/897 2584/249/897 2585/251/897
f 2577/224/898 2593/239/898 2578/226/898
f 2571/227/208 2585/251/208 2586/252/208
f 2583/247/209 2597/253/209 2598/254/209
f 2590/246/210 2606/255/210 2591/248/210
f 2584/249/622 2598/254/622 2599/256/622
f 2591/248/212 2607/257/212 2592/250/212
f 2585/251/213 2599/256/213 2600/258/213
f 2592/250/214 2608/259/214 2593/239/214
f 2586/252/624 2600/258/624 2601/260/624
f 2579/237/216 2436/261/216 2594/262/216
f 2443/263/217 2593/239/217 2608/259/217
f 2586/252/218 2602/264/218 2587/240/218
f 2580/241/899 2594/262/899 2595/265/899
f 2587/240/220 2603/266/220 2588/242/220
f 2581/243/221 2595/265/221 2596/267/221
f 2588/242/782 2604/268/782 2589/244/782
f 2582/245/223 2596/267/223 2597/253/223
f 2589/244/900 2605/269/900 2590/246/900
f 2601/260/628 2617/270/628 2602/264/628
f 2595/265/901 2609/271/901 2610/68/901
f 2602/264/902 2618/66/902 2603/266/902
f 2596/267/228 2610/68/228 2611/272/228
f 2603/266/903 2619/273/903 2604/268/903
f 2597/253/230 2611/272/230 2612/274/230
f 2604/268/904 2620/6/904 2605/269/904
f 2598/254/232 2612/274/232 2613/275/232
f 2605/269/905 2621/276/905 2606/255/905
f 2599/256/234 2613/275/234 2614/277/234
f 2606/255/235 2622/278/235 2607/257/235
f 2600/258/785 2614/277/785 2615/279/785
f 2607/257/906 2623/280/906 2608/259/906
f 2601/260/238 2615/279/238 2616/281/238
f 2594/262/834 2436/282/834 2609/271/834
f 2443/283/635 2608/259/635 2623/280/635
f 2620/6/907 2636/284/907 2621/276/907
f 2614/277/242 2628/285/242 2629/286/242
f 2621/276/636 2637/287/636 2622/278/636
f 2615/279/244 2629/286/244 2630/288/244
f 2622/278/245 2638/289/245 2623/280/245
f 2616/281/246 2630/288/246 2631/290/246
f 2609/271/247 2436/291/247 2624/292/247
f 2443/293/248 2623/280/248 2638/289/248
f 2616/281/249 2632/294/249 2617/270/249
f 2610/68/250 2624/292/250 2625/295/250
f 2617/270/908 2633/296/908 2618/66/908
f 2611/272/838 2625/295/838 2626/297/838
f 2618/66/253 2634/298/253 2619/273/253
f 2612/274/254 2626/297/254 2627/299/254
f 2619/273/909 2635/300/909 2620/6/909
f 2613/275/910 2627/299/910 2628/285/910
f 2632/294/257 2648/301/257 2633/296/257
f 2626/297/258 2640/302/258 2641/303/258
f 2633/296/259 2649/304/259 2634/298/259
f 2627/299/260 2641/303/260 2642/305/260
f 2634/298/261 2650/306/261 2635/300/261
f 2628/285/262 2642/305/262 2643/307/262
f 2635/300/263 2651/308/263 2636/284/263
f 2629/286/264 2643/307/264 2644/309/264
f 2636/284/911 2652/310/911 2637/287/911
f 2630/288/266 2644/309/266 2645/311/266
f 2637/287/267 2653/312/267 2638/289/267
f 2631/290/912 2645/311/912 2646/313/912
f 2624/292/269 2436/314/269 2639/315/269
f 2443/316/270 2638/289/270 2653/312/270
f 2631/290/271 2647/317/271 2632/294/271
f 2625/295/272 2639/315/272 2640/302/272
f 2651/308/913 2667/318/913 2652/310/913
f 2645/311/914 2659/319/914 2660/320/914
f 2652/310/915 2668/321/915 2653/312/915
f 2646/313/276 2660/320/276 2661/322/276
f 2639/315/277 2436/323/277 2654/324/277
f 2443/325/278 2653/312/278 2668/321/278
f 2646/313/279 2662/326/279 2647/317/279
f 2640/302/280 2654/324/280 2655/327/280
f 2647/317/281 2663/328/281 2648/301/281
f 2641/303/282 2655/327/282 2656/329/282
f 2648/301/283 2664/330/283 2649/304/283
f 2642/305/284 2656/329/284 2657/331/284
f 2649/304/648 2665/332/648 2650/306/648
f 2643/307/916 2657/331/916 2658/333/916
f 2650/306/287 2666/334/287 2651/308/287
f 2644/309/841 2658/333/841 2659/319/841
f 2656/329/289 2670/335/289 2671/336/289
f 2663/328/290 2679/337/290 2664/330/290
f 2657/331/291 2671/336/291 2672/338/291
f 2664/330/292 2680/339/292 2665/332/292
f 2658/333/293 2672/338/293 2673/340/293
f 2665/332/294 2681/341/294 2666/334/294
f 2659/319/650 2673/340/650 2674/342/650
f 2666/334/296 2682/343/296 2667/318/296
f 2660/320/917 2674/342/917 2675/344/917
f 2667/318/298 2683/345/298 2668/321/298
f 2661/322/299 2675/344/299 2676/346/299
f 2654/324/300 2436/347/300 2669/348/300
f 2443/349/918 2668/321/918 2683/345/918
f 2661/322/302 2677/350/302 2662/326/302
f 2655/327/919 2669/348/919 2670/335/919
f 2662/326/304 2678/351/304 2663/328/304
f 2674/342/305 2690/352/305 2675/344/305
f 2683/345/654 2697/353/654 2698/354/654
f 2675/344/307 2691/355/307 2676/346/307
f 2669/348/308 2436/356/308 2684/357/308
f 2443/358/920 2683/345/920 2698/354/920
f 2677/350/310 2691/355/310 2692/359/310
f 2669/348/311 2685/360/311 2670/335/311
f 2678/351/312 2692/359/312 2693/361/312
f 2670/335/313 2686/362/313 2671/336/313
f 2679/337/314 2693/361/314 2694/363/314
f 2671/336/315 2687/364/315 2672/338/315
f 2680/339/316 2694/363/316 2695/365/316
f 2672/338/317 2688/366/317 2673/340/317
f 2681/341/318 2695/365/318 2696/367/318
f 2673/340/319 2689/368/319 2674/342/319
f 2682/343/320 2696/367/320 2697/353/320
f 2694/363/658 2708/369/658 2709/370/658
f 2686/362/322 2702/371/322 2687/364/322
f 2695/365/659 2709/370/659 2710/372/659
f 2687/364/660 2703/373/660 2688/366/660
f 2696/367/325 2710/372/325 2711/374/325
f 2688/366/792 2704/375/792 2689/368/792
f 2697/353/327 2711/374/327 2712/376/327
f 2689/368/328 2705/377/328 2690/352/328
f 2698/354/661 2712/376/661 2713/378/661
f 2690/352/845 2706/379/845 2691/355/845
f 2684/357/662 2436/380/662 2699/381/662
f 2443/382/663 2698/354/663 2713/378/663
f 2692/359/664 2706/379/664 2707/383/664
f 2684/357/334 2700/384/334 2685/360/334
f 2693/361/335 2707/383/335 2708/369/335
f 2685/360/921 2701/385/921 2686/362/921
f 2713/378/337 2727/386/337 2728/387/337
f 2705/377/338 2721/388/338 2706/379/338
f 2699/381/922 2436/389/922 2714/390/922
f 2443/391/340 2713/378/340 2728/387/340
f 2707/383/668 2721/388/668 2722/392/668
f 2699/381/342 2715/393/342 2700/384/342
f 2708/369/343 2722/392/343 2723/394/343
f 2700/384/669 2716/395/669 2701/385/669
f 2709/370/345 2723/394/345 2724/396/345
f 2701/385/346 2717/397/346 2702/371/346
f 2710/372/923 2724/396/923 2725/398/923
f 2702/371/924 2718/399/924 2703/373/924
f 2711/374/349 2725/398/349 2726/400/349
f 2703/373/350 2719/401/350 2704/375/350
f 2712/376/671 2726/400/671 2727/386/671
f 2704/375/352 2720/402/352 2705/377/352
f 2716/395/353 2732/403/353 2717/397/353
f 2725/398/925 2739/404/925 2740/405/925
f 2717/397/926 2733/406/926 2718/399/926
f 2726/400/356 2740/405/356 2741/407/356
f 2718/399/357 2734/408/357 2719/401/357
f 2727/386/794 2741/407/794 2742/409/794
f 2719/401/672 2735/410/672 2720/402/672
f 2728/387/360 2742/409/360 2743/411/360
f 2720/402/361 2736/412/361 2721/388/361
f 2714/390/673 2436/413/673 2729/414/673
f 2443/415/674 2728/387/674 2743/411/674
f 2722/392/364 2736/412/364 2737/416/364
f 2714/390/795 2730/417/795 2715/393/795
f 2723/394/927 2737/416/927 2738/418/927
f 2715/393/848 2731/419/848 2716/395/848
f 2724/396/928 2738/418/928 2739/404/928
f 2735/410/369 2751/420/369 2736/412/369
f 2729/414/370 2436/421/370 2744/422/370
f 2443/423/796 2743/411/796 2758/424/796
f 2737/416/372 2751/420/372 2752/425/372
f 2729/414/373 2745/426/373 2730/417/373
f 2738/418/929 2752/425/929 2753/427/929
f 2730/417/375 2746/428/375 2731/419/375
f 2739/404/930 2753/427/930 2754/429/930
f 2731/419/377 2747/430/377 2732/403/377
f 2740/405/378 2754/429/378 2755/431/378
f 2732/403/379 2748/432/379 2733/406/379
f 2741/407/931 2755/431/931 2756/433/931
f 2733/406/797 2749/434/797 2734/408/797
f 2742/409/382 2756/433/382 2757/435/382
f 2734/408/932 2750/436/932 2735/410/932
f 2743/411/933 2757/435/933 2758/424/933
f 2755/431/385 2769/437/385 2770/438/385
f 2747/430/386 2763/439/386 2748/432/386
f 2756/433/851 2770/438/851 2771/440/851
f 2748/432/934 2764/441/934 2749/434/934
f 2757/435/389 2771/440/389 2772/442/389
f 2749/434/390 2765/443/390 2750/436/390
f 2758/424/391 2772/442/391 2773/444/391
f 2750/436/392 2766/445/392 2751/420/392
f 2744/422/393 2436/446/393 2759/447/393
f 2443/448/394 2758/424/394 2773/444/394
f 2752/425/395 2766/445/395 2767/449/395
f 2744/422/935 2760/450/935 2745/426/935
f 2753/427/397 2767/449/397 2768/451/397
f 2745/426/398 2761/452/398 2746/428/398
f 2754/429/399 2768/451/399 2769/437/399
f 2746/428/400 2762/453/400 2747/430/400
f 2443/454/401 2773/444/401 2788/455/401
f 2767/449/402 2781/456/402 2782/457/402
f 2759/447/936 2775/458/936 2760/450/936
f 2768/451/694 2782/457/694 2783/459/694
f 2760/450/405 2776/460/405 2761/452/405
f 2769/437/406 2783/459/406 2784/461/406
f 2761/452/799 2777/462/799 2762/453/799
f 2770/438/408 2784/461/408 2785/463/408
f 2762/453/409 2778/464/409 2763/439/409
f 2771/440/937 2785/463/937 2786/465/937
f 2763/439/938 2779/466/938 2764/441/938
f 2772/442/939 2786/465/939 2787/467/939
f 2764/441/940 2780/468/940 2765/443/940
f 2773/444/699 2787/467/699 2788/455/699
f 2765/443/415 2781/456/415 2766/445/415
f 2759/447/416 2436/469/416 2774/470/416
f 2786/465/417 2800/471/417 2801/472/417
f 2778/464/418 2794/473/418 2779/466/418
f 2787/467/419 2801/472/419 2802/474/419
f 2779/466/941 2795/475/941 2780/468/941
f 2788/455/421 2802/474/421 2803/476/421
f 2780/468/422 2796/477/422 2781/456/422
f 2774/470/423 2436/478/423 2789/479/423
f 2443/480/424 2788/455/424 2803/476/424
f 2782/457/702 2796/477/702 2797/481/702
f 2774/470/942 2790/482/942 2775/458/942
f 2783/459/703 2797/481/703 2798/483/703
f 2775/458/428 2791/484/428 2776/460/428
f 2784/461/943 2798/483/943 2799/485/943
f 2776/460/430 2792/486/430 2777/462/430
f 2785/463/944 2799/485/944 2800/471/944
f 2777/462/945 2793/487/945 2778/464/945
f 2790/488/946 2804/489/946 2805/490/946
f 2797/491/705 2813/492/705 2798/493/705
f 2791/494/435 2805/490/435 2806/495/435
f 2798/493/436 2814/496/436 2799/497/436
f 2792/498/437 2806/495/437 2807/499/437
f 2799/497/438 2815/500/438 2800/501/438
f 2793/502/947 2807/499/947 2808/503/947
f 2800/501/440 2816/504/440 2801/505/440
f 2794/506/441 2808/503/441 2809/507/441
f 2801/505/442 2817/508/442 2802/509/442
f 2795/510/443 2809/507/443 2810/511/443
f 2802/509/444 2818/512/444 2803/513/444
f 2796/514/445 2810/511/445 2811/515/445
f 2789/516/446 2436/517/446 2804/489/446
f 2443/518/447 2803/513/447 2818/512/447
f 2796/514/709 2812/519/709 2797/491/709
f 2809/507/948 2823/520/948 2824/521/948
f 2816/504/949 2832/522/949 2817/508/949
f 2810/511/950 2824/521/950 2825/523/950
f 2817/508/711 2833/524/711 2818/512/711
f 2811/515/453 2825/523/453 2826/525/453
f 2804/489/454 2436/526/454 2819/527/454
f 2443/528/455 2818/512/455 2833/524/455
f 2811/515/456 2827/529/456 2812/519/456
f 2805/490/713 2819/527/713 2820/530/713
f 2812/519/714 2828/531/714 2813/492/714
f 2806/495/951 2820/530/951 2821/532/951
f 2813/492/460 2829/533/460 2814/496/460
f 2807/499/952 2821/532/952 2822/534/952
f 2814/496/462 2830/535/462 2815/500/462
f 2808/503/463 2822/534/463 2823/520/463
f 2815/500/953 2831/536/953 2816/504/953
f 2827/529/465 2843/537/465 2828/531/465
f 2821/532/466 2835/538/466 2836/539/466
f 2828/531/467 2844/540/467 2829/533/467
f 2822/534/468 2836/539/468 2837/541/468
f 2829/533/469 2845/542/469 2830/535/469
f 2823/520/470 2837/541/470 2838/543/470
f 2830/535/471 2846/544/471 2831/536/471
f 2824/521/954 2838/543/954 2839/545/954
f 2831/536/473 2847/546/473 2832/522/473
f 2825/523/474 2839/545/474 2840/547/474
f 2832/522/475 2848/548/475 2833/524/475
f 2826/525/476 2840/547/476 2841/549/476
f 2819/527/477 2436/550/477 2834/551/477
f 2443/552/478 2833/524/478 2848/548/478
f 2826/525/479 2842/553/479 2827/529/479
f 2820/530/955 2834/551/955 2835/538/955
f 2846/544/806 2862/554/806 2847/546/806
f 2840/547/956 2854/555/956 2855/556/956
f 2847/546/957 2863/557/957 2848/548/957
f 2841/549/484 2855/556/484 2856/558/484
f 2834/551/485 2436/559/485 2849/560/485
f 2443/561/486 2848/548/486 2863/557/486
f 2841/549/726 2857/562/726 2842/553/726
f 2835/538/958 2849/560/958 2850/563/958
f 2842/553/959 2858/564/959 2843/537/959
f 2836/539/960 2850/563/960 2851/565/960
f 2843/537/491 2859/566/491 2844/540/491
f 2837/541/492 2851/565/492 2852/567/492
f 2844/540/493 2860/568/493 2845/542/493
f 2838/543/494 2852/567/494 2853/569/494
f 2845/542/961 2861/570/961 2846/544/961
f 2839/545/496 2853/569/496 2854/555/496
f 2851/565/962 2865/571/962 2866/572/962
f 2858/564/963 2874/573/963 2859/566/963
f 2852/567/499 2866/572/499 2867/574/499
f 2859/566/964 2875/575/964 2860/568/964
f 2853/569/965 2867/574/965 2868/576/965
f 2860/568/502 2876/577/502 2861/570/502
f 2854/555/503 2868/576/503 2869/578/503
f 2861/570/810 2877/579/810 2862/554/810
f 2855/556/811 2869/578/811 2870/580/811
f 2862/554/733 2878/581/733 2863/557/733
f 2856/558/507 2870/580/507 2871/582/507
f 2849/560/734 2436/583/734 2864/584/734
f 2443/585/735 2863/557/735 2878/581/735
f 2856/558/510 2872/586/510 2857/562/510
f 2850/563/511 2864/584/511 2865/571/511
f 2857/562/812 2873/587/812 2858/564/812
f 2870/580/513 2884/588/513 2885/589/513
f 2877/579/737 2893/590/737 2878/581/737
f 2871/582/515 2885/589/515 2886/591/515
f 2864/584/516 2436/592/516 2879/593/516
f 2443/594/517 2878/581/517 2893/590/517
f 2871/582/739 2887/595/739 2872/586/739
f 2865/571/519 2879/593/519 2880/596/519
f 2872/586/520 2888/597/520 2873/587/520
f 2866/572/966 2880/596/966 2881/598/966
f 2873/587/522 2889/599/522 2874/573/522
f 2867/574/967 2881/598/967 2882/600/967
f 2874/573/524 2890/601/524 2875/575/524
f 2868/576/525 2882/600/525 2883/602/525
f 2875/575/526 2891/603/526 2876/577/526
f 2869/578/527 2883/602/527 2884/588/527
f 2876/577/528 2892/604/528 2877/579/528
f 2888/597/968 2904/605/968 2889/599/968
f 2882/600/530 2896/606/530 2897/607/530
f 2889/599/813 2905/608/813 2890/601/813
f 2883/602/532 2897/607/532 2898/609/532
f 2890/601/533 2906/610/533 2891/603/533
f 2884/588/860 2898/609/860 2899/611/860
f 2891/603/969 2907/612/969 2892/604/969
f 2885/589/536 2899/611/536 2900/613/536
f 2892/604/970 2908/614/970 2893/590/970
f 2886/591/538 2900/613/538 2901/615/538
f 2879/593/746 2436/616/746 2894/617/746
f 2443/618/747 2893/590/747 2908/614/747
f 2886/591/541 2902/619/541 2887/595/541
f 2880/596/971 2894/617/971 2895/620/971
f 2887/595/543 2903/621/543 2888/597/543
f 2881/598/544 2895/620/544 2896/606/544
f 2907/612/862 2917/74/862 2908/614/862
f 2901/615/546 2439/77/546 2440/71/546
f 2894/617/547 2436/622/547 2909/79/547
f 2443/623/972 2908/614/972 2917/74/972
f 2901/615/750 2441/83/750 2902/619/750
f 2895/620/973 2909/79/973 2910/86/973
f 2902/619/816 2913/87/816 2903/621/816
f 2896/606/552 2910/86/552 2437/90/552
f 2903/621/553 2442/91/553 2904/605/553
f 2897/607/554 2437/90/554 2911/94/554
f 2904/605/555 2914/95/555 2905/608/555
f 2898/609/556 2911/94/556 2438/98/556
f 2905/608/557 2915/99/557 2906/610/557
f 2899/611/558 2438/98/558 2912/102/558
f 2906/610/559 2916/103/559 2907/612/559
f 2900/613/560 2912/102/560 2439/77/560
f 3111/624/974 3112/625/974 3110/514/974
f 3113/626/1006 3114/627/1006 3112/625/1006
f 3115/628/1013 3116/629/1013 3114/627/1013
f 3117/630/977 3118/23/977 3116/629/977
f 3119/631/978 3120/632/978 3118/23/978
f 3121/633/1018 3122/634/1018 3120/632/1018
f 3123/635/980 3124/636/980 3122/634/980
f 3125/637/981 3126/71/981 3124/636/981
f 3127/638/982 3128/78/982 3126/71/982
f 3129/639/983 3130/110/983 3128/78/983
f 3131/640/1014 3132/134/1014 3130/110/1014
f 3133/641/985 3134/7/985 3132/134/985
f 3135/33/986 3136/161/986 3134/7/986
f 3137/642/987 3138/170/987 3136/161/987
f 3139/643/1015 3140/194/1015 3138/170/1015
f 3141/644/989 3142/56/989 3140/194/989
f 3143/645/990 3144/646/990 3142/56/990
f 3145/647/1008 3146/57/1008 3144/646/1008
f 3147/648/1009 3148/649/1009 3146/57/1009
f 3149/650/1019 3150/20/1019 3148/649/1019
f 3151/16/994 3152/651/994 3150/20/994
f 3153/652/1016 3154/653/1016 3152/651/1016
f 3155/654/996 3156/655/996 3154/653/996
f 3157/656/997 3158/70/997 3156/655/997
f 3159/657/998 3160/658/998 3158/70/998
f 3161/659/999 3162/660/999 3160/658/999
f 3163/661/1000 3164/662/1000 3162/660/1000
f 3165/663/1001 3166/22/1001 3164/662/1001
f 3167/664/1011 3168/665/1011 3166/22/1011
f 3169/666/1012 3170/667/1012 3168/665/1012
f 3147/668/6 3131/669/6 3115/670/6
f 3171/671/1017 3172/672/1017 3170/667/1017
f 3173/673/1005 3110/477/1005 3172/672/1005
f 3140/674/5 3156/675/5 3172/676/5
f 460/32/17 461/25/17 463/1/17
f 468/66/18 469/73/18 467/7/18
f 467/7/19 465/14/19 464/10/19
f 471/67/20 461/33/20 460/16/20
f 466/20/21 464/10/21 470/69/21
f 469/71/22 463/23/22 461/38/22
f 469/71/23 471/72/23 465/14/23
f 462/22/24 468/70/24 470/69/24
f 465/14/20 471/67/20 470/68/20
f 462/6/18 463/1/18 469/73/18
f 472/32/25 473/25/25 475/1/25
f 480/66/26 481/73/26 479/7/26
f 479/7/27 477/14/27 476/10/27
f 483/67/28 473/33/28 472/16/28
f 478/20/29 476/10/29 482/69/29
f 481/71/30 475/23/30 473/38/30
f 481/71/31 483/72/31 477/14/31
f 474/22/32 480/70/32 482/69/32
f 477/14/28 483/67/28 482/68/28
f 474/6/26 475/1/26 481/73/26
f 484/32/33 485/25/33 487/1/33
f 492/66/34 493/73/34 491/7/34
f 491/7/35 489/14/35 488/10/35
f 495/67/36 485/33/36 484/16/36
f 490/20/37 488/10/37 494/69/37
f 493/71/38 487/23/38 485/38/38
f 493/71/39 495/72/39 489/14/39
f 486/22/40 492/70/40 494/69/40
f 489/14/36 495/67/36 494/68/36
f 486/6/34 487/1/34 493/73/34
f 496/32/41 497/25/41 499/1/41
f 504/66/42 505/73/42 503/7/42
f 503/7/43 501/14/43 500/10/43
f 507/67/44 497/33/44 496/16/44
f 502/20/45 500/10/45 506/69/45
f 505/71/46 499/23/46 497/38/46
f 505/71/47 507/72/47 501/14/47
f 498/22/48 504/70/48 506/69/48
f 501/14/44 507/67/44 506/68/44
f 498/6/42 499/1/42 505/73/42
f 989/74/49 988/103/49 529/75/49
f 511/77/50 522/104/50 523/78/50
f 513/83/53 512/71/53 523/78/53
f 981/79/54 516/81/54 517/85/54
f 985/87/55 513/83/55 524/84/55
f 982/86/56 517/85/56 518/89/56
f 514/91/57 985/87/57 525/88/57
f 509/90/58 518/89/58 519/93/58
f 986/95/59 514/91/59 526/92/59
f 983/94/60 519/93/60 520/97/60
f 987/99/61 986/95/61 527/96/61
f 510/98/62 520/97/62 521/101/62
f 988/103/63 987/99/63 528/100/63
f 984/102/64 521/101/64 522/104/64
f 520/97/65 535/121/65 536/105/65
f 529/75/66 528/100/66 543/106/66
f 521/101/67 536/105/67 537/108/67
f 530/76/68 529/75/68 544/107/68
f 522/104/69 537/108/69 538/110/69
f 524/84/72 523/78/72 538/110/72
f 516/81/73 531/112/73 532/115/73
f 525/88/74 524/84/74 539/114/74
f 517/85/1024 532/115/1024 533/117/1024
f 526/92/76 525/88/76 540/116/76
f 518/89/77 533/117/77 534/119/77
f 527/96/1025 526/92/1025 541/118/1025
f 519/93/79 534/119/79 535/121/79
f 528/100/80 527/96/80 542/120/80
f 540/116/81 539/114/81 554/122/81
f 532/115/1026 547/138/1026 548/124/1026
f 541/118/83 540/116/83 555/123/83
f 533/117/84 548/124/84 549/126/84
f 542/120/819 541/118/819 556/125/819
f 534/119/1027 549/126/1027 550/128/1027
f 543/106/87 542/120/87 557/127/87
f 535/121/88 550/128/88 551/130/88
f 544/107/89 543/106/89 558/129/89
f 536/105/90 551/130/90 552/132/90
f 545/109/91 544/107/91 559/131/91
f 537/108/820 552/132/820 553/134/820
f 539/114/95 538/110/95 553/134/95
f 531/112/96 546/136/96 547/138/96
f 559/131/572 558/129/572 573/139/572
f 551/130/573 566/150/573 567/141/573
f 560/133/99 559/131/99 574/140/99
f 552/132/100 567/141/100 568/7/100
f 554/122/103 553/134/103 568/7/103
f 546/136/104 561/144/104 562/67/104
f 555/123/105 554/122/105 569/146/105
f 547/138/574 562/67/574 563/147/574
f 556/125/107 555/123/107 570/73/107
f 548/124/108 563/147/108 564/14/108
f 557/127/109 556/125/109 571/148/109
f 549/126/110 564/14/110 565/149/110
f 558/129/111 557/127/111 572/1/111
f 550/128/112 565/149/112 566/150/112
f 571/148/113 570/73/113 585/151/113
f 563/147/114 578/167/114 579/153/114
f 572/1/1028 571/148/1028 586/152/1028
f 564/14/823 579/153/823 580/155/823
f 573/139/117 572/1/117 587/154/117
f 565/149/118 580/155/118 581/157/118
f 574/140/578 573/139/578 588/156/578
f 566/150/579 581/157/579 582/159/579
f 575/142/759 574/140/759 589/158/759
f 567/141/1029 582/159/1029 583/161/1029
f 569/146/826 568/7/826 583/161/826
f 561/144/884 576/163/884 577/166/884
f 570/73/827 569/146/827 584/165/827
f 562/67/1030 577/166/1030 578/167/1030
f 590/160/129 589/158/129 604/168/129
f 582/159/586 597/184/586 598/170/586
f 584/165/1031 583/161/1031 598/170/1031
f 576/163/134 591/172/134 592/175/134
f 585/151/135 584/165/135 599/174/135
f 577/166/136 592/175/136 593/177/136
f 586/152/1032 585/151/1032 600/176/1032
f 578/167/138 593/177/138 594/179/138
f 587/154/139 586/152/139 601/178/139
f 579/153/140 594/179/140 595/181/140
f 588/156/141 587/154/141 602/180/141
f 580/155/1033 595/181/1033 596/183/1033
f 589/158/143 588/156/143 603/182/143
f 581/157/144 596/183/144 597/184/144
f 593/177/589 608/201/589 609/185/589
f 602/180/146 601/178/146 616/186/146
f 594/179/147 609/185/147 610/188/147
f 603/182/592 602/180/592 617/187/592
f 595/181/593 610/188/593 611/190/593
f 604/168/150 603/182/150 618/189/150
f 596/183/151 611/190/151 612/192/151
f 605/169/768 604/168/768 619/191/768
f 597/184/153 612/192/153 613/194/153
f 599/174/156 598/170/156 613/194/156
f 591/172/1034 606/196/1034 607/199/1034
f 600/176/158 599/174/158 614/198/158
f 592/175/159 607/199/159 608/201/159
f 601/178/888 600/176/888 615/200/888
f 612/192/771 627/218/771 628/202/771
f 614/198/1035 613/194/1035 628/202/1035
f 606/196/165 621/204/165 622/208/165
f 615/200/830 614/198/830 629/207/830
f 607/199/167 622/208/167 623/210/167
f 616/186/1036 615/200/1036 630/209/1036
f 608/201/169 623/210/169 624/212/169
f 617/187/601 616/186/601 631/211/601
f 609/185/602 624/212/602 625/214/602
f 618/189/172 617/187/172 632/213/172
f 610/188/603 625/214/603 626/216/603
f 619/191/174 618/189/174 633/215/174
f 611/190/604 626/216/604 627/218/604
f 620/193/176 619/191/176 634/217/176
f 631/211/606 646/235/606 647/219/606
f 625/214/607 624/212/607 639/220/607
f 632/213/179 647/219/179 648/222/179
f 626/216/608 625/214/608 640/221/608
f 633/215/181 648/222/181 649/224/181
f 627/218/609 626/216/609 641/223/609
f 634/217/183 649/224/183 650/226/183
f 628/202/774 627/218/774 642/225/774
f 628/202/1037 643/227/1037 644/231/1037
f 622/208/188 621/204/188 636/229/188
f 629/207/831 644/231/831 645/233/831
f 623/210/190 622/208/190 637/232/190
f 630/209/1038 645/233/1038 646/235/1038
f 624/212/192 623/210/192 638/234/192
f 643/227/195 658/252/195 659/240/195
f 637/232/196 636/229/196 651/237/196
f 644/231/197 659/240/197 660/242/197
f 638/234/777 637/232/777 652/241/777
f 645/233/1039 660/242/1039 661/244/1039
f 639/220/1040 638/234/1040 653/243/1040
f 646/235/617 661/244/617 662/246/617
f 640/221/778 639/220/778 654/245/778
f 647/219/1041 662/246/1041 663/248/1041
f 641/223/619 640/221/619 655/247/619
f 648/222/205 663/248/205 664/250/205
f 642/225/206 641/223/206 656/249/206
f 649/224/207 664/250/207 665/239/207
f 643/227/208 642/225/208 657/251/208
f 655/247/209 654/245/209 669/253/209
f 662/246/210 677/269/210 678/255/210
f 656/249/211 655/247/211 670/254/211
f 663/248/212 678/255/212 679/257/212
f 657/251/213 656/249/213 671/256/213
f 664/250/214 679/257/214 680/259/214
f 658/252/624 657/251/624 672/258/624
f 658/252/1042 673/260/1042 674/264/1042
f 652/241/219 651/237/219 666/262/219
f 659/240/220 674/264/220 675/266/220
f 653/243/221 652/241/221 667/265/221
f 660/242/222 675/266/222 676/268/222
f 654/245/223 653/243/223 668/267/223
f 661/244/224 676/268/224 677/269/224
f 673/260/833 688/281/833 689/270/833
f 667/265/1043 666/262/1043 681/271/1043
f 674/264/902 689/270/902 690/66/902
f 668/267/228 667/265/228 682/68/228
f 675/266/229 690/66/229 691/273/229
f 669/253/230 668/267/230 683/272/230
f 676/268/1044 691/273/1044 692/6/1044
f 670/254/630 669/253/630 684/274/630
f 677/269/233 692/6/233 693/276/233
f 671/256/784 670/254/784 685/275/784
f 678/255/235 693/276/235 694/278/235
f 672/258/632 671/256/632 686/277/632
f 679/257/633 694/278/633 695/280/633
f 673/260/1045 672/258/1045 687/279/1045
f 692/6/241 707/300/241 708/284/241
f 686/277/242 685/275/242 700/285/242
f 693/276/636 708/284/636 709/287/636
f 687/279/835 686/277/835 701/286/835
f 694/278/245 709/287/245 710/289/245
f 688/281/246 687/279/246 702/288/246
f 688/281/249 703/290/249 704/294/249
f 682/68/250 681/271/250 696/292/250
f 689/270/638 704/294/638 705/296/638
f 683/272/838 682/68/838 697/295/838
f 690/66/253 705/296/253 706/298/253
f 684/274/254 683/272/254 698/297/254
f 691/273/255 706/298/255 707/300/255
f 685/275/1046 684/274/1046 699/299/1046
f 704/294/257 719/317/257 720/301/257
f 698/297/258 697/295/258 712/302/258
f 705/296/259 720/301/259 721/304/259
f 699/299/260 698/297/260 713/303/260
f 706/298/261 721/304/261 722/306/261
f 700/285/262 699/299/262 714/305/262
f 707/300/263 722/306/263 723/308/263
f 701/286/264 700/285/264 715/307/264
f 708/284/265 723/308/265 724/310/265
f 702/288/266 701/286/266 716/309/266
f 709/287/267 724/310/267 725/312/267
f 703/290/912 702/288/912 717/311/912
f 703/290/1047 718/313/1047 719/317/1047
f 697/295/272 696/292/272 711/315/272
f 723/308/1048 738/334/1048 739/318/1048
f 717/311/1049 716/309/1049 731/319/1049
f 724/310/275 739/318/275 740/321/275
f 718/313/276 717/311/276 732/320/276
f 718/313/279 733/322/279 734/326/279
f 712/302/280 711/315/280 726/324/280
f 719/317/647 734/326/647 735/328/647
f 713/303/840 712/302/840 727/327/840
f 720/301/283 735/328/283 736/330/283
f 714/305/284 713/303/284 728/329/284
f 721/304/648 736/330/648 737/332/648
f 715/307/916 714/305/916 729/331/916
f 722/306/287 737/332/287 738/334/287
f 716/309/288 715/307/288 730/333/288
f 728/329/289 727/327/289 742/335/289
f 735/328/290 750/351/290 751/337/290
f 729/331/291 728/329/291 743/336/291
f 736/330/292 751/337/292 752/339/292
f 730/333/293 729/331/293 744/338/293
f 737/332/294 752/339/294 753/341/294
f 731/319/295 730/333/295 745/340/295
f 738/334/296 753/341/296 754/343/296
f 732/320/297 731/319/297 746/342/297
f 739/318/298 754/343/298 755/345/298
f 733/322/299 732/320/299 747/344/299
f 733/322/302 748/346/302 749/350/302
f 727/327/303 726/324/303 741/348/303
f 734/326/304 749/350/304 750/351/304
f 746/342/305 761/368/305 762/352/305
f 755/345/654 754/343/654 769/353/654
f 747/344/307 762/352/307 763/355/307
f 749/350/310 748/346/310 763/355/310
f 741/348/1050 756/357/1050 757/360/1050
f 750/351/312 749/350/312 764/359/312
f 742/335/313 757/360/313 758/362/313
f 751/337/657 750/351/657 765/361/657
f 743/336/315 758/362/315 759/364/315
f 752/339/316 751/337/316 766/363/316
f 744/338/317 759/364/317 760/366/317
f 753/341/318 752/339/318 767/365/318
f 745/340/843 760/366/843 761/368/843
f 754/343/320 753/341/320 768/367/320
f 766/363/790 765/361/790 780/369/790
f 758/362/322 773/385/322 774/371/322
f 767/365/659 766/363/659 781/370/659
f 759/364/660 774/371/660 775/373/660
f 768/367/325 767/365/325 782/372/325
f 760/366/792 775/373/792 776/375/792
f 769/353/1051 768/367/1051 783/374/1051
f 761/368/328 776/375/328 777/377/328
f 770/354/329 769/353/329 784/376/329
f 762/352/845 777/377/845 778/379/845
f 764/359/664 763/355/664 778/379/664
f 756/357/334 771/381/334 772/384/334
f 765/361/335 764/359/335 779/383/335
f 757/360/793 772/384/793 773/385/793
f 785/378/337 784/376/337 799/386/337
f 777/377/667 792/402/667 793/388/667
f 779/383/668 778/379/668 793/388/668
f 771/381/342 786/390/342 787/393/342
f 780/369/343 779/383/343 794/392/343
f 772/384/344 787/393/344 788/395/344
f 781/370/345 780/369/345 795/394/345
f 773/385/346 788/395/346 789/397/346
f 782/372/347 781/370/347 796/396/347
f 774/371/348 789/397/348 790/399/348
f 783/374/349 782/372/349 797/398/349
f 775/373/350 790/399/350 791/401/350
f 784/376/351 783/374/351 798/400/351
f 776/375/352 791/401/352 792/402/352
f 788/395/353 803/419/353 804/403/353
f 797/398/354 796/396/354 811/404/354
f 789/397/355 804/403/355 805/406/355
f 798/400/356 797/398/356 812/405/356
f 790/399/357 805/406/357 806/408/357
f 799/386/794 798/400/794 813/407/794
f 791/401/1052 806/408/1052 807/410/1052
f 800/387/847 799/386/847 814/409/847
f 792/402/361 807/410/361 808/412/361
f 794/392/364 793/388/364 808/412/364
f 786/390/795 801/414/795 802/417/795
f 795/394/927 794/392/927 809/416/927
f 787/393/848 802/417/848 803/419/848
f 796/396/368 795/394/368 810/418/368
f 807/410/369 822/436/369 823/420/369
f 809/416/372 808/412/372 823/420/372
f 801/414/679 816/422/679 817/426/679
f 810/418/1053 809/416/1053 824/425/1053
f 802/417/375 817/426/375 818/428/375
f 811/404/930 810/418/930 825/427/930
f 803/419/377 818/428/377 819/430/377
f 812/405/1054 811/404/1054 826/429/1054
f 804/403/1055 819/430/1055 820/432/1055
f 813/407/380 812/405/380 827/431/380
f 805/406/797 820/432/797 821/434/797
f 814/409/382 813/407/382 828/433/382
f 806/408/1056 821/434/1056 822/436/1056
f 815/411/850 814/409/850 829/435/850
f 827/431/687 826/429/687 841/437/687
f 819/430/1057 834/453/1057 835/439/1057
f 828/433/851 827/431/851 842/438/851
f 820/432/934 835/439/934 836/441/934
f 829/435/389 828/433/389 843/440/389
f 821/434/390 836/441/390 837/443/390
f 830/424/391 829/435/391 844/442/391
f 822/436/392 837/443/392 838/445/392
f 824/425/395 823/420/395 838/445/395
f 816/422/396 831/447/396 832/450/396
f 825/427/397 824/425/397 839/449/397
f 817/426/398 832/450/398 833/452/398
f 826/429/691 825/427/691 840/451/691
f 818/428/1058 833/452/1058 834/453/1058
f 839/449/402 838/445/402 853/456/402
f 831/447/936 846/470/936 847/458/936
f 840/451/694 839/449/694 854/457/694
f 832/450/405 847/458/405 848/460/405
f 841/437/1059 840/451/1059 855/459/1059
f 833/452/799 848/460/799 849/462/799
f 842/438/800 841/437/800 856/461/800
f 834/453/696 849/462/696 850/464/696
f 843/440/697 842/438/697 857/463/697
f 835/439/1060 850/464/1060 851/466/1060
f 844/442/412 843/440/412 858/465/412
f 836/441/940 851/466/940 852/468/940
f 845/444/699 844/442/699 859/467/699
f 837/443/415 852/468/415 853/456/415
f 858/465/417 857/463/417 872/471/417
f 850/464/418 865/487/418 866/473/418
f 859/467/419 858/465/419 873/472/419
f 851/466/852 866/473/852 867/475/852
f 860/455/421 859/467/421 874/474/421
f 852/468/1061 867/475/1061 868/477/1061
f 854/457/702 853/456/702 868/477/702
f 846/470/426 861/479/426 862/482/426
f 855/459/703 854/457/703 869/481/703
f 847/458/428 862/482/428 863/484/428
f 856/461/429 855/459/429 870/483/429
f 848/460/430 863/484/430 864/486/430
f 857/463/431 856/461/431 871/485/431
f 849/462/432 864/486/432 865/487/432
f 862/488/433 861/516/433 876/489/433
f 869/491/705 884/519/705 885/492/705
f 863/494/435 862/488/435 877/490/435
f 870/493/436 885/492/436 886/496/436
f 864/498/437 863/494/437 878/495/437
f 871/497/438 886/496/438 887/500/438
f 865/502/439 864/498/439 879/499/439
f 872/501/440 887/500/440 888/504/440
f 866/506/441 865/502/441 880/503/441
f 873/505/442 888/504/442 889/508/442
f 867/510/853 866/506/853 881/507/853
f 874/509/444 889/508/444 890/512/444
f 868/514/1062 867/510/1062 882/511/1062
f 868/514/709 883/515/709 884/519/709
f 881/507/1063 880/503/1063 895/520/1063
f 888/504/450 903/536/450 904/522/450
f 882/511/1064 881/507/1064 896/521/1064
f 889/508/711 904/522/711 905/524/711
f 883/515/453 882/511/453 897/523/453
f 883/515/456 898/525/456 899/529/456
f 877/490/713 876/489/713 891/527/713
f 884/519/714 899/529/714 900/531/714
f 878/495/459 877/490/459 892/530/459
f 885/492/1065 900/531/1065 901/533/1065
f 879/499/461 878/495/461 893/532/461
f 886/496/804 901/533/804 902/535/804
f 880/503/717 879/499/717 894/534/717
f 887/500/464 902/535/464 903/536/464
f 899/529/465 914/553/465 915/537/465
f 893/532/466 892/530/466 907/538/466
f 900/531/719 915/537/719 916/540/719
f 894/534/1066 893/532/1066 908/539/1066
f 901/533/720 916/540/720 917/542/720
f 895/520/1067 894/534/1067 909/541/1067
f 902/535/855 917/542/855 918/544/855
f 896/521/954 895/520/954 910/543/954
f 903/536/473 918/544/473 919/546/473
f 897/523/474 896/521/474 911/545/474
f 904/522/475 919/546/475 920/548/475
f 898/525/476 897/523/476 912/547/476
f 898/525/479 913/549/479 914/553/479
f 892/530/480 891/527/480 906/551/480
f 918/544/806 933/570/806 934/554/806
f 912/547/482 911/545/482 926/555/482
f 919/546/1068 934/554/1068 935/557/1068
f 913/549/1069 912/547/1069 927/556/1069
f 913/549/726 928/558/726 929/562/726
f 907/538/727 906/551/727 921/560/727
f 914/553/489 929/562/489 930/564/489
f 908/539/1070 907/538/1070 922/563/1070
f 915/537/1071 930/564/1071 931/566/1071
f 909/541/492 908/539/492 923/565/492
f 916/540/731 931/566/731 932/568/731
f 910/543/1072 909/541/1072 924/567/1072
f 917/542/495 932/568/495 933/570/495
f 911/545/1073 910/543/1073 925/569/1073
f 923/565/962 922/563/962 937/571/962
f 930/564/498 945/587/498 946/573/498
f 924/567/499 923/565/499 938/572/499
f 931/566/500 946/573/500 947/575/500
f 925/569/501 924/567/501 939/574/501
f 932/568/502 947/575/502 948/577/502
f 926/555/503 925/569/503 940/576/503
f 933/570/810 948/577/810 949/579/810
f 927/556/505 926/555/505 941/578/505
f 934/554/733 949/579/733 950/581/733
f 928/558/507 927/556/507 942/580/507
f 928/558/510 943/582/510 944/586/510
f 922/563/511 921/560/511 936/584/511
f 929/562/812 944/586/812 945/587/812
f 942/580/513 941/578/513 956/588/513
f 949/579/737 964/604/737 965/590/737
f 943/582/859 942/580/859 957/589/859
f 943/582/739 958/591/739 959/595/739
f 937/571/519 936/584/519 951/593/519
f 944/586/520 959/595/520 960/597/520
f 938/572/521 937/571/521 952/596/521
f 945/587/522 960/597/522 961/599/522
f 939/574/523 938/572/523 953/598/523
f 946/573/524 961/599/524 962/601/524
f 940/576/525 939/574/525 954/600/525
f 947/575/526 962/601/526 963/603/526
f 941/578/527 940/576/527 955/602/527
f 948/577/742 963/603/742 964/604/742
f 960/597/1074 975/621/1074 976/605/1074
f 954/600/530 953/598/530 968/606/530
f 961/599/743 976/605/743 977/608/743
f 955/602/532 954/600/532 969/607/532
f 962/601/533 977/608/533 978/610/533
f 956/588/860 955/602/860 970/609/860
f 963/603/861 978/610/861 979/612/861
f 957/589/745 956/588/745 971/611/745
f 964/604/537 979/612/537 980/614/537
f 958/591/538 957/589/538 972/613/538
f 958/591/541 973/615/541 974/619/541
f 952/596/542 951/593/542 966/617/542
f 959/595/1075 974/619/1075 975/621/1075
f 953/598/815 952/596/815 967/620/815
f 979/612/862 988/103/862 989/74/862
f 973/615/749 972/613/749 511/77/749
f 973/615/750 512/71/750 513/83/750
f 967/620/1076 966/617/1076 981/79/1076
f 974/619/551 513/83/551 985/87/551
f 968/606/552 967/620/552 982/86/552
f 975/621/553 985/87/553 514/91/553
f 969/607/554 968/606/554 509/90/554
f 976/605/555 514/91/555 986/95/555
f 970/609/556 969/607/556 983/94/556
f 977/608/557 986/95/557 987/99/557
f 971/611/558 970/609/558 510/98/558
f 978/610/559 987/99/559 988/103/559
f 972/613/560 971/611/560 984/102/560
f 1471/74/49 1470/103/49 1011/75/49
f 993/77/50 1004/104/50 1005/78/50
f 995/83/53 994/71/53 1005/78/53
f 1463/79/54 998/81/54 999/85/54
f 1467/87/55 995/83/55 1006/84/55
f 1464/86/56 999/85/56 1000/89/56
f 996/91/753 1467/87/753 1007/88/753
f 991/90/58 1000/89/58 1001/93/58
f 1468/95/59 996/91/59 1008/92/59
f 1465/94/60 1001/93/60 1002/97/60
f 1469/99/61 1468/95/61 1009/96/61
f 992/98/62 1002/97/62 1003/101/62
f 1470/103/63 1469/99/63 1010/100/63
f 1466/102/64 1003/101/64 1004/104/64
f 1002/97/65 1017/121/65 1018/105/65
f 1011/75/817 1010/100/817 1025/106/817
f 1003/101/67 1018/105/67 1019/108/67
f 1012/76/68 1011/75/68 1026/107/68
f 1004/104/1077 1019/108/1077 1020/110/1077
f 1006/84/72 1005/78/72 1020/110/72
f 998/81/1078 1013/112/1078 1014/115/1078
f 1007/88/74 1006/84/74 1021/114/74
f 999/85/75 1014/115/75 1015/117/75
f 1008/92/76 1007/88/76 1022/116/76
f 1000/89/1079 1015/117/1079 1016/119/1079
f 1009/96/78 1008/92/78 1023/118/78
f 1001/93/564 1016/119/564 1017/121/564
f 1010/100/80 1009/96/80 1024/120/80
f 1022/116/1080 1021/114/1080 1036/122/1080
f 1014/115/1081 1029/138/1081 1030/124/1081
f 1023/118/83 1022/116/83 1037/123/83
f 1015/117/84 1030/124/84 1031/126/84
f 1024/120/819 1023/118/819 1038/125/819
f 1016/119/1027 1031/126/1027 1032/128/1027
f 1025/106/87 1024/120/87 1039/127/87
f 1017/121/88 1032/128/88 1033/130/88
f 1026/107/89 1025/106/89 1040/129/89
f 1018/105/1082 1033/130/1082 1034/132/1082
f 1027/109/91 1026/107/91 1041/131/91
f 1019/108/1083 1034/132/1083 1035/134/1083
f 1021/114/571 1020/110/571 1035/134/571
f 1013/112/96 1028/136/96 1029/138/96
f 1041/131/97 1040/129/97 1055/139/97
f 1033/130/98 1048/150/98 1049/141/98
f 1042/133/99 1041/131/99 1056/140/99
f 1034/132/100 1049/141/100 1050/7/100
f 1036/122/103 1035/134/103 1050/7/103
f 1028/136/104 1043/144/104 1044/67/104
f 1037/123/756 1036/122/756 1051/146/756
f 1029/138/106 1044/67/106 1045/147/106
f 1038/125/107 1037/123/107 1052/73/107
f 1030/124/108 1045/147/108 1046/14/108
f 1039/127/109 1038/125/109 1053/148/109
f 1031/126/1084 1046/14/1084 1047/149/1084
f 1040/129/111 1039/127/111 1054/1/111
f 1032/128/112 1047/149/112 1048/150/112
f 1053/148/1085 1052/73/1085 1067/151/1085
f 1045/147/114 1060/167/114 1061/153/114
f 1054/1/881 1053/148/881 1068/152/881
f 1046/14/823 1061/153/823 1062/155/823
f 1055/139/117 1054/1/117 1069/154/117
f 1047/149/118 1062/155/118 1063/157/118
f 1056/140/578 1055/139/578 1070/156/578
f 1048/150/824 1063/157/824 1064/159/824
f 1057/142/759 1056/140/759 1071/158/759
f 1049/141/1086 1064/159/1086 1065/161/1086
f 1051/146/826 1050/7/826 1065/161/826
f 1043/144/1087 1058/163/1087 1059/166/1087
f 1052/73/127 1051/146/127 1066/165/127
f 1044/67/128 1059/166/128 1060/167/128
f 1072/160/129 1071/158/129 1086/168/129
f 1064/159/130 1079/184/130 1080/170/130
f 1066/165/133 1065/161/133 1080/170/133
f 1058/163/1088 1073/172/1088 1074/175/1088
f 1067/151/135 1066/165/135 1081/174/135
f 1059/166/136 1074/175/136 1075/177/136
f 1068/152/764 1067/151/764 1082/176/764
f 1060/167/138 1075/177/138 1076/179/138
f 1069/154/139 1068/152/139 1083/178/139
f 1061/153/140 1076/179/140 1077/181/140
f 1070/156/765 1069/154/765 1084/180/765
f 1062/155/1033 1077/181/1033 1078/183/1033
f 1071/158/143 1070/156/143 1085/182/143
f 1063/157/1089 1078/183/1089 1079/184/1089
f 1075/177/145 1090/201/145 1091/185/145
f 1084/180/590 1083/178/590 1098/186/590
f 1076/179/591 1091/185/591 1092/188/591
f 1085/182/148 1084/180/148 1099/187/148
f 1077/181/1090 1092/188/1090 1093/190/1090
f 1086/168/767 1085/182/767 1100/189/767
f 1078/183/151 1093/190/151 1094/192/151
f 1087/169/768 1086/168/768 1101/191/768
f 1079/184/153 1094/192/153 1095/194/153
f 1081/174/156 1080/170/156 1095/194/156
f 1073/172/1091 1088/196/1091 1089/199/1091
f 1082/176/158 1081/174/158 1096/198/158
f 1074/175/1092 1089/199/1092 1090/201/1092
f 1083/178/160 1082/176/160 1097/200/160
f 1094/192/1093 1109/218/1093 1110/202/1093
f 1096/198/1094 1095/194/1094 1110/202/1094
f 1088/196/1095 1103/204/1095 1104/208/1095
f 1097/200/166 1096/198/166 1111/207/166
f 1089/199/167 1104/208/167 1105/210/167
f 1098/186/168 1097/200/168 1112/209/168
f 1090/201/169 1105/210/169 1106/212/169
f 1099/187/170 1098/186/170 1113/211/170
f 1091/185/171 1106/212/171 1107/214/171
f 1100/189/172 1099/187/172 1114/213/172
f 1092/188/1096 1107/214/1096 1108/216/1096
f 1101/191/174 1100/189/174 1115/215/174
f 1093/190/604 1108/216/604 1109/218/604
f 1102/193/176 1101/191/176 1116/217/176
f 1113/211/177 1128/235/177 1129/219/177
f 1107/214/178 1106/212/178 1121/220/178
f 1114/213/179 1129/219/179 1130/222/179
f 1108/216/1097 1107/214/1097 1122/221/1097
f 1115/215/181 1130/222/181 1131/224/181
f 1109/218/609 1108/216/609 1123/223/609
f 1116/217/183 1131/224/183 1132/226/183
f 1110/202/1098 1109/218/1098 1124/225/1098
f 1110/202/1099 1125/227/1099 1126/231/1099
f 1104/208/1100 1103/204/1100 1118/229/1100
f 1111/207/189 1126/231/189 1127/233/189
f 1105/210/190 1104/208/190 1119/232/190
f 1112/209/191 1127/233/191 1128/235/191
f 1106/212/192 1105/210/192 1120/234/192
f 1125/227/195 1140/252/195 1141/240/195
f 1119/232/1101 1118/229/1101 1133/237/1101
f 1126/231/197 1141/240/197 1142/242/197
f 1120/234/198 1119/232/198 1134/241/198
f 1127/233/199 1142/242/199 1143/244/199
f 1121/220/1102 1120/234/1102 1135/243/1102
f 1128/235/617 1143/244/617 1144/246/617
f 1122/221/202 1121/220/202 1136/245/202
f 1129/219/203 1144/246/203 1145/248/203
f 1123/223/896 1122/221/896 1137/247/896
f 1130/222/780 1145/248/780 1146/250/780
f 1124/225/206 1123/223/206 1138/249/206
f 1131/224/207 1146/250/207 1147/239/207
f 1125/227/208 1124/225/208 1139/251/208
f 1137/247/209 1136/245/209 1151/253/209
f 1144/246/781 1159/269/781 1160/255/781
f 1138/249/1103 1137/247/1103 1152/254/1103
f 1145/248/212 1160/255/212 1161/257/212
f 1139/251/1104 1138/249/1104 1153/256/1104
f 1146/250/214 1161/257/214 1162/259/214
f 1140/252/215 1139/251/215 1154/258/215
f 1140/252/218 1155/260/218 1156/264/218
f 1134/241/1105 1133/237/1105 1148/262/1105
f 1141/240/220 1156/264/220 1157/266/220
f 1135/243/221 1134/241/221 1149/265/221
f 1142/242/782 1157/266/782 1158/268/782
f 1136/245/223 1135/243/223 1150/267/223
f 1143/244/224 1158/268/224 1159/269/224
f 1155/260/833 1170/281/833 1171/270/833
f 1149/265/1106 1148/262/1106 1163/271/1106
f 1156/264/1107 1171/270/1107 1172/66/1107
f 1150/267/228 1149/265/228 1164/68/228
f 1157/266/903 1172/66/903 1173/273/903
f 1151/253/230 1150/267/230 1165/272/230
f 1158/268/904 1173/273/904 1174/6/904
f 1152/254/630 1151/253/630 1166/274/630
f 1159/269/233 1174/6/233 1175/276/233
f 1153/256/234 1152/254/234 1167/275/234
f 1160/255/235 1175/276/235 1176/278/235
f 1154/258/1108 1153/256/1108 1168/277/1108
f 1161/257/786 1176/278/786 1177/280/786
f 1155/260/1109 1154/258/1109 1169/279/1109
f 1174/6/241 1189/300/241 1190/284/241
f 1168/277/242 1167/275/242 1182/285/242
f 1175/276/636 1190/284/636 1191/287/636
f 1169/279/244 1168/277/244 1183/286/244
f 1176/278/245 1191/287/245 1192/289/245
f 1170/281/246 1169/279/246 1184/288/246
f 1170/281/249 1185/290/249 1186/294/249
f 1164/68/250 1163/271/250 1178/292/250
f 1171/270/908 1186/294/908 1187/296/908
f 1165/272/252 1164/68/252 1179/295/252
f 1172/66/253 1187/296/253 1188/298/253
f 1166/274/254 1165/272/254 1180/297/254
f 1173/273/255 1188/298/255 1189/300/255
f 1167/275/1110 1166/274/1110 1181/299/1110
f 1186/294/1111 1201/317/1111 1202/301/1111
f 1180/297/258 1179/295/258 1194/302/258
f 1187/296/259 1202/301/259 1203/304/259
f 1181/299/260 1180/297/260 1195/303/260
f 1188/298/641 1203/304/641 1204/306/641
f 1182/285/642 1181/299/642 1196/305/642
f 1189/300/263 1204/306/263 1205/308/263
f 1183/286/264 1182/285/264 1197/307/264
f 1190/284/265 1205/308/265 1206/310/265
f 1184/288/1112 1183/286/1112 1198/309/1112
f 1191/287/267 1206/310/267 1207/312/267
f 1185/290/839 1184/288/839 1199/311/839
f 1185/290/646 1200/313/646 1201/317/646
f 1179/295/272 1178/292/272 1193/315/272
f 1205/308/1048 1220/334/1048 1221/318/1048
f 1199/311/274 1198/309/274 1213/319/274
f 1206/310/275 1221/318/275 1222/321/275
f 1200/313/276 1199/311/276 1214/320/276
f 1200/313/279 1215/322/279 1216/326/279
f 1194/302/1113 1193/315/1113 1208/324/1113
f 1201/317/647 1216/326/647 1217/328/647
f 1195/303/1114 1194/302/1114 1209/327/1114
f 1202/301/283 1217/328/283 1218/330/283
f 1196/305/1115 1195/303/1115 1210/329/1115
f 1203/304/648 1218/330/648 1219/332/648
f 1197/307/916 1196/305/916 1211/331/916
f 1204/306/287 1219/332/287 1220/334/287
f 1198/309/288 1197/307/288 1212/333/288
f 1210/329/289 1209/327/289 1224/335/289
f 1217/328/1116 1232/351/1116 1233/337/1116
f 1211/331/291 1210/329/291 1225/336/291
f 1218/330/292 1233/337/292 1234/339/292
f 1212/333/293 1211/331/293 1226/338/293
f 1219/332/294 1234/339/294 1235/341/294
f 1213/319/295 1212/333/295 1227/340/295
f 1220/334/296 1235/341/296 1236/343/296
f 1214/320/297 1213/319/297 1228/342/297
f 1221/318/298 1236/343/298 1237/345/298
f 1215/322/299 1214/320/299 1229/344/299
f 1215/322/842 1230/346/842 1231/350/842
f 1209/327/303 1208/324/303 1223/348/303
f 1216/326/304 1231/350/304 1232/351/304
f 1228/342/305 1243/368/305 1244/352/305
f 1237/345/654 1236/343/654 1251/353/654
f 1229/344/307 1244/352/307 1245/355/307
f 1231/350/1117 1230/346/1117 1245/355/1117
f 1223/348/311 1238/357/311 1239/360/311
f 1232/351/312 1231/350/312 1246/359/312
f 1224/335/313 1239/360/313 1240/362/313
f 1233/337/657 1232/351/657 1247/361/657
f 1225/336/315 1240/362/315 1241/364/315
f 1234/339/316 1233/337/316 1248/363/316
f 1226/338/317 1241/364/317 1242/366/317
f 1235/341/318 1234/339/318 1249/365/318
f 1227/340/319 1242/366/319 1243/368/319
f 1236/343/320 1235/341/320 1250/367/320
f 1248/363/790 1247/361/790 1262/369/790
f 1240/362/322 1255/385/322 1256/371/322
f 1249/365/323 1248/363/323 1263/370/323
f 1241/364/660 1256/371/660 1257/373/660
f 1250/367/325 1249/365/325 1264/372/325
f 1242/366/792 1257/373/792 1258/375/792
f 1251/353/844 1250/367/844 1265/374/844
f 1243/368/1118 1258/375/1118 1259/377/1118
f 1252/354/329 1251/353/329 1266/376/329
f 1244/352/330 1259/377/330 1260/379/330
f 1246/359/664 1245/355/664 1260/379/664
f 1238/357/1119 1253/381/1119 1254/384/1119
f 1247/361/335 1246/359/335 1261/383/335
f 1239/360/1120 1254/384/1120 1255/385/1120
f 1267/378/337 1266/376/337 1281/386/337
f 1259/377/1121 1274/402/1121 1275/388/1121
f 1261/383/341 1260/379/341 1275/388/341
f 1253/381/342 1268/390/342 1269/393/342
f 1262/369/343 1261/383/343 1276/392/343
f 1254/384/1122 1269/393/1122 1270/395/1122
f 1263/370/345 1262/369/345 1277/394/345
f 1255/385/346 1270/395/346 1271/397/346
f 1264/372/347 1263/370/347 1278/396/347
f 1256/371/348 1271/397/348 1272/399/348
f 1265/374/1123 1264/372/1123 1279/398/1123
f 1257/373/350 1272/399/350 1273/401/350
f 1266/376/1124 1265/374/1124 1280/400/1124
f 1258/375/352 1273/401/352 1274/402/352
f 1270/395/353 1285/419/353 1286/403/353
f 1279/398/354 1278/396/354 1293/404/354
f 1271/397/355 1286/403/355 1287/406/355
f 1280/400/356 1279/398/356 1294/405/356
f 1272/399/357 1287/406/357 1288/408/357
f 1281/386/794 1280/400/794 1295/407/794
f 1273/401/1052 1288/408/1052 1289/410/1052
f 1282/387/847 1281/386/847 1296/409/847
f 1274/402/1125 1289/410/1125 1290/412/1125
f 1276/392/364 1275/388/364 1290/412/364
f 1268/390/795 1283/414/795 1284/417/795
f 1277/394/1126 1276/392/1126 1291/416/1126
f 1269/393/848 1284/417/848 1285/419/848
f 1278/396/368 1277/394/368 1292/418/368
f 1289/410/369 1304/436/369 1305/420/369
f 1291/416/1127 1290/412/1127 1305/420/1127
f 1283/414/1128 1298/422/1128 1299/426/1128
f 1292/418/1129 1291/416/1129 1306/425/1129
f 1284/417/1130 1299/426/1130 1300/428/1130
f 1293/404/930 1292/418/930 1307/427/930
f 1285/419/377 1300/428/377 1301/430/377
f 1294/405/1054 1293/404/1054 1308/429/1054
f 1286/403/849 1301/430/849 1302/432/849
f 1295/407/931 1294/405/931 1309/431/931
f 1287/406/1131 1302/432/1131 1303/434/1131
f 1296/409/382 1295/407/382 1310/433/382
f 1288/408/1132 1303/434/1132 1304/436/1132
f 1297/411/384 1296/409/384 1311/435/384
f 1309/431/687 1308/429/687 1323/437/687
f 1301/430/386 1316/453/386 1317/439/386
f 1310/433/851 1309/431/851 1324/438/851
f 1302/432/388 1317/439/388 1318/441/388
f 1311/435/389 1310/433/389 1325/440/389
f 1303/434/390 1318/441/390 1319/443/390
f 1312/424/391 1311/435/391 1326/442/391
f 1304/436/392 1319/443/392 1320/445/392
f 1306/425/395 1305/420/395 1320/445/395
f 1298/422/935 1313/447/935 1314/450/935
f 1307/427/397 1306/425/397 1321/449/397
f 1299/426/398 1314/450/398 1315/452/398
f 1308/429/1133 1307/427/1133 1322/451/1133
f 1300/428/1134 1315/452/1134 1316/453/1134
f 1321/449/402 1320/445/402 1335/456/402
f 1313/447/403 1328/470/403 1329/458/403
f 1322/451/694 1321/449/694 1336/457/694
f 1314/450/405 1329/458/405 1330/460/405
f 1323/437/798 1322/451/798 1337/459/798
f 1315/452/407 1330/460/407 1331/462/407
f 1324/438/408 1323/437/408 1338/461/408
f 1316/453/1135 1331/462/1135 1332/464/1135
f 1325/440/937 1324/438/937 1339/463/937
f 1317/439/1060 1332/464/1060 1333/466/1060
f 1326/442/412 1325/440/412 1340/465/412
f 1318/441/413 1333/466/413 1334/468/413
f 1327/444/414 1326/442/414 1341/467/414
f 1319/443/1136 1334/468/1136 1335/456/1136
f 1340/465/417 1339/463/417 1354/471/417
f 1332/464/418 1347/487/418 1348/473/418
f 1341/467/419 1340/465/419 1355/472/419
f 1333/466/420 1348/473/420 1349/475/420
f 1342/455/421 1341/467/421 1356/474/421
f 1334/468/422 1349/475/422 1350/477/422
f 1336/457/702 1335/456/702 1350/477/702
f 1328/470/942 1343/479/942 1344/482/942
f 1337/459/703 1336/457/703 1351/481/703
f 1329/458/428 1344/482/428 1345/484/428
f 1338/461/429 1337/459/429 1352/483/429
f 1330/460/1137 1345/484/1137 1346/486/1137
f 1339/463/944 1338/461/944 1353/485/944
f 1331/462/432 1346/486/432 1347/487/432
f 1344/488/946 1343/516/946 1358/489/946
f 1351/491/705 1366/519/705 1367/492/705
f 1345/494/435 1344/488/435 1359/490/435
f 1352/493/436 1367/492/436 1368/496/436
f 1346/498/1138 1345/494/1138 1360/495/1138
f 1353/497/1139 1368/496/1139 1369/500/1139
f 1347/502/439 1346/498/439 1361/499/439
f 1354/501/440 1369/500/440 1370/504/440
f 1348/506/441 1347/502/441 1362/503/441
f 1355/505/442 1370/504/442 1371/508/442
f 1349/510/443 1348/506/443 1363/507/443
f 1356/509/444 1371/508/444 1372/512/444
f 1350/514/1062 1349/510/1062 1364/511/1062
f 1350/514/709 1365/515/709 1366/519/709
f 1363/507/1063 1362/503/1063 1377/520/1063
f 1370/504/450 1385/536/450 1386/522/450
f 1364/511/451 1363/507/451 1378/521/451
f 1371/508/452 1386/522/452 1387/524/452
f 1365/515/1140 1364/511/1140 1379/523/1140
f 1365/515/456 1380/525/456 1381/529/456
f 1359/490/457 1358/489/457 1373/527/457
f 1366/519/714 1381/529/714 1382/531/714
f 1360/495/459 1359/490/459 1374/530/459
f 1367/492/803 1382/531/803 1383/533/803
f 1361/499/952 1360/495/952 1375/532/952
f 1368/496/462 1383/533/462 1384/535/462
f 1362/503/1141 1361/499/1141 1376/534/1141
f 1369/500/805 1384/535/805 1385/536/805
f 1381/529/465 1396/553/465 1397/537/465
f 1375/532/466 1374/530/466 1389/538/466
f 1382/531/1142 1397/537/1142 1398/540/1142
f 1376/534/1143 1375/532/1143 1390/539/1143
f 1383/533/720 1398/540/720 1399/542/720
f 1377/520/470 1376/534/470 1391/541/470
f 1384/535/855 1399/542/855 1400/544/855
f 1378/521/472 1377/520/472 1392/543/472
f 1385/536/473 1400/544/473 1401/546/473
f 1379/523/474 1378/521/474 1393/545/474
f 1386/522/475 1401/546/475 1402/548/475
f 1380/525/476 1379/523/476 1394/547/476
f 1380/525/479 1395/549/479 1396/553/479
f 1374/530/480 1373/527/480 1388/551/480
f 1400/544/806 1415/570/806 1416/554/806
f 1394/547/1144 1393/545/1144 1408/555/1144
f 1401/546/807 1416/554/807 1417/557/807
f 1395/549/484 1394/547/484 1409/556/484
f 1395/549/487 1410/558/487 1411/562/487
f 1389/538/1145 1388/551/1145 1403/560/1145
f 1396/553/489 1411/562/489 1412/564/489
f 1390/539/1070 1389/538/1070 1404/563/1070
f 1397/537/1071 1412/564/1071 1413/566/1071
f 1391/541/492 1390/539/492 1405/565/492
f 1398/540/731 1413/566/731 1414/568/731
f 1392/543/858 1391/541/858 1406/567/858
f 1399/542/1146 1414/568/1146 1415/570/1146
f 1393/545/1147 1392/543/1147 1407/569/1147
f 1405/565/962 1404/563/962 1419/571/962
f 1412/564/498 1427/587/498 1428/573/498
f 1406/567/499 1405/565/499 1420/572/499
f 1413/566/500 1428/573/500 1429/575/500
f 1407/569/501 1406/567/501 1421/574/501
f 1414/568/1148 1429/575/1148 1430/577/1148
f 1408/555/503 1407/569/503 1422/576/503
f 1415/570/810 1430/577/810 1431/579/810
f 1409/556/811 1408/555/811 1423/578/811
f 1416/554/1149 1431/579/1149 1432/581/1149
f 1410/558/507 1409/556/507 1424/580/507
f 1410/558/510 1425/582/510 1426/586/510
f 1404/563/511 1403/560/511 1418/584/511
f 1411/562/812 1426/586/812 1427/587/812
f 1424/580/513 1423/578/513 1438/588/513
f 1431/579/737 1446/604/737 1447/590/737
f 1425/582/515 1424/580/515 1439/589/515
f 1425/582/739 1440/591/739 1441/595/739
f 1419/571/519 1418/584/519 1433/593/519
f 1426/586/520 1441/595/520 1442/597/520
f 1420/572/740 1419/571/740 1434/596/740
f 1427/587/522 1442/597/522 1443/599/522
f 1421/574/523 1420/572/523 1435/598/523
f 1428/573/524 1443/599/524 1444/601/524
f 1422/576/525 1421/574/525 1436/600/525
f 1429/575/1150 1444/601/1150 1445/603/1150
f 1423/578/527 1422/576/527 1437/602/527
f 1430/577/528 1445/603/528 1446/604/528
f 1442/597/1074 1457/621/1074 1458/605/1074
f 1436/600/530 1435/598/530 1450/606/530
f 1443/599/531 1458/605/531 1459/608/531
f 1437/602/744 1436/600/744 1451/607/744
f 1444/601/533 1459/608/533 1460/610/533
f 1438/588/860 1437/602/860 1452/609/860
f 1445/603/861 1460/610/861 1461/612/861
f 1439/589/745 1438/588/745 1453/611/745
f 1446/604/537 1461/612/537 1462/614/537
f 1440/591/538 1439/589/538 1454/613/538
f 1440/591/541 1455/615/541 1456/619/541
f 1434/596/1151 1433/593/1151 1448/617/1151
f 1441/595/543 1456/619/543 1457/621/543
f 1435/598/1152 1434/596/1152 1449/620/1152
f 1461/612/862 1470/103/862 1471/74/862
f 1455/615/546 1454/613/546 993/77/546
f 1455/615/549 994/71/549 995/83/549
f 1449/620/550 1448/617/550 1463/79/550
f 1456/619/816 995/83/816 1467/87/816
f 1450/606/552 1449/620/552 1464/86/552
f 1457/621/1153 1467/87/1153 996/91/1153
f 1451/607/554 1450/606/554 991/90/554
f 1458/605/555 996/91/555 1468/95/555
f 1452/609/556 1451/607/556 1465/94/556
f 1459/608/557 1468/95/557 1469/99/557
f 1453/611/558 1452/609/558 992/98/558
f 1460/610/559 1469/99/559 1470/103/559
f 1454/613/560 1453/611/560 1466/102/560
f 1953/74/49 1952/103/49 1493/75/49
f 1475/77/50 1486/104/50 1487/78/50
f 1477/83/53 1476/71/53 1487/78/53
f 1945/79/54 1480/81/54 1481/85/54
f 1949/87/55 1477/83/55 1488/84/55
f 1946/86/56 1481/85/56 1482/89/56
f 1478/91/57 1949/87/57 1489/88/57
f 1473/90/58 1482/89/58 1483/93/58
f 1950/95/59 1478/91/59 1490/92/59
f 1947/94/60 1483/93/60 1484/97/60
f 1951/99/61 1950/95/61 1491/96/61
f 1474/98/561 1484/97/561 1485/101/561
f 1952/103/63 1951/99/63 1492/100/63
f 1948/102/64 1485/101/64 1486/104/64
f 1484/97/65 1499/121/65 1500/105/65
f 1493/75/817 1492/100/817 1507/106/817
f 1485/101/870 1500/105/870 1501/108/870
f 1494/76/68 1493/75/68 1508/107/68
f 1486/104/1077 1501/108/1077 1502/110/1077
f 1488/84/72 1487/78/72 1502/110/72
f 1480/81/1078 1495/112/1078 1496/115/1078
f 1489/88/74 1488/84/74 1503/114/74
f 1481/85/75 1496/115/75 1497/117/75
f 1490/92/76 1489/88/76 1504/116/76
f 1482/89/77 1497/117/77 1498/119/77
f 1491/96/78 1490/92/78 1505/118/78
f 1483/93/564 1498/119/564 1499/121/564
f 1492/100/80 1491/96/80 1506/120/80
f 1504/116/81 1503/114/81 1518/122/81
f 1496/115/82 1511/138/82 1512/124/82
f 1505/118/83 1504/116/83 1519/123/83
f 1497/117/84 1512/124/84 1513/126/84
f 1506/120/1154 1505/118/1154 1520/125/1154
f 1498/119/1027 1513/126/1027 1514/128/1027
f 1507/106/87 1506/120/87 1521/127/87
f 1499/121/88 1514/128/88 1515/130/88
f 1508/107/89 1507/106/89 1522/129/89
f 1500/105/90 1515/130/90 1516/132/90
f 1509/109/91 1508/107/91 1523/131/91
f 1501/108/1083 1516/132/1083 1517/134/1083
f 1503/114/875 1502/110/875 1517/134/875
f 1495/112/96 1510/136/96 1511/138/96
f 1523/131/572 1522/129/572 1537/139/572
f 1515/130/573 1530/150/573 1531/141/573
f 1524/133/99 1523/131/99 1538/140/99
f 1516/132/100 1531/141/100 1532/7/100
f 1518/122/103 1517/134/103 1532/7/103
f 1510/136/104 1525/144/104 1526/67/104
f 1519/123/756 1518/122/756 1533/146/756
f 1511/138/574 1526/67/574 1527/147/574
f 1520/125/107 1519/123/107 1534/73/107
f 1512/124/108 1527/147/108 1528/14/108
f 1521/127/109 1520/125/109 1535/148/109
f 1513/126/110 1528/14/110 1529/149/110
f 1522/129/111 1521/127/111 1536/1/111
f 1514/128/112 1529/149/112 1530/150/112
f 1535/148/1085 1534/73/1085 1549/151/1085
f 1527/147/114 1542/167/114 1543/153/114
f 1536/1/881 1535/148/881 1550/152/881
f 1528/14/823 1543/153/823 1544/155/823
f 1537/139/1155 1536/1/1155 1551/154/1155
f 1529/149/118 1544/155/118 1545/157/118
f 1538/140/578 1537/139/578 1552/156/578
f 1530/150/824 1545/157/824 1546/159/824
f 1539/142/759 1538/140/759 1553/158/759
f 1531/141/1156 1546/159/1156 1547/161/1156
f 1533/146/826 1532/7/826 1547/161/826
f 1525/144/1087 1540/163/1087 1541/166/1087
f 1534/73/827 1533/146/827 1548/165/827
f 1526/67/128 1541/166/128 1542/167/128
f 1554/160/129 1553/158/129 1568/168/129
f 1546/159/586 1561/184/586 1562/170/586
f 1548/165/1031 1547/161/1031 1562/170/1031
f 1540/163/885 1555/172/885 1556/175/885
f 1549/151/135 1548/165/135 1563/174/135
f 1541/166/136 1556/175/136 1557/177/136
f 1550/152/764 1549/151/764 1564/176/764
f 1542/167/587 1557/177/587 1558/179/587
f 1551/154/139 1550/152/139 1565/178/139
f 1543/153/140 1558/179/140 1559/181/140
f 1552/156/141 1551/154/141 1566/180/141
f 1544/155/588 1559/181/588 1560/183/588
f 1553/158/143 1552/156/143 1567/182/143
f 1545/157/144 1560/183/144 1561/184/144
f 1557/177/145 1572/201/145 1573/185/145
f 1566/180/146 1565/178/146 1580/186/146
f 1558/179/147 1573/185/147 1574/188/147
f 1567/182/148 1566/180/148 1581/187/148
f 1559/181/1090 1574/188/1090 1575/190/1090
f 1568/168/150 1567/182/150 1582/189/150
f 1560/183/151 1575/190/151 1576/192/151
f 1569/169/768 1568/168/768 1583/191/768
f 1561/184/153 1576/192/153 1577/194/153
f 1563/174/156 1562/170/156 1577/194/156
f 1555/172/157 1570/196/157 1571/199/157
f 1564/176/158 1563/174/158 1578/198/158
f 1556/175/596 1571/199/596 1572/201/596
f 1565/178/829 1564/176/829 1579/200/829
f 1576/192/771 1591/218/771 1592/202/771
f 1578/198/164 1577/194/164 1592/202/164
f 1570/196/165 1585/204/165 1586/208/165
f 1579/200/166 1578/198/166 1593/207/166
f 1571/199/167 1586/208/167 1587/210/167
f 1580/186/1157 1579/200/1157 1594/209/1157
f 1572/201/169 1587/210/169 1588/212/169
f 1581/187/170 1580/186/170 1595/211/170
f 1573/185/602 1588/212/602 1589/214/602
f 1582/189/172 1581/187/172 1596/213/172
f 1574/188/1096 1589/214/1096 1590/216/1096
f 1583/191/174 1582/189/174 1597/215/174
f 1575/190/604 1590/216/604 1591/218/604
f 1584/193/176 1583/191/176 1598/217/176
f 1595/211/177 1610/235/177 1611/219/177
f 1589/214/607 1588/212/607 1603/220/607
f 1596/213/179 1611/219/179 1612/222/179
f 1590/216/608 1589/214/608 1604/221/608
f 1597/215/181 1612/222/181 1613/224/181
f 1591/218/609 1590/216/609 1605/223/609
f 1598/217/183 1613/224/183 1614/226/183
f 1592/202/774 1591/218/774 1606/225/774
f 1592/202/187 1607/227/187 1608/231/187
f 1586/208/188 1585/204/188 1600/229/188
f 1593/207/189 1608/231/189 1609/233/189
f 1587/210/190 1586/208/190 1601/232/190
f 1594/209/1158 1609/233/1158 1610/235/1158
f 1588/212/192 1587/210/192 1602/234/192
f 1607/227/195 1622/252/195 1623/240/195
f 1601/232/196 1600/229/196 1615/237/196
f 1608/231/197 1623/240/197 1624/242/197
f 1602/234/614 1601/232/614 1616/241/614
f 1609/233/832 1624/242/832 1625/244/832
f 1603/220/1102 1602/234/1102 1617/243/1102
f 1610/235/201 1625/244/201 1626/246/201
f 1604/221/778 1603/220/778 1618/245/778
f 1611/219/203 1626/246/203 1627/248/203
f 1605/223/896 1604/221/896 1619/247/896
f 1612/222/205 1627/248/205 1628/250/205
f 1606/225/206 1605/223/206 1620/249/206
f 1613/224/207 1628/250/207 1629/239/207
f 1607/227/208 1606/225/208 1621/251/208
f 1619/247/209 1618/245/209 1633/253/209
f 1626/246/210 1641/269/210 1642/255/210
f 1620/249/622 1619/247/622 1634/254/622
f 1627/248/212 1642/255/212 1643/257/212
f 1621/251/213 1620/249/213 1635/256/213
f 1628/250/214 1643/257/214 1644/259/214
f 1622/252/624 1621/251/624 1636/258/624
f 1622/252/218 1637/260/218 1638/264/218
f 1616/241/219 1615/237/219 1630/262/219
f 1623/240/220 1638/264/220 1639/266/220
f 1617/243/221 1616/241/221 1631/265/221
f 1624/242/782 1639/266/782 1640/268/782
f 1618/245/223 1617/243/223 1632/267/223
f 1625/244/224 1640/268/224 1641/269/224
f 1637/260/833 1652/281/833 1653/270/833
f 1631/265/1106 1630/262/1106 1645/271/1106
f 1638/264/227 1653/270/227 1654/66/227
f 1632/267/228 1631/265/228 1646/68/228
f 1639/266/1159 1654/66/1159 1655/273/1159
f 1633/253/230 1632/267/230 1647/272/230
f 1640/268/904 1655/273/904 1656/6/904
f 1634/254/630 1633/253/630 1648/274/630
f 1641/269/905 1656/6/905 1657/276/905
f 1635/256/234 1634/254/234 1649/275/234
f 1642/255/235 1657/276/235 1658/278/235
f 1636/258/785 1635/256/785 1650/277/785
f 1643/257/786 1658/278/786 1659/280/786
f 1637/260/1045 1636/258/1045 1651/279/1045
f 1656/6/241 1671/300/241 1672/284/241
f 1650/277/242 1649/275/242 1664/285/242
f 1657/276/636 1672/284/636 1673/287/636
f 1651/279/835 1650/277/835 1665/286/835
f 1658/278/245 1673/287/245 1674/289/245
f 1652/281/246 1651/279/246 1666/288/246
f 1652/281/249 1667/290/249 1668/294/249
f 1646/68/250 1645/271/250 1660/292/250
f 1653/270/638 1668/294/638 1669/296/638
f 1647/272/838 1646/68/838 1661/295/838
f 1654/66/253 1669/296/253 1670/298/253
f 1648/274/1160 1647/272/1160 1662/297/1160
f 1655/273/255 1670/298/255 1671/300/255
f 1649/275/256 1648/274/256 1663/299/256
f 1668/294/257 1683/317/257 1684/301/257
f 1662/297/258 1661/295/258 1676/302/258
f 1669/296/259 1684/301/259 1685/304/259
f 1663/299/260 1662/297/260 1677/303/260
f 1670/298/1161 1685/304/1161 1686/306/1161
f 1664/285/642 1663/299/642 1678/305/642
f 1671/300/263 1686/306/263 1687/308/263
f 1665/286/264 1664/285/264 1679/307/264
f 1672/284/265 1687/308/265 1688/310/265
f 1666/288/266 1665/286/266 1680/309/266
f 1673/287/267 1688/310/267 1689/312/267
f 1667/290/912 1666/288/912 1681/311/912
f 1667/290/646 1682/313/646 1683/317/646
f 1661/295/272 1660/292/272 1675/315/272
f 1687/308/1048 1702/334/1048 1703/318/1048
f 1681/311/274 1680/309/274 1695/319/274
f 1688/310/275 1703/318/275 1704/321/275
f 1682/313/276 1681/311/276 1696/320/276
f 1682/313/279 1697/322/279 1698/326/279
f 1676/302/1113 1675/315/1113 1690/324/1113
f 1683/317/647 1698/326/647 1699/328/647
f 1677/303/1114 1676/302/1114 1691/327/1114
f 1684/301/283 1699/328/283 1700/330/283
f 1678/305/284 1677/303/284 1692/329/284
f 1685/304/648 1700/330/648 1701/332/648
f 1679/307/286 1678/305/286 1693/331/286
f 1686/306/287 1701/332/287 1702/334/287
f 1680/309/288 1679/307/288 1694/333/288
f 1692/329/289 1691/327/289 1706/335/289
f 1699/328/290 1714/351/290 1715/337/290
f 1693/331/291 1692/329/291 1707/336/291
f 1700/330/292 1715/337/292 1716/339/292
f 1694/333/293 1693/331/293 1708/338/293
f 1701/332/294 1716/339/294 1717/341/294
f 1695/319/295 1694/333/295 1709/340/295
f 1702/334/296 1717/341/296 1718/343/296
f 1696/320/297 1695/319/297 1710/342/297
f 1703/318/298 1718/343/298 1719/345/298
f 1697/322/299 1696/320/299 1711/344/299
f 1697/322/302 1712/346/302 1713/350/302
f 1691/327/303 1690/324/303 1705/348/303
f 1698/326/304 1713/350/304 1714/351/304
f 1710/342/305 1725/368/305 1726/352/305
f 1719/345/654 1718/343/654 1733/353/654
f 1711/344/307 1726/352/307 1727/355/307
f 1713/350/310 1712/346/310 1727/355/310
f 1705/348/311 1720/357/311 1721/360/311
f 1714/351/312 1713/350/312 1728/359/312
f 1706/335/313 1721/360/313 1722/362/313
f 1715/337/657 1714/351/657 1729/361/657
f 1707/336/315 1722/362/315 1723/364/315
f 1716/339/316 1715/337/316 1730/363/316
f 1708/338/317 1723/364/317 1724/366/317
f 1717/341/318 1716/339/318 1731/365/318
f 1709/340/319 1724/366/319 1725/368/319
f 1718/343/320 1717/341/320 1732/367/320
f 1730/363/321 1729/361/321 1744/369/321
f 1722/362/322 1737/385/322 1738/371/322
f 1731/365/659 1730/363/659 1745/370/659
f 1723/364/1162 1738/371/1162 1739/373/1162
f 1732/367/325 1731/365/325 1746/372/325
f 1724/366/326 1739/373/326 1740/375/326
f 1733/353/327 1732/367/327 1747/374/327
f 1725/368/1118 1740/375/1118 1741/377/1118
f 1734/354/329 1733/353/329 1748/376/329
f 1726/352/330 1741/377/330 1742/379/330
f 1728/359/664 1727/355/664 1742/379/664
f 1720/357/1119 1735/381/1119 1736/384/1119
f 1729/361/335 1728/359/335 1743/383/335
f 1721/360/1120 1736/384/1120 1737/385/1120
f 1749/378/337 1748/376/337 1763/386/337
f 1741/377/1121 1756/402/1121 1757/388/1121
f 1743/383/341 1742/379/341 1757/388/341
f 1735/381/342 1750/390/342 1751/393/342
f 1744/369/343 1743/383/343 1758/392/343
f 1736/384/1122 1751/393/1122 1752/395/1122
f 1745/370/345 1744/369/345 1759/394/345
f 1737/385/346 1752/395/346 1753/397/346
f 1746/372/347 1745/370/347 1760/396/347
f 1738/371/348 1753/397/348 1754/399/348
f 1747/374/349 1746/372/349 1761/398/349
f 1739/373/350 1754/399/350 1755/401/350
f 1748/376/351 1747/374/351 1762/400/351
f 1740/375/352 1755/401/352 1756/402/352
f 1752/395/353 1767/419/353 1768/403/353
f 1761/398/354 1760/396/354 1775/404/354
f 1753/397/355 1768/403/355 1769/406/355
f 1762/400/356 1761/398/356 1776/405/356
f 1754/399/357 1769/406/357 1770/408/357
f 1763/386/794 1762/400/794 1777/407/794
f 1755/401/1052 1770/408/1052 1771/410/1052
f 1764/387/360 1763/386/360 1778/409/360
f 1756/402/361 1771/410/361 1772/412/361
f 1758/392/364 1757/388/364 1772/412/364
f 1750/390/795 1765/414/795 1766/417/795
f 1759/394/1126 1758/392/1126 1773/416/1126
f 1751/393/367 1766/417/367 1767/419/367
f 1760/396/368 1759/394/368 1774/418/368
f 1771/410/369 1786/436/369 1787/420/369
f 1773/416/372 1772/412/372 1787/420/372
f 1765/414/679 1780/422/679 1781/426/679
f 1774/418/1053 1773/416/1053 1788/425/1053
f 1766/417/375 1781/426/375 1782/428/375
f 1775/404/930 1774/418/930 1789/427/930
f 1767/419/377 1782/428/377 1783/430/377
f 1776/405/1054 1775/404/1054 1790/429/1054
f 1768/403/849 1783/430/849 1784/432/849
f 1777/407/380 1776/405/380 1791/431/380
f 1769/406/797 1784/432/797 1785/434/797
f 1778/409/382 1777/407/382 1792/433/382
f 1770/408/1132 1785/434/1132 1786/436/1132
f 1779/411/850 1778/409/850 1793/435/850
f 1791/431/687 1790/429/687 1805/437/687
f 1783/430/386 1798/453/386 1799/439/386
f 1792/433/851 1791/431/851 1806/438/851
f 1784/432/388 1799/439/388 1800/441/388
f 1793/435/389 1792/433/389 1807/440/389
f 1785/434/390 1800/441/390 1801/443/390
f 1794/424/391 1793/435/391 1808/442/391
f 1786/436/392 1801/443/392 1802/445/392
f 1788/425/395 1787/420/395 1802/445/395
f 1780/422/935 1795/447/935 1796/450/935
f 1789/427/397 1788/425/397 1803/449/397
f 1781/426/398 1796/450/398 1797/452/398
f 1790/429/691 1789/427/691 1804/451/691
f 1782/428/1134 1797/452/1134 1798/453/1134
f 1803/449/402 1802/445/402 1817/456/402
f 1795/447/403 1810/470/403 1811/458/403
f 1804/451/694 1803/449/694 1818/457/694
f 1796/450/405 1811/458/405 1812/460/405
f 1805/437/798 1804/451/798 1819/459/798
f 1797/452/1163 1812/460/1163 1813/462/1163
f 1806/438/800 1805/437/800 1820/461/800
f 1798/453/409 1813/462/409 1814/464/409
f 1807/440/410 1806/438/410 1821/463/410
f 1799/439/698 1814/464/698 1815/466/698
f 1808/442/412 1807/440/412 1822/465/412
f 1800/441/413 1815/466/413 1816/468/413
f 1809/444/699 1808/442/699 1823/467/699
f 1801/443/415 1816/468/415 1817/456/415
f 1822/465/417 1821/463/417 1836/471/417
f 1814/464/418 1829/487/418 1830/473/418
f 1823/467/419 1822/465/419 1837/472/419
f 1815/466/420 1830/473/420 1831/475/420
f 1824/455/421 1823/467/421 1838/474/421
f 1816/468/1061 1831/475/1061 1832/477/1061
f 1818/457/702 1817/456/702 1832/477/702
f 1810/470/426 1825/479/426 1826/482/426
f 1819/459/703 1818/457/703 1833/481/703
f 1811/458/428 1826/482/428 1827/484/428
f 1820/461/429 1819/459/429 1834/483/429
f 1812/460/430 1827/484/430 1828/486/430
f 1821/463/431 1820/461/431 1835/485/431
f 1813/462/432 1828/486/432 1829/487/432
f 1826/488/433 1825/516/433 1840/489/433
f 1833/491/705 1848/519/705 1849/492/705
f 1827/494/435 1826/488/435 1841/490/435
f 1834/493/436 1849/492/436 1850/496/436
f 1828/498/437 1827/494/437 1842/495/437
f 1835/497/438 1850/496/438 1851/500/438
f 1829/502/439 1828/498/439 1843/499/439
f 1836/501/440 1851/500/440 1852/504/440
f 1830/506/441 1829/502/441 1844/503/441
f 1837/505/442 1852/504/442 1853/508/442
f 1831/510/443 1830/506/443 1845/507/443
f 1838/509/444 1853/508/444 1854/512/444
f 1832/514/1062 1831/510/1062 1846/511/1062
f 1832/514/709 1847/515/709 1848/519/709
f 1845/507/710 1844/503/710 1859/520/710
f 1852/504/450 1867/536/450 1868/522/450
f 1846/511/451 1845/507/451 1860/521/451
f 1853/508/711 1868/522/711 1869/524/711
f 1847/515/453 1846/511/453 1861/523/453
f 1847/515/456 1862/525/456 1863/529/456
f 1841/490/457 1840/489/457 1855/527/457
f 1848/519/714 1863/529/714 1864/531/714
f 1842/495/459 1841/490/459 1856/530/459
f 1849/492/803 1864/531/803 1865/533/803
f 1843/499/715 1842/495/715 1857/532/715
f 1850/496/804 1865/533/804 1866/535/804
f 1844/503/463 1843/499/463 1858/534/463
f 1851/500/464 1866/535/464 1867/536/464
f 1863/529/465 1878/553/465 1879/537/465
f 1857/532/466 1856/530/466 1871/538/466
f 1864/531/719 1879/537/719 1880/540/719
f 1858/534/468 1857/532/468 1872/539/468
f 1865/533/720 1880/540/720 1881/542/720
f 1859/520/470 1858/534/470 1873/541/470
f 1866/535/855 1881/542/855 1882/544/855
f 1860/521/472 1859/520/472 1874/543/472
f 1867/536/473 1882/544/473 1883/546/473
f 1861/523/474 1860/521/474 1875/545/474
f 1868/522/475 1883/546/475 1884/548/475
f 1862/525/476 1861/523/476 1876/547/476
f 1862/525/479 1877/549/479 1878/553/479
f 1856/530/955 1855/527/955 1870/551/955
f 1882/544/806 1897/570/806 1898/554/806
f 1876/547/1144 1875/545/1144 1890/555/1144
f 1883/546/1068 1898/554/1068 1899/557/1068
f 1877/549/484 1876/547/484 1891/556/484
f 1877/549/726 1892/558/726 1893/562/726
f 1871/538/727 1870/551/727 1885/560/727
f 1878/553/489 1893/562/489 1894/564/489
f 1872/539/490 1871/538/490 1886/563/490
f 1879/537/1071 1894/564/1071 1895/566/1071
f 1873/541/492 1872/539/492 1887/565/492
f 1880/540/731 1895/566/731 1896/568/731
f 1874/543/858 1873/541/858 1888/567/858
f 1881/542/495 1896/568/495 1897/570/495
f 1875/545/1147 1874/543/1147 1889/569/1147
f 1887/565/497 1886/563/497 1901/571/497
f 1894/564/498 1909/587/498 1910/573/498
f 1888/567/499 1887/565/499 1902/572/499
f 1895/566/500 1910/573/500 1911/575/500
f 1889/569/501 1888/567/501 1903/574/501
f 1896/568/502 1911/575/502 1912/577/502
f 1890/555/503 1889/569/503 1904/576/503
f 1897/570/810 1912/577/810 1913/579/810
f 1891/556/505 1890/555/505 1905/578/505
f 1898/554/733 1913/579/733 1914/581/733
f 1892/558/507 1891/556/507 1906/580/507
f 1892/558/510 1907/582/510 1908/586/510
f 1886/563/511 1885/560/511 1900/584/511
f 1893/562/512 1908/586/512 1909/587/512
f 1906/580/513 1905/578/513 1920/588/513
f 1913/579/737 1928/604/737 1929/590/737
f 1907/582/859 1906/580/859 1921/589/859
f 1907/582/739 1922/591/739 1923/595/739
f 1901/571/519 1900/584/519 1915/593/519
f 1908/586/520 1923/595/520 1924/597/520
f 1902/572/740 1901/571/740 1916/596/740
f 1909/587/522 1924/597/522 1925/599/522
f 1903/574/523 1902/572/523 1917/598/523
f 1910/573/524 1925/599/524 1926/601/524
f 1904/576/525 1903/574/525 1918/600/525
f 1911/575/526 1926/601/526 1927/603/526
f 1905/578/527 1904/576/527 1919/602/527
f 1912/577/528 1927/603/528 1928/604/528
f 1924/597/1074 1939/621/1074 1940/605/1074
f 1918/600/530 1917/598/530 1932/606/530
f 1925/599/743 1940/605/743 1941/608/743
f 1919/602/1164 1918/600/1164 1933/607/1164
f 1926/601/533 1941/608/533 1942/610/533
f 1920/588/860 1919/602/860 1934/609/860
f 1927/603/535 1942/610/535 1943/612/535
f 1921/589/745 1920/588/745 1935/611/745
f 1928/604/537 1943/612/537 1944/614/537
f 1922/591/1165 1921/589/1165 1936/613/1165
f 1922/591/541 1937/615/541 1938/619/541
f 1916/596/1151 1915/593/1151 1930/617/1151
f 1923/595/543 1938/619/543 1939/621/543
f 1917/598/1152 1916/596/1152 1931/620/1152
f 1943/612/862 1952/103/862 1953/74/862
f 1937/615/546 1936/613/546 1475/77/546
f 1937/615/549 1476/71/549 1477/83/549
f 1931/620/550 1930/617/550 1945/79/550
f 1938/619/551 1477/83/551 1949/87/551
f 1932/606/552 1931/620/552 1946/86/552
f 1939/621/553 1949/87/553 1478/91/553
f 1933/607/554 1932/606/554 1473/90/554
f 1940/605/555 1478/91/555 1950/95/555
f 1934/609/556 1933/607/556 1947/94/556
f 1941/608/557 1950/95/557 1951/99/557
f 1935/611/558 1934/609/558 1474/98/558
f 1942/610/559 1951/99/559 1952/103/559
f 1936/613/752 1935/611/752 1948/102/752
f 2435/74/49 2434/103/49 1975/75/49
f 1957/77/50 1968/104/50 1969/78/50
f 1959/83/53 1958/71/53 1969/78/53
f 2427/79/54 1962/81/54 1963/85/54
f 2431/87/55 1959/83/55 1970/84/55
f 2428/86/56 1963/85/56 1964/89/56
f 1960/91/753 2431/87/753 1971/88/753
f 1955/90/58 1964/89/58 1965/93/58
f 2432/95/59 1960/91/59 1972/92/59
f 2429/94/60 1965/93/60 1966/97/60
f 2433/99/61 2432/95/61 1973/96/61
f 1956/98/62 1966/97/62 1967/101/62
f 2434/103/63 2433/99/63 1974/100/63
f 2430/102/64 1967/101/64 1968/104/64
f 1966/97/65 1981/121/65 1982/105/65
f 1975/75/817 1974/100/817 1989/106/817
f 1967/101/870 1982/105/870 1983/108/870
f 1976/76/68 1975/75/68 1990/107/68
f 1968/104/69 1983/108/69 1984/110/69
f 1970/84/72 1969/78/72 1984/110/72
f 1962/81/73 1977/112/73 1978/115/73
f 1971/88/74 1970/84/74 1985/114/74
f 1963/85/563 1978/115/563 1979/117/563
f 1972/92/76 1971/88/76 1986/116/76
f 1964/89/77 1979/117/77 1980/119/77
f 1973/96/1025 1972/92/1025 1987/118/1025
f 1965/93/79 1980/119/79 1981/121/79
f 1974/100/80 1973/96/80 1988/120/80
f 1986/116/81 1985/114/81 2000/122/81
f 1978/115/1081 1993/138/1081 1994/124/1081
f 1987/118/83 1986/116/83 2001/123/83
f 1979/117/84 1994/124/84 1995/126/84
f 1988/120/819 1987/118/819 2002/125/819
f 1980/119/86 1995/126/86 1996/128/86
f 1989/106/87 1988/120/87 2003/127/87
f 1981/121/88 1996/128/88 1997/130/88
f 1990/107/89 1989/106/89 2004/129/89
f 1982/105/90 1997/130/90 1998/132/90
f 1991/109/91 1990/107/91 2005/131/91
f 1983/108/820 1998/132/820 1999/134/820
f 1985/114/875 1984/110/875 1999/134/875
f 1977/112/96 1992/136/96 1993/138/96
f 2005/131/97 2004/129/97 2019/139/97
f 1997/130/573 2012/150/573 2013/141/573
f 2006/133/99 2005/131/99 2020/140/99
f 1998/132/100 2013/141/100 2014/7/100
f 2000/122/103 1999/134/103 2014/7/103
f 1992/136/104 2007/144/104 2008/67/104
f 2001/123/756 2000/122/756 2015/146/756
f 1993/138/106 2008/67/106 2009/147/106
f 2002/125/107 2001/123/107 2016/73/107
f 1994/124/108 2009/147/108 2010/14/108
f 2003/127/109 2002/125/109 2017/148/109
f 1995/126/110 2010/14/110 2011/149/110
f 2004/129/111 2003/127/111 2018/1/111
f 1996/128/112 2011/149/112 2012/150/112
f 2017/148/1085 2016/73/1085 2031/151/1085
f 2009/147/114 2024/167/114 2025/153/114
f 2018/1/115 2017/148/115 2032/152/115
f 2010/14/823 2025/153/823 2026/155/823
f 2019/139/1155 2018/1/1155 2033/154/1155
f 2011/149/118 2026/155/118 2027/157/118
f 2020/140/578 2019/139/578 2034/156/578
f 2012/150/758 2027/157/758 2028/159/758
f 2021/142/759 2020/140/759 2035/158/759
f 2013/141/122 2028/159/122 2029/161/122
f 2015/146/826 2014/7/826 2029/161/826
f 2007/144/126 2022/163/126 2023/166/126
f 2016/73/763 2015/146/763 2030/165/763
f 2008/67/128 2023/166/128 2024/167/128
f 2036/160/129 2035/158/129 2050/168/129
f 2028/159/586 2043/184/586 2044/170/586
f 2030/165/133 2029/161/133 2044/170/133
f 2022/163/134 2037/172/134 2038/175/134
f 2031/151/135 2030/165/135 2045/174/135
f 2023/166/136 2038/175/136 2039/177/136
f 2032/152/764 2031/151/764 2046/176/764
f 2024/167/138 2039/177/138 2040/179/138
f 2033/154/139 2032/152/139 2047/178/139
f 2025/153/140 2040/179/140 2041/181/140
f 2034/156/141 2033/154/141 2048/180/141
f 2026/155/1033 2041/181/1033 2042/183/1033
f 2035/158/143 2034/156/143 2049/182/143
f 2027/157/144 2042/183/144 2043/184/144
f 2039/177/589 2054/201/589 2055/185/589
f 2048/180/146 2047/178/146 2062/186/146
f 2040/179/591 2055/185/591 2056/188/591
f 2049/182/1166 2048/180/1166 2063/187/1166
f 2041/181/766 2056/188/766 2057/190/766
f 2050/168/767 2049/182/767 2064/189/767
f 2042/183/151 2057/190/151 2058/192/151
f 2051/169/768 2050/168/768 2065/191/768
f 2043/184/153 2058/192/153 2059/194/153
f 2045/174/156 2044/170/156 2059/194/156
f 2037/172/1034 2052/196/1034 2053/199/1034
f 2046/176/158 2045/174/158 2060/198/158
f 2038/175/596 2053/199/596 2054/201/596
f 2047/178/829 2046/176/829 2061/200/829
f 2058/192/771 2073/218/771 2074/202/771
f 2060/198/1035 2059/194/1035 2074/202/1035
f 2052/196/165 2067/204/165 2068/208/165
f 2061/200/166 2060/198/166 2075/207/166
f 2053/199/167 2068/208/167 2069/210/167
f 2062/186/168 2061/200/168 2076/209/168
f 2054/201/169 2069/210/169 2070/212/169
f 2063/187/170 2062/186/170 2077/211/170
f 2055/185/602 2070/212/602 2071/214/602
f 2064/189/172 2063/187/172 2078/213/172
f 2056/188/603 2071/214/603 2072/216/603
f 2065/191/174 2064/189/174 2079/215/174
f 2057/190/175 2072/216/175 2073/218/175
f 2066/193/176 2065/191/176 2080/217/176
f 2077/211/177 2092/235/177 2093/219/177
f 2071/214/607 2070/212/607 2085/220/607
f 2078/213/179 2093/219/179 2094/222/179
f 2072/216/608 2071/214/608 2086/221/608
f 2079/215/181 2094/222/181 2095/224/181
f 2073/218/182 2072/216/182 2087/223/182
f 2080/217/183 2095/224/183 2096/226/183
f 2074/202/774 2073/218/774 2088/225/774
f 2074/202/1037 2089/227/1037 2090/231/1037
f 2068/208/188 2067/204/188 2082/229/188
f 2075/207/189 2090/231/189 2091/233/189
f 2069/210/190 2068/208/190 2083/232/190
f 2076/209/191 2091/233/191 2092/235/191
f 2070/212/192 2069/210/192 2084/234/192
f 2089/227/195 2104/252/195 2105/240/195
f 2083/232/196 2082/229/196 2097/237/196
f 2090/231/197 2105/240/197 2106/242/197
f 2084/234/614 2083/232/614 2098/241/614
f 2091/233/199 2106/242/199 2107/244/199
f 2085/220/616 2084/234/616 2099/243/616
f 2092/235/617 2107/244/617 2108/246/617
f 2086/221/202 2085/220/202 2100/245/202
f 2093/219/1041 2108/246/1041 2109/248/1041
f 2087/223/779 2086/221/779 2101/247/779
f 2094/222/780 2109/248/780 2110/250/780
f 2088/225/206 2087/223/206 2102/249/206
f 2095/224/207 2110/250/207 2111/239/207
f 2089/227/208 2088/225/208 2103/251/208
f 2101/247/209 2100/245/209 2115/253/209
f 2108/246/210 2123/269/210 2124/255/210
f 2102/249/1103 2101/247/1103 2116/254/1103
f 2109/248/212 2124/255/212 2125/257/212
f 2103/251/213 2102/249/213 2117/256/213
f 2110/250/214 2125/257/214 2126/259/214
f 2104/252/624 2103/251/624 2118/258/624
f 2104/252/218 2119/260/218 2120/264/218
f 2098/241/219 2097/237/219 2112/262/219
f 2105/240/220 2120/264/220 2121/266/220
f 2099/243/221 2098/241/221 2113/265/221
f 2106/242/782 2121/266/782 2122/268/782
f 2100/245/223 2099/243/223 2114/267/223
f 2107/244/224 2122/268/224 2123/269/224
f 2119/260/833 2134/281/833 2135/270/833
f 2113/265/226 2112/262/226 2127/271/226
f 2120/264/902 2135/270/902 2136/66/902
f 2114/267/228 2113/265/228 2128/68/228
f 2121/266/1159 2136/66/1159 2137/273/1159
f 2115/253/230 2114/267/230 2129/272/230
f 2122/268/231 2137/273/231 2138/6/231
f 2116/254/630 2115/253/630 2130/274/630
f 2123/269/905 2138/6/905 2139/276/905
f 2117/256/784 2116/254/784 2131/275/784
f 2124/255/235 2139/276/235 2140/278/235
f 2118/258/785 2117/256/785 2132/277/785
f 2125/257/786 2140/278/786 2141/280/786
f 2119/260/238 2118/258/238 2133/279/238
f 2138/6/241 2153/300/241 2154/284/241
f 2132/277/242 2131/275/242 2146/285/242
f 2139/276/243 2154/284/243 2155/287/243
f 2133/279/835 2132/277/835 2147/286/835
f 2140/278/245 2155/287/245 2156/289/245
f 2134/281/246 2133/279/246 2148/288/246
f 2134/281/249 2149/290/249 2150/294/249
f 2128/68/250 2127/271/250 2142/292/250
f 2135/270/251 2150/294/251 2151/296/251
f 2129/272/252 2128/68/252 2143/295/252
f 2136/66/253 2151/296/253 2152/298/253
f 2130/274/254 2129/272/254 2144/297/254
f 2137/273/255 2152/298/255 2153/300/255
f 2131/275/256 2130/274/256 2145/299/256
f 2150/294/257 2165/317/257 2166/301/257
f 2144/297/258 2143/295/258 2158/302/258
f 2151/296/259 2166/301/259 2167/304/259
f 2145/299/260 2144/297/260 2159/303/260
f 2152/298/261 2167/304/261 2168/306/261
f 2146/285/262 2145/299/262 2160/305/262
f 2153/300/263 2168/306/263 2169/308/263
f 2147/286/264 2146/285/264 2161/307/264
f 2154/284/265 2169/308/265 2170/310/265
f 2148/288/266 2147/286/266 2162/309/266
f 2155/287/267 2170/310/267 2171/312/267
f 2149/290/839 2148/288/839 2163/311/839
f 2149/290/646 2164/313/646 2165/317/646
f 2143/295/272 2142/292/272 2157/315/272
f 2169/308/1048 2184/334/1048 2185/318/1048
f 2163/311/274 2162/309/274 2177/319/274
f 2170/310/275 2185/318/275 2186/321/275
f 2164/313/276 2163/311/276 2178/320/276
f 2164/313/279 2179/322/279 2180/326/279
f 2158/302/280 2157/315/280 2172/324/280
f 2165/317/647 2180/326/647 2181/328/647
f 2159/303/840 2158/302/840 2173/327/840
f 2166/301/1167 2181/328/1167 2182/330/1167
f 2160/305/284 2159/303/284 2174/329/284
f 2167/304/648 2182/330/648 2183/332/648
f 2161/307/916 2160/305/916 2175/331/916
f 2168/306/287 2183/332/287 2184/334/287
f 2162/309/288 2161/307/288 2176/333/288
f 2174/329/289 2173/327/289 2188/335/289
f 2181/328/1116 2196/351/1116 2197/337/1116
f 2175/331/291 2174/329/291 2189/336/291
f 2182/330/292 2197/337/292 2198/339/292
f 2176/333/293 2175/331/293 2190/338/293
f 2183/332/294 2198/339/294 2199/341/294
f 2177/319/295 2176/333/295 2191/340/295
f 2184/334/296 2199/341/296 2200/343/296
f 2178/320/297 2177/319/297 2192/342/297
f 2185/318/298 2200/343/298 2201/345/298
f 2179/322/652 2178/320/652 2193/344/652
f 2179/322/302 2194/346/302 2195/350/302
f 2173/327/303 2172/324/303 2187/348/303
f 2180/326/304 2195/350/304 2196/351/304
f 2192/342/305 2207/368/305 2208/352/305
f 2201/345/654 2200/343/654 2215/353/654
f 2193/344/307 2208/352/307 2209/355/307
f 2195/350/310 2194/346/310 2209/355/310
f 2187/348/1168 2202/357/1168 2203/360/1168
f 2196/351/312 2195/350/312 2210/359/312
f 2188/335/313 2203/360/313 2204/362/313
f 2197/337/314 2196/351/314 2211/361/314
f 2189/336/315 2204/362/315 2205/364/315
f 2198/339/316 2197/337/316 2212/363/316
f 2190/338/317 2205/364/317 2206/366/317
f 2199/341/318 2198/339/318 2213/365/318
f 2191/340/843 2206/366/843 2207/368/843
f 2200/343/320 2199/341/320 2214/367/320
f 2212/363/321 2211/361/321 2226/369/321
f 2204/362/322 2219/385/322 2220/371/322
f 2213/365/323 2212/363/323 2227/370/323
f 2205/364/660 2220/371/660 2221/373/660
f 2214/367/325 2213/365/325 2228/372/325
f 2206/366/792 2221/373/792 2222/375/792
f 2215/353/327 2214/367/327 2229/374/327
f 2207/368/328 2222/375/328 2223/377/328
f 2216/354/329 2215/353/329 2230/376/329
f 2208/352/330 2223/377/330 2224/379/330
f 2210/359/333 2209/355/333 2224/379/333
f 2202/357/334 2217/381/334 2218/384/334
f 2211/361/335 2210/359/335 2225/383/335
f 2203/360/666 2218/384/666 2219/385/666
f 2231/378/337 2230/376/337 2245/386/337
f 2223/377/667 2238/402/667 2239/388/667
f 2225/383/668 2224/379/668 2239/388/668
f 2217/381/342 2232/390/342 2233/393/342
f 2226/369/343 2225/383/343 2240/392/343
f 2218/384/344 2233/393/344 2234/395/344
f 2227/370/345 2226/369/345 2241/394/345
f 2219/385/346 2234/395/346 2235/397/346
f 2228/372/347 2227/370/347 2242/396/347
f 2220/371/348 2235/397/348 2236/399/348
f 2229/374/349 2228/372/349 2243/398/349
f 2221/373/350 2236/399/350 2237/401/350
f 2230/376/351 2229/374/351 2244/400/351
f 2222/375/352 2237/401/352 2238/402/352
f 2234/395/353 2249/419/353 2250/403/353
f 2243/398/354 2242/396/354 2257/404/354
f 2235/397/355 2250/403/355 2251/406/355
f 2244/400/356 2243/398/356 2258/405/356
f 2236/399/357 2251/406/357 2252/408/357
f 2245/386/358 2244/400/358 2259/407/358
f 2237/401/1052 2252/408/1052 2253/410/1052
f 2246/387/360 2245/386/360 2260/409/360
f 2238/402/361 2253/410/361 2254/412/361
f 2240/392/364 2239/388/364 2254/412/364
f 2232/390/365 2247/414/365 2248/417/365
f 2241/394/927 2240/392/927 2255/416/927
f 2233/393/367 2248/417/367 2249/419/367
f 2242/396/368 2241/394/368 2256/418/368
f 2253/410/369 2268/436/369 2269/420/369
f 2255/416/372 2254/412/372 2269/420/372
f 2247/414/373 2262/422/373 2263/426/373
f 2256/418/1053 2255/416/1053 2270/425/1053
f 2248/417/375 2263/426/375 2264/428/375
f 2257/404/376 2256/418/376 2271/427/376
f 2249/419/377 2264/428/377 2265/430/377
f 2258/405/683 2257/404/683 2272/429/683
f 2250/403/849 2265/430/849 2266/432/849
f 2259/407/931 2258/405/931 2273/431/931
f 2251/406/797 2266/432/797 2267/434/797
f 2260/409/382 2259/407/382 2274/433/382
f 2252/408/1056 2267/434/1056 2268/436/1056
f 2261/411/384 2260/409/384 2275/435/384
f 2273/431/687 2272/429/687 2287/437/687
f 2265/430/386 2280/453/386 2281/439/386
f 2274/433/851 2273/431/851 2288/438/851
f 2266/432/934 2281/439/934 2282/441/934
f 2275/435/389 2274/433/389 2289/440/389
f 2267/434/390 2282/441/390 2283/443/390
f 2276/424/391 2275/435/391 2290/442/391
f 2268/436/392 2283/443/392 2284/445/392
f 2270/425/395 2269/420/395 2284/445/395
f 2262/422/396 2277/447/396 2278/450/396
f 2271/427/397 2270/425/397 2285/449/397
f 2263/426/398 2278/450/398 2279/452/398
f 2272/429/691 2271/427/691 2286/451/691
f 2264/428/400 2279/452/400 2280/453/400
f 2285/449/402 2284/445/402 2299/456/402
f 2277/447/936 2292/470/936 2293/458/936
f 2286/451/694 2285/449/694 2300/457/694
f 2278/450/405 2293/458/405 2294/460/405
f 2287/437/798 2286/451/798 2301/459/798
f 2279/452/799 2294/460/799 2295/462/799
f 2288/438/800 2287/437/800 2302/461/800
f 2280/453/409 2295/462/409 2296/464/409
f 2289/440/410 2288/438/410 2303/463/410
f 2281/439/1060 2296/464/1060 2297/466/1060
f 2290/442/412 2289/440/412 2304/465/412
f 2282/441/413 2297/466/413 2298/468/413
f 2291/444/699 2290/442/699 2305/467/699
f 2283/443/415 2298/468/415 2299/456/415
f 2304/465/417 2303/463/417 2318/471/417
f 2296/464/418 2311/487/418 2312/473/418
f 2305/467/419 2304/465/419 2319/472/419
f 2297/466/420 2312/473/420 2313/475/420
f 2306/455/421 2305/467/421 2320/474/421
f 2298/468/422 2313/475/422 2314/477/422
f 2300/457/702 2299/456/702 2314/477/702
f 2292/470/426 2307/479/426 2308/482/426
f 2301/459/427 2300/457/427 2315/481/427
f 2293/458/428 2308/482/428 2309/484/428
f 2302/461/429 2301/459/429 2316/483/429
f 2294/460/430 2309/484/430 2310/486/430
f 2303/463/431 2302/461/431 2317/485/431
f 2295/462/432 2310/486/432 2311/487/432
f 2308/488/433 2307/516/433 2322/489/433
f 2315/491/434 2330/519/434 2331/492/434
f 2309/494/435 2308/488/435 2323/490/435
f 2316/493/436 2331/492/436 2332/496/436
f 2310/498/437 2309/494/437 2324/495/437
f 2317/497/438 2332/496/438 2333/500/438
f 2311/502/439 2310/498/439 2325/499/439
f 2318/501/440 2333/500/440 2334/504/440
f 2312/506/441 2311/502/441 2326/503/441
f 2319/505/442 2334/504/442 2335/508/442
f 2313/510/443 2312/506/443 2327/507/443
f 2320/509/444 2335/508/444 2336/512/444
f 2314/514/445 2313/510/445 2328/511/445
f 2314/514/709 2329/515/709 2330/519/709
f 2327/507/1063 2326/503/1063 2341/520/1063
f 2334/504/450 2349/536/450 2350/522/450
f 2328/511/451 2327/507/451 2342/521/451
f 2335/508/711 2350/522/711 2351/524/711
f 2329/515/453 2328/511/453 2343/523/453
f 2329/515/456 2344/525/456 2345/529/456
f 2323/490/713 2322/489/713 2337/527/713
f 2330/519/714 2345/529/714 2346/531/714
f 2324/495/459 2323/490/459 2338/530/459
f 2331/492/803 2346/531/803 2347/533/803
f 2325/499/461 2324/495/461 2339/532/461
f 2332/496/804 2347/533/804 2348/535/804
f 2326/503/463 2325/499/463 2340/534/463
f 2333/500/464 2348/535/464 2349/536/464
f 2345/529/465 2360/553/465 2361/537/465
f 2339/532/466 2338/530/466 2353/538/466
f 2346/531/854 2361/537/854 2362/540/854
f 2340/534/468 2339/532/468 2354/539/468
f 2347/533/720 2362/540/720 2363/542/720
f 2341/520/470 2340/534/470 2355/541/470
f 2348/535/855 2363/542/855 2364/544/855
f 2342/521/856 2341/520/856 2356/543/856
f 2349/536/473 2364/544/473 2365/546/473
f 2343/523/474 2342/521/474 2357/545/474
f 2350/522/475 2365/546/475 2366/548/475
f 2344/525/476 2343/523/476 2358/547/476
f 2344/525/479 2359/549/479 2360/553/479
f 2338/530/480 2337/527/480 2352/551/480
f 2364/544/806 2379/570/806 2380/554/806
f 2358/547/1169 2357/545/1169 2372/555/1169
f 2365/546/807 2380/554/807 2381/557/807
f 2359/549/1069 2358/547/1069 2373/556/1069
f 2359/549/726 2374/558/726 2375/562/726
f 2353/538/488 2352/551/488 2367/560/488
f 2360/553/489 2375/562/489 2376/564/489
f 2354/539/490 2353/538/490 2368/563/490
f 2361/537/1071 2376/564/1071 2377/566/1071
f 2355/541/492 2354/539/492 2369/565/492
f 2362/540/731 2377/566/731 2378/568/731
f 2356/543/1072 2355/541/1072 2370/567/1072
f 2363/542/1146 2378/568/1146 2379/570/1146
f 2357/545/1073 2356/543/1073 2371/569/1073
f 2369/565/497 2368/563/497 2383/571/497
f 2376/564/498 2391/587/498 2392/573/498
f 2370/567/499 2369/565/499 2384/572/499
f 2377/566/500 2392/573/500 2393/575/500
f 2371/569/501 2370/567/501 2385/574/501
f 2378/568/502 2393/575/502 2394/577/502
f 2372/555/503 2371/569/503 2386/576/503
f 2379/570/810 2394/577/810 2395/579/810
f 2373/556/505 2372/555/505 2387/578/505
f 2380/554/733 2395/579/733 2396/581/733
f 2374/558/507 2373/556/507 2388/580/507
f 2374/558/510 2389/582/510 2390/586/510
f 2368/563/511 2367/560/511 2382/584/511
f 2375/562/812 2390/586/812 2391/587/812
f 2388/580/513 2387/578/513 2402/588/513
f 2395/579/737 2410/604/737 2411/590/737
f 2389/582/859 2388/580/859 2403/589/859
f 2389/582/518 2404/591/518 2405/595/518
f 2383/571/519 2382/584/519 2397/593/519
f 2390/586/520 2405/595/520 2406/597/520
f 2384/572/521 2383/571/521 2398/596/521
f 2391/587/522 2406/597/522 2407/599/522
f 2385/574/523 2384/572/523 2399/598/523
f 2392/573/524 2407/599/524 2408/601/524
f 2386/576/525 2385/574/525 2400/600/525
f 2393/575/526 2408/601/526 2409/603/526
f 2387/578/527 2386/576/527 2401/602/527
f 2394/577/528 2409/603/528 2410/604/528
f 2406/597/529 2421/621/529 2422/605/529
f 2400/600/530 2399/598/530 2414/606/530
f 2407/599/743 2422/605/743 2423/608/743
f 2401/602/744 2400/600/744 2415/607/744
f 2408/601/533 2423/608/533 2424/610/533
f 2402/588/860 2401/602/860 2416/609/860
f 2409/603/861 2424/610/861 2425/612/861
f 2403/589/745 2402/588/745 2417/611/745
f 2410/604/537 2425/612/537 2426/614/537
f 2404/591/538 2403/589/538 2418/613/538
f 2404/591/541 2419/615/541 2420/619/541
f 2398/596/542 2397/593/542 2412/617/542
f 2405/595/543 2420/619/543 2421/621/543
f 2399/598/544 2398/596/544 2413/620/544
f 2425/612/862 2434/103/862 2435/74/862
f 2419/615/546 2418/613/546 1957/77/546
f 2419/615/750 1958/71/750 1959/83/750
f 2413/620/550 2412/617/550 2427/79/550
f 2420/619/551 1959/83/551 2431/87/551
f 2414/606/552 2413/620/552 2428/86/552
f 2421/621/1153 2431/87/1153 1960/91/1153
f 2415/607/554 2414/606/554 1955/90/554
f 2422/605/555 1960/91/555 2432/95/555
f 2416/609/556 2415/607/556 2429/94/556
f 2423/608/557 2432/95/557 2433/99/557
f 2417/611/558 2416/609/558 1956/98/558
f 2424/610/559 2433/99/559 2434/103/559
f 2418/613/560 2417/611/560 2430/102/560
f 2917/74/49 2916/103/49 2457/75/49
f 2439/77/50 2450/104/50 2451/78/50
f 2441/83/53 2440/71/53 2451/78/53
f 2909/79/54 2444/81/54 2445/85/54
f 2913/87/1170 2441/83/1170 2452/84/1170
f 2910/86/56 2445/85/56 2446/89/56
f 2442/91/753 2913/87/753 2453/88/753
f 2437/90/58 2446/89/58 2447/93/58
f 2914/95/1171 2442/91/1171 2454/92/1171
f 2911/94/60 2447/93/60 2448/97/60
f 2915/99/61 2914/95/61 2455/96/61
f 2438/98/1172 2448/97/1172 2449/101/1172
f 2916/103/63 2915/99/63 2456/100/63
f 2912/102/64 2449/101/64 2450/104/64
f 2448/97/65 2463/121/65 2464/105/65
f 2457/75/1173 2456/100/1173 2471/106/1173
f 2449/101/1174 2464/105/1174 2465/108/1174
f 2458/76/1175 2457/75/1175 2472/107/1175
f 2450/104/69 2465/108/69 2466/110/69
f 2452/84/72 2451/78/72 2466/110/72
f 2444/81/73 2459/112/73 2460/115/73
f 2453/88/754 2452/84/754 2467/114/754
f 2445/85/1024 2460/115/1024 2461/117/1024
f 2454/92/1176 2453/88/1176 2468/116/1176
f 2446/89/77 2461/117/77 2462/119/77
f 2455/96/1025 2454/92/1025 2469/118/1025
f 2447/93/564 2462/119/564 2463/121/564
f 2456/100/80 2455/96/80 2470/120/80
f 2468/116/81 2467/114/81 2482/122/81
f 2460/115/82 2475/138/82 2476/124/82
f 2469/118/83 2468/116/83 2483/123/83
f 2461/117/84 2476/124/84 2477/126/84
f 2470/120/819 2469/118/819 2484/125/819
f 2462/119/86 2477/126/86 2478/128/86
f 2471/106/87 2470/120/87 2485/127/87
f 2463/121/88 2478/128/88 2479/130/88
f 2472/107/89 2471/106/89 2486/129/89
f 2464/105/90 2479/130/90 2480/132/90
f 2473/109/91 2472/107/91 2487/131/91
f 2465/108/820 2480/132/820 2481/134/820
f 2467/114/875 2466/110/875 2481/134/875
f 2459/112/1177 2474/136/1177 2475/138/1177
f 2487/131/97 2486/129/97 2501/139/97
f 2479/130/573 2494/150/573 2495/141/573
f 2488/133/99 2487/131/99 2502/140/99
f 2480/132/1178 2495/141/1178 2496/7/1178
f 2482/122/1179 2481/134/1179 2496/7/1179
f 2474/136/1180 2489/144/1180 2490/67/1180
f 2483/123/105 2482/122/105 2497/146/105
f 2475/138/106 2490/67/106 2491/147/106
f 2484/125/107 2483/123/107 2498/73/107
f 2476/124/108 2491/147/108 2492/14/108
f 2485/127/1181 2484/125/1181 2499/148/1181
f 2477/126/1182 2492/14/1182 2493/149/1182
f 2486/129/111 2485/127/111 2500/1/111
f 2478/128/112 2493/149/112 2494/150/112
f 2499/148/113 2498/73/113 2513/151/113
f 2491/147/1183 2506/167/1183 2507/153/1183
f 2500/1/1028 2499/148/1028 2514/152/1028
f 2492/14/576 2507/153/576 2508/155/576
f 2501/139/117 2500/1/117 2515/154/117
f 2493/149/1184 2508/155/1184 2509/157/1184
f 2502/140/578 2501/139/578 2516/156/578
f 2494/150/758 2509/157/758 2510/159/758
f 2503/142/580 2502/140/580 2517/158/580
f 2495/141/1086 2510/159/1086 2511/161/1086
f 2497/146/826 2496/7/826 2511/161/826
f 2489/144/1087 2504/163/1087 2505/166/1087
f 2498/73/827 2497/146/827 2512/165/827
f 2490/67/128 2505/166/128 2506/167/128
f 2518/160/129 2517/158/129 2532/168/129
f 2510/159/586 2525/184/586 2526/170/586
f 2512/165/1031 2511/161/1031 2526/170/1031
f 2504/163/134 2519/172/134 2520/175/134
f 2513/151/135 2512/165/135 2527/174/135
f 2505/166/136 2520/175/136 2521/177/136
f 2514/152/764 2513/151/764 2528/176/764
f 2506/167/138 2521/177/138 2522/179/138
f 2515/154/139 2514/152/139 2529/178/139
f 2507/153/140 2522/179/140 2523/181/140
f 2516/156/141 2515/154/141 2530/180/141
f 2508/155/1033 2523/181/1033 2524/183/1033
f 2517/158/143 2516/156/143 2531/182/143
f 2509/157/144 2524/183/144 2525/184/144
f 2521/177/145 2536/201/145 2537/185/145
f 2530/180/590 2529/178/590 2544/186/590
f 2522/179/147 2537/185/147 2538/188/147
f 2531/182/1166 2530/180/1166 2545/187/1166
f 2523/181/1090 2538/188/1090 2539/190/1090
f 2532/168/767 2531/182/767 2546/189/767
f 2524/183/151 2539/190/151 2540/192/151
f 2533/169/768 2532/168/768 2547/191/768
f 2525/184/1185 2540/192/1185 2541/194/1185
f 2527/174/156 2526/170/156 2541/194/156
f 2519/172/157 2534/196/157 2535/199/157
f 2528/176/1186 2527/174/1186 2542/198/1186
f 2520/175/159 2535/199/159 2536/201/159
f 2529/178/160 2528/176/160 2543/200/160
f 2540/192/1093 2555/218/1093 2556/202/1093
f 2542/198/164 2541/194/164 2556/202/164
f 2534/196/1095 2549/204/1095 2550/208/1095
f 2543/200/166 2542/198/166 2557/207/166
f 2535/199/167 2550/208/167 2551/210/167
f 2544/186/168 2543/200/168 2558/209/168
f 2536/201/169 2551/210/169 2552/212/169
f 2545/187/1187 2544/186/1187 2559/211/1187
f 2537/185/171 2552/212/171 2553/214/171
f 2546/189/1188 2545/187/1188 2560/213/1188
f 2538/188/603 2553/214/603 2554/216/603
f 2547/191/174 2546/189/174 2561/215/174
f 2539/190/604 2554/216/604 2555/218/604
f 2548/193/1189 2547/191/1189 2562/217/1189
f 2559/211/1190 2574/235/1190 2575/219/1190
f 2553/214/178 2552/212/178 2567/220/178
f 2560/213/1191 2575/219/1191 2576/222/1191
f 2554/216/1097 2553/214/1097 2568/221/1097
f 2561/215/181 2576/222/181 2577/224/181
f 2555/218/609 2554/216/609 2569/223/609
f 2562/217/183 2577/224/183 2578/226/183
f 2556/202/1098 2555/218/1098 2570/225/1098
f 2556/202/187 2571/227/187 2572/231/187
f 2550/208/1100 2549/204/1100 2564/229/1100
f 2557/207/189 2572/231/189 2573/233/189
f 2551/210/190 2550/208/190 2565/232/190
f 2558/209/191 2573/233/191 2574/235/191
f 2552/212/192 2551/210/192 2566/234/192
f 2571/227/195 2586/252/195 2587/240/195
f 2565/232/1192 2564/229/1192 2579/237/1192
f 2572/231/1193 2587/240/1193 2588/242/1193
f 2566/234/777 2565/232/777 2580/241/777
f 2573/233/615 2588/242/615 2589/244/615
f 2567/220/200 2566/234/200 2581/243/200
f 2574/235/201 2589/244/201 2590/246/201
f 2568/221/778 2567/220/778 2582/245/778
f 2575/219/1041 2590/246/1041 2591/248/1041
f 2569/223/779 2568/221/779 2583/247/779
f 2576/222/780 2591/248/780 2592/250/780
f 2570/225/206 2569/223/206 2584/249/206
f 2577/224/207 2592/250/207 2593/239/207
f 2571/227/1194 2570/225/1194 2585/251/1194
f 2583/247/1195 2582/245/1195 2597/253/1195
f 2590/246/210 2605/269/210 2606/255/210
f 2584/249/622 2583/247/622 2598/254/622
f 2591/248/212 2606/255/212 2607/257/212
f 2585/251/213 2584/249/213 2599/256/213
f 2592/250/214 2607/257/214 2608/259/214
f 2586/252/624 2585/251/624 2600/258/624
f 2586/252/218 2601/260/218 2602/264/218
f 2580/241/219 2579/237/219 2594/262/219
f 2587/240/220 2602/264/220 2603/266/220
f 2581/243/221 2580/241/221 2595/265/221
f 2588/242/782 2603/266/782 2604/268/782
f 2582/245/223 2581/243/223 2596/267/223
f 2589/244/224 2604/268/224 2605/269/224
f 2601/260/833 2616/281/833 2617/270/833
f 2595/265/1106 2594/262/1106 2609/271/1106
f 2602/264/1196 2617/270/1196 2618/66/1196
f 2596/267/228 2595/265/228 2610/68/228
f 2603/266/229 2618/66/229 2619/273/229
f 2597/253/783 2596/267/783 2611/272/783
f 2604/268/1044 2619/273/1044 2620/6/1044
f 2598/254/1197 2597/253/1197 2612/274/1197
f 2605/269/233 2620/6/233 2621/276/233
f 2599/256/631 2598/254/631 2613/275/631
f 2606/255/235 2621/276/235 2622/278/235
f 2600/258/236 2599/256/236 2614/277/236
f 2607/257/633 2622/278/633 2623/280/633
f 2601/260/1109 2600/258/1109 2615/279/1109
f 2620/6/241 2635/300/241 2636/284/241
f 2614/277/242 2613/275/242 2628/285/242
f 2621/276/243 2636/284/243 2637/287/243
f 2615/279/1198 2614/277/1198 2629/286/1198
f 2622/278/245 2637/287/245 2638/289/245
f 2616/281/246 2615/279/246 2630/288/246
f 2616/281/249 2631/290/249 2632/294/249
f 2610/68/1199 2609/271/1199 2624/292/1199
f 2617/270/638 2632/294/638 2633/296/638
f 2611/272/252 2610/68/252 2625/295/252
f 2618/66/253 2633/296/253 2634/298/253
f 2612/274/1160 2611/272/1160 2626/297/1160
f 2619/273/1200 2634/298/1200 2635/300/1200
f 2613/275/1046 2612/274/1046 2627/299/1046
f 2632/294/1201 2647/317/1201 2648/301/1201
f 2626/297/1202 2625/295/1202 2640/302/1202
f 2633/296/259 2648/301/259 2649/304/259
f 2627/299/260 2626/297/260 2641/303/260
f 2634/298/261 2649/304/261 2650/306/261
f 2628/285/262 2627/299/262 2642/305/262
f 2635/300/263 2650/306/263 2651/308/263
f 2629/286/264 2628/285/264 2643/307/264
f 2636/284/265 2651/308/265 2652/310/265
f 2630/288/266 2629/286/266 2644/309/266
f 2637/287/267 2652/310/267 2653/312/267
f 2631/290/912 2630/288/912 2645/311/912
f 2631/290/271 2646/313/271 2647/317/271
f 2625/295/272 2624/292/272 2639/315/272
f 2651/308/1048 2666/334/1048 2667/318/1048
f 2645/311/1049 2644/309/1049 2659/319/1049
f 2652/310/275 2667/318/275 2668/321/275
f 2646/313/276 2645/311/276 2660/320/276
f 2646/313/279 2661/322/279 2662/326/279
f 2640/302/280 2639/315/280 2654/324/280
f 2647/317/1203 2662/326/1203 2663/328/1203
f 2641/303/840 2640/302/840 2655/327/840
f 2648/301/1167 2663/328/1167 2664/330/1167
f 2642/305/284 2641/303/284 2656/329/284
f 2649/304/285 2664/330/285 2665/332/285
f 2643/307/286 2642/305/286 2657/331/286
f 2650/306/287 2665/332/287 2666/334/287
f 2644/309/288 2643/307/288 2658/333/288
f 2656/329/289 2655/327/289 2670/335/289
f 2663/328/1116 2678/351/1116 2679/337/1116
f 2657/331/291 2656/329/291 2671/336/291
f 2664/330/292 2679/337/292 2680/339/292
f 2658/333/293 2657/331/293 2672/338/293
f 2665/332/294 2680/339/294 2681/341/294
f 2659/319/295 2658/333/295 2673/340/295
f 2666/334/296 2681/341/296 2682/343/296
f 2660/320/297 2659/319/297 2674/342/297
f 2667/318/298 2682/343/298 2683/345/298
f 2661/322/299 2660/320/299 2675/344/299
f 2661/322/302 2676/346/302 2677/350/302
f 2655/327/303 2654/324/303 2669/348/303
f 2662/326/1204 2677/350/1204 2678/351/1204
f 2674/342/305 2689/368/305 2690/352/305
f 2683/345/654 2682/343/654 2697/353/654
f 2675/344/307 2690/352/307 2691/355/307
f 2677/350/310 2676/346/310 2691/355/310
f 2669/348/311 2684/357/311 2685/360/311
f 2678/351/312 2677/350/312 2692/359/312
f 2670/335/313 2685/360/313 2686/362/313
f 2679/337/657 2678/351/657 2693/361/657
f 2671/336/315 2686/362/315 2687/364/315
f 2680/339/316 2679/337/316 2694/363/316
f 2672/338/317 2687/364/317 2688/366/317
f 2681/341/318 2680/339/318 2695/365/318
f 2673/340/843 2688/366/843 2689/368/843
f 2682/343/320 2681/341/320 2696/367/320
f 2694/363/321 2693/361/321 2708/369/321
f 2686/362/322 2701/385/322 2702/371/322
f 2695/365/659 2694/363/659 2709/370/659
f 2687/364/660 2702/371/660 2703/373/660
f 2696/367/325 2695/365/325 2710/372/325
f 2688/366/1205 2703/373/1205 2704/375/1205
f 2697/353/844 2696/367/844 2711/374/844
f 2689/368/328 2704/375/328 2705/377/328
f 2698/354/329 2697/353/329 2712/376/329
f 2690/352/330 2705/377/330 2706/379/330
f 2692/359/333 2691/355/333 2706/379/333
f 2684/357/334 2699/381/334 2700/384/334
f 2693/361/335 2692/359/335 2707/383/335
f 2685/360/793 2700/384/793 2701/385/793
f 2713/378/337 2712/376/337 2727/386/337
f 2705/377/338 2720/402/338 2721/388/338
f 2707/383/668 2706/379/668 2721/388/668
f 2699/381/1206 2714/390/1206 2715/393/1206
f 2708/369/343 2707/383/343 2722/392/343
f 2700/384/1122 2715/393/1122 2716/395/1122
f 2709/370/345 2708/369/345 2723/394/345
f 2701/385/346 2716/395/346 2717/397/346
f 2710/372/1207 2709/370/1207 2724/396/1207
f 2702/371/1208 2717/397/1208 2718/399/1208
f 2711/374/349 2710/372/349 2725/398/349
f 2703/373/350 2718/399/350 2719/401/350
f 2712/376/1124 2711/374/1124 2726/400/1124
f 2704/375/352 2719/401/352 2720/402/352
f 2716/395/353 2731/419/353 2732/403/353
f 2725/398/1209 2724/396/1209 2739/404/1209
f 2717/397/1210 2732/403/1210 2733/406/1210
f 2726/400/356 2725/398/356 2740/405/356
f 2718/399/1211 2733/406/1211 2734/408/1211
f 2727/386/358 2726/400/358 2741/407/358
f 2719/401/1212 2734/408/1212 2735/410/1212
f 2728/387/360 2727/386/360 2742/409/360
f 2720/402/361 2735/410/361 2736/412/361
f 2722/392/364 2721/388/364 2736/412/364
f 2714/390/1213 2729/414/1213 2730/417/1213
f 2723/394/1126 2722/392/1126 2737/416/1126
f 2715/393/367 2730/417/367 2731/419/367
f 2724/396/928 2723/394/928 2738/418/928
f 2735/410/369 2750/436/369 2751/420/369
f 2737/416/372 2736/412/372 2751/420/372
f 2729/414/373 2744/422/373 2745/426/373
f 2738/418/680 2737/416/680 2752/425/680
f 2730/417/375 2745/426/375 2746/428/375
f 2739/404/376 2738/418/376 2753/427/376
f 2731/419/682 2746/428/682 2747/430/682
f 2740/405/1054 2739/404/1054 2754/429/1054
f 2732/403/1055 2747/430/1055 2748/432/1055
f 2741/407/380 2740/405/380 2755/431/380
f 2733/406/381 2748/432/381 2749/434/381
f 2742/409/382 2741/407/382 2756/433/382
f 2734/408/1214 2749/434/1214 2750/436/1214
f 2743/411/850 2742/409/850 2757/435/850
f 2755/431/687 2754/429/687 2769/437/687
f 2747/430/1057 2762/453/1057 2763/439/1057
f 2756/433/851 2755/431/851 2770/438/851
f 2748/432/1215 2763/439/1215 2764/441/1215
f 2757/435/389 2756/433/389 2771/440/389
f 2749/434/390 2764/441/390 2765/443/390
f 2758/424/391 2757/435/391 2772/442/391
f 2750/436/392 2765/443/392 2766/445/392
f 2752/425/395 2751/420/395 2766/445/395
f 2744/422/396 2759/447/396 2760/450/396
f 2753/427/397 2752/425/397 2767/449/397
f 2745/426/398 2760/450/398 2761/452/398
f 2754/429/1216 2753/427/1216 2768/451/1216
f 2746/428/400 2761/452/400 2762/453/400
f 2767/449/402 2766/445/402 2781/456/402
f 2759/447/403 2774/470/403 2775/458/403
f 2768/451/404 2767/449/404 2782/457/404
f 2760/450/1217 2775/458/1217 2776/460/1217
f 2769/437/1218 2768/451/1218 2783/459/1218
f 2761/452/695 2776/460/695 2777/462/695
f 2770/438/800 2769/437/800 2784/461/800
f 2762/453/696 2777/462/696 2778/464/696
f 2771/440/410 2770/438/410 2785/463/410
f 2763/439/1060 2778/464/1060 2779/466/1060
f 2772/442/412 2771/440/412 2786/465/412
f 2764/441/413 2779/466/413 2780/468/413
f 2773/444/414 2772/442/414 2787/467/414
f 2765/443/415 2780/468/415 2781/456/415
f 2786/465/417 2785/463/417 2800/471/417
f 2778/464/1219 2793/487/1219 2794/473/1219
f 2787/467/419 2786/465/419 2801/472/419
f 2779/466/420 2794/473/420 2795/475/420
f 2788/455/701 2787/467/701 2802/474/701
f 2780/468/422 2795/475/422 2796/477/422
f 2782/457/702 2781/456/702 2796/477/702
f 2774/470/426 2789/479/426 2790/482/426
f 2783/459/703 2782/457/703 2797/481/703
f 2775/458/428 2790/482/428 2791/484/428
f 2784/461/429 2783/459/429 2798/483/429
f 2776/460/430 2791/484/430 2792/486/430
f 2785/463/1220 2784/461/1220 2799/485/1220
f 2777/462/704 2792/486/704 2793/487/704
f 2790/488/433 2789/516/433 2804/489/433
f 2797/491/705 2812/519/705 2813/492/705
f 2791/494/435 2790/488/435 2805/490/435
f 2798/493/436 2813/492/436 2814/496/436
f 2792/498/437 2791/494/437 2806/495/437
f 2799/497/438 2814/496/438 2815/500/438
f 2793/502/706 2792/498/706 2807/499/706
f 2800/501/440 2815/500/440 2816/504/440
f 2794/506/441 2793/502/441 2808/503/441
f 2801/505/442 2816/504/442 2817/508/442
f 2795/510/443 2794/506/443 2809/507/443
f 2802/509/708 2817/508/708 2818/512/708
f 2796/514/445 2795/510/445 2810/511/445
f 2796/514/709 2811/515/709 2812/519/709
f 2809/507/449 2808/503/449 2823/520/449
f 2816/504/450 2831/536/450 2832/522/450
f 2810/511/451 2809/507/451 2824/521/451
f 2817/508/452 2832/522/452 2833/524/452
f 2811/515/453 2810/511/453 2825/523/453
f 2811/515/456 2826/525/456 2827/529/456
f 2805/490/457 2804/489/457 2819/527/457
f 2812/519/1221 2827/529/1221 2828/531/1221
f 2806/495/1222 2805/490/1222 2820/530/1222
f 2813/492/1223 2828/531/1223 2829/533/1223
f 2807/499/715 2806/495/715 2821/532/715
f 2814/496/804 2829/533/804 2830/535/804
f 2808/503/717 2807/499/717 2822/534/717
f 2815/500/718 2830/535/718 2831/536/718
f 2827/529/465 2842/553/465 2843/537/465
f 2821/532/466 2820/530/466 2835/538/466
f 2828/531/467 2843/537/467 2844/540/467
f 2822/534/1066 2821/532/1066 2836/539/1066
f 2829/533/720 2844/540/720 2845/542/720
f 2823/520/1067 2822/534/1067 2837/541/1067
f 2830/535/855 2845/542/855 2846/544/855
f 2824/521/954 2823/520/954 2838/543/954
f 2831/536/473 2846/544/473 2847/546/473
f 2825/523/474 2824/521/474 2839/545/474
f 2832/522/475 2847/546/475 2848/548/475
f 2826/525/476 2825/523/476 2840/547/476
f 2826/525/479 2841/549/479 2842/553/479
f 2820/530/480 2819/527/480 2834/551/480
f 2846/544/1224 2861/570/1224 2862/554/1224
f 2840/547/1225 2839/545/1225 2854/555/1225
f 2847/546/1068 2862/554/1068 2863/557/1068
f 2841/549/484 2840/547/484 2855/556/484
f 2841/549/726 2856/558/726 2857/562/726
f 2835/538/727 2834/551/727 2849/560/727
f 2842/553/1226 2857/562/1226 2858/564/1226
f 2836/539/490 2835/538/490 2850/563/490
f 2843/537/491 2858/564/491 2859/566/491
f 2837/541/1227 2836/539/1227 2851/565/1227
f 2844/540/731 2859/566/731 2860/568/731
f 2838/543/1072 2837/541/1072 2852/567/1072
f 2845/542/495 2860/568/495 2861/570/495
f 2839/545/1073 2838/543/1073 2853/569/1073
f 2851/565/497 2850/563/497 2865/571/497
f 2858/564/498 2873/587/498 2874/573/498
f 2852/567/499 2851/565/499 2866/572/499
f 2859/566/1228 2874/573/1228 2875/575/1228
f 2853/569/1229 2852/567/1229 2867/574/1229
f 2860/568/502 2875/575/502 2876/577/502
f 2854/555/1230 2853/569/1230 2868/576/1230
f 2861/570/504 2876/577/504 2877/579/504
f 2855/556/505 2854/555/505 2869/578/505
f 2862/554/733 2877/579/733 2878/581/733
f 2856/558/507 2855/556/507 2870/580/507
f 2856/558/510 2871/582/510 2872/586/510
f 2850/563/1231 2849/560/1231 2864/584/1231
f 2857/562/512 2872/586/512 2873/587/512
f 2870/580/513 2869/578/513 2884/588/513
f 2877/579/737 2892/604/737 2893/590/737
f 2871/582/515 2870/580/515 2885/589/515
f 2871/582/739 2886/591/739 2887/595/739
f 2865/571/519 2864/584/519 2879/593/519
f 2872/586/520 2887/595/520 2888/597/520
f 2866/572/521 2865/571/521 2880/596/521
f 2873/587/522 2888/597/522 2889/599/522
f 2867/574/523 2866/572/523 2881/598/523
f 2874/573/524 2889/599/524 2890/601/524
f 2868/576/525 2867/574/525 2882/600/525
f 2875/575/1150 2890/601/1150 2891/603/1150
f 2869/578/527 2868/576/527 2883/602/527
f 2876/577/1232 2891/603/1232 2892/604/1232
f 2888/597/529 2903/621/529 2904/605/529
f 2882/600/530 2881/598/530 2896/606/530
f 2889/599/743 2904/605/743 2905/608/743
f 2883/602/1233 2882/600/1233 2897/607/1233
f 2890/601/533 2905/608/533 2906/610/533
f 2884/588/1234 2883/602/1234 2898/609/1234
f 2891/603/861 2906/610/861 2907/612/861
f 2885/589/745 2884/588/745 2899/611/745
f 2892/604/1235 2907/612/1235 2908/614/1235
f 2886/591/538 2885/589/538 2900/613/538
f 2886/591/541 2901/615/541 2902/619/541
f 2880/596/971 2879/593/971 2894/617/971
f 2887/595/1075 2902/619/1075 2903/621/1075
f 2881/598/815 2880/596/815 2895/620/815
f 2907/612/862 2916/103/862 2917/74/862
f 2901/615/546 2900/613/546 2439/77/546
f 2901/615/750 2440/71/750 2441/83/750
f 2895/620/550 2894/617/550 2909/79/550
f 2902/619/551 2441/83/551 2913/87/551
f 2896/606/552 2895/620/552 2910/86/552
f 2903/621/553 2913/87/553 2442/91/553
f 2897/607/554 2896/606/554 2437/90/554
f 2904/605/555 2442/91/555 2914/95/555
f 2898/609/556 2897/607/556 2911/94/556
f 2905/608/557 2914/95/557 2915/99/557
f 2899/611/558 2898/609/558 2438/98/558
f 2906/610/559 2915/99/559 2916/103/559
f 2900/613/752 2899/611/752 2912/102/752
f 3111/624/974 3113/626/974 3112/625/974
f 3113/626/975 3115/628/975 3114/627/975
f 3115/628/1013 3117/630/1013 3116/629/1013
f 3117/630/1007 3119/631/1007 3118/23/1007
f 3119/631/978 3121/633/978 3120/632/978
f 3121/633/979 3123/635/979 3122/634/979
f 3123/635/980 3125/637/980 3124/636/980
f 3125/637/981 3127/638/981 3126/71/981
f 3127/638/982 3129/639/982 3128/78/982
f 3129/639/983 3131/640/983 3130/110/983
f 3131/640/984 3133/641/984 3132/134/984
f 3133/641/985 3135/33/985 3134/7/985
f 3135/33/1236 3137/642/1236 3136/161/1236
f 3137/642/987 3139/643/987 3138/170/987
f 3139/643/988 3141/644/988 3140/194/988
f 3141/644/989 3143/645/989 3142/56/989
f 3143/645/990 3145/647/990 3144/646/990
f 3145/647/991 3147/648/991 3146/57/991
f 3147/648/1009 3149/650/1009 3148/649/1009
f 3149/650/993 3151/16/993 3150/20/993
f 3151/16/994 3153/652/994 3152/651/994
f 3153/652/995 3155/654/995 3154/653/995
f 3155/654/996 3157/656/996 3156/655/996
f 3157/656/997 3159/657/997 3158/70/997
f 3159/657/998 3161/659/998 3160/658/998
f 3161/659/999 3163/661/999 3162/660/999
f 3163/661/1010 3165/663/1010 3164/662/1010
f 3165/663/1001 3167/664/1001 3166/22/1001
f 3167/664/1002 3169/666/1002 3168/665/1002
f 3169/666/1012 3171/671/1012 3170/667/1012
f 3115/670/6 3113/697/6 3111/698/6
f 3111/698/6 3173/699/6 3171/700/6
f 3171/700/6 3169/701/6 3167/702/6
f 3167/702/6 3165/703/6 3163/704/6
f 3163/704/1240 3161/705/1240 3159/706/1240
f 3159/706/6 3157/707/6 3155/708/6
f 3155/708/1241 3153/709/1241 3151/710/1241
f 3151/710/1241 3149/711/1241 3147/668/1241
f 3147/668/6 3145/712/6 3143/713/6
f 3143/713/6 3141/714/6 3139/715/6
f 3139/715/1240 3137/716/1240 3135/717/1240
f 3135/717/1240 3133/718/1240 3131/669/1240
f 3131/669/6 3129/719/6 3127/720/6
f 3127/720/1241 3125/721/1241 3123/722/1241
f 3123/722/6 3121/723/6 3119/724/6
f 3119/724/1241 3117/725/1241 3115/670/1241
f 3115/670/6 3111/698/6 3171/700/6
f 3171/700/6 3167/702/6 3163/704/6
f 3163/704/6 3159/706/6 3155/708/6
f 3155/708/6 3151/710/6 3147/668/6
f 3147/668/6 3143/713/6 3139/715/6
f 3139/715/6 3135/717/6 3131/669/6
f 3131/669/6 3127/720/6 3123/722/6
f 3123/722/6 3119/724/6 3115/670/6
f 3115/670/6 3171/700/6 3163/704/6
f 3163/704/6 3155/708/6 3147/668/6
f 3147/668/6 3139/715/6 3131/669/6
f 3131/669/6 3123/722/6 3115/670/6
f 3115/670/6 3163/704/6 3147/668/6
f 3171/671/1004 3173/673/1004 3172/672/1004
f 3173/673/1005 3111/726/1005 3110/477/1005
f 3172/676/5 3110/727/5 3112/728/5
f 3112/728/1239 3114/729/1239 3116/730/1239
f 3116/730/1239 3118/731/1239 3120/732/1239
f 3120/732/5 3122/733/5 3124/734/5
f 3124/734/5 3126/735/5 3128/736/5
f 3128/736/5 3130/737/5 3132/738/5
f 3132/738/5 3134/739/5 3136/740/5
f 3136/740/1239 3138/741/1239 3140/674/1239
f 3140/674/5 3142/742/5 3144/743/5
f 3144/743/1238 3146/744/1238 3148/745/1238
f 3148/745/5 3150/746/5 3152/747/5
f 3152/747/5 3154/748/5 3156/675/5
f 3156/675/5 3158/749/5 3160/750/5
f 3160/750/5 3162/751/5 3164/752/5
f 3164/752/1238 3166/753/1238 3168/754/1238
f 3168/754/1238 3170/755/1238 3172/676/1238
f 3172/676/5 3112/728/5 3116/730/5
f 3116/730/5 3120/732/5 3124/734/5
f 3124/734/5 3128/736/5 3132/738/5
f 3132/738/5 3136/740/5 3140/674/5
f 3140/674/5 3144/743/5 3148/745/5
f 3148/745/5 3152/747/5 3156/675/5
f 3156/675/5 3160/750/5 3164/752/5
f 3164/752/5 3168/754/5 3172/676/5
f 3172/676/5 3116/730/5 3124/734/5
f 3124/734/5 3132/738/5 3140/674/5
f 3140/674/5 3148/745/5 3156/675/5
f 3156/675/5 3164/752/5 3172/676/5
f 3172/676/5 3124/734/5 3140/674/5
usemtl Material
f 388/23/6 390/14/6 392/7/6
f 402/62/6 405/64/6 398/64/6
f 419/62/6 422/62/6 420/62/6
f 424/62/6 425/64/6 423/64/6
f 423/64/6 425/64/6 435/64/6
f 441/64/6 443/64/6 442/64/6
f 447/23/6 449/14/6 451/7/6
f 388/23/6 386/38/6 390/14/6
f 402/62/6 406/62/6 405/64/6
f 419/62/6 421/62/6 422/62/6
f 424/62/6 426/62/6 425/64/6
f 425/64/6 428/64/6 433/64/6
f 435/64/6 427/64/6 423/64/6
f 425/64/6 433/64/6 435/64/6
f 441/64/6 440/64/6 443/64/6
f 447/23/6 445/38/6 449/14/6
