# Blender 5.1.2
# www.blender.org
mtllib Building_RadarSite.mtl
o レーダーサイト
v -7.584622 0.000000 -9.945852
v -5.584622 0.000000 -9.945852
v -5.584622 5.604764 -9.945852
v -7.584622 5.604764 -9.945852
v -7.584622 0.000000 9.945854
v -5.584622 0.000000 9.945854
v -5.584622 5.604764 9.945854
v -7.584622 5.604764 9.945854
v 17.097286 2.484562 -9.945852
v 17.097286 0.000000 -9.945852
v 17.097286 2.484562 9.945854
v 17.097286 0.000000 9.945854
v -5.584622 12.273014 -9.945852
v -5.584622 12.273014 9.945854
v 17.097286 12.273014 -9.945852
v 17.097286 12.273014 9.945854
v 5.756333 20.320129 0.000002
v -2.196244 20.320129 -6.125362
v -2.196244 20.320129 6.203400
v 13.536561 20.320129 6.203400
v 13.536561 20.320129 -6.125362
v -17.097286 5.604764 -9.945852
v -17.097286 0.000000 -9.945852
v -17.097286 5.604764 9.945854
v -17.097286 0.000000 9.945854
v -7.584622 11.435760 9.945854
v -7.584622 11.435760 -9.945852
v -17.097286 8.502393 9.945854
v -17.097286 8.502393 -9.945852
v 5.777974 18.775694 0.315001
v 11.566834 23.197939 4.520803
v 3.566870 23.197935 7.120193
v -1.377436 23.197969 0.315001
v 3.566870 23.197935 -6.490192
v 11.566834 23.197939 -3.890800
v 7.989079 30.353453 7.120193
v -0.010884 30.353453 4.520803
v -0.010884 30.353453 -3.890800
v 7.989079 30.353453 -6.490192
v 12.933385 30.353418 0.315001
v 5.777974 34.775692 0.315001
v 4.478330 19.970459 4.314964
v 9.180556 19.970459 2.787092
v 7.880925 22.569794 6.787094
v 12.583158 22.569807 0.315001
v 9.180556 19.970459 -2.157089
v 1.572136 19.970482 0.315001
v 0.272459 22.569805 4.314976
v 4.478330 19.970459 -3.684961
v 0.272459 22.569805 -3.684975
v 7.880925 22.569794 -6.157092
v 13.386437 26.775696 2.787102
v 13.386437 26.775696 -2.157101
v 5.777974 26.775696 8.315001
v 10.480260 26.775696 6.787134
v -1.830489 26.775696 2.787102
v 1.075689 26.775696 6.787134
v 1.075689 26.775696 -6.157132
v -1.830489 26.775696 -2.157101
v 10.480260 26.775696 -6.157132
v 5.777974 26.775696 -7.684999
v 11.283490 30.981583 4.314976
v 3.675023 30.981594 6.787094
v -1.027209 30.981579 0.315001
v 3.675023 30.981594 -6.157092
v 11.283490 30.981583 -3.684975
v 7.077619 33.580929 4.314964
v 9.983811 33.580902 0.315001
v 2.375392 33.580925 2.787092
v 2.375392 33.580925 -2.157089
v 7.077619 33.580929 -3.684961
v -12.340954 11.435760 9.945854
v -12.340954 11.435760 -9.945852
v -9.876823 13.309629 -7.030951
v -9.876823 13.141098 -7.586519
v -9.876823 12.865198 -7.862419
v -9.876823 12.504719 -8.011735
v -9.876823 12.309628 -8.030950
v -9.876823 12.114538 -8.011735
v -9.876823 11.754058 -7.862419
v -9.876823 11.309629 -7.030951
v -9.838764 13.290414 -7.222291
v -9.802166 13.233507 -7.406281
v -9.768437 13.141098 -7.575845
v -9.738874 13.016736 -7.724469
v -9.714613 12.865198 -7.846443
v -9.696584 12.692312 -7.937078
v -9.685482 12.504719 -7.992890
v -9.681734 12.309628 -8.011735
v -9.685482 12.114538 -7.992890
v -9.696584 11.926946 -7.937078
v -9.714613 11.754058 -7.846443
v -9.738874 11.602522 -7.724469
v -9.768437 11.478159 -7.575845
v -9.802166 11.385750 -7.406281
v -9.838764 11.328844 -7.222291
v -9.802166 13.290414 -7.211190
v -9.730377 13.233507 -7.384502
v -9.664216 13.141098 -7.544230
v -9.606226 13.016736 -7.684232
v -9.558635 12.865198 -7.799128
v -9.523271 12.692312 -7.884503
v -9.501493 12.504719 -7.937078
v -9.494141 12.309628 -7.954828
v -9.501493 12.114538 -7.937078
v -9.523271 11.926946 -7.884503
v -9.558635 11.754058 -7.799128
v -9.606226 11.602522 -7.684232
v -9.664216 11.478159 -7.544230
v -9.730377 11.385750 -7.384502
v -9.802166 11.328844 -7.211190
v -9.768437 13.290414 -7.193161
v -9.664216 13.233507 -7.349140
v -9.568165 13.141098 -7.492889
v -9.483976 13.016736 -7.618887
v -9.414885 12.865198 -7.722292
v -9.363544 12.692312 -7.799128
v -9.331928 12.504719 -7.846443
v -9.321253 12.309628 -7.862419
v -9.331928 12.114538 -7.846443
v -9.363544 11.926946 -7.799128
v -9.414885 11.754058 -7.722292
v -9.483976 11.602522 -7.618887
v -9.568165 11.478159 -7.492889
v -9.664216 11.385750 -7.349140
v -9.768437 11.328844 -7.193161
v -9.738874 13.290414 -7.168899
v -9.606226 13.233507 -7.301547
v -9.483976 13.141098 -7.423798
v -9.376823 13.016736 -7.530950
v -9.288887 12.865198 -7.618887
v -9.223542 12.692312 -7.684232
v -9.183304 12.504719 -7.724469
v -9.169717 12.309628 -7.738056
v -9.183304 12.114538 -7.724469
v -9.223542 11.926946 -7.684232
v -9.288887 11.754058 -7.618887
v -9.376823 11.602522 -7.530950
v -9.483976 11.478159 -7.423798
v -9.606226 11.385750 -7.301547
v -9.738874 11.328844 -7.168899
v -9.714613 13.290414 -7.139336
v -9.558635 13.233507 -7.243557
v -9.414884 13.141098 -7.339607
v -9.288886 13.016736 -7.423798
v -9.185482 12.865198 -7.492889
v -9.108646 12.692312 -7.544230
v -9.061331 12.504719 -7.575845
v -9.045354 12.309628 -7.586519
v -9.061331 12.114538 -7.575845
v -9.108646 11.926946 -7.544230
v -9.185482 11.754058 -7.492889
v -9.288886 11.602522 -7.423798
v -9.414884 11.478159 -7.339607
v -9.558635 11.385750 -7.243557
v -9.714613 11.328844 -7.139336
v -9.696584 13.290414 -7.105607
v -9.523271 13.233507 -7.177396
v -9.363544 13.141098 -7.243557
v -9.223542 13.016736 -7.301547
v -9.108646 12.865198 -7.349138
v -9.023271 12.692312 -7.384502
v -8.970696 12.504719 -7.406281
v -8.952945 12.309628 -7.413633
v -8.970696 12.114538 -7.406281
v -9.023271 11.926946 -7.384502
v -9.108646 11.754058 -7.349138
v -9.223542 11.602522 -7.301547
v -9.363544 11.478159 -7.243557
v -9.523271 11.385750 -7.177396
v -9.696584 11.328844 -7.105607
v -9.685482 13.290414 -7.069010
v -9.501493 13.233507 -7.105607
v -9.331929 13.141098 -7.139336
v -9.183304 13.016736 -7.168899
v -9.061331 12.865198 -7.193161
v -8.970696 12.692312 -7.211190
v -8.914885 12.504719 -7.222291
v -8.896039 12.309628 -7.226040
v -8.914885 12.114538 -7.222291
v -8.970696 11.926946 -7.211190
v -9.061331 11.754058 -7.193161
v -9.183304 11.602522 -7.168899
v -9.331929 11.478159 -7.139336
v -9.501493 11.385750 -7.105607
v -9.685482 11.328844 -7.069010
v -9.681734 13.290414 -7.030951
v -9.494141 13.233507 -7.030951
v -9.321254 13.141098 -7.030951
v -9.169717 13.016736 -7.030951
v -9.045355 12.865198 -7.030951
v -8.952945 12.692312 -7.030951
v -8.896039 12.504719 -7.030951
v -8.876824 12.309628 -7.030951
v -8.896039 12.114538 -7.030951
v -8.952945 11.926946 -7.030951
v -9.045355 11.754058 -7.030951
v -9.169717 11.602522 -7.030951
v -9.321254 11.478159 -7.030951
v -9.494141 11.385750 -7.030951
v -9.681734 11.328844 -7.030951
v -9.685482 13.290414 -6.992889
v -9.501493 13.233507 -6.956291
v -9.331929 13.141098 -6.922564
v -9.183304 13.016736 -6.893000
v -9.061331 12.865198 -6.868737
v -8.970696 12.692312 -6.850710
v -8.914885 12.504719 -6.839607
v -8.896039 12.309628 -6.835859
v -8.914885 12.114538 -6.839607
v -8.970696 11.926946 -6.850710
v -9.061331 11.754058 -6.868737
v -9.183304 11.602522 -6.893000
v -9.331929 11.478159 -6.922564
v -9.501493 11.385750 -6.956291
v -9.685482 11.328844 -6.992889
v -9.696584 13.290414 -6.956291
v -9.523271 13.233507 -6.884502
v -9.363544 13.141098 -6.818342
v -9.223542 13.016736 -6.760351
v -9.108646 12.865198 -6.712760
v -9.023271 12.692312 -6.677397
v -8.970696 12.504719 -6.655620
v -8.952945 12.309628 -6.648267
v -8.970696 12.114538 -6.655620
v -9.023271 11.926946 -6.677397
v -9.108646 11.754058 -6.712760
v -9.223542 11.602522 -6.760351
v -9.363544 11.478159 -6.818342
v -9.523271 11.385750 -6.884502
v -9.696584 11.328844 -6.956291
v -9.714613 13.290414 -6.922564
v -9.558635 13.233507 -6.818342
v -9.414885 13.141098 -6.722292
v -9.288887 13.016736 -6.638102
v -9.185483 12.865198 -6.569011
v -9.108646 12.692312 -6.517670
v -9.061331 12.504719 -6.486055
v -9.045355 12.309628 -6.475380
v -9.061331 12.114538 -6.486055
v -9.108646 11.926946 -6.517670
v -9.185483 11.754058 -6.569011
v -9.288887 11.602522 -6.638102
v -9.414885 11.478159 -6.722292
v -9.558635 11.385750 -6.818342
v -9.714613 11.328844 -6.922564
v -9.738874 13.290414 -6.893000
v -9.606226 13.233507 -6.760351
v -9.483976 13.141098 -6.638102
v -9.376823 13.016736 -6.530951
v -9.288887 12.865198 -6.443011
v -9.223542 12.692312 -6.377668
v -9.183304 12.504719 -6.337429
v -9.169718 12.309628 -6.323844
v -9.183304 12.114538 -6.337429
v -9.223542 11.926946 -6.377668
v -9.288887 11.754058 -6.443011
v -9.376823 11.602522 -6.530951
v -9.483976 11.478159 -6.638102
v -9.606226 11.385750 -6.760351
v -9.738874 11.328844 -6.893000
v -9.768437 13.290414 -6.868737
v -9.664216 13.233507 -6.712760
v -9.568166 13.141098 -6.569011
v -9.483976 13.016736 -6.443011
v -9.414885 12.865198 -6.339608
v -9.363544 12.692312 -6.262773
v -9.331929 12.504719 -6.215457
v -9.321254 12.309628 -6.199481
v -9.331929 12.114538 -6.215457
v -9.363544 11.926946 -6.262773
v -9.414885 11.754058 -6.339608
v -9.483976 11.602522 -6.443011
v -9.568166 11.478159 -6.569011
v -9.664216 11.385750 -6.712760
v -9.768437 11.328844 -6.868737
v -9.802166 13.290414 -6.850710
v -9.730377 13.233507 -6.677397
v -9.664216 13.141098 -6.517670
v -9.606226 13.016736 -6.377668
v -9.558635 12.865198 -6.262773
v -9.523271 12.692312 -6.177397
v -9.501494 12.504719 -6.124823
v -9.494141 12.309628 -6.107070
v -9.501494 12.114538 -6.124823
v -9.523271 11.926946 -6.177397
v -9.558635 11.754058 -6.262773
v -9.606226 11.602522 -6.377668
v -9.664216 11.478159 -6.517670
v -9.730377 11.385750 -6.677397
v -9.802166 11.328844 -6.850710
v -9.838764 13.290414 -6.839607
v -9.802166 13.233507 -6.655620
v -9.768437 13.141098 -6.486055
v -9.738874 13.016736 -6.337429
v -9.714613 12.865198 -6.215457
v -9.696584 12.692312 -6.124823
v -9.685482 12.504719 -6.069010
v -9.681734 12.309628 -6.050164
v -9.685482 12.114538 -6.069010
v -9.696584 11.926946 -6.124823
v -9.714613 11.754058 -6.215457
v -9.738874 11.602522 -6.337429
v -9.768437 11.478159 -6.486055
v -9.802166 11.385750 -6.655620
v -9.838764 11.328844 -6.839607
v -9.876823 13.290414 -6.835859
v -9.876823 13.233507 -6.648267
v -9.876823 13.141098 -6.475380
v -9.876823 13.016736 -6.323844
v -9.876823 12.865198 -6.199481
v -9.876823 12.692312 -6.107070
v -9.876823 12.504719 -6.050164
v -9.876823 12.309628 -6.030950
v -9.876823 12.114538 -6.050164
v -9.876823 11.926946 -6.107070
v -9.876823 11.754058 -6.199481
v -9.876823 11.602522 -6.323844
v -9.876823 11.478159 -6.475380
v -9.876823 11.385750 -6.648267
v -9.876823 11.328844 -6.835859
v -9.914885 13.290414 -6.839607
v -9.951482 13.233507 -6.655620
v -9.985210 13.141098 -6.486055
v -10.014774 13.016736 -6.337429
v -10.039036 12.865198 -6.215457
v -10.057064 12.692312 -6.124823
v -10.068166 12.504719 -6.069010
v -10.071915 12.309628 -6.050164
v -10.068166 12.114538 -6.069010
v -10.057064 11.926946 -6.124823
v -10.039036 11.754058 -6.215457
v -10.014774 11.602522 -6.337429
v -9.985210 11.478159 -6.486055
v -9.951482 11.385750 -6.655620
v -9.914885 11.328844 -6.839607
v -9.951482 13.290414 -6.850710
v -10.023271 13.233507 -6.677397
v -10.089432 13.141098 -6.517670
v -10.147422 13.016736 -6.377668
v -10.195013 12.865198 -6.262773
v -10.230377 12.692312 -6.177397
v -10.252154 12.504719 -6.124823
v -10.259507 12.309628 -6.107071
v -10.252154 12.114538 -6.124823
v -10.230377 11.926946 -6.177397
v -10.195013 11.754058 -6.262773
v -10.147422 11.602522 -6.377668
v -10.089432 11.478159 -6.517670
v -10.023271 11.385750 -6.677397
v -9.951482 11.328844 -6.850710
v -9.985210 13.290414 -6.868738
v -10.089432 13.233507 -6.712760
v -10.185482 13.141098 -6.569011
v -10.269670 13.016736 -6.443011
v -10.338763 12.865198 -6.339608
v -10.390103 12.692312 -6.262773
v -10.421719 12.504719 -6.215457
v -10.432394 12.309628 -6.199481
v -10.421719 12.114538 -6.215457
v -10.390103 11.926946 -6.262773
v -10.338763 11.754058 -6.339608
v -10.269670 11.602522 -6.443011
v -10.185482 11.478159 -6.569011
v -10.089432 11.385750 -6.712760
v -9.985210 11.328844 -6.868738
v -10.014774 13.290414 -6.893000
v -10.147422 13.233507 -6.760351
v -10.269670 13.141098 -6.638103
v -10.376824 13.016736 -6.530951
v -10.464762 12.865198 -6.443012
v -10.530105 12.692312 -6.377668
v -10.570344 12.504719 -6.337431
v -10.583930 12.309628 -6.323844
v -10.570344 12.114538 -6.337431
v -10.530105 11.926946 -6.377668
v -10.464762 11.754058 -6.443012
v -10.376824 11.602522 -6.530951
v -10.269670 11.478159 -6.638103
v -10.147422 11.385750 -6.760351
v -10.014774 11.328844 -6.893000
v -10.039036 13.290414 -6.922564
v -10.195013 13.233507 -6.818343
v -10.338763 13.141098 -6.722292
v -10.464762 13.016736 -6.638102
v -10.568165 12.865198 -6.569011
v -10.645001 12.692312 -6.517670
v -10.692317 12.504719 -6.486055
v -10.708293 12.309628 -6.475381
v -10.692317 12.114538 -6.486055
v -10.645001 11.926946 -6.517670
v -10.568165 11.754058 -6.569011
v -10.464762 11.602522 -6.638102
v -10.338763 11.478159 -6.722292
v -10.195013 11.385750 -6.818343
v -10.039036 11.328844 -6.922564
v -10.057064 13.290414 -6.956291
v -10.230377 13.233507 -6.884502
v -10.390103 13.141098 -6.818343
v -10.530106 13.016736 -6.760351
v -10.645001 12.865198 -6.712760
v -10.730377 12.692312 -6.677397
v -10.782951 12.504719 -6.655620
v -10.800703 12.309628 -6.648267
v -10.782951 12.114538 -6.655620
v -10.730377 11.926946 -6.677397
v -10.645001 11.754058 -6.712760
v -10.530106 11.602522 -6.760351
v -10.390103 11.478159 -6.818343
v -10.230377 11.385750 -6.884502
v -10.057064 11.328844 -6.956291
v -10.068166 13.290414 -6.992889
v -10.252154 13.233507 -6.956291
v -10.421719 13.141098 -6.922564
v -10.570344 13.016736 -6.893000
v -10.692317 12.865198 -6.868738
v -10.782951 12.692312 -6.850710
v -10.838763 12.504719 -6.839609
v -10.857609 12.309628 -6.835859
v -10.838763 12.114538 -6.839609
v -10.782951 11.926946 -6.850710
v -10.692317 11.754058 -6.868738
v -10.570344 11.602522 -6.893000
v -10.421719 11.478159 -6.922564
v -10.252154 11.385750 -6.956291
v -10.068166 11.328844 -6.992889
v -10.071915 13.290414 -7.030951
v -10.259507 13.233507 -7.030951
v -10.432394 13.141098 -7.030951
v -10.583931 13.016736 -7.030951
v -10.708293 12.865198 -7.030951
v -10.800703 12.692312 -7.030951
v -10.857609 12.504719 -7.030951
v -10.876823 12.309628 -7.030951
v -10.857609 12.114538 -7.030951
v -10.800703 11.926946 -7.030951
v -10.708293 11.754058 -7.030951
v -10.583931 11.602522 -7.030951
v -10.432394 11.478159 -7.030951
v -10.259507 11.385750 -7.030951
v -10.071915 11.328844 -7.030951
v -10.068166 13.290414 -7.069010
v -10.252154 13.233507 -7.105607
v -10.421719 13.141098 -7.139336
v -10.570344 13.016736 -7.168899
v -10.692316 12.865198 -7.193161
v -10.782951 12.692312 -7.211190
v -10.838762 12.504719 -7.222291
v -10.857609 12.309628 -7.226040
v -10.838762 12.114538 -7.222291
v -10.782951 11.926946 -7.211190
v -10.692316 11.754058 -7.193161
v -10.570344 11.602522 -7.168899
v -10.421719 11.478159 -7.139336
v -10.252154 11.385750 -7.105607
v -10.068166 11.328844 -7.069010
v -10.057063 13.290414 -7.105607
v -10.230377 13.233507 -7.177396
v -10.390103 13.141098 -7.243557
v -10.530105 13.016736 -7.301547
v -10.645001 12.865198 -7.349140
v -10.730377 12.692312 -7.384502
v -10.782950 12.504719 -7.406281
v -10.800703 12.309628 -7.413633
v -10.782950 12.114538 -7.406281
v -10.730377 11.926946 -7.384502
v -10.645001 11.754058 -7.349140
v -10.530105 11.602522 -7.301547
v -10.390103 11.478159 -7.243557
v -10.230377 11.385750 -7.177396
v -10.057063 11.328844 -7.105607
v -10.039036 13.290414 -7.139336
v -10.195013 13.233507 -7.243557
v -10.338763 13.141098 -7.339607
v -10.464762 13.016736 -7.423798
v -10.568165 12.865198 -7.492889
v -10.645001 12.692312 -7.544230
v -10.692316 12.504719 -7.575845
v -10.708292 12.309628 -7.586519
v -10.692316 12.114538 -7.575845
v -10.645001 11.926946 -7.544230
v -10.568165 11.754058 -7.492889
v -10.464762 11.602522 -7.423798
v -10.338763 11.478159 -7.339607
v -10.195013 11.385750 -7.243557
v -10.039036 11.328844 -7.139336
v -10.014773 13.290414 -7.168899
v -10.147422 13.233507 -7.301547
v -10.269670 13.141098 -7.423798
v -10.376823 13.016736 -7.530950
v -10.464762 12.865198 -7.618887
v -10.530105 12.692312 -7.684232
v -10.570343 12.504719 -7.724469
v -10.583929 12.309628 -7.738056
v -10.570343 12.114538 -7.724469
v -10.530105 11.926946 -7.684232
v -10.464762 11.754058 -7.618887
v -10.376823 11.602522 -7.530950
v -10.269670 11.478159 -7.423798
v -10.147422 11.385750 -7.301547
v -10.014773 11.328844 -7.168899
v -9.985210 13.290414 -7.193161
v -10.089432 13.233507 -7.349138
v -10.185482 13.141098 -7.492889
v -10.269670 13.016736 -7.618887
v -10.338763 12.865198 -7.722292
v -10.390103 12.692312 -7.799128
v -10.421719 12.504719 -7.846443
v -10.432393 12.309628 -7.862419
v -10.421719 12.114538 -7.846443
v -10.390103 11.926946 -7.799128
v -10.338763 11.754058 -7.722292
v -10.269670 11.602522 -7.618887
v -10.185482 11.478159 -7.492889
v -10.089432 11.385750 -7.349138
v -9.985210 11.328844 -7.193161
v -9.951482 13.290414 -7.211190
v -10.023271 13.233507 -7.384502
v -10.089431 13.141098 -7.544230
v -10.147422 13.016736 -7.684232
v -10.195013 12.865198 -7.799128
v -10.230377 12.692312 -7.884503
v -10.252153 12.504719 -7.937078
v -10.259506 12.309628 -7.954828
v -10.252153 12.114538 -7.937078
v -10.230377 11.926946 -7.884503
v -10.195013 11.754058 -7.799128
v -10.147422 11.602522 -7.684232
v -10.089431 11.478159 -7.544230
v -10.023271 11.385750 -7.384502
v -9.951482 11.328844 -7.211190
v -9.914885 13.290414 -7.222291
v -9.951482 13.233507 -7.406281
v -9.985210 13.141098 -7.575845
v -10.014773 13.016736 -7.724469
v -10.039036 12.865198 -7.846443
v -10.057064 12.692312 -7.937078
v -10.068166 12.504719 -7.992889
v -10.071914 12.309628 -8.011734
v -10.068166 12.114538 -7.992889
v -10.057064 11.926946 -7.937078
v -10.039036 11.754058 -7.846443
v -10.014773 11.602522 -7.724469
v -9.985210 11.478159 -7.575845
v -9.951482 11.385750 -7.406281
v -9.914885 11.328844 -7.222291
v -9.876823 13.290414 -7.226039
v -9.876823 13.233507 -7.413633
v -9.876823 13.016736 -7.738056
v -9.876823 12.692312 -7.954828
v -9.876823 11.926946 -7.954828
v -9.876823 11.602522 -7.738056
v -9.876823 11.478159 -7.586519
v -9.876823 11.385750 -7.413633
v -9.876823 11.328844 -7.226039
v -9.876425 13.312546 -3.126423
v -9.876425 13.144016 -3.681992
v -9.876425 12.868116 -3.957891
v -9.876425 12.507637 -4.107208
v -9.876425 12.312547 -4.126423
v -9.876425 12.117456 -4.107208
v -9.876425 11.756976 -3.957891
v -9.876425 11.312547 -3.126423
v -9.838366 13.293332 -3.317764
v -9.801767 13.236425 -3.501753
v -9.768039 13.144016 -3.671316
v -9.738476 13.019653 -3.819942
v -9.714213 12.868116 -3.941916
v -9.696185 12.695230 -4.032549
v -9.685083 12.507637 -4.088362
v -9.681335 12.312547 -4.107208
v -9.685083 12.117456 -4.088362
v -9.696185 11.929863 -4.032549
v -9.714213 11.756976 -3.941916
v -9.738476 11.605440 -3.819942
v -9.768039 11.481077 -3.671316
v -9.801767 11.388667 -3.501753
v -9.838366 11.331761 -3.317764
v -9.801767 13.293332 -3.306662
v -9.729979 13.236425 -3.479977
v -9.663817 13.144016 -3.639702
v -9.605827 13.019653 -3.779703
v -9.558235 12.868116 -3.894600
v -9.522872 12.695230 -3.979975
v -9.501095 12.507637 -4.032549
v -9.493742 12.312547 -4.050303
v -9.501095 12.117456 -4.032549
v -9.522872 11.929863 -3.979975
v -9.558235 11.756976 -3.894600
v -9.605827 11.605440 -3.779703
v -9.663817 11.481077 -3.639702
v -9.729979 11.388667 -3.479977
v -9.801767 11.331761 -3.306662
v -9.768039 13.293332 -3.288633
v -9.663817 13.236425 -3.444613
v -9.567767 13.144016 -3.588362
v -9.483578 13.019653 -3.714359
v -9.414486 12.868116 -3.817764
v -9.363145 12.695230 -3.894600
v -9.331530 12.507637 -3.941916
v -9.320855 12.312547 -3.957891
v -9.331530 12.117456 -3.941916
v -9.363145 11.929863 -3.894600
v -9.414486 11.756976 -3.817764
v -9.483578 11.605440 -3.714359
v -9.567767 11.481077 -3.588362
v -9.663817 11.388667 -3.444613
v -9.768039 11.331761 -3.288633
v -9.738476 13.293332 -3.264372
v -9.605827 13.236425 -3.397020
v -9.483578 13.144016 -3.519268
v -9.376425 13.019653 -3.626421
v -9.288487 12.868116 -3.714359
v -9.223144 12.695230 -3.779703
v -9.182905 12.507637 -3.819942
v -9.169318 12.312547 -3.833529
v -9.182905 12.117456 -3.819942
v -9.223144 11.929863 -3.779703
v -9.288487 11.756976 -3.714359
v -9.376425 11.605440 -3.626421
v -9.483578 11.481077 -3.519268
v -9.605827 11.388667 -3.397020
v -9.738476 11.331761 -3.264372
v -9.714213 13.293332 -3.234810
v -9.558235 13.236425 -3.339029
v -9.414486 13.144016 -3.435081
v -9.288487 13.019653 -3.519268
v -9.185083 12.868116 -3.588362
v -9.108248 12.695230 -3.639702
v -9.060932 12.507637 -3.671316
v -9.044955 12.312547 -3.681992
v -9.060932 12.117456 -3.671316
v -9.108248 11.929863 -3.639702
v -9.185083 11.756976 -3.588362
v -9.288487 11.605440 -3.519268
v -9.414486 11.481077 -3.435081
v -9.558235 11.388667 -3.339029
v -9.714213 11.331761 -3.234810
v -9.696185 13.293332 -3.201080
v -9.522872 13.236425 -3.272869
v -9.363145 13.144016 -3.339029
v -9.223144 13.019653 -3.397020
v -9.108248 12.868116 -3.444613
v -9.022872 12.695230 -3.479977
v -8.970298 12.507637 -3.501753
v -8.952545 12.312547 -3.509106
v -8.970298 12.117456 -3.501753
v -9.022872 11.929863 -3.479977
v -9.108248 11.756976 -3.444613
v -9.223144 11.605440 -3.397020
v -9.363145 11.481077 -3.339029
v -9.522872 11.388667 -3.272869
v -9.696185 11.331761 -3.201080
v -9.685083 13.293332 -3.164482
v -9.501095 13.236425 -3.201080
v -9.331530 13.144016 -3.234810
v -9.182905 13.019653 -3.264372
v -9.060932 12.868116 -3.288633
v -8.970298 12.695230 -3.306662
v -8.914486 12.507637 -3.317762
v -8.895639 12.312547 -3.321512
v -8.914486 12.117456 -3.317762
v -8.970298 11.929863 -3.306662
v -9.060932 11.756976 -3.288633
v -9.182905 11.605440 -3.264372
v -9.331530 11.481077 -3.234810
v -9.501095 11.388667 -3.201080
v -9.685083 11.331761 -3.164482
v -9.681335 13.293332 -3.126423
v -9.493742 13.236425 -3.126423
v -9.320855 13.144016 -3.126423
v -9.169318 13.019653 -3.126423
v -9.044956 12.868116 -3.126423
v -8.952545 12.695230 -3.126423
v -8.895639 12.507637 -3.126423
v -8.876425 12.312547 -3.126423
v -8.895639 12.117456 -3.126423
v -8.952545 11.929863 -3.126423
v -9.044956 11.756976 -3.126423
v -9.169318 11.605440 -3.126423
v -9.320855 11.481077 -3.126423
v -9.493742 11.388667 -3.126423
v -9.681335 11.331761 -3.126423
v -9.685083 13.293332 -3.088362
v -9.501095 13.236425 -3.051764
v -9.331530 13.144016 -3.018036
v -9.182905 13.019653 -2.988472
v -9.060932 12.868116 -2.964211
v -8.970298 12.695230 -2.946182
v -8.914486 12.507637 -2.935080
v -8.895640 12.312547 -2.931332
v -8.914486 12.117456 -2.935080
v -8.970298 11.929863 -2.946182
v -9.060932 11.756976 -2.964211
v -9.182905 11.605440 -2.988472
v -9.331530 11.481077 -3.018036
v -9.501095 11.388667 -3.051764
v -9.685083 11.331761 -3.088362
v -9.696185 13.293332 -3.051764
v -9.522872 13.236425 -2.979975
v -9.363146 13.144016 -2.913815
v -9.223144 13.019653 -2.855824
v -9.108248 12.868116 -2.808231
v -9.022872 12.695230 -2.772869
v -8.970298 12.507637 -2.751091
v -8.952546 12.312547 -2.743738
v -8.970298 12.117456 -2.751091
v -9.022872 11.929863 -2.772869
v -9.108248 11.756976 -2.808231
v -9.223144 11.605440 -2.855824
v -9.363146 11.481077 -2.913815
v -9.522872 11.388667 -2.979975
v -9.696185 11.331761 -3.051764
v -9.714213 13.293332 -3.018036
v -9.558235 13.236425 -2.913815
v -9.414486 13.144016 -2.817764
v -9.288487 13.019653 -2.733574
v -9.185083 12.868116 -2.664482
v -9.108248 12.695230 -2.613142
v -9.060932 12.507637 -2.581528
v -9.044956 12.312547 -2.570850
v -9.060932 12.117456 -2.581528
v -9.108248 11.929863 -2.613142
v -9.185083 11.756976 -2.664482
v -9.288487 11.605440 -2.733574
v -9.414486 11.481077 -2.817764
v -9.558235 11.388667 -2.913815
v -9.714213 11.331761 -3.018036
v -9.738476 13.293332 -2.988472
v -9.605827 13.236425 -2.855824
v -9.483578 13.144016 -2.733574
v -9.376425 13.019653 -2.626423
v -9.288487 12.868116 -2.538485
v -9.223144 12.695230 -2.473141
v -9.182905 12.507637 -2.432901
v -9.169319 12.312547 -2.419315
v -9.182905 12.117456 -2.432901
v -9.223144 11.929863 -2.473141
v -9.288487 11.756976 -2.538485
v -9.376425 11.605440 -2.626423
v -9.483578 11.481077 -2.733574
v -9.605827 11.388667 -2.855824
v -9.738476 11.331761 -2.988472
v -9.768039 13.293332 -2.964211
v -9.663818 13.236425 -2.808231
v -9.567767 13.144016 -2.664482
v -9.483578 13.019653 -2.538485
v -9.414486 12.868116 -2.435080
v -9.363145 12.695230 -2.358244
v -9.331530 12.507637 -2.310928
v -9.320856 12.312547 -2.294952
v -9.331530 12.117456 -2.310928
v -9.363145 11.929863 -2.358244
v -9.414486 11.756976 -2.435080
v -9.483578 11.605440 -2.538485
v -9.567767 11.481077 -2.664482
v -9.663818 11.388667 -2.808231
v -9.768039 11.331761 -2.964211
v -9.801767 13.293332 -2.946182
v -9.729979 13.236425 -2.772869
v -9.663818 13.144016 -2.613142
v -9.605827 13.019653 -2.473141
v -9.558235 12.868116 -2.358244
v -9.522872 12.695230 -2.272869
v -9.501095 12.507637 -2.220295
v -9.493742 12.312547 -2.202543
v -9.501095 12.117456 -2.220295
v -9.522872 11.929863 -2.272869
v -9.558235 11.756976 -2.358244
v -9.605827 11.605440 -2.473141
v -9.663818 11.481077 -2.613142
v -9.729979 11.388667 -2.772869
v -9.801767 11.331761 -2.946182
v -9.838366 13.293332 -2.935081
v -9.801767 13.236425 -2.751091
v -9.768039 13.144016 -2.581528
v -9.738476 13.019653 -2.432901
v -9.714214 12.868116 -2.310928
v -9.696185 12.695230 -2.220295
v -9.685083 12.507637 -2.164482
v -9.681335 12.312547 -2.145638
v -9.685083 12.117456 -2.164482
v -9.696185 11.929863 -2.220295
v -9.714214 11.756976 -2.310928
v -9.738476 11.605440 -2.432901
v -9.768039 11.481077 -2.581528
v -9.801767 11.388667 -2.751091
v -9.838366 11.331761 -2.935081
v -9.876425 13.293332 -2.931332
v -9.876425 13.236425 -2.743738
v -9.876425 13.144016 -2.570850
v -9.876425 13.019653 -2.419315
v -9.876425 12.868116 -2.294952
v -9.876425 12.695230 -2.202543
v -9.876425 12.507637 -2.145638
v -9.876426 12.312547 -2.126423
v -9.876425 12.117456 -2.145638
v -9.876425 11.929863 -2.202543
v -9.876425 11.756976 -2.294952
v -9.876425 11.605440 -2.419315
v -9.876425 11.481077 -2.570850
v -9.876425 11.388667 -2.743738
v -9.876425 11.331761 -2.931332
v -9.914486 13.293332 -2.935081
v -9.951083 13.236425 -2.751091
v -9.984812 13.144016 -2.581528
v -10.014375 13.019653 -2.432903
v -10.038637 12.868116 -2.310928
v -10.056665 12.695230 -2.220295
v -10.067766 12.507637 -2.164482
v -10.071516 12.312547 -2.145638
v -10.067766 12.117456 -2.164482
v -10.056665 11.929863 -2.220295
v -10.038637 11.756976 -2.310928
v -10.014375 11.605440 -2.432903
v -9.984812 11.481077 -2.581528
v -9.951083 11.388667 -2.751091
v -9.914486 11.331761 -2.935081
v -9.951082 13.293332 -2.946182
v -10.022871 13.236425 -2.772869
v -10.089033 13.144016 -2.613144
v -10.147023 13.019653 -2.473141
v -10.194614 12.868116 -2.358244
v -10.229979 12.695230 -2.272869
v -10.251755 12.507637 -2.220295
v -10.259109 12.312547 -2.202543
v -10.251755 12.117456 -2.220295
v -10.229979 11.929863 -2.272869
v -10.194614 11.756976 -2.358244
v -10.147023 11.605440 -2.473141
v -10.089033 11.481077 -2.613144
v -10.022871 11.388667 -2.772869
v -9.951082 11.331761 -2.946182
v -9.984812 13.293332 -2.964211
v -10.089033 13.236425 -2.808231
v -10.185083 13.144016 -2.664482
v -10.269273 13.019653 -2.538485
v -10.338365 12.868116 -2.435080
v -10.389705 12.695230 -2.358244
v -10.421320 12.507637 -2.310928
v -10.431995 12.312547 -2.294952
v -10.421320 12.117456 -2.310928
v -10.389705 11.929863 -2.358244
v -10.338365 11.756976 -2.435080
v -10.269273 11.605440 -2.538485
v -10.185083 11.481077 -2.664482
v -10.089033 11.388667 -2.808231
v -9.984812 11.331761 -2.964211
v -10.014375 13.293332 -2.988472
v -10.147023 13.236425 -2.855824
v -10.269273 13.144016 -2.733574
v -10.376425 13.019653 -2.626423
v -10.464363 12.868116 -2.538485
v -10.529707 12.695230 -2.473141
v -10.569944 12.507637 -2.432903
v -10.583531 12.312547 -2.419315
v -10.569944 12.117456 -2.432903
v -10.529707 11.929863 -2.473141
v -10.464363 11.756976 -2.538485
v -10.376425 11.605440 -2.626423
v -10.269273 11.481077 -2.733574
v -10.147023 11.388667 -2.855824
v -10.014375 11.331761 -2.988472
v -10.038637 13.293332 -3.018036
v -10.194614 13.236425 -2.913815
v -10.338365 13.144016 -2.817764
v -10.464363 13.019653 -2.733574
v -10.567766 12.868116 -2.664482
v -10.644603 12.695230 -2.613142
v -10.691917 12.507637 -2.581528
v -10.707894 12.312547 -2.570852
v -10.691917 12.117456 -2.581528
v -10.644603 11.929863 -2.613142
v -10.567766 11.756976 -2.664482
v -10.464363 11.605440 -2.733574
v -10.338365 11.481077 -2.817764
v -10.194614 11.388667 -2.913815
v -10.038637 11.331761 -3.018036
v -10.056665 13.293332 -3.051764
v -10.229979 13.236425 -2.979975
v -10.389705 13.144016 -2.913815
v -10.529707 13.019653 -2.855824
v -10.644603 12.868116 -2.808233
v -10.729979 12.695230 -2.772869
v -10.782553 12.507637 -2.751091
v -10.800304 12.312547 -2.743738
v -10.782553 12.117456 -2.751091
v -10.729979 11.929863 -2.772869
v -10.644603 11.756976 -2.808233
v -10.529707 11.605440 -2.855824
v -10.389705 11.481077 -2.913815
v -10.229979 11.388667 -2.979975
v -10.056665 11.331761 -3.051764
v -10.067766 13.293332 -3.088362
v -10.251755 13.236425 -3.051764
v -10.421320 13.144016 -3.018036
v -10.569944 13.019653 -2.988472
v -10.691917 12.868116 -2.964211
v -10.782553 12.695230 -2.946182
v -10.838365 12.507637 -2.935081
v -10.857210 12.312547 -2.931332
v -10.838365 12.117456 -2.935081
v -10.782553 11.929863 -2.946182
v -10.691917 11.756976 -2.964211
v -10.569944 11.605440 -2.988472
v -10.421320 11.481077 -3.018036
v -10.251755 11.388667 -3.051764
v -10.067766 11.331761 -3.088362
v -10.071516 13.293332 -3.126423
v -10.259109 13.236425 -3.126423
v -10.431995 13.144016 -3.126423
v -10.583531 13.019653 -3.126423
v -10.707894 12.868116 -3.126423
v -10.800304 12.695230 -3.126423
v -10.857210 12.507637 -3.126423
v -10.876425 12.312547 -3.126423
v -10.857210 12.117456 -3.126423
v -10.800304 11.929863 -3.126423
v -10.707894 11.756976 -3.126423
v -10.583531 11.605440 -3.126423
v -10.431995 11.481077 -3.126423
v -10.259109 11.388667 -3.126423
v -10.071516 11.331761 -3.126423
v -10.067766 13.293332 -3.164482
v -10.251755 13.236425 -3.201080
v -10.421320 13.144016 -3.234810
v -10.569944 13.019653 -3.264372
v -10.691917 12.868116 -3.288633
v -10.782553 12.695230 -3.306662
v -10.838365 12.507637 -3.317764
v -10.857209 12.312547 -3.321512
v -10.838365 12.117456 -3.317764
v -10.782553 11.929863 -3.306662
v -10.691917 11.756976 -3.288633
v -10.569944 11.605440 -3.264372
v -10.421320 11.481077 -3.234810
v -10.251755 11.388667 -3.201080
v -10.067766 11.331761 -3.164482
v -10.056665 13.293332 -3.201080
v -10.229979 13.236425 -3.272869
v -10.389705 13.144016 -3.339029
v -10.529707 13.019653 -3.397020
v -10.644602 12.868116 -3.444613
v -10.729979 12.695230 -3.479977
v -10.782553 12.507637 -3.501753
v -10.800303 12.312547 -3.509106
v -10.782553 12.117456 -3.501753
v -10.729979 11.929863 -3.479977
v -10.644602 11.756976 -3.444613
v -10.529707 11.605440 -3.397020
v -10.389705 11.481077 -3.339029
v -10.229979 11.388667 -3.272869
v -10.056665 11.331761 -3.201080
v -10.038637 13.293332 -3.234810
v -10.194614 13.236425 -3.339029
v -10.338365 13.144016 -3.435081
v -10.464363 13.019653 -3.519268
v -10.567766 12.868116 -3.588362
v -10.644603 12.695230 -3.639702
v -10.691917 12.507637 -3.671316
v -10.707893 12.312547 -3.681992
v -10.691917 12.117456 -3.671316
v -10.644603 11.929863 -3.639702
v -10.567766 11.756976 -3.588362
v -10.464363 11.605440 -3.519268
v -10.338365 11.481077 -3.435081
v -10.194614 11.388667 -3.339029
v -10.038637 11.331761 -3.234810
v -10.014375 13.293332 -3.264372
v -10.147023 13.236425 -3.397020
v -10.269272 13.144016 -3.519268
v -10.376425 13.019653 -3.626421
v -10.464363 12.868116 -3.714359
v -10.529707 12.695230 -3.779703
v -10.569944 12.507637 -3.819941
v -10.583530 12.312547 -3.833529
v -10.569944 12.117456 -3.819941
v -10.529707 11.929863 -3.779703
v -10.464363 11.756976 -3.714359
v -10.376425 11.605440 -3.626421
v -10.269272 11.481077 -3.519268
v -10.147023 11.388667 -3.397020
v -10.014375 11.331761 -3.264372
v -9.984812 13.293332 -3.288633
v -10.089032 13.236425 -3.444613
v -10.185083 13.144016 -3.588362
v -10.269273 13.019653 -3.714359
v -10.338365 12.868116 -3.817764
v -10.389705 12.695230 -3.894600
v -10.421320 12.507637 -3.941916
v -10.431994 12.312547 -3.957891
v -10.421320 12.117456 -3.941916
v -10.389705 11.929863 -3.894600
v -10.338365 11.756976 -3.817764
v -10.269273 11.605440 -3.714359
v -10.185083 11.481077 -3.588362
v -10.089032 11.388667 -3.444613
v -9.984812 11.331761 -3.288633
v -9.951082 13.293332 -3.306662
v -10.022871 13.236425 -3.479977
v -10.089032 13.144016 -3.639702
v -10.147023 13.019653 -3.779703
v -10.194614 12.868116 -3.894600
v -10.229979 12.695230 -3.979975
v -10.251755 12.507637 -4.032549
v -10.259108 12.312547 -4.050301
v -10.251755 12.117456 -4.032549
v -10.229979 11.929863 -3.979975
v -10.194614 11.756976 -3.894600
v -10.147023 11.605440 -3.779703
v -10.089032 11.481077 -3.639702
v -10.022871 11.388667 -3.479977
v -9.951082 11.331761 -3.306662
v -9.914486 13.293332 -3.317762
v -9.951082 13.236425 -3.501753
v -9.984811 13.144016 -3.671316
v -10.014375 13.019653 -3.819941
v -10.038637 12.868116 -3.941916
v -10.056665 12.695230 -4.032549
v -10.067766 12.507637 -4.088361
v -10.071514 12.312547 -4.107206
v -10.067766 12.117456 -4.088361
v -10.056665 11.929863 -4.032549
v -10.038637 11.756976 -3.941916
v -10.014375 11.605440 -3.819941
v -9.984811 11.481077 -3.671316
v -9.951082 11.388667 -3.501753
v -9.914486 11.331761 -3.317762
v -9.876425 13.293332 -3.321512
v -9.876425 13.236425 -3.509106
v -9.876425 13.019653 -3.833529
v -9.876425 12.695230 -4.050301
v -9.876425 11.929863 -4.050301
v -9.876425 11.605440 -3.833529
v -9.876425 11.481077 -3.681992
v -9.876425 11.388667 -3.509106
v -9.876425 11.331761 -3.321512
v -9.876425 13.312546 7.612282
v -9.876425 13.144016 7.056711
v -9.876425 12.868116 6.780811
v -9.876425 12.507637 6.631496
v -9.876425 12.312547 6.612282
v -9.876425 12.117456 6.631496
v -9.876425 11.756976 6.780811
v -9.876425 11.312547 7.612282
v -9.838366 13.293332 7.420940
v -9.801767 13.236425 7.236954
v -9.768039 13.144016 7.067387
v -9.738476 13.019653 6.918762
v -9.714213 12.868116 6.796787
v -9.696185 12.695230 6.706156
v -9.685083 12.507637 6.650343
v -9.681335 12.312547 6.631496
v -9.685083 12.117456 6.650343
v -9.696185 11.929863 6.706156
v -9.714213 11.756976 6.796787
v -9.738476 11.605440 6.918762
v -9.768039 11.481077 7.067387
v -9.801767 11.388667 7.236954
v -9.838366 11.331761 7.420940
v -9.801767 13.293332 7.432043
v -9.729979 13.236425 7.258728
v -9.663817 13.144016 7.099003
v -9.605827 13.019653 6.959002
v -9.558235 12.868116 6.844103
v -9.522872 12.695230 6.758728
v -9.501095 12.507637 6.706156
v -9.493742 12.312547 6.688404
v -9.501095 12.117456 6.706156
v -9.522872 11.929863 6.758728
v -9.558235 11.756976 6.844103
v -9.605827 11.605440 6.959002
v -9.663817 11.481077 7.099003
v -9.729979 11.388667 7.258728
v -9.801767 11.331761 7.432043
v -9.768039 13.293332 7.450069
v -9.663817 13.236425 7.294094
v -9.567767 13.144016 7.150341
v -9.483578 13.019653 7.024345
v -9.414486 12.868116 6.920940
v -9.363145 12.695230 6.844103
v -9.331530 12.507637 6.796787
v -9.320855 12.312547 6.780811
v -9.331530 12.117456 6.796787
v -9.363145 11.929863 6.844103
v -9.414486 11.756976 6.920940
v -9.483578 11.605440 7.024345
v -9.567767 11.481077 7.150341
v -9.663817 11.388667 7.294094
v -9.768039 11.331761 7.450069
v -9.738476 13.293332 7.474331
v -9.605827 13.236425 7.341682
v -9.483578 13.144016 7.219435
v -9.376425 13.019653 7.112282
v -9.288487 12.868116 7.024345
v -9.223144 12.695230 6.959002
v -9.182905 12.507637 6.918762
v -9.169318 12.312547 6.905174
v -9.182905 12.117456 6.918762
v -9.223144 11.929863 6.959002
v -9.288487 11.756976 7.024345
v -9.376425 11.605440 7.112282
v -9.483578 11.481077 7.219435
v -9.605827 11.388667 7.341682
v -9.738476 11.331761 7.474331
v -9.714213 13.293332 7.503895
v -9.558235 13.236425 7.399673
v -9.414486 13.144016 7.303623
v -9.288487 13.019653 7.219435
v -9.185083 12.868116 7.150341
v -9.108248 12.695230 7.099003
v -9.060932 12.507637 7.067387
v -9.044955 12.312547 7.056711
v -9.060932 12.117456 7.067387
v -9.108248 11.929863 7.099003
v -9.185083 11.756976 7.150341
v -9.288487 11.605440 7.219435
v -9.414486 11.481077 7.303623
v -9.558235 11.388667 7.399673
v -9.714213 11.331761 7.503895
v -9.696185 13.293332 7.537624
v -9.522872 13.236425 7.465836
v -9.363145 13.144016 7.399673
v -9.223144 13.019653 7.341682
v -9.108248 12.868116 7.294094
v -9.022872 12.695230 7.258728
v -8.970298 12.507637 7.236954
v -8.952545 12.312547 7.229599
v -8.970298 12.117456 7.236954
v -9.022872 11.929863 7.258728
v -9.108248 11.756976 7.294094
v -9.223144 11.605440 7.341682
v -9.363145 11.481077 7.399673
v -9.522872 11.388667 7.465836
v -9.696185 11.331761 7.537624
v -9.685083 13.293332 7.574223
v -9.501095 13.236425 7.537624
v -9.331530 13.144016 7.503895
v -9.182905 13.019653 7.474331
v -9.060932 12.868116 7.450069
v -8.970298 12.695230 7.432043
v -8.914486 12.507637 7.420940
v -8.895639 12.312547 7.417191
v -8.914486 12.117456 7.420940
v -8.970298 11.929863 7.432043
v -9.060932 11.756976 7.450069
v -9.182905 11.605440 7.474331
v -9.331530 11.481077 7.503895
v -9.501095 11.388667 7.537624
v -9.685083 11.331761 7.574223
v -9.681335 13.293332 7.612282
v -9.493742 13.236425 7.612282
v -9.320855 13.144016 7.612282
v -9.169318 13.019653 7.612282
v -9.044956 12.868116 7.612282
v -8.952545 12.695230 7.612282
v -8.895639 12.507637 7.612282
v -8.876425 12.312547 7.612282
v -8.895639 12.117456 7.612282
v -8.952545 11.929863 7.612282
v -9.044956 11.756976 7.612282
v -9.169318 11.605440 7.612282
v -9.320855 11.481077 7.612282
v -9.493742 11.388667 7.612282
v -9.681335 11.331761 7.612282
v -9.685083 13.293332 7.650341
v -9.501095 13.236425 7.686939
v -9.331530 13.144016 7.720669
v -9.182905 13.019653 7.750233
v -9.060932 12.868116 7.774494
v -8.970298 12.695230 7.792521
v -8.914486 12.507637 7.803623
v -8.895640 12.312547 7.807373
v -8.914486 12.117456 7.803623
v -8.970298 11.929863 7.792521
v -9.060932 11.756976 7.774494
v -9.182905 11.605440 7.750233
v -9.331530 11.481077 7.720669
v -9.501095 11.388667 7.686939
v -9.685083 11.331761 7.650341
v -9.696185 13.293332 7.686939
v -9.522872 13.236425 7.758728
v -9.363146 13.144016 7.824890
v -9.223144 13.019653 7.882881
v -9.108248 12.868116 7.930470
v -9.022872 12.695230 7.965836
v -8.970298 12.507637 7.987610
v -8.952546 12.312547 7.994967
v -8.970298 12.117456 7.987610
v -9.022872 11.929863 7.965836
v -9.108248 11.756976 7.930470
v -9.223144 11.605440 7.882881
v -9.363146 11.481077 7.824890
v -9.522872 11.388667 7.758728
v -9.696185 11.331761 7.686939
v -9.714213 13.293332 7.720669
v -9.558235 13.236425 7.824890
v -9.414486 13.144016 7.920940
v -9.288487 13.019653 8.005129
v -9.185083 12.868116 8.074223
v -9.108248 12.695230 8.125561
v -9.060932 12.507637 8.157177
v -9.044956 12.312547 8.167852
v -9.060932 12.117456 8.157177
v -9.108248 11.929863 8.125561
v -9.185083 11.756976 8.074223
v -9.288487 11.605440 8.005129
v -9.414486 11.481077 7.920940
v -9.558235 11.388667 7.824890
v -9.714213 11.331761 7.720669
v -9.738476 13.293332 7.750233
v -9.605827 13.236425 7.882881
v -9.483578 13.144016 8.005129
v -9.376425 13.019653 8.112282
v -9.288487 12.868116 8.200218
v -9.223144 12.695230 8.265562
v -9.182905 12.507637 8.305801
v -9.169319 12.312547 8.319389
v -9.182905 12.117456 8.305801
v -9.223144 11.929863 8.265562
v -9.288487 11.756976 8.200218
v -9.376425 11.605440 8.112282
v -9.483578 11.481077 8.005129
v -9.605827 11.388667 7.882881
v -9.738476 11.331761 7.750233
v -9.768039 13.293332 7.774494
v -9.663818 13.236425 7.930470
v -9.567767 13.144016 8.074223
v -9.483578 13.019653 8.200218
v -9.414486 12.868116 8.303623
v -9.363145 12.695230 8.380461
v -9.331530 12.507637 8.427773
v -9.320856 12.312547 8.443752
v -9.331530 12.117456 8.427773
v -9.363145 11.929863 8.380461
v -9.414486 11.756976 8.303623
v -9.483578 11.605440 8.200218
v -9.567767 11.481077 8.074223
v -9.663818 11.388667 7.930470
v -9.768039 11.331761 7.774494
v -9.801767 13.293332 7.792521
v -9.729979 13.236425 7.965836
v -9.663818 13.144016 8.125561
v -9.605827 13.019653 8.265562
v -9.558235 12.868116 8.380461
v -9.522872 12.695230 8.465834
v -9.501095 12.507637 8.518408
v -9.493742 12.312547 8.536160
v -9.501095 12.117456 8.518408
v -9.522872 11.929863 8.465834
v -9.558235 11.756976 8.380461
v -9.605827 11.605440 8.265562
v -9.663818 11.481077 8.125561
v -9.729979 11.388667 7.965836
v -9.801767 11.331761 7.792521
v -9.838366 13.293332 7.803623
v -9.801767 13.236425 7.987610
v -9.768039 13.144016 8.157177
v -9.738476 13.019653 8.305801
v -9.714214 12.868116 8.427773
v -9.696185 12.695230 8.518408
v -9.685083 12.507637 8.574221
v -9.681335 12.312547 8.593067
v -9.685083 12.117456 8.574221
v -9.696185 11.929863 8.518408
v -9.714214 11.756976 8.427773
v -9.738476 11.605440 8.305801
v -9.768039 11.481077 8.157177
v -9.801767 11.388667 7.987610
v -9.838366 11.331761 7.803623
v -9.876425 13.293332 7.807373
v -9.876425 13.236425 7.994967
v -9.876425 13.144016 8.167852
v -9.876425 13.019653 8.319389
v -9.876425 12.868116 8.443752
v -9.876425 12.695230 8.536160
v -9.876425 12.507637 8.593067
v -9.876426 12.312547 8.612282
v -9.876425 12.117456 8.593067
v -9.876425 11.929863 8.536160
v -9.876425 11.756976 8.443752
v -9.876425 11.605440 8.319389
v -9.876425 11.481077 8.167852
v -9.876425 11.388667 7.994967
v -9.876425 11.331761 7.807373
v -9.914486 13.293332 7.803623
v -9.951083 13.236425 7.987610
v -9.984812 13.144016 8.157177
v -10.014375 13.019653 8.305801
v -10.038637 12.868116 8.427773
v -10.056665 12.695230 8.518408
v -10.067766 12.507637 8.574221
v -10.071516 12.312547 8.593067
v -10.067766 12.117456 8.574221
v -10.056665 11.929863 8.518408
v -10.038637 11.756976 8.427773
v -10.014375 11.605440 8.305801
v -9.984812 11.481077 8.157177
v -9.951083 11.388667 7.987610
v -9.914486 11.331761 7.803623
v -9.951082 13.293332 7.792521
v -10.022871 13.236425 7.965836
v -10.089033 13.144016 8.125561
v -10.147023 13.019653 8.265562
v -10.194614 12.868116 8.380459
v -10.229979 12.695230 8.465834
v -10.251755 12.507637 8.518408
v -10.259109 12.312547 8.536160
v -10.251755 12.117456 8.518408
v -10.229979 11.929863 8.465834
v -10.194614 11.756976 8.380459
v -10.147023 11.605440 8.265562
v -10.089033 11.481077 8.125561
v -10.022871 11.388667 7.965836
v -9.951082 11.331761 7.792521
v -9.984812 13.293332 7.774494
v -10.089033 13.236425 7.930470
v -10.185083 13.144016 8.074223
v -10.269273 13.019653 8.200218
v -10.338365 12.868116 8.303623
v -10.389705 12.695230 8.380461
v -10.421320 12.507637 8.427773
v -10.431995 12.312547 8.443748
v -10.421320 12.117456 8.427773
v -10.389705 11.929863 8.380461
v -10.338365 11.756976 8.303623
v -10.269273 11.605440 8.200218
v -10.185083 11.481077 8.074223
v -10.089033 11.388667 7.930470
v -9.984812 11.331761 7.774494
v -10.014375 13.293332 7.750233
v -10.147023 13.236425 7.882881
v -10.269273 13.144016 8.005129
v -10.376425 13.019653 8.112282
v -10.464363 12.868116 8.200218
v -10.529707 12.695230 8.265562
v -10.569944 12.507637 8.305801
v -10.583531 12.312547 8.319386
v -10.569944 12.117456 8.305801
v -10.529707 11.929863 8.265562
v -10.464363 11.756976 8.200218
v -10.376425 11.605440 8.112282
v -10.269273 11.481077 8.005129
v -10.147023 11.388667 7.882881
v -10.014375 11.331761 7.750233
v -10.038637 13.293332 7.720669
v -10.194614 13.236425 7.824890
v -10.338365 13.144016 7.920940
v -10.464363 13.019653 8.005129
v -10.567766 12.868116 8.074223
v -10.644603 12.695230 8.125561
v -10.691917 12.507637 8.157175
v -10.707894 12.312547 8.167852
v -10.691917 12.117456 8.157175
v -10.644603 11.929863 8.125561
v -10.567766 11.756976 8.074223
v -10.464363 11.605440 8.005129
v -10.338365 11.481077 7.920940
v -10.194614 11.388667 7.824890
v -10.038637 11.331761 7.720669
v -10.056665 13.293332 7.686939
v -10.229979 13.236425 7.758728
v -10.389705 13.144016 7.824890
v -10.529707 13.019653 7.882881
v -10.644603 12.868116 7.930470
v -10.729979 12.695230 7.965836
v -10.782553 12.507637 7.987610
v -10.800304 12.312547 7.994965
v -10.782553 12.117456 7.987610
v -10.729979 11.929863 7.965836
v -10.644603 11.756976 7.930470
v -10.529707 11.605440 7.882881
v -10.389705 11.481077 7.824890
v -10.229979 11.388667 7.758728
v -10.056665 11.331761 7.686939
v -10.067766 13.293332 7.650341
v -10.251755 13.236425 7.686939
v -10.421320 13.144016 7.720669
v -10.569944 13.019653 7.750233
v -10.691917 12.868116 7.774494
v -10.782553 12.695230 7.792521
v -10.838365 12.507637 7.803623
v -10.857210 12.312547 7.807373
v -10.838365 12.117456 7.803623
v -10.782553 11.929863 7.792521
v -10.691917 11.756976 7.774494
v -10.569944 11.605440 7.750233
v -10.421320 11.481077 7.720669
v -10.251755 11.388667 7.686939
v -10.067766 11.331761 7.650341
v -10.071516 13.293332 7.612282
v -10.259109 13.236425 7.612282
v -10.431995 13.144016 7.612282
v -10.583531 13.019653 7.612282
v -10.707894 12.868116 7.612282
v -10.800304 12.695230 7.612282
v -10.857210 12.507637 7.612282
v -10.876425 12.312547 7.612282
v -10.857210 12.117456 7.612282
v -10.800304 11.929863 7.612282
v -10.707894 11.756976 7.612282
v -10.583531 11.605440 7.612282
v -10.431995 11.481077 7.612282
v -10.259109 11.388667 7.612282
v -10.071516 11.331761 7.612282
v -10.067766 13.293332 7.574223
v -10.251755 13.236425 7.537624
v -10.421320 13.144016 7.503895
v -10.569944 13.019653 7.474331
v -10.691917 12.868116 7.450069
v -10.782553 12.695230 7.432043
v -10.838365 12.507637 7.420940
v -10.857209 12.312547 7.417191
v -10.838365 12.117456 7.420940
v -10.782553 11.929863 7.432043
v -10.691917 11.756976 7.450069
v -10.569944 11.605440 7.474331
v -10.421320 11.481077 7.503895
v -10.251755 11.388667 7.537624
v -10.067766 11.331761 7.574223
v -10.056665 13.293332 7.537624
v -10.229979 13.236425 7.465836
v -10.389705 13.144016 7.399673
v -10.529707 13.019653 7.341682
v -10.644602 12.868116 7.294094
v -10.729979 12.695230 7.258728
v -10.782553 12.507637 7.236954
v -10.800303 12.312547 7.229597
v -10.782553 12.117456 7.236954
v -10.729979 11.929863 7.258728
v -10.644602 11.756976 7.294094
v -10.529707 11.605440 7.341682
v -10.389705 11.481077 7.399673
v -10.229979 11.388667 7.465836
v -10.056665 11.331761 7.537624
v -10.038637 13.293332 7.503895
v -10.194614 13.236425 7.399673
v -10.338365 13.144016 7.303623
v -10.464363 13.019653 7.219435
v -10.567766 12.868116 7.150341
v -10.644603 12.695230 7.099003
v -10.691917 12.507637 7.067387
v -10.707893 12.312547 7.056711
v -10.691917 12.117456 7.067387
v -10.644603 11.929863 7.099003
v -10.567766 11.756976 7.150341
v -10.464363 11.605440 7.219435
v -10.338365 11.481077 7.303623
v -10.194614 11.388667 7.399673
v -10.038637 11.331761 7.503895
v -10.014375 13.293332 7.474331
v -10.147023 13.236425 7.341682
v -10.269272 13.144016 7.219435
v -10.376425 13.019653 7.112282
v -10.464363 12.868116 7.024345
v -10.529707 12.695230 6.959002
v -10.569944 12.507637 6.918762
v -10.583530 12.312547 6.905174
v -10.569944 12.117456 6.918762
v -10.529707 11.929863 6.959002
v -10.464363 11.756976 7.024345
v -10.376425 11.605440 7.112282
v -10.269272 11.481077 7.219435
v -10.147023 11.388667 7.341682
v -10.014375 11.331761 7.474331
v -9.984812 13.293332 7.450069
v -10.089032 13.236425 7.294094
v -10.185083 13.144016 7.150341
v -10.269273 13.019653 7.024345
v -10.338365 12.868116 6.920940
v -10.389705 12.695230 6.844105
v -10.421320 12.507637 6.796791
v -10.431994 12.312547 6.780815
v -10.421320 12.117456 6.796791
v -10.389705 11.929863 6.844105
v -10.338365 11.756976 6.920940
v -10.269273 11.605440 7.024345
v -10.185083 11.481077 7.150341
v -10.089032 11.388667 7.294094
v -9.984812 11.331761 7.450069
v -9.951082 13.293332 7.432043
v -10.022871 13.236425 7.258728
v -10.089032 13.144016 7.099003
v -10.147023 13.019653 6.959002
v -10.194614 12.868116 6.844105
v -10.229979 12.695230 6.758730
v -10.251755 12.507637 6.706156
v -10.259108 12.312547 6.688404
v -10.251755 12.117456 6.706156
v -10.229979 11.929863 6.758730
v -10.194614 11.756976 6.844105
v -10.147023 11.605440 6.959002
v -10.089032 11.481077 7.099003
v -10.022871 11.388667 7.258728
v -9.951082 11.331761 7.432043
v -9.914486 13.293332 7.420940
v -9.951082 13.236425 7.236954
v -9.984811 13.144016 7.067389
v -10.014375 13.019653 6.918762
v -10.038637 12.868116 6.796791
v -10.056665 12.695230 6.706156
v -10.067766 12.507637 6.650343
v -10.071514 12.312547 6.631496
v -10.067766 12.117456 6.650343
v -10.056665 11.929863 6.706156
v -10.038637 11.756976 6.796791
v -10.014375 11.605440 6.918762
v -9.984811 11.481077 7.067389
v -9.951082 11.388667 7.236954
v -9.914486 11.331761 7.420940
v -9.876425 13.293332 7.417191
v -9.876425 13.236425 7.229599
v -9.876425 13.019653 6.905174
v -9.876425 12.695230 6.688404
v -9.876425 11.929863 6.688404
v -9.876425 11.605440 6.905174
v -9.876425 11.481077 7.056711
v -9.876425 11.388667 7.229599
v -9.876425 11.331761 7.417191
v -9.923153 9.779594 -7.788402
v -9.923153 11.779594 -7.788402
v -9.776836 9.779594 -7.773991
v -9.776836 11.779594 -7.773991
v -9.636141 9.779594 -7.731312
v -9.636141 11.779594 -7.731312
v -9.506475 9.779594 -7.662004
v -9.506475 11.779594 -7.662004
v -9.392824 9.779594 -7.568732
v -9.392824 11.779594 -7.568732
v -9.299551 9.779594 -7.455080
v -9.299551 11.779594 -7.455080
v -9.230244 9.779594 -7.325414
v -9.230244 11.779594 -7.325414
v -9.187565 9.779594 -7.184720
v -9.187565 11.779594 -7.184720
v -9.173153 9.779594 -7.038402
v -9.173153 11.779594 -7.038402
v -9.187565 9.779594 -6.892083
v -9.187565 11.779594 -6.892083
v -9.230244 9.779594 -6.751390
v -9.230244 11.779594 -6.751390
v -9.299551 9.779594 -6.621723
v -9.299551 11.779594 -6.621723
v -9.392824 9.779594 -6.508071
v -9.392824 11.779594 -6.508071
v -9.506475 9.779594 -6.414799
v -9.506475 11.779594 -6.414799
v -9.636141 9.779594 -6.345491
v -9.636141 11.779594 -6.345491
v -9.776836 9.779594 -6.302813
v -9.776836 11.779594 -6.302813
v -9.923153 9.779594 -6.288402
v -9.923153 11.779594 -6.288402
v -10.069471 9.779594 -6.302813
v -10.069471 11.779594 -6.302813
v -10.210166 9.779594 -6.345491
v -10.210166 11.779594 -6.345491
v -10.339831 9.779594 -6.414799
v -10.339831 11.779594 -6.414799
v -10.453484 9.779594 -6.508071
v -10.453484 11.779594 -6.508071
v -10.546756 9.779594 -6.621723
v -10.546756 11.779594 -6.621723
v -10.616063 9.779594 -6.751390
v -10.616063 11.779594 -6.751390
v -10.658743 9.779594 -6.892083
v -10.658743 11.779594 -6.892083
v -10.673153 9.779594 -7.038402
v -10.673153 11.779594 -7.038402
v -10.658743 9.779594 -7.184720
v -10.658743 11.779594 -7.184720
v -10.616063 9.779594 -7.325414
v -10.616063 11.779594 -7.325414
v -10.546756 9.779594 -7.455080
v -10.546756 11.779594 -7.455080
v -10.453484 9.779594 -7.568732
v -10.453484 11.779594 -7.568732
v -10.339831 9.779594 -7.662004
v -10.339831 11.779594 -7.662004
v -10.210166 9.779594 -7.731312
v -10.210166 11.779594 -7.731312
v -10.069471 9.779594 -7.773991
v -10.069471 11.779594 -7.773991
v -9.887421 9.779594 -3.874973
v -9.887421 11.779594 -3.874973
v -9.741103 9.779594 -3.860563
v -9.741103 11.779594 -3.860563
v -9.600409 9.779594 -3.817884
v -9.600409 11.779594 -3.817884
v -9.470743 9.779594 -3.748577
v -9.470743 11.779594 -3.748577
v -9.357091 9.779594 -3.655304
v -9.357091 11.779594 -3.655304
v -9.263819 9.779594 -3.541653
v -9.263819 11.779594 -3.541653
v -9.194511 9.779594 -3.411987
v -9.194511 11.779594 -3.411987
v -9.151833 9.779594 -3.271294
v -9.151833 11.779594 -3.271294
v -9.137421 9.779594 -3.124973
v -9.137421 11.779594 -3.124973
v -9.151833 9.779594 -2.978657
v -9.151833 11.779594 -2.978657
v -9.194511 9.779594 -2.837963
v -9.194511 11.779594 -2.837963
v -9.263819 9.779594 -2.708296
v -9.263819 11.779594 -2.708296
v -9.357091 9.779594 -2.594643
v -9.357091 11.779594 -2.594643
v -9.470743 9.779594 -2.501371
v -9.470743 11.779594 -2.501371
v -9.600409 9.779594 -2.432064
v -9.600409 11.779594 -2.432064
v -9.741103 9.779594 -2.389385
v -9.741103 11.779594 -2.389385
v -9.887421 9.779594 -2.374973
v -9.887421 11.779594 -2.374973
v -10.033739 9.779594 -2.389385
v -10.033739 11.779594 -2.389385
v -10.174434 9.779594 -2.432064
v -10.174434 11.779594 -2.432064
v -10.304098 9.779594 -2.501371
v -10.304098 11.779594 -2.501371
v -10.417751 9.779594 -2.594643
v -10.417751 11.779594 -2.594643
v -10.511024 9.779594 -2.708296
v -10.511024 11.779594 -2.708296
v -10.580331 9.779594 -2.837963
v -10.580331 11.779594 -2.837963
v -10.623011 9.779594 -2.978657
v -10.623011 11.779594 -2.978657
v -10.637421 9.779594 -3.124973
v -10.637421 11.779594 -3.124973
v -10.623011 9.779594 -3.271294
v -10.623011 11.779594 -3.271294
v -10.580331 9.779594 -3.411987
v -10.580331 11.779594 -3.411987
v -10.511024 9.779594 -3.541653
v -10.511024 11.779594 -3.541653
v -10.417751 9.779594 -3.655304
v -10.417751 11.779594 -3.655304
v -10.304098 9.779594 -3.748577
v -10.304098 11.779594 -3.748577
v -10.174434 9.779594 -3.817884
v -10.174434 11.779594 -3.817884
v -10.033739 9.779594 -3.860563
v -10.033739 11.779594 -3.860563
v -9.887421 9.779594 6.864449
v -9.887421 11.779594 6.864449
v -9.741103 9.779594 6.878859
v -9.741103 11.779594 6.878859
v -9.600409 9.779594 6.921539
v -9.600409 11.779594 6.921539
v -9.470743 9.779594 6.990845
v -9.470743 11.779594 6.990845
v -9.357091 9.779594 7.084118
v -9.357091 11.779594 7.084118
v -9.263819 9.779594 7.197771
v -9.263819 11.779594 7.197771
v -9.194511 9.779594 7.327435
v -9.194511 11.779594 7.327435
v -9.151833 9.779594 7.468128
v -9.151833 11.779594 7.468128
v -9.137421 9.779594 7.614449
v -9.137421 11.779594 7.614449
v -9.151833 9.779594 7.760765
v -9.151833 11.779594 7.760765
v -9.194511 9.779594 7.901459
v -9.194511 11.779594 7.901459
v -9.263819 9.779594 8.031124
v -9.263819 11.779594 8.031124
v -9.357091 9.779594 8.144779
v -9.357091 11.779594 8.144779
v -9.470743 9.779594 8.238050
v -9.470743 11.779594 8.238050
v -9.600409 9.779594 8.307356
v -9.600409 11.779594 8.307356
v -9.741103 9.779594 8.350037
v -9.741103 11.779594 8.350037
v -9.887421 9.779594 8.364449
v -9.887421 11.779594 8.364449
v -10.033739 9.779594 8.350037
v -10.033739 11.779594 8.350037
v -10.174434 9.779594 8.307356
v -10.174434 11.779594 8.307356
v -10.304098 9.779594 8.238050
v -10.304098 11.779594 8.238050
v -10.417751 9.779594 8.144779
v -10.417751 11.779594 8.144779
v -10.511024 9.779594 8.031124
v -10.511024 11.779594 8.031124
v -10.580331 9.779594 7.901459
v -10.580331 11.779594 7.901459
v -10.623011 9.779594 7.760765
v -10.623011 11.779594 7.760765
v -10.637421 9.779594 7.614449
v -10.637421 11.779594 7.614449
v -10.623011 9.779594 7.468128
v -10.623011 11.779594 7.468128
v -10.580331 9.779594 7.327435
v -10.580331 11.779594 7.327435
v -10.511024 9.779594 7.197771
v -10.511024 11.779594 7.197771
v -10.417751 9.779594 7.084118
v -10.417751 11.779594 7.084118
v -10.304098 9.779594 6.990845
v -10.304098 11.779594 6.990845
v -10.174434 9.779594 6.921539
v -10.174434 11.779594 6.921539
v -10.033739 9.779594 6.878859
v -10.033739 11.779594 6.878859
v -9.887421 9.779594 0.075169
v -9.887421 11.779594 0.075169
v -9.741103 9.779594 0.089581
v -9.741103 11.779594 0.089581
v -9.600409 9.779594 0.132259
v -9.600409 11.779594 0.132259
v -9.470743 9.779594 0.201565
v -9.470743 11.779594 0.201565
v -9.357091 9.779594 0.294838
v -9.357091 11.779594 0.294838
v -9.263819 9.779594 0.408491
v -9.263819 11.779594 0.408491
v -9.194511 9.779594 0.538157
v -9.194511 11.779594 0.538157
v -9.151833 9.779594 0.678850
v -9.151833 11.779594 0.678850
v -9.137421 9.779594 0.825169
v -9.137421 11.779594 0.825169
v -9.151833 9.779594 0.971487
v -9.151833 11.779594 0.971487
v -9.194511 9.779594 1.112181
v -9.194511 11.779594 1.112181
v -9.263819 9.779594 1.241846
v -9.263819 11.779594 1.241846
v -9.357091 9.779594 1.355499
v -9.357091 11.779594 1.355499
v -9.470743 9.779594 1.448772
v -9.470743 11.779594 1.448772
v -9.600409 9.779594 1.518078
v -9.600409 11.779594 1.518078
v -9.741103 9.779594 1.560757
v -9.741103 11.779594 1.560757
v -9.887421 9.779594 1.575169
v -9.887421 11.779594 1.575169
v -10.033739 9.779594 1.560757
v -10.033739 11.779594 1.560757
v -10.174434 9.779594 1.518078
v -10.174434 11.779594 1.518078
v -10.304098 9.779594 1.448772
v -10.304098 11.779594 1.448772
v -10.417751 9.779594 1.355499
v -10.417751 11.779594 1.355499
v -10.511024 9.779594 1.241846
v -10.511024 11.779594 1.241846
v -10.580331 9.779594 1.112181
v -10.580331 11.779594 1.112181
v -10.623011 9.779594 0.971487
v -10.623011 11.779594 0.971487
v -10.637421 9.779594 0.825169
v -10.637421 11.779594 0.825169
v -10.623011 9.779594 0.678850
v -10.623011 11.779594 0.678850
v -10.580331 9.779594 0.538157
v -10.580331 11.779594 0.538157
v -10.511024 9.779594 0.408491
v -10.511024 11.779594 0.408491
v -10.417751 9.779594 0.294838
v -10.417751 11.779594 0.294838
v -10.304098 9.779594 0.201565
v -10.304098 11.779594 0.201565
v -10.174434 9.779594 0.132259
v -10.174434 11.779594 0.132259
v -10.033739 9.779594 0.089581
v -10.033739 11.779594 0.089581
v -9.887421 9.779594 3.460052
v -9.887421 11.779594 3.460052
v -9.741103 9.779594 3.474464
v -9.741103 11.779594 3.474464
v -9.600409 9.779594 3.517143
v -9.600409 11.779594 3.517143
v -9.470743 9.779594 3.586451
v -9.470743 11.779594 3.586451
v -9.357091 9.779594 3.679722
v -9.357091 11.779594 3.679722
v -9.263819 9.779594 3.793375
v -9.263819 11.779594 3.793375
v -9.194511 9.779594 3.923042
v -9.194511 11.779594 3.923042
v -9.151833 9.779594 4.063736
v -9.151833 11.779594 4.063736
v -9.137421 9.779594 4.210052
v -9.137421 11.779594 4.210052
v -9.151833 9.779594 4.356373
v -9.151833 11.779594 4.356373
v -9.194511 9.779594 4.497066
v -9.194511 11.779594 4.497066
v -9.263819 9.779594 4.626730
v -9.263819 11.779594 4.626730
v -9.357091 9.779594 4.740383
v -9.357091 11.779594 4.740383
v -9.470743 9.779594 4.833656
v -9.470743 11.779594 4.833656
v -9.600409 9.779594 4.902962
v -9.600409 11.779594 4.902962
v -9.741103 9.779594 4.945642
v -9.741103 11.779594 4.945642
v -9.887421 9.779594 4.960052
v -9.887421 11.779594 4.960052
v -10.033739 9.779594 4.945642
v -10.033739 11.779594 4.945642
v -10.174434 9.779594 4.902962
v -10.174434 11.779594 4.902962
v -10.304098 9.779594 4.833656
v -10.304098 11.779594 4.833656
v -10.417751 9.779594 4.740383
v -10.417751 11.779594 4.740383
v -10.511024 9.779594 4.626730
v -10.511024 11.779594 4.626730
v -10.580331 9.779594 4.497066
v -10.580331 11.779594 4.497066
v -10.623011 9.779594 4.356373
v -10.623011 11.779594 4.356373
v -10.637421 9.779594 4.210052
v -10.637421 11.779594 4.210052
v -10.623011 9.779594 4.063736
v -10.623011 11.779594 4.063736
v -10.580331 9.779594 3.923042
v -10.580331 11.779594 3.923042
v -10.511024 9.779594 3.793375
v -10.511024 11.779594 3.793375
v -10.417751 9.779594 3.679722
v -10.417751 11.779594 3.679722
v -10.304098 9.779594 3.586451
v -10.304098 11.779594 3.586451
v -10.174434 9.779594 3.517143
v -10.174434 11.779594 3.517143
v -10.033739 9.779594 3.474464
v -10.033739 11.779594 3.474464
v -9.670931 13.073593 -1.049831
v -10.125639 13.281536 -1.049831
v -9.518803 13.406254 -1.013803
v -9.973511 13.614196 -1.013803
v -9.372519 13.726129 -0.907104
v -9.827229 13.934072 -0.907104
v -9.237705 14.020927 -0.733837
v -9.692413 14.228870 -0.733837
v -9.119538 14.279321 -0.500656
v -9.574247 14.487264 -0.500656
v -9.022562 14.491379 -0.216526
v -9.477270 14.699322 -0.216526
v -8.950502 14.648952 0.107637
v -9.405210 14.856895 0.107637
v -8.906128 14.745984 0.459373
v -9.360836 14.953929 0.459373
v -8.891144 14.778749 0.825169
v -9.345852 14.986692 0.825169
v -8.906128 14.745984 1.190964
v -9.360836 14.953929 1.190964
v -8.950502 14.648952 1.542700
v -9.405210 14.856895 1.542700
v -9.022562 14.491379 1.866863
v -9.477270 14.699322 1.866863
v -9.119538 14.279321 2.150993
v -9.574247 14.487264 2.150993
v -9.237705 14.020927 2.384174
v -9.692413 14.228870 2.384174
v -9.372519 13.726129 2.557442
v -9.827229 13.934072 2.557442
v -9.518803 13.406254 2.664141
v -9.973511 13.614196 2.664141
v -9.670931 13.073593 2.700169
v -10.125639 13.281536 2.700169
v -9.823060 12.740934 2.664141
v -10.277769 12.948877 2.664141
v -9.969343 12.421059 2.557442
v -10.424051 12.629002 2.557442
v -10.104158 12.126260 2.384174
v -10.558867 12.334202 2.384174
v -10.222324 11.867867 2.150993
v -10.677032 12.075809 2.150993
v -10.319301 11.655807 1.866863
v -10.774010 11.863751 1.866863
v -10.391361 11.498236 1.542700
v -10.846069 11.706179 1.542700
v -10.435736 11.401201 1.190964
v -10.890444 11.609145 1.190964
v -10.450719 11.368437 0.825169
v -10.905427 11.576381 0.825169
v -10.435736 11.401201 0.459373
v -10.890444 11.609145 0.459373
v -10.391361 11.498236 0.107637
v -10.846069 11.706179 0.107637
v -10.319301 11.655807 -0.216526
v -10.774010 11.863751 -0.216526
v -10.222324 11.867867 -0.500656
v -10.677032 12.075809 -0.500656
v -10.104158 12.126260 -0.733837
v -10.558867 12.334202 -0.733837
v -9.969343 12.421059 -0.907104
v -10.424051 12.629002 -0.907104
v -9.823060 12.740934 -1.013803
v -10.277769 12.948877 -1.013803
v -9.945321 12.356672 3.333971
v -10.309088 12.523027 3.333971
v -9.869257 12.523003 3.351986
v -10.233024 12.689358 3.351986
v -9.796116 12.682940 3.405334
v -10.159882 12.849295 3.405334
v -9.728708 12.830339 3.491968
v -10.092474 12.996695 3.491968
v -9.669624 12.959537 3.608559
v -10.033391 13.125892 3.608559
v -9.621137 13.065565 3.750624
v -9.984903 13.231920 3.750624
v -9.585106 13.144352 3.912706
v -9.948874 13.310707 3.912706
v -9.562920 13.192869 4.088573
v -9.926685 13.359223 4.088573
v -9.555428 13.209251 4.271471
v -9.919194 13.375605 4.271471
v -9.562920 13.192869 4.454369
v -9.926685 13.359223 4.454369
v -9.585106 13.144352 4.630238
v -9.948874 13.310707 4.630238
v -9.621137 13.065565 4.792316
v -9.984903 13.231920 4.792316
v -9.669624 12.959537 4.934383
v -10.033391 13.125892 4.934383
v -9.728708 12.830339 5.050974
v -10.092474 12.996695 5.050974
v -9.796116 12.682940 5.137608
v -10.159882 12.849295 5.137608
v -9.869257 12.523003 5.190958
v -10.233024 12.689358 5.190958
v -9.945321 12.356672 5.208971
v -10.309088 12.523027 5.208971
v -10.021385 12.190343 5.190958
v -10.385153 12.356698 5.190958
v -10.094527 12.030406 5.137608
v -10.458294 12.196760 5.137608
v -10.161934 11.883005 5.050974
v -10.525702 12.049360 5.050974
v -10.221018 11.753809 4.934383
v -10.584785 11.920164 4.934383
v -10.269506 11.647780 4.792316
v -10.633272 11.814135 4.792316
v -10.305536 11.568994 4.630238
v -10.669302 11.735348 4.630238
v -10.327724 11.520477 4.454369
v -10.691490 11.686831 4.454369
v -10.335215 11.504095 4.271471
v -10.698981 11.670450 4.271471
v -10.327724 11.520477 4.088573
v -10.691490 11.686831 4.088573
v -10.305536 11.568994 3.912706
v -10.669302 11.735348 3.912706
v -10.269506 11.647780 3.750624
v -10.633272 11.814135 3.750624
v -10.221018 11.753809 3.608559
v -10.584785 11.920164 3.608559
v -10.161934 11.883005 3.491968
v -10.525702 12.049360 3.491968
v -10.094527 12.030406 3.405334
v -10.458294 12.196760 3.405334
v -10.021385 12.190343 3.351986
v -10.385153 12.356698 3.351986
v -3.220407 14.325480 2.707043
v -1.730940 18.037823 2.707043
v -4.705345 14.921268 2.707043
v -3.215878 18.633610 2.707043
v -3.220407 14.325480 0.307043
v -1.730940 18.037823 0.307043
v -4.705345 14.921268 0.307043
v -3.215878 18.633610 0.307043
v -3.443828 13.768629 -0.622147
v -1.507520 18.594673 -0.622147
v -4.928765 14.364416 -0.622147
v -2.992457 19.190460 -0.622147
v -3.443828 13.768629 -4.622148
v -1.507521 18.594673 -4.622148
v -4.928765 14.364416 -4.622148
v -2.992458 19.190460 -4.622148
v 1.710321 14.328837 -7.497709
v 1.710321 17.954067 -5.807236
v 1.710321 15.005027 -8.947802
v 1.710321 18.630259 -7.257328
v 4.110322 14.328837 -7.497709
v 4.110322 17.954067 -5.807236
v 4.110322 15.005027 -8.947802
v 4.110322 18.630259 -7.257328
v 5.039511 13.785053 -7.751280
v 5.039511 18.497852 -5.553665
v 5.039511 14.461243 -9.201372
v 5.039511 19.174042 -7.003757
v 9.039510 13.785053 -7.751280
v 9.039510 18.497852 -5.553665
v 9.039510 14.461243 -9.201372
v 9.039510 19.174042 -7.003757
v 10.014785 14.328835 7.470392
v 10.014785 17.954067 5.779919
v 10.014785 15.005024 8.920485
v 10.014785 18.630257 7.230011
v 7.614783 14.328835 7.470392
v 7.614783 17.954067 5.779919
v 7.614783 15.005024 8.920485
v 7.614783 18.630257 7.230011
v 6.685594 13.785050 7.723961
v 6.685594 18.497852 5.526348
v 6.685594 14.461240 9.174057
v 6.685594 19.174042 6.976440
v 2.685594 13.785050 7.723965
v 2.685594 18.497852 5.526348
v 2.685594 14.461240 9.174057
v 2.685594 19.174042 6.976442
v 14.667094 14.326515 -2.008995
v 13.067075 17.992567 -2.008995
v 16.133514 14.966523 -2.008995
v 14.533496 18.632576 -2.008995
v 14.667094 14.326515 0.391006
v 13.067075 17.992567 0.391006
v 16.133514 14.966523 0.391006
v 14.533496 18.632576 0.391006
v 14.907096 13.776608 1.320196
v 12.827071 18.542477 1.320196
v 16.373516 14.416615 1.320196
v 14.293492 19.182484 1.320196
v 14.907096 13.776608 5.320196
v 12.827071 18.542477 5.320196
v 16.373516 14.416615 5.320196
v 14.293492 19.182484 5.320196
vn -0.0000 -1.0000 -0.0000
vn -0.0000 -0.0000 -1.0000
vn -0.0000 -0.0000 1.0000
vn -0.0000 1.0000 -0.0000
vn 1.0000 -0.0000 -0.0000
vn -1.0000 -0.0000 -0.0000
vn -0.0000 0.4289 -0.9034
vn 0.9145 0.4046 -0.0000
vn -0.0000 0.4217 0.9067
vn -0.9216 0.3881 -0.0000
vn -0.5249 0.8511 -0.0000
vn 0.1024 -0.9435 0.3151
vn 0.7002 -0.6617 0.2680
vn -0.2680 -0.9435 0.1947
vn -0.2680 -0.9435 -0.1947
vn 0.1024 -0.9435 -0.3151
vn 0.9050 -0.3304 0.2680
vn 0.0247 -0.3304 0.9435
vn -0.8897 -0.3304 0.3151
vn -0.5746 -0.3304 -0.7488
vn 0.5346 -0.3304 -0.7779
vn 0.8026 -0.1256 0.5831
vn -0.3066 -0.1256 0.9435
vn -0.9921 -0.1256 -0.0000
vn -0.3066 -0.1256 -0.9435
vn 0.8026 -0.1256 -0.5831
vn 0.4089 0.6617 0.6284
vn -0.4713 0.6617 0.5831
vn -0.7002 0.6617 -0.2680
vn 0.0385 0.6617 -0.7488
vn 0.7240 0.6617 -0.1947
vn 0.2680 0.9435 -0.1947
vn 0.4911 0.7947 -0.3568
vn 0.4089 0.6617 -0.6284
vn -0.1024 0.9435 -0.3151
vn -0.1876 0.7947 -0.5773
vn -0.4713 0.6617 -0.5831
vn -0.3313 0.9435 -0.0000
vn -0.6071 0.7947 -0.0000
vn -0.7002 0.6617 0.2680
vn -0.1024 0.9435 0.3151
vn -0.1876 0.7947 0.5773
vn 0.0385 0.6617 0.7488
vn 0.2680 0.9435 0.1947
vn 0.4911 0.7947 0.3568
vn 0.7240 0.6617 0.1947
vn 0.8897 0.3304 -0.3151
vn 0.7947 0.1876 -0.5773
vn 0.5746 0.3304 -0.7488
vn -0.0247 0.3304 -0.9435
vn -0.3035 0.1876 -0.9342
vn -0.5346 0.3304 -0.7779
vn -0.9050 0.3304 -0.2680
vn -0.9822 0.1876 -0.0000
vn -0.9050 0.3304 0.2680
vn -0.5346 0.3304 0.7779
vn -0.3035 0.1876 0.9342
vn -0.0247 0.3304 0.9435
vn 0.5746 0.3304 0.7488
vn 0.7947 0.1876 0.5773
vn 0.8897 0.3304 0.3151
vn 0.3066 0.1256 -0.9435
vn 0.3035 -0.1876 -0.9342
vn 0.0247 -0.3304 -0.9435
vn -0.8026 0.1256 -0.5831
vn -0.7947 -0.1876 -0.5773
vn -0.8897 -0.3304 -0.3151
vn -0.8026 0.1256 0.5831
vn -0.7947 -0.1876 0.5773
vn -0.5746 -0.3304 0.7488
vn 0.3066 0.1256 0.9435
vn 0.3035 -0.1876 0.9342
vn 0.5346 -0.3304 0.7779
vn 0.9921 0.1256 -0.0000
vn 0.9822 -0.1876 -0.0000
vn 0.9050 -0.3304 -0.2680
vn 0.4713 -0.6617 -0.5831
vn 0.1876 -0.7947 -0.5773
vn -0.0385 -0.6617 -0.7488
vn -0.4089 -0.6617 -0.6284
vn -0.4911 -0.7947 -0.3568
vn -0.7240 -0.6617 -0.1947
vn -0.7240 -0.6617 0.1947
vn -0.4911 -0.7947 0.3568
vn -0.4089 -0.6617 0.6284
vn 0.7002 -0.6617 -0.2680
vn 0.6071 -0.7947 -0.0000
vn 0.3313 -0.9435 -0.0000
vn -0.0385 -0.6617 0.7488
vn 0.1876 -0.7947 0.5773
vn 0.4713 -0.6617 0.5831
vn 0.0865 -0.4696 -0.8786
vn 0.0624 0.7715 -0.6332
vn 0.0759 -0.6326 -0.7708
vn 0.0759 0.6326 -0.7708
vn 0.0624 -0.7715 -0.6332
vn 0.0865 0.4696 -0.8786
vn 0.0464 -0.8810 -0.4709
vn 0.0938 0.2890 -0.9527
vn 0.0286 -0.9566 -0.2902
vn 0.0975 0.0976 -0.9904
vn 0.0097 0.9951 -0.0980
vn 0.0097 -0.9951 -0.0980
vn 0.0975 -0.0975 -0.9904
vn 0.0286 0.9565 -0.2902
vn 0.0938 -0.2890 -0.9527
vn 0.0464 0.8810 -0.4709
vn 0.2779 -0.2890 -0.9161
vn 0.1373 0.8810 -0.4528
vn 0.2563 -0.4696 -0.8448
vn 0.1847 0.7715 -0.6088
vn 0.2248 -0.6326 -0.7412
vn 0.2248 0.6326 -0.7412
vn 0.1847 -0.7715 -0.6088
vn 0.2563 0.4696 -0.8448
vn 0.1374 -0.8810 -0.4528
vn 0.2779 0.2890 -0.9161
vn 0.0846 -0.9566 -0.2790
vn 0.2889 0.0975 -0.9524
vn 0.0286 0.9951 -0.0942
vn 0.0286 -0.9951 -0.0942
vn 0.2889 -0.0975 -0.9524
vn 0.0846 0.9565 -0.2790
vn 0.2230 -0.8810 -0.4173
vn 0.4513 0.2890 -0.8443
vn 0.1375 -0.9565 -0.2571
vn 0.4691 0.0975 -0.8777
vn 0.0465 0.9951 -0.0869
vn 0.0464 -0.9951 -0.0869
vn 0.4691 -0.0976 -0.8777
vn 0.1374 0.9566 -0.2571
vn 0.4513 -0.2890 -0.8443
vn 0.2231 0.8810 -0.4173
vn 0.4162 -0.4696 -0.7786
vn 0.2999 0.7715 -0.5611
vn 0.3651 -0.6326 -0.6831
vn 0.3651 0.6326 -0.6831
vn 0.2999 -0.7715 -0.5611
vn 0.4162 0.4696 -0.7786
vn 0.3002 0.8810 -0.3658
vn 0.5601 -0.4696 -0.6825
vn 0.4036 0.7715 -0.4918
vn 0.4913 -0.6326 -0.5987
vn 0.4913 0.6326 -0.5987
vn 0.4036 -0.7715 -0.4918
vn 0.5601 0.4696 -0.6825
vn 0.3002 -0.8810 -0.3658
vn 0.6073 0.2890 -0.7400
vn 0.1850 -0.9565 -0.2254
vn 0.6314 0.0976 -0.7693
vn 0.0625 0.9951 -0.0761
vn 0.0625 -0.9951 -0.0761
vn 0.6314 -0.0975 -0.7693
vn 0.1850 0.9566 -0.2254
vn 0.6073 -0.2890 -0.7400
vn 0.7400 0.2890 -0.6073
vn 0.2254 -0.9566 -0.1850
vn 0.7693 0.0975 -0.6314
vn 0.0761 0.9951 -0.0625
vn 0.0761 -0.9951 -0.0625
vn 0.7693 -0.0975 -0.6314
vn 0.2254 0.9566 -0.1850
vn 0.7400 -0.2890 -0.6073
vn 0.3658 0.8810 -0.3002
vn 0.6825 -0.4696 -0.5601
vn 0.4918 0.7715 -0.4036
vn 0.5987 -0.6326 -0.4913
vn 0.5987 0.6326 -0.4913
vn 0.4918 -0.7715 -0.4036
vn 0.6825 0.4696 -0.5601
vn 0.3658 -0.8810 -0.3002
vn 0.7786 -0.4696 -0.4162
vn 0.5611 0.7715 -0.2999
vn 0.6831 -0.6326 -0.3651
vn 0.6831 0.6326 -0.3651
vn 0.5611 -0.7715 -0.2999
vn 0.7786 0.4696 -0.4162
vn 0.4173 -0.8810 -0.2231
vn 0.8443 0.2890 -0.4513
vn 0.2571 -0.9565 -0.1374
vn 0.8777 0.0975 -0.4691
vn 0.0869 0.9951 -0.0464
vn 0.0869 -0.9951 -0.0464
vn 0.8777 -0.0975 -0.4691
vn 0.2571 0.9565 -0.1374
vn 0.8443 -0.2890 -0.4513
vn 0.4173 0.8810 -0.2230
vn 0.2790 -0.9566 -0.0846
vn 0.9524 0.0976 -0.2889
vn 0.0943 0.9951 -0.0286
vn 0.0943 -0.9951 -0.0286
vn 0.9524 -0.0976 -0.2889
vn 0.2790 0.9565 -0.0846
vn 0.9161 -0.2890 -0.2779
vn 0.4528 0.8810 -0.1374
vn 0.8448 -0.4696 -0.2563
vn 0.6088 0.7715 -0.1847
vn 0.7412 -0.6326 -0.2248
vn 0.7412 0.6326 -0.2248
vn 0.6088 -0.7715 -0.1847
vn 0.8448 0.4696 -0.2563
vn 0.4528 -0.8810 -0.1374
vn 0.9161 0.2890 -0.2779
vn 0.6332 0.7715 -0.0624
vn 0.7708 -0.6326 -0.0759
vn 0.7708 0.6326 -0.0759
vn 0.6332 -0.7715 -0.0624
vn 0.8786 0.4696 -0.0865
vn 0.4709 -0.8810 -0.0464
vn 0.9527 0.2890 -0.0938
vn 0.2902 -0.9565 -0.0286
vn 0.9904 0.0975 -0.0975
vn 0.0980 0.9951 -0.0097
vn 0.0980 -0.9951 -0.0097
vn 0.9904 -0.0975 -0.0976
vn 0.2902 0.9566 -0.0286
vn 0.9527 -0.2890 -0.0938
vn 0.4709 0.8810 -0.0464
vn 0.8786 -0.4696 -0.0865
vn 0.9904 0.0975 0.0976
vn 0.0980 0.9951 0.0097
vn 0.0980 -0.9951 0.0097
vn 0.9904 -0.0975 0.0976
vn 0.2902 0.9565 0.0286
vn 0.9527 -0.2890 0.0938
vn 0.4709 0.8810 0.0464
vn 0.8786 -0.4696 0.0865
vn 0.6332 0.7715 0.0624
vn 0.7708 -0.6326 0.0759
vn 0.7708 0.6326 0.0759
vn 0.6331 -0.7715 0.0624
vn 0.8786 0.4696 0.0865
vn 0.4709 -0.8810 0.0464
vn 0.9527 0.2890 0.0938
vn 0.2902 -0.9566 0.0286
vn 0.7412 -0.6326 0.2248
vn 0.7412 0.6326 0.2248
vn 0.6088 -0.7715 0.1847
vn 0.8448 0.4696 0.2563
vn 0.4528 -0.8810 0.1374
vn 0.9161 0.2890 0.2779
vn 0.2790 -0.9566 0.0846
vn 0.9524 0.0975 0.2889
vn 0.0943 0.9951 0.0286
vn 0.0943 -0.9951 0.0286
vn 0.9524 -0.0976 0.2889
vn 0.2790 0.9565 0.0846
vn 0.9161 -0.2890 0.2779
vn 0.4528 0.8810 0.1374
vn 0.8448 -0.4696 0.2563
vn 0.6088 0.7715 0.1847
vn 0.0869 -0.9951 0.0464
vn 0.8777 -0.0975 0.4691
vn 0.2571 0.9565 0.1374
vn 0.8443 -0.2890 0.4513
vn 0.4173 0.8810 0.2230
vn 0.7786 -0.4696 0.4162
vn 0.5611 0.7715 0.2999
vn 0.6831 -0.6326 0.3651
vn 0.6831 0.6326 0.3651
vn 0.5611 -0.7715 0.2999
vn 0.7786 0.4696 0.4162
vn 0.4173 -0.8810 0.2231
vn 0.8443 0.2890 0.4513
vn 0.2571 -0.9565 0.1374
vn 0.8777 0.0975 0.4692
vn 0.0869 0.9951 0.0464
vn 0.4918 -0.7715 0.4036
vn 0.6825 0.4696 0.5601
vn 0.3658 -0.8810 0.3002
vn 0.7400 0.2890 0.6073
vn 0.2254 -0.9566 0.1850
vn 0.7693 0.0976 0.6314
vn 0.0761 0.9951 0.0625
vn 0.0761 -0.9951 0.0625
vn 0.7693 -0.0976 0.6314
vn 0.2254 0.9565 0.1850
vn 0.7400 -0.2890 0.6073
vn 0.3658 0.8810 0.3002
vn 0.6825 -0.4696 0.5601
vn 0.4918 0.7715 0.4036
vn 0.5987 -0.6326 0.4913
vn 0.5987 0.6326 0.4913
vn 0.1850 0.9565 0.2254
vn 0.6073 -0.2890 0.7400
vn 0.3002 0.8810 0.3658
vn 0.5601 -0.4696 0.6825
vn 0.4036 0.7715 0.4918
vn 0.4913 -0.6326 0.5987
vn 0.4913 0.6326 0.5987
vn 0.4036 -0.7715 0.4918
vn 0.5601 0.4696 0.6825
vn 0.3002 -0.8810 0.3658
vn 0.6073 0.2890 0.7400
vn 0.1850 -0.9566 0.2254
vn 0.6314 0.0975 0.7693
vn 0.0625 0.9951 0.0761
vn 0.0625 -0.9951 0.0761
vn 0.6314 -0.0975 0.7693
vn 0.4162 0.4696 0.7786
vn 0.2230 -0.8810 0.4173
vn 0.4513 0.2890 0.8443
vn 0.1374 -0.9566 0.2571
vn 0.4692 0.0976 0.8777
vn 0.0464 0.9951 0.0869
vn 0.0464 -0.9951 0.0869
vn 0.4692 -0.0975 0.8777
vn 0.1374 0.9565 0.2571
vn 0.4513 -0.2890 0.8443
vn 0.2231 0.8810 0.4173
vn 0.4162 -0.4696 0.7786
vn 0.2999 0.7715 0.5611
vn 0.3651 -0.6326 0.6831
vn 0.3651 0.6326 0.6831
vn 0.2999 -0.7715 0.5611
vn 0.2779 -0.2890 0.9161
vn 0.1373 0.8810 0.4528
vn 0.2563 -0.4696 0.8448
vn 0.1847 0.7715 0.6088
vn 0.2248 -0.6326 0.7412
vn 0.2248 0.6326 0.7412
vn 0.1847 -0.7715 0.6088
vn 0.2563 0.4696 0.8449
vn 0.1373 -0.8810 0.4528
vn 0.2779 0.2890 0.9161
vn 0.0846 -0.9565 0.2790
vn 0.2889 0.0976 0.9524
vn 0.0286 0.9951 0.0942
vn 0.0286 -0.9951 0.0942
vn 0.2889 -0.0976 0.9524
vn 0.0847 0.9565 0.2790
vn 0.0464 -0.8810 0.4709
vn 0.0938 0.2890 0.9527
vn 0.0286 -0.9566 0.2902
vn 0.0975 0.0976 0.9904
vn 0.0097 0.9951 0.0980
vn 0.0097 -0.9951 0.0980
vn 0.0976 -0.0975 0.9904
vn 0.0286 0.9565 0.2902
vn 0.0938 -0.2890 0.9527
vn 0.0464 0.8810 0.4709
vn 0.0865 -0.4696 0.8786
vn 0.0624 0.7715 0.6332
vn 0.0759 -0.6326 0.7708
vn 0.0759 0.6326 0.7708
vn 0.0624 -0.7715 0.6332
vn 0.0865 0.4696 0.8786
vn -0.0464 0.8810 0.4709
vn -0.0865 -0.4696 0.8786
vn -0.0624 0.7715 0.6332
vn -0.0759 -0.6326 0.7708
vn -0.0759 0.6326 0.7708
vn -0.0624 -0.7715 0.6332
vn -0.0865 0.4696 0.8786
vn -0.0464 -0.8810 0.4709
vn -0.0938 0.2890 0.9527
vn -0.0286 -0.9566 0.2902
vn -0.0975 0.0975 0.9904
vn -0.0097 0.9951 0.0980
vn -0.0097 -0.9951 0.0980
vn -0.0976 -0.0975 0.9904
vn -0.0286 0.9565 0.2902
vn -0.0938 -0.2890 0.9527
vn -0.2779 0.2890 0.9161
vn -0.0846 -0.9565 0.2790
vn -0.2889 0.0976 0.9524
vn -0.0286 0.9951 0.0942
vn -0.0286 -0.9951 0.0942
vn -0.2889 -0.0975 0.9524
vn -0.0846 0.9565 0.2790
vn -0.2779 -0.2890 0.9161
vn -0.1373 0.8810 0.4528
vn -0.2563 -0.4696 0.8448
vn -0.1847 0.7715 0.6088
vn -0.2248 -0.6326 0.7412
vn -0.2248 0.6326 0.7412
vn -0.1847 -0.7715 0.6088
vn -0.2563 0.4696 0.8449
vn -0.1373 -0.8810 0.4528
vn -0.4162 -0.4696 0.7786
vn -0.2999 0.7715 0.5611
vn -0.3651 -0.6326 0.6831
vn -0.3651 0.6326 0.6831
vn -0.2999 -0.7715 0.5611
vn -0.4162 0.4696 0.7786
vn -0.2231 -0.8810 0.4173
vn -0.4513 0.2890 0.8443
vn -0.1375 -0.9565 0.2571
vn -0.4691 0.0976 0.8777
vn -0.0465 0.9951 0.0869
vn -0.0464 -0.9951 0.0869
vn -0.4692 -0.0975 0.8777
vn -0.1374 0.9566 0.2571
vn -0.4513 -0.2890 0.8443
vn -0.2231 0.8810 0.4173
vn -0.1850 -0.9565 0.2254
vn -0.6314 0.0976 0.7693
vn -0.0625 0.9951 0.0761
vn -0.0625 -0.9951 0.0761
vn -0.6314 -0.0975 0.7693
vn -0.1850 0.9565 0.2254
vn -0.6073 -0.2890 0.7400
vn -0.3002 0.8810 0.3658
vn -0.5601 -0.4696 0.6825
vn -0.4036 0.7715 0.4918
vn -0.4913 -0.6326 0.5987
vn -0.4913 0.6326 0.5987
vn -0.4036 -0.7715 0.4918
vn -0.5601 0.4696 0.6825
vn -0.3002 -0.8810 0.3658
vn -0.6073 0.2890 0.7400
vn -0.5987 -0.6326 0.4913
vn -0.5987 0.6326 0.4913
vn -0.4918 -0.7715 0.4036
vn -0.6825 0.4696 0.5601
vn -0.3658 -0.8810 0.3002
vn -0.7400 0.2890 0.6073
vn -0.2254 -0.9566 0.1850
vn -0.7693 0.0976 0.6314
vn -0.0761 0.9951 0.0625
vn -0.0761 -0.9951 0.0625
vn -0.7693 -0.0975 0.6314
vn -0.2254 0.9565 0.1850
vn -0.7400 -0.2890 0.6073
vn -0.3658 0.8810 0.3002
vn -0.6825 -0.4696 0.5601
vn -0.4918 0.7715 0.4036
vn -0.0869 0.9951 0.0464
vn -0.0869 -0.9951 0.0464
vn -0.8777 -0.0975 0.4692
vn -0.2571 0.9565 0.1374
vn -0.8443 -0.2890 0.4513
vn -0.4173 0.8810 0.2231
vn -0.7786 -0.4696 0.4162
vn -0.5611 0.7715 0.2999
vn -0.6831 -0.6326 0.3651
vn -0.6831 0.6326 0.3651
vn -0.5611 -0.7715 0.2999
vn -0.7786 0.4696 0.4162
vn -0.4173 -0.8810 0.2231
vn -0.8443 0.2890 0.4513
vn -0.2571 -0.9565 0.1375
vn -0.8777 0.0975 0.4692
vn -0.7412 0.6326 0.2248
vn -0.6088 -0.7715 0.1847
vn -0.8448 0.4696 0.2563
vn -0.4528 -0.8810 0.1374
vn -0.9161 0.2890 0.2779
vn -0.2790 -0.9566 0.0846
vn -0.9524 0.0975 0.2889
vn -0.0943 0.9951 0.0286
vn -0.0943 -0.9951 0.0286
vn -0.9524 -0.0975 0.2889
vn -0.2790 0.9565 0.0846
vn -0.9161 -0.2890 0.2779
vn -0.4528 0.8810 0.1374
vn -0.8448 -0.4696 0.2563
vn -0.6088 0.7715 0.1847
vn -0.7412 -0.6326 0.2248
vn -0.9904 -0.0975 0.0976
vn -0.2902 -0.9566 0.0286
vn -0.2902 0.9565 0.0286
vn -0.9527 -0.2890 0.0938
vn -0.0980 -0.9951 0.0097
vn -0.4709 0.8810 0.0464
vn -0.8786 -0.4696 0.0865
vn -0.6332 0.7715 0.0624
vn -0.7708 -0.6326 0.0759
vn -0.7708 0.6326 0.0759
vn -0.6331 -0.7715 0.0624
vn -0.8786 0.4696 0.0865
vn -0.9527 0.2890 0.0938
vn -0.9904 0.0975 0.0975
vn -0.4709 -0.8810 0.0464
vn -0.0980 0.9951 0.0097
vn -0.8786 -0.4696 -0.0865
vn -0.6332 0.7715 -0.0624
vn -0.7708 -0.6326 -0.0759
vn -0.7708 0.6326 -0.0759
vn -0.6332 -0.7715 -0.0624
vn -0.8786 0.4696 -0.0865
vn -0.4709 -0.8810 -0.0464
vn -0.9527 0.2890 -0.0938
vn -0.2902 -0.9565 -0.0286
vn -0.9904 0.0975 -0.0975
vn -0.0980 0.9951 -0.0097
vn -0.0980 -0.9951 -0.0097
vn -0.9904 -0.0975 -0.0976
vn -0.2902 0.9565 -0.0286
vn -0.9527 -0.2890 -0.0938
vn -0.4709 0.8810 -0.0464
vn -0.2790 -0.9566 -0.0846
vn -0.9524 0.0975 -0.2889
vn -0.0943 0.9951 -0.0286
vn -0.0943 -0.9951 -0.0286
vn -0.9524 -0.0976 -0.2889
vn -0.2790 0.9565 -0.0846
vn -0.9161 -0.2890 -0.2779
vn -0.4528 0.8810 -0.1374
vn -0.8448 -0.4696 -0.2563
vn -0.6088 0.7715 -0.1847
vn -0.7412 -0.6326 -0.2248
vn -0.7412 0.6326 -0.2248
vn -0.6088 -0.7715 -0.1847
vn -0.8448 0.4696 -0.2563
vn -0.4528 -0.8810 -0.1374
vn -0.9161 0.2890 -0.2779
vn -0.6831 -0.6326 -0.3651
vn -0.6831 0.6326 -0.3651
vn -0.5611 -0.7715 -0.2999
vn -0.7786 0.4696 -0.4162
vn -0.4173 -0.8810 -0.2231
vn -0.8443 0.2890 -0.4513
vn -0.2571 -0.9566 -0.1374
vn -0.8777 0.0976 -0.4692
vn -0.0869 0.9951 -0.0464
vn -0.0869 -0.9951 -0.0464
vn -0.8777 -0.0975 -0.4692
vn -0.2571 0.9565 -0.1374
vn -0.8443 -0.2890 -0.4513
vn -0.4173 0.8810 -0.2231
vn -0.7786 -0.4696 -0.4162
vn -0.5611 0.7715 -0.2999
vn -0.0761 0.9951 -0.0625
vn -0.0761 -0.9951 -0.0625
vn -0.7693 -0.0975 -0.6314
vn -0.2254 0.9566 -0.1850
vn -0.7400 -0.2890 -0.6073
vn -0.3658 0.8810 -0.3002
vn -0.6825 -0.4696 -0.5601
vn -0.4918 0.7715 -0.4036
vn -0.5987 -0.6326 -0.4913
vn -0.5987 0.6326 -0.4913
vn -0.4918 -0.7715 -0.4036
vn -0.6825 0.4696 -0.5601
vn -0.3658 -0.8810 -0.3002
vn -0.7400 0.2890 -0.6073
vn -0.2254 -0.9566 -0.1850
vn -0.7693 0.0975 -0.6314
vn -0.4913 0.6326 -0.5987
vn -0.4036 -0.7715 -0.4918
vn -0.5601 0.4696 -0.6825
vn -0.3002 -0.8810 -0.3658
vn -0.6073 0.2890 -0.7400
vn -0.1850 -0.9565 -0.2254
vn -0.6314 0.0976 -0.7693
vn -0.0625 0.9951 -0.0761
vn -0.0625 -0.9951 -0.0761
vn -0.6314 -0.0975 -0.7693
vn -0.1850 0.9566 -0.2254
vn -0.6073 -0.2890 -0.7400
vn -0.3002 0.8810 -0.3658
vn -0.5601 -0.4696 -0.6825
vn -0.4036 0.7715 -0.4918
vn -0.4913 -0.6326 -0.5987
vn -0.4692 -0.0975 -0.8777
vn -0.1374 0.9565 -0.2571
vn -0.4513 -0.2890 -0.8443
vn -0.2231 0.8810 -0.4173
vn -0.4162 -0.4696 -0.7786
vn -0.2999 0.7715 -0.5611
vn -0.3651 -0.6326 -0.6831
vn -0.3651 0.6326 -0.6831
vn -0.2999 -0.7715 -0.5611
vn -0.4162 0.4696 -0.7786
vn -0.2231 -0.8810 -0.4173
vn -0.4513 0.2890 -0.8443
vn -0.1375 -0.9565 -0.2571
vn -0.4691 0.0975 -0.8777
vn -0.0465 0.9951 -0.0869
vn -0.0464 -0.9951 -0.0869
vn -0.1847 -0.7715 -0.6088
vn -0.2563 0.4696 -0.8448
vn -0.1374 -0.8810 -0.4528
vn -0.2779 0.2890 -0.9161
vn -0.0846 -0.9566 -0.2790
vn -0.2889 0.0976 -0.9524
vn -0.0286 0.9951 -0.0942
vn -0.0286 -0.9951 -0.0942
vn -0.2889 -0.0975 -0.9524
vn -0.0846 0.9565 -0.2790
vn -0.2779 -0.2890 -0.9161
vn -0.1374 0.8810 -0.4528
vn -0.2563 -0.4696 -0.8448
vn -0.1847 0.7715 -0.6088
vn -0.2248 -0.6326 -0.7412
vn -0.2248 0.6326 -0.7412
vn -0.0286 0.9565 -0.2902
vn -0.0938 -0.2890 -0.9527
vn -0.0464 0.8810 -0.4709
vn -0.0865 -0.4696 -0.8786
vn -0.0624 0.7715 -0.6332
vn -0.0759 -0.6326 -0.7708
vn -0.0759 0.6326 -0.7708
vn -0.0624 -0.7715 -0.6332
vn -0.0865 0.4696 -0.8786
vn -0.0464 -0.8810 -0.4709
vn -0.0938 0.2890 -0.9527
vn -0.0286 -0.9566 -0.2902
vn -0.0976 0.0976 -0.9904
vn -0.0097 0.9951 -0.0980
vn -0.0097 -0.9951 -0.0980
vn -0.0976 -0.0976 -0.9904
vn 0.0975 0.0975 -0.9904
vn 0.0976 -0.0976 -0.9904
vn 0.1374 0.8810 -0.4528
vn 0.2563 -0.4696 -0.8449
vn 0.2889 0.0976 -0.9524
vn 0.2889 -0.0976 -0.9524
vn 0.4692 0.0976 -0.8777
vn 0.0464 0.9951 -0.0869
vn 0.2231 -0.8810 -0.4173
vn 0.4914 -0.6325 -0.5987
vn 0.2254 -0.9565 -0.1850
vn 0.7693 0.0976 -0.6314
vn 0.2254 0.9565 -0.1850
vn 0.2571 -0.9566 -0.1374
vn 0.8777 0.0976 -0.4691
vn 0.0868 0.9951 -0.0464
vn 0.8777 -0.0976 -0.4692
vn 0.2571 0.9565 -0.1375
vn 0.9524 0.0975 -0.2889
vn 0.0942 -0.9951 -0.0286
vn 0.9904 0.0976 -0.0975
vn 0.9904 -0.0976 -0.0976
vn 0.2902 0.9565 -0.0286
vn 0.9904 -0.0975 0.0975
vn 0.6332 -0.7715 0.0624
vn 0.9904 0.0975 0.0975
vn 0.2790 -0.9565 0.0846
vn 0.0942 -0.9951 0.0286
vn 0.9524 -0.0975 0.2889
vn 0.2790 0.9566 0.0846
vn 0.2571 -0.9566 0.1374
vn 0.8777 0.0976 0.4691
vn 0.7693 -0.0975 0.6314
vn 0.4914 0.6326 0.5987
vn 0.6314 0.0976 0.7693
vn 0.6314 -0.0976 0.7693
vn 0.2231 -0.8810 0.4173
vn 0.1375 -0.9565 0.2571
vn 0.4691 0.0975 0.8777
vn 0.4691 -0.0975 0.8777
vn 0.3651 -0.6326 0.6830
vn 0.2563 0.4696 0.8448
vn 0.0846 -0.9566 0.2790
vn 0.0846 0.9566 0.2790
vn 0.0286 -0.9565 0.2902
vn 0.0975 -0.0975 0.9904
vn 0.0623 0.7715 0.6332
vn -0.0286 -0.9565 0.2902
vn -0.0976 -0.0976 0.9904
vn -0.0286 0.9566 0.2902
vn -0.0846 -0.9566 0.2790
vn -0.2889 0.0975 0.9524
vn -0.2889 -0.0976 0.9524
vn -0.1374 0.8810 0.4528
vn -0.2563 0.4696 0.8448
vn -0.2230 -0.8810 0.4173
vn -0.4691 0.0975 0.8777
vn -0.0464 0.9951 0.0869
vn -0.4691 -0.0975 0.8777
vn -0.1374 0.9565 0.2571
vn -0.2230 0.8810 0.4173
vn -0.4914 -0.6326 0.5987
vn -0.6314 0.0975 0.7693
vn -0.2254 -0.9565 0.1850
vn -0.7693 0.0975 0.6314
vn -0.2254 0.9566 0.1850
vn -0.6825 -0.4697 0.5601
vn -0.2571 -0.9566 0.1374
vn -0.8777 0.0976 0.4692
vn -0.0868 0.9951 0.0464
vn -0.0942 -0.9951 0.0286
vn -0.4528 0.8810 0.1373
vn -0.8449 -0.4696 0.2563
vn -0.6332 -0.7715 0.0624
vn -0.9904 0.0975 0.0976
vn -0.9904 0.0975 -0.0976
vn -0.9904 -0.0975 -0.0975
vn -0.8449 0.4696 -0.2563
vn -0.0942 -0.9951 -0.0286
vn -0.9524 -0.0975 -0.2889
vn -0.2790 0.9566 -0.0846
vn -0.8777 0.0975 -0.4691
vn -0.8777 -0.0976 -0.4692
vn -0.2572 0.9565 -0.1375
vn -0.4173 0.8810 -0.2230
vn -0.2254 -0.9565 -0.1850
vn -0.7693 0.0976 -0.6314
vn -0.1850 -0.9566 -0.2254
vn -0.6314 0.0975 -0.7693
vn -0.1850 0.9565 -0.2254
vn -0.4914 -0.6326 -0.5987
vn -0.4914 0.6326 -0.5987
vn -0.0464 0.9951 -0.0869
vn -0.4691 -0.0975 -0.8777
vn -0.1375 0.9565 -0.2571
vn -0.2230 0.8810 -0.4173
vn -0.2889 0.0975 -0.9524
vn -0.2889 -0.0976 -0.9524
vn -0.0846 0.9566 -0.2790
vn -0.1373 0.8810 -0.4528
vn -0.0846 -0.9565 -0.2790
vn -0.0286 -0.9565 -0.2902
vn -0.0976 -0.0975 -0.9904
vn -0.0286 0.9566 -0.2902
vn 0.2248 -0.6326 -0.7411
vn 0.2248 0.6326 -0.7411
vn 0.2563 0.4696 -0.8449
vn 0.1373 -0.8810 -0.4528
vn 0.0847 -0.9565 -0.2790
vn 0.1375 -0.9565 -0.2572
vn 0.4691 0.0976 -0.8777
vn 0.1375 0.9565 -0.2571
vn 0.2230 0.8810 -0.4173
vn 0.3651 -0.6326 -0.6830
vn 0.3651 0.6326 -0.6830
vn 0.4914 0.6325 -0.5987
vn 0.1849 -0.9566 -0.2254
vn 0.1850 0.9565 -0.2254
vn 0.3657 -0.8810 -0.3002
vn 0.2572 0.9565 -0.1375
vn 0.9524 -0.0975 -0.2889
vn 0.4528 -0.8810 -0.1373
vn 0.2790 -0.9565 -0.0846
vn 0.9904 -0.0975 -0.0975
vn 0.9904 -0.0976 0.0975
vn 0.7708 -0.6325 0.0759
vn 0.2901 -0.9566 0.0286
vn 0.8449 0.4696 0.2563
vn 0.9524 0.0976 0.2889
vn 0.7411 0.6326 0.2248
vn 0.4173 0.8810 0.2231
vn 0.6831 -0.6325 0.3651
vn 0.8777 0.0976 0.4692
vn 0.2254 -0.9565 0.1850
vn 0.7693 0.0975 0.6314
vn 0.5987 0.6326 0.4914
vn 0.5601 -0.4697 0.6825
vn 0.1850 -0.9565 0.2254
vn 0.4691 0.0976 0.8777
vn 0.4691 -0.0976 0.8777
vn 0.1375 0.9566 0.2571
vn 0.2230 0.8810 0.4173
vn 0.3651 0.6326 0.6830
vn 0.1374 0.8810 0.4528
vn 0.1374 -0.8810 0.4528
vn 0.0847 -0.9566 0.2790
vn 0.2889 -0.0975 0.9524
vn 0.0846 0.9565 0.2790
vn 0.0975 0.0975 0.9904
vn 0.0624 -0.7715 0.6331
vn -0.0624 -0.7715 0.6331
vn -0.0846 0.9566 0.2790
vn -0.3651 -0.6326 0.6830
vn -0.1374 -0.9566 0.2571
vn -0.4692 0.0975 0.8777
vn -0.4691 -0.0976 0.8777
vn -0.1375 0.9565 0.2571
vn -0.4162 -0.4697 0.7786
vn -0.6314 -0.0976 0.7693
vn -0.3001 -0.8810 0.3657
vn -0.1850 -0.9566 0.2254
vn -0.5987 0.6326 0.4914
vn -0.7693 -0.0976 0.6314
vn -0.8777 -0.0976 0.4692
vn -0.6830 0.6326 0.3651
vn -0.8777 0.0976 0.4691
vn -0.2790 0.9566 0.0846
vn -0.2901 0.9566 0.0286
vn -0.9904 -0.0975 0.0975
vn -0.7708 -0.6325 -0.0759
vn -0.4528 0.8810 -0.1373
vn -0.8449 -0.4696 -0.2563
vn -0.8448 0.4697 -0.2563
vn -0.2571 -0.9566 -0.1375
vn -0.8777 0.0976 -0.4691
vn -0.8777 -0.0975 -0.4691
vn -0.6831 -0.6325 -0.3651
vn -0.5987 0.6326 -0.4914
vn -0.3657 -0.8810 -0.3002
vn -0.0762 0.9951 -0.0625
vn -0.2254 0.9565 -0.1850
vn -0.1849 -0.9566 -0.2254
vn -0.6314 -0.0976 -0.7693
vn -0.4914 0.6325 -0.5987
vn -0.1374 -0.9566 -0.2571
vn -0.4692 0.0976 -0.8777
vn -0.4691 -0.0976 -0.8777
vn -0.1375 0.9566 -0.2571
vn -0.2563 -0.4696 -0.8449
vn -0.0847 -0.9565 -0.2790
vn -0.0975 0.0976 -0.9904
vn -0.0624 0.7715 -0.6331
vn 0.0980 -0.0000 -0.9952
vn 0.2903 -0.0000 -0.9569
vn 0.4714 -0.0000 -0.8819
vn 0.6344 -0.0000 -0.7730
vn 0.7730 -0.0000 -0.6344
vn 0.8819 -0.0000 -0.4714
vn 0.9569 -0.0000 -0.2903
vn 0.9952 -0.0000 -0.0980
vn 0.9952 -0.0000 0.0980
vn 0.9569 -0.0000 0.2903
vn 0.8819 -0.0000 0.4714
vn 0.7730 -0.0000 0.6344
vn 0.6344 -0.0000 0.7730
vn 0.4714 -0.0000 0.8819
vn 0.2903 -0.0000 0.9569
vn 0.0980 -0.0000 0.9952
vn -0.0980 -0.0000 0.9952
vn -0.2903 -0.0000 0.9569
vn -0.4714 -0.0000 0.8819
vn -0.6344 -0.0000 0.7730
vn -0.7730 -0.0000 0.6344
vn -0.8819 -0.0000 0.4714
vn -0.9569 -0.0000 0.2903
vn -0.9952 -0.0000 0.0980
vn -0.9952 -0.0000 -0.0980
vn -0.9569 -0.0000 -0.2903
vn -0.8819 -0.0000 -0.4714
vn -0.7730 -0.0000 -0.6344
vn -0.6344 -0.0000 -0.7730
vn -0.4714 -0.0000 -0.8819
vn -0.2903 -0.0000 -0.9569
vn -0.0980 -0.0000 -0.9952
vn 0.0408 0.0891 -0.9952
vn 0.1207 0.2640 -0.9569
vn 0.1960 0.4287 -0.8819
vn 0.2638 0.5769 -0.7730
vn 0.3215 0.7030 -0.6344
vn 0.3668 0.8020 -0.4714
vn 0.3980 0.8703 -0.2903
vn 0.4139 0.9050 -0.0980
vn 0.4139 0.9050 0.0980
vn 0.3980 0.8703 0.2903
vn 0.3668 0.8020 0.4714
vn 0.3215 0.7030 0.6344
vn 0.2638 0.5769 0.7730
vn 0.1960 0.4287 0.8819
vn 0.1207 0.2640 0.9569
vn 0.0408 0.0891 0.9952
vn -0.0408 -0.0891 0.9952
vn -0.1207 -0.2640 0.9569
vn -0.1960 -0.4287 0.8819
vn -0.2638 -0.5769 0.7730
vn -0.3215 -0.7030 0.6344
vn -0.3668 -0.8020 0.4714
vn -0.3980 -0.8703 0.2903
vn -0.4139 -0.9050 0.0980
vn -0.4139 -0.9050 -0.0980
vn -0.3980 -0.8703 -0.2903
vn -0.3668 -0.8020 -0.4714
vn -0.3215 -0.7030 -0.6344
vn -0.2638 -0.5769 -0.7730
vn -0.1960 -0.4287 -0.8819
vn -0.9094 0.4159 -0.0000
vn -0.1207 -0.2640 -0.9569
vn -0.0408 -0.0891 -0.9952
vn 0.9094 -0.4159 -0.0000
vn 0.0408 0.0892 0.9952
vn -0.9281 0.3724 -0.0000
vn 0.9281 -0.3724 -0.0000
vn -0.3724 -0.9281 -0.0000
vn 0.3724 0.9281 -0.0000
vn -0.0000 0.4226 -0.9063
vn -0.0000 -0.4226 0.9063
vn -0.0000 -0.9063 -0.4226
vn -0.0000 0.9063 0.4226
vn -0.0000 0.4226 0.9063
vn -0.0000 -0.4226 -0.9063
vn -0.0000 -0.9063 0.4226
vn -0.0000 0.9063 -0.4226
vn 0.9165 0.4000 -0.0000
vn -0.9165 -0.4000 -0.0000
vn 0.4000 -0.9165 -0.0000
vn -0.4000 0.9165 -0.0000
vn 0.0286 -0.9565 -0.2902
vn 0.0286 0.9566 -0.2902
vn 0.0846 -0.9565 -0.2790
vn 0.1374 -0.9566 -0.2571
vn 0.4691 -0.0975 -0.8777
vn 0.1850 -0.9566 -0.2254
vn 0.6314 0.0975 -0.7693
vn 0.6314 -0.0976 -0.7693
vn 0.4173 -0.8810 -0.2230
vn 0.8777 0.0975 -0.4692
vn 0.2571 0.9566 -0.1375
vn 0.2790 0.9566 -0.0846
vn 0.2902 -0.9566 -0.0286
vn 0.9904 0.0976 -0.0976
vn 0.2902 0.9566 0.0286
vn 0.2902 -0.9565 0.0286
vn 0.8449 -0.4696 0.2563
vn 0.2571 0.9566 0.1375
vn 0.4173 -0.8810 0.2230
vn 0.8777 0.0975 0.4691
vn 0.1850 0.9566 0.2254
vn 0.4692 -0.0976 0.8777
vn 0.2563 -0.4696 0.8449
vn 0.0976 0.0975 0.9904
vn 0.0975 -0.0976 0.9904
vn 0.0286 0.9566 0.2902
vn -0.0976 0.0975 0.9904
vn -0.0975 -0.0975 0.9904
vn -0.2563 -0.4696 0.8449
vn -0.1374 -0.8810 0.4528
vn -0.1850 0.9566 0.2254
vn -0.8777 -0.0975 0.4691
vn -0.2571 0.9565 0.1375
vn -0.8777 0.0975 0.4691
vn -0.2790 -0.9565 0.0846
vn -0.9524 0.0976 0.2889
vn -0.9524 -0.0976 0.2889
vn -0.2902 -0.9565 0.0286
vn -0.2902 0.9566 0.0286
vn -0.2902 -0.9566 -0.0286
vn -0.2901 0.9566 -0.0286
vn -0.2790 -0.9565 -0.0846
vn -0.9524 0.0976 -0.2889
vn -0.4173 -0.8810 -0.2230
vn -0.2571 -0.9565 -0.1374
vn -0.8777 0.0975 -0.4692
vn -0.2571 0.9566 -0.1374
vn -0.3657 0.8810 -0.3002
vn -0.2230 -0.8810 -0.4173
vn -0.4691 0.0976 -0.8777
vn 0.0976 0.0976 -0.9904
vn 0.0285 0.9565 -0.2902
vn 0.0846 0.9566 -0.2790
vn 0.4692 -0.0976 -0.8777
vn 0.4913 0.6325 -0.5987
vn 0.7693 -0.0976 -0.6314
vn 0.6830 -0.6326 -0.3651
vn 0.6830 0.6326 -0.3651
vn 0.8777 0.0976 -0.4692
vn 0.8777 -0.0976 -0.4691
vn 0.2571 0.9566 -0.1374
vn 0.4173 0.8810 -0.2231
vn 0.8449 -0.4696 -0.2563
vn 0.8449 0.4696 -0.2563
vn 0.9904 0.0975 -0.0976
vn 0.2571 0.9566 0.1374
vn 0.8777 -0.0976 0.4691
vn 0.2254 0.9566 0.1850
vn 0.4914 -0.6326 0.5987
vn 0.1375 0.9565 0.2571
vn 0.0624 0.7715 0.6331
vn -0.0976 0.0976 0.9904
vn -0.3651 0.6326 0.6830
vn -0.6825 0.4697 0.5601
vn -0.8777 -0.0976 0.4691
vn -0.2571 0.9566 0.1374
vn -0.4173 0.8810 0.2230
vn -0.4173 -0.8810 0.2230
vn -0.2571 -0.9565 0.1374
vn -0.8449 0.4696 0.2563
vn -0.4528 -0.8810 0.1373
vn -0.2572 -0.9565 -0.1375
vn -0.6830 0.6326 -0.3651
vn -0.7693 -0.0976 -0.6314
vn -0.0847 0.9565 -0.2790
vn -0.0976 0.0975 -0.9904
vn 0.0624 0.7715 -0.6331
vn 0.0759 0.6325 -0.7708
vn 0.0624 -0.7715 -0.6331
vn 0.0976 0.0975 -0.9904
vn 0.0975 -0.0976 -0.9904
vn 0.3002 -0.8810 -0.3657
vn 0.3657 0.8810 -0.3002
vn 0.2572 -0.9565 -0.1374
vn 0.4528 0.8810 -0.1373
vn 0.2901 0.9566 0.0286
vn 0.9904 0.0976 0.0975
vn 0.6831 0.6325 0.3651
vn 0.5987 -0.6326 0.4914
vn 0.5601 0.4697 0.6825
vn 0.1374 0.9565 0.2572
vn 0.2889 0.0975 0.9524
vn -0.0624 0.7715 0.6331
vn -0.0866 0.4696 0.8786
vn -0.4162 0.4697 0.7786
vn -0.3001 0.8810 0.3657
vn -0.5987 -0.6326 0.4914
vn -0.2572 0.9565 0.1375
vn -0.6831 0.6325 0.3651
vn -0.2572 -0.9565 0.1375
vn -0.2901 -0.9566 0.0286
vn -0.8448 -0.4697 -0.2563
vn -0.4528 -0.8810 -0.1373
vn -0.2572 -0.9565 -0.1374
vn -0.8777 -0.0976 -0.4691
vn -0.6831 0.6325 -0.3651
vn -0.1849 0.9566 -0.2254
vn -0.1375 -0.9566 -0.2571
vn -0.4692 -0.0976 -0.8777
vn -0.1374 0.9565 -0.2572
vn -0.2563 0.4696 -0.8449
vn -0.0624 -0.7715 -0.6331
vn -0.0975 -0.0976 -0.9904
vn -0.9094 0.4158 -0.0000
vn 0.9094 -0.4158 -0.0000
vt 0.250000 0.750000
vt 0.187500 0.750000
vt 0.437500 0.937500
vt 0.375000 0.875000
vt 0.375000 0.937500
vt 0.437500 0.875000
vt 0.181819 0.000000
vt 0.227273 0.078731
vt 0.136365 0.078731
vt 0.272728 0.157461
vt 0.318182 0.078731
vt 0.363637 0.157461
vt 0.909091 0.000000
vt 0.954545 0.078731
vt 0.863636 0.078731
vt 0.727273 0.000000
vt 0.772727 0.078731
vt 0.681818 0.078731
vt 0.545455 0.000000
vt 0.590909 0.078731
vt 0.500000 0.078731
vt 0.318182 0.236191
vt 0.090910 0.157461
vt 0.181819 0.157461
vt 0.136365 0.236191
vt 0.818182 0.157461
vt 0.909091 0.157461
vt 0.863636 0.236191
vt 0.636364 0.157461
vt 0.727273 0.157461
vt 0.681818 0.236191
vt 0.454546 0.157461
vt 0.545455 0.157461
vt 0.500000 0.236191
vt 0.227273 0.236191
vt 0.045455 0.236191
vt 0.772727 0.236191
vt 0.590909 0.236191
vt 0.409092 0.236191
vt 0.181819 0.314921
vt 0.272728 0.314921
vt 0.227273 0.393651
vt 0.000000 0.314921
vt 0.090910 0.314921
vt 0.045455 0.393651
vt 0.727273 0.314921
vt 0.818182 0.314921
vt 0.772727 0.393651
vt 0.545455 0.314921
vt 0.636364 0.314921
vt 0.590909 0.393651
vt 0.363637 0.314921
vt 0.454546 0.314921
vt 0.409092 0.393651
vt 0.500000 0.393651
vt 0.454546 0.472382
vt 0.681818 0.393651
vt 0.636364 0.472382
vt 0.863636 0.393651
vt 0.818182 0.472382
vt 0.909091 0.314921
vt 0.136365 0.393651
vt 0.090910 0.472382
vt 0.318182 0.393651
vt 0.272728 0.472382
vt 0.954545 0.236191
vt 1.000000 0.157461
vt 0.409092 0.078731
vt 0.363637 0.000000
vt 0.750000 0.375000
vt 0.718750 0.312500
vt 0.750000 0.312500
vt 0.750000 0.750000
vt 0.718750 0.812500
vt 0.718750 0.750000
vt 0.718750 0.250000
vt 0.750000 0.250000
vt 0.750000 0.687500
vt 0.718750 0.687500
vt 0.718750 0.187500
vt 0.750000 0.187500
vt 0.750000 0.625000
vt 0.718750 0.625000
vt 0.750000 0.125000
vt 0.718750 0.125000
vt 0.750000 0.562500
vt 0.718750 0.562500
vt 0.750000 0.062500
vt 0.718750 0.062500
vt 0.718750 0.500000
vt 0.750000 0.500000
vt 0.750000 0.937500
vt 0.734375 1.000000
vt 0.718750 0.937500
vt 0.734375 0.000000
vt 0.718750 0.437500
vt 0.750000 0.437500
vt 0.718750 0.875000
vt 0.750000 0.875000
vt 0.718750 0.375000
vt 0.750000 0.812500
vt 0.687500 0.437500
vt 0.687500 0.375000
vt 0.687500 0.812500
vt 0.687500 0.312500
vt 0.687500 0.750000
vt 0.687500 0.250000
vt 0.687500 0.687500
vt 0.687500 0.187500
vt 0.687500 0.625000
vt 0.687500 0.125000
vt 0.687500 0.562500
vt 0.687500 0.062500
vt 0.687500 0.500000
vt 0.703125 1.000000
vt 0.687500 0.937500
vt 0.703125 0.000000
vt 0.687500 0.875000
vt 0.656250 0.125000
vt 0.656250 0.625000
vt 0.656250 0.562500
vt 0.656250 0.062500
vt 0.656250 0.500000
vt 0.671875 1.000000
vt 0.656250 0.937500
vt 0.671875 0.000000
vt 0.656250 0.437500
vt 0.656250 0.875000
vt 0.656250 0.375000
vt 0.656250 0.812500
vt 0.656250 0.312500
vt 0.656250 0.750000
vt 0.656250 0.250000
vt 0.656250 0.687500
vt 0.656250 0.187500
vt 0.625000 0.812500
vt 0.625000 0.312500
vt 0.625000 0.750000
vt 0.625000 0.250000
vt 0.625000 0.687500
vt 0.625000 0.187500
vt 0.625000 0.625000
vt 0.625000 0.125000
vt 0.625000 0.562500
vt 0.625000 0.062500
vt 0.625000 0.500000
vt 0.640625 1.000000
vt 0.625000 0.937500
vt 0.640625 0.000000
vt 0.625000 0.437500
vt 0.625000 0.875000
vt 0.625000 0.375000
vt 0.593750 0.625000
vt 0.593750 0.562500
vt 0.593750 0.125000
vt 0.593750 0.062500
vt 0.593750 0.500000
vt 0.609375 1.000000
vt 0.593750 0.937500
vt 0.609375 0.000000
vt 0.593750 0.437500
vt 0.593750 0.875000
vt 0.593750 0.375000
vt 0.593750 0.812500
vt 0.593750 0.312500
vt 0.593750 0.750000
vt 0.593750 0.250000
vt 0.593750 0.687500
vt 0.593750 0.187500
vt 0.562500 0.375000
vt 0.562500 0.312500
vt 0.562500 0.750000
vt 0.562500 0.250000
vt 0.562500 0.687500
vt 0.562500 0.187500
vt 0.562500 0.625000
vt 0.562500 0.125000
vt 0.562500 0.562500
vt 0.562500 0.062500
vt 0.562500 0.500000
vt 0.578125 1.000000
vt 0.562500 0.937500
vt 0.578125 0.000000
vt 0.562500 0.437500
vt 0.562500 0.875000
vt 0.562500 0.812500
vt 0.531250 0.062500
vt 0.531250 0.500000
vt 0.546875 1.000000
vt 0.531250 0.937500
vt 0.546875 0.000000
vt 0.531250 0.437500
vt 0.531250 0.875000
vt 0.531250 0.375000
vt 0.531250 0.812500
vt 0.531250 0.312500
vt 0.531250 0.750000
vt 0.531250 0.250000
vt 0.531250 0.687500
vt 0.531250 0.187500
vt 0.531250 0.625000
vt 0.531250 0.125000
vt 0.531250 0.562500
vt 0.500000 0.812500
vt 0.500000 0.750000
vt 0.500000 0.312500
vt 0.500000 0.250000
vt 0.500000 0.687500
vt 0.500000 0.187500
vt 0.500000 0.625000
vt 0.500000 0.125000
vt 0.500000 0.562500
vt 0.500000 0.062500
vt 0.500000 0.500000
vt 0.515625 1.000000
vt 0.500000 0.937500
vt 0.515625 0.000000
vt 0.500000 0.437500
vt 0.500000 0.875000
vt 0.500000 0.375000
vt 0.468750 0.500000
vt 0.484375 1.000000
vt 0.468750 0.937500
vt 0.484375 0.000000
vt 0.468750 0.062500
vt 0.468750 0.437500
vt 0.468750 0.875000
vt 0.468750 0.375000
vt 0.468750 0.812500
vt 0.468750 0.312500
vt 0.468750 0.750000
vt 0.468750 0.250000
vt 0.468750 0.687500
vt 0.468750 0.187500
vt 0.468750 0.625000
vt 0.468750 0.125000
vt 0.468750 0.562500
vt 0.437500 0.312500
vt 0.437500 0.250000
vt 0.437500 0.687500
vt 0.437500 0.187500
vt 0.437500 0.625000
vt 0.437500 0.125000
vt 0.437500 0.562500
vt 0.437500 0.062500
vt 0.437500 0.500000
vt 0.453125 1.000000
vt 0.437500 0.937500
vt 0.453125 0.000000
vt 0.437500 0.437500
vt 0.437500 0.375000
vt 0.437500 0.812500
vt 0.437500 0.750000
vt 0.421875 0.000000
vt 0.406250 0.062500
vt 0.406250 0.500000
vt 0.406250 0.437500
vt 0.406250 0.875000
vt 0.406250 0.375000
vt 0.406250 0.812500
vt 0.406250 0.312500
vt 0.406250 0.750000
vt 0.406250 0.250000
vt 0.406250 0.687500
vt 0.406250 0.187500
vt 0.406250 0.625000
vt 0.406250 0.125000
vt 0.406250 0.562500
vt 0.421875 1.000000
vt 0.406250 0.937500
vt 0.375000 0.250000
vt 0.375000 0.187500
vt 0.375000 0.687500
vt 0.375000 0.625000
vt 0.375000 0.125000
vt 0.375000 0.562500
vt 0.375000 0.062500
vt 0.375000 0.500000
vt 0.390625 1.000000
vt 0.375000 0.937500
vt 0.390625 0.000000
vt 0.375000 0.437500
vt 0.375000 0.375000
vt 0.375000 0.812500
vt 0.375000 0.312500
vt 0.375000 0.750000
vt 0.343750 0.937500
vt 0.343750 0.875000
vt 0.343750 0.375000
vt 0.343750 0.812500
vt 0.343750 0.312500
vt 0.343750 0.750000
vt 0.343750 0.250000
vt 0.343750 0.687500
vt 0.343750 0.187500
vt 0.343750 0.625000
vt 0.343750 0.125000
vt 0.343750 0.562500
vt 0.343750 0.062500
vt 0.343750 0.500000
vt 0.359375 1.000000
vt 0.359375 0.000000
vt 0.343750 0.437500
vt 0.312500 0.625000
vt 0.312500 0.187500
vt 0.312500 0.125000
vt 0.312500 0.562500
vt 0.312500 0.062500
vt 0.312500 0.500000
vt 0.328125 1.000000
vt 0.312500 0.937500
vt 0.328125 0.000000
vt 0.312500 0.437500
vt 0.312500 0.875000
vt 0.312500 0.375000
vt 0.312500 0.812500
vt 0.312500 0.312500
vt 0.312500 0.750000
vt 0.312500 0.250000
vt 0.312500 0.687500
vt 0.281250 0.375000
vt 0.281250 0.812500
vt 0.281250 0.312500
vt 0.281250 0.750000
vt 0.281250 0.250000
vt 0.281250 0.687500
vt 0.281250 0.187500
vt 0.281250 0.625000
vt 0.281250 0.125000
vt 0.281250 0.562500
vt 0.281250 0.062500
vt 0.281250 0.500000
vt 0.296875 1.000000
vt 0.281250 0.937500
vt 0.296875 0.000000
vt 0.281250 0.437500
vt 0.281250 0.875000
vt 0.250000 0.187500
vt 0.250000 0.125000
vt 0.250000 0.625000
vt 0.250000 0.562500
vt 0.250000 0.062500
vt 0.250000 0.500000
vt 0.265625 1.000000
vt 0.250000 0.937500
vt 0.265625 0.000000
vt 0.250000 0.437500
vt 0.250000 0.875000
vt 0.250000 0.375000
vt 0.250000 0.812500
vt 0.250000 0.312500
vt 0.250000 0.750000
vt 0.250000 0.250000
vt 0.250000 0.687500
vt 0.218750 0.875000
vt 0.218750 0.812500
vt 0.218750 0.312500
vt 0.218750 0.750000
vt 0.218750 0.250000
vt 0.218750 0.687500
vt 0.218750 0.187500
vt 0.218750 0.625000
vt 0.218750 0.125000
vt 0.218750 0.562500
vt 0.218750 0.062500
vt 0.218750 0.500000
vt 0.234375 1.000000
vt 0.218750 0.937500
vt 0.234375 0.000000
vt 0.218750 0.437500
vt 0.218750 0.375000
vt 0.187500 0.562500
vt 0.187500 0.125000
vt 0.187500 0.062500
vt 0.187500 0.500000
vt 0.203125 1.000000
vt 0.187500 0.937500
vt 0.203125 0.000000
vt 0.187500 0.437500
vt 0.187500 0.875000
vt 0.187500 0.375000
vt 0.187500 0.812500
vt 0.187500 0.312500
vt 0.187500 0.750000
vt 0.187500 0.250000
vt 0.187500 0.687500
vt 0.187500 0.187500
vt 0.187500 0.625000
vt 0.156250 0.312500
vt 0.156250 0.750000
vt 0.156250 0.250000
vt 0.156250 0.687500
vt 0.156250 0.187500
vt 0.156250 0.625000
vt 0.156250 0.125000
vt 0.156250 0.562500
vt 0.156250 0.062500
vt 0.156250 0.500000
vt 0.171875 1.000000
vt 0.156250 0.937500
vt 0.171875 0.000000
vt 0.156250 0.437500
vt 0.156250 0.875000
vt 0.156250 0.375000
vt 0.156250 0.812500
vt 0.125000 0.062500
vt 0.125000 0.500000
vt 0.140625 1.000000
vt 0.125000 0.937500
vt 0.140625 0.000000
vt 0.125000 0.437500
vt 0.125000 0.875000
vt 0.125000 0.375000
vt 0.125000 0.812500
vt 0.125000 0.312500
vt 0.125000 0.750000
vt 0.125000 0.250000
vt 0.125000 0.687500
vt 0.125000 0.187500
vt 0.125000 0.625000
vt 0.125000 0.125000
vt 0.125000 0.562500
vt 0.093750 0.250000
vt 0.093750 0.750000
vt 0.093750 0.687500
vt 0.093750 0.187500
vt 0.093750 0.625000
vt 0.093750 0.125000
vt 0.093750 0.562500
vt 0.093750 0.062500
vt 0.093750 0.500000
vt 0.109375 1.000000
vt 0.093750 0.937500
vt 0.109375 0.000000
vt 0.093750 0.437500
vt 0.093750 0.875000
vt 0.093750 0.375000
vt 0.093750 0.812500
vt 0.093750 0.312500
vt 0.078125 1.000000
vt 0.062500 0.937500
vt 0.078125 0.000000
vt 0.062500 0.062500
vt 0.062500 0.500000
vt 0.062500 0.437500
vt 0.062500 0.875000
vt 0.062500 0.375000
vt 0.062500 0.812500
vt 0.062500 0.312500
vt 0.062500 0.750000
vt 0.062500 0.250000
vt 0.062500 0.687500
vt 0.062500 0.187500
vt 0.062500 0.625000
vt 0.062500 0.125000
vt 0.062500 0.562500
vt 0.031250 0.750000
vt 0.031250 0.687500
vt 0.031250 0.250000
vt 0.031250 0.187500
vt 0.031250 0.625000
vt 0.031250 0.125000
vt 0.031250 0.562500
vt 0.031250 0.062500
vt 0.031250 0.500000
vt 0.046875 1.000000
vt 0.031250 0.937500
vt 0.046875 0.000000
vt 0.031250 0.437500
vt 0.031250 0.875000
vt 0.031250 0.375000
vt 0.031250 0.812500
vt 0.031250 0.312500
vt 0.000000 0.500000
vt 0.000000 0.437500
vt 0.000000 0.125000
vt 0.000000 0.062500
vt 0.000000 0.875000
vt 0.000000 0.375000
vt 0.015625 0.000000
vt 0.000000 0.812500
vt 0.000000 0.312500
vt 0.000000 0.750000
vt 0.000000 0.250000
vt 0.000000 0.687500
vt 0.000000 0.187500
vt 0.000000 0.625000
vt 0.000000 0.562500
vt 0.015625 1.000000
vt 0.000000 0.937500
vt 1.000000 0.312500
vt 0.968750 0.375000
vt 0.968750 0.312500
vt 1.000000 0.812500
vt 0.968750 0.750000
vt 1.000000 0.750000
vt 0.968750 0.250000
vt 1.000000 0.250000
vt 1.000000 0.687500
vt 0.968750 0.687500
vt 1.000000 0.187500
vt 0.968750 0.187500
vt 0.968750 0.625000
vt 1.000000 0.625000
vt 0.968750 0.125000
vt 1.000000 0.125000
vt 0.968750 0.562500
vt 1.000000 0.562500
vt 1.000000 0.062500
vt 0.968750 0.062500
vt 0.968750 0.500000
vt 1.000000 0.500000
vt 1.000000 0.937500
vt 0.984375 1.000000
vt 0.968750 0.937500
vt 0.984375 0.000000
vt 0.968750 0.437500
vt 1.000000 0.437500
vt 1.000000 0.875000
vt 0.968750 0.875000
vt 1.000000 0.375000
vt 0.968750 0.812500
vt 0.937500 0.125000
vt 0.937500 0.062500
vt 0.937500 0.562500
vt 0.937500 0.500000
vt 0.953125 1.000000
vt 0.937500 0.937500
vt 0.953125 0.000000
vt 0.937500 0.437500
vt 0.937500 0.875000
vt 0.937500 0.375000
vt 0.937500 0.812500
vt 0.937500 0.312500
vt 0.937500 0.750000
vt 0.937500 0.250000
vt 0.937500 0.687500
vt 0.937500 0.187500
vt 0.937500 0.625000
vt 0.906250 0.250000
vt 0.906250 0.750000
vt 0.906250 0.687500
vt 0.906250 0.187500
vt 0.906250 0.625000
vt 0.906250 0.125000
vt 0.906250 0.562500
vt 0.906250 0.062500
vt 0.906250 0.500000
vt 0.921875 1.000000
vt 0.906250 0.937500
vt 0.921875 0.000000
vt 0.906250 0.437500
vt 0.906250 0.875000
vt 0.906250 0.375000
vt 0.906250 0.812500
vt 0.906250 0.312500
vt 0.890625 1.000000
vt 0.875000 0.937500
vt 0.890625 0.000000
vt 0.875000 0.062500
vt 0.875000 0.437500
vt 0.875000 0.875000
vt 0.875000 0.375000
vt 0.875000 0.812500
vt 0.875000 0.312500
vt 0.875000 0.750000
vt 0.875000 0.250000
vt 0.875000 0.687500
vt 0.875000 0.187500
vt 0.875000 0.625000
vt 0.875000 0.125000
vt 0.875000 0.562500
vt 0.875000 0.500000
vt 0.843750 0.750000
vt 0.843750 0.687500
vt 0.843750 0.187500
vt 0.843750 0.625000
vt 0.843750 0.125000
vt 0.843750 0.562500
vt 0.843750 0.062500
vt 0.843750 0.500000
vt 0.859375 1.000000
vt 0.843750 0.937500
vt 0.859375 0.000000
vt 0.843750 0.437500
vt 0.843750 0.875000
vt 0.843750 0.375000
vt 0.843750 0.812500
vt 0.843750 0.312500
vt 0.843750 0.250000
vt 0.812500 0.437500
vt 0.812500 0.875000
vt 0.812500 0.375000
vt 0.812500 0.812500
vt 0.812500 0.312500
vt 0.812500 0.750000
vt 0.812500 0.250000
vt 0.812500 0.687500
vt 0.812500 0.187500
vt 0.812500 0.625000
vt 0.812500 0.125000
vt 0.812500 0.562500
vt 0.812500 0.062500
vt 0.812500 0.500000
vt 0.828125 1.000000
vt 0.812500 0.937500
vt 0.828125 0.000000
vt 0.781250 0.187500
vt 0.781250 0.687500
vt 0.781250 0.625000
vt 0.781250 0.125000
vt 0.781250 0.562500
vt 0.781250 0.062500
vt 0.781250 0.500000
vt 0.796875 1.000000
vt 0.781250 0.937500
vt 0.796875 0.000000
vt 0.781250 0.437500
vt 0.781250 0.875000
vt 0.781250 0.375000
vt 0.781250 0.812500
vt 0.781250 0.312500
vt 0.781250 0.750000
vt 0.781250 0.250000
vt 0.765625 1.000000
vt 0.765625 0.000000
vt 1.000000 1.000000
vt 0.968750 0.500000
vt 0.968750 1.000000
vt 0.937500 0.500000
vt 0.937500 1.000000
vt 0.906250 0.500000
vt 0.906250 1.000000
vt 0.875000 0.500000
vt 0.875000 1.000000
vt 0.843750 0.500000
vt 0.843750 1.000000
vt 0.812500 0.500000
vt 0.812500 1.000000
vt 0.781250 0.500000
vt 0.781250 1.000000
vt 0.750000 1.000000
vt 0.718750 1.000000
vt 0.687500 1.000000
vt 0.656250 1.000000
vt 0.625000 1.000000
vt 0.593750 1.000000
vt 0.562500 1.000000
vt 0.531250 1.000000
vt 0.500000 0.500000
vt 0.500000 1.000000
vt 0.468750 0.500000
vt 0.468750 1.000000
vt 0.437500 0.500000
vt 0.437500 1.000000
vt 0.406250 0.500000
vt 0.406250 1.000000
vt 0.375000 0.500000
vt 0.375000 1.000000
vt 0.343750 0.500000
vt 0.343750 1.000000
vt 0.312500 0.500000
vt 0.312500 1.000000
vt 0.281250 0.500000
vt 0.281250 1.000000
vt 0.250000 0.500000
vt 0.250000 1.000000
vt 0.218750 0.500000
vt 0.218750 1.000000
vt 0.187500 0.500000
vt 0.187500 1.000000
vt 0.156250 0.500000
vt 0.156250 1.000000
vt 0.125000 0.500000
vt 0.125000 1.000000
vt 0.093750 0.500000
vt 0.093750 1.000000
vt 0.062500 0.500000
vt 0.158156 0.028269
vt 0.471731 0.158156
vt 0.341844 0.471731
vt 0.062500 1.000000
vt 0.031250 0.500000
vt 0.031250 1.000000
vt 0.796822 0.014612
vt 0.514612 0.203178
vt 0.703178 0.485388
vt 0.000000 1.000000
vt 0.375000 0.000000
vt 0.375000 0.750000
vt 0.125000 0.750000
vt 0.875000 0.750000
vt 0.296822 0.485388
vt 0.250000 0.490000
vt 0.203178 0.485388
vt 0.158156 0.471731
vt 0.116663 0.449553
vt 0.080294 0.419706
vt 0.050447 0.383337
vt 0.028269 0.341844
vt 0.014612 0.296822
vt 0.010000 0.250000
vt 0.014612 0.203178
vt 0.028269 0.158156
vt 0.050447 0.116663
vt 0.080294 0.080294
vt 0.116663 0.050447
vt 0.203178 0.014612
vt 0.250000 0.010000
vt 0.296822 0.014612
vt 0.341844 0.028269
vt 0.383337 0.050447
vt 0.419706 0.080294
vt 0.449553 0.116663
vt 0.485388 0.203178
vt 0.490000 0.250000
vt 0.485388 0.296822
vt 0.471731 0.341844
vt 0.449553 0.383337
vt 0.419706 0.419706
vt 0.383337 0.449553
vt 0.750000 0.490000
vt 0.796822 0.485388
vt 0.841844 0.471731
vt 0.883337 0.449553
vt 0.919706 0.419706
vt 0.949553 0.383337
vt 0.971731 0.341844
vt 0.985388 0.296822
vt 0.990000 0.250000
vt 0.985388 0.203178
vt 0.971731 0.158156
vt 0.949553 0.116663
vt 0.919706 0.080294
vt 0.883337 0.050447
vt 0.841844 0.028269
vt 0.750000 0.010000
vt 0.703178 0.014612
vt 0.658156 0.028269
vt 0.616663 0.050447
vt 0.580294 0.080294
vt 0.550447 0.116663
vt 0.528269 0.158156
vt 0.510000 0.250000
vt 0.514612 0.296822
vt 0.528269 0.341844
vt 0.550447 0.383337
vt 0.580294 0.419706
vt 0.616663 0.449553
vt 0.658156 0.471731
vt 0.625000 0.000000
s 0
usemtl マテリアル.022
f 2/1/1 5/2/1 1/2/1
f 4/3/2 2/4/2 1/5/2
f 7/6/3 5/5/3 6/4/3
f 5/2/1 23/2/1 1/2/1
f 6/4/3 11/6/3 7/6/3
f 9/6/5 12/4/5 10/4/5
f 2/4/2 9/6/2 10/4/2
f 2/1/1 12/1/1 6/1/1
f 7/6/6 13/6/6 3/6/6
f 13/6/7 21/6/7 15/6/7
f 3/6/2 15/6/2 9/6/2
f 7/6/3 16/6/3 14/6/3
f 9/6/5 16/6/5 11/6/5
f 16/6/8 21/6/8 20/6/8
f 14/6/9 20/6/9 19/6/9
f 14/6/10 18/6/10 13/6/10
f 23/5/6 24/3/6 22/3/6
f 8/3/3 25/5/3 5/5/3
f 1/5/2 22/3/2 4/3/2
f 22/3/2 73/3/2 27/3/2
f 73/3/11 28/3/11 72/3/11
f 4/3/5 26/3/5 8/3/5
f 24/3/6 29/3/6 22/3/6
f 8/3/3 72/3/3 28/3/3
f 1521/627/796 1522/628/796 1520/512/796
f 1523/629/797 1524/630/797 1522/628/797
f 1525/631/798 1526/632/798 1524/630/798
f 1527/633/799 1528/634/799 1526/632/799
f 1529/635/800 1530/636/800 1528/634/800
f 1531/637/801 1532/638/801 1530/636/801
f 1533/639/802 1534/640/802 1532/638/802
f 1535/641/803 1536/91/803 1534/640/803
f 1537/642/804 1538/90/804 1536/91/804
f 1539/643/805 1540/114/805 1538/90/805
f 1541/644/806 1542/123/806 1540/114/806
f 1543/645/807 1544/146/807 1542/123/807
f 1545/646/808 1546/157/808 1544/146/808
f 1547/647/809 1548/180/809 1546/157/809
f 1549/648/810 1550/188/810 1548/180/810
f 1551/649/811 1552/650/811 1550/188/811
f 1553/651/812 1554/652/812 1552/650/812
f 1555/653/813 1556/654/813 1554/652/813
f 1557/655/814 1558/656/814 1556/654/814
f 1559/657/815 1560/658/815 1558/656/815
f 1561/659/816 1562/660/816 1560/658/816
f 1563/661/817 1564/662/817 1562/660/817
f 1565/663/818 1566/664/818 1564/662/818
f 1567/665/819 1568/666/819 1566/664/819
f 1569/667/820 1570/668/820 1568/666/820
f 1571/669/821 1572/670/821 1570/668/821
f 1573/671/822 1574/672/822 1572/670/822
f 1575/673/823 1576/674/823 1574/672/823
f 1577/675/824 1578/676/824 1576/674/824
f 1579/677/825 1580/678/825 1578/676/825
f 1557/679/4 1541/680/4 1525/681/4
f 1581/682/826 1582/683/826 1580/678/826
f 1583/684/827 1520/474/827 1582/683/827
f 1550/685/1 1566/686/1 1582/687/1
f 1585/627/796 1586/628/796 1584/512/796
f 1587/629/797 1588/630/797 1586/628/797
f 1589/631/798 1590/632/798 1588/630/798
f 1591/633/799 1592/634/799 1590/632/799
f 1593/635/800 1594/636/800 1592/634/800
f 1595/637/801 1596/638/801 1594/636/801
f 1597/639/802 1598/640/802 1596/638/802
f 1599/641/803 1600/91/803 1598/640/803
f 1601/642/804 1602/90/804 1600/91/804
f 1603/643/805 1604/114/805 1602/90/805
f 1605/644/806 1606/123/806 1604/114/806
f 1607/645/807 1608/146/807 1606/123/807
f 1609/646/808 1610/157/808 1608/146/808
f 1611/647/809 1612/180/809 1610/157/809
f 1613/648/810 1614/188/810 1612/180/810
f 1615/649/811 1616/650/811 1614/188/811
f 1617/651/812 1618/652/812 1616/650/812
f 1619/653/813 1620/654/813 1618/652/813
f 1621/655/814 1622/656/814 1620/654/814
f 1623/657/815 1624/658/815 1622/656/815
f 1625/659/816 1626/660/816 1624/658/816
f 1627/661/817 1628/662/817 1626/660/817
f 1629/663/818 1630/664/818 1628/662/818
f 1631/665/819 1632/666/819 1630/664/819
f 1633/667/820 1634/668/820 1632/666/820
f 1635/669/821 1636/670/821 1634/668/821
f 1637/671/822 1638/672/822 1636/670/822
f 1639/673/823 1640/674/823 1638/672/823
f 1641/675/824 1642/676/824 1640/674/824
f 1643/677/825 1644/678/825 1642/676/825
f 1621/679/4 1605/680/4 1589/681/4
f 1645/682/826 1646/683/826 1644/678/826
f 1647/684/827 1584/474/827 1646/683/827
f 1614/685/1 1630/686/1 1646/687/1
f 1649/627/796 1650/628/796 1648/512/796
f 1651/629/797 1652/630/797 1650/628/797
f 1653/631/798 1654/632/798 1652/630/798
f 1655/633/799 1656/634/799 1654/632/799
f 1657/635/800 1658/636/800 1656/634/800
f 1659/637/801 1660/638/801 1658/636/801
f 1661/639/802 1662/640/802 1660/638/802
f 1663/641/803 1664/91/803 1662/640/803
f 1665/642/804 1666/90/804 1664/91/804
f 1667/643/805 1668/114/805 1666/90/805
f 1669/644/806 1670/123/806 1668/114/806
f 1671/645/807 1672/146/807 1670/123/807
f 1673/646/808 1674/157/808 1672/146/808
f 1675/647/809 1676/180/809 1674/157/809
f 1677/648/810 1678/188/810 1676/180/810
f 1679/649/811 1680/650/811 1678/188/811
f 1681/651/812 1682/652/812 1680/650/812
f 1683/653/813 1684/654/813 1682/652/813
f 1685/655/814 1686/656/814 1684/654/814
f 1687/657/815 1688/658/815 1686/656/815
f 1689/659/816 1690/660/816 1688/658/816
f 1691/661/817 1692/662/817 1690/660/817
f 1693/663/818 1694/664/818 1692/662/818
f 1695/665/819 1696/666/819 1694/664/819
f 1697/667/820 1698/668/820 1696/666/820
f 1699/669/821 1700/670/821 1698/668/821
f 1701/671/822 1702/672/822 1700/670/822
f 1703/673/823 1704/674/823 1702/672/823
f 1705/675/824 1706/676/824 1704/674/824
f 1707/677/825 1708/678/825 1706/676/825
f 1685/679/4 1669/680/4 1653/681/4
f 1709/682/826 1710/683/826 1708/678/826
f 1711/684/827 1648/474/827 1710/683/827
f 1678/685/1 1694/686/1 1710/687/1
f 1713/627/796 1714/628/796 1712/512/796
f 1715/629/797 1716/630/797 1714/628/797
f 1717/631/798 1718/632/798 1716/630/798
f 1719/633/799 1720/634/799 1718/632/799
f 1721/635/800 1722/636/800 1720/634/800
f 1723/637/801 1724/638/801 1722/636/801
f 1725/639/802 1726/640/802 1724/638/802
f 1727/641/803 1728/91/803 1726/640/803
f 1729/642/804 1730/90/804 1728/91/804
f 1731/643/805 1732/114/805 1730/90/805
f 1733/644/806 1734/123/806 1732/114/806
f 1735/645/807 1736/146/807 1734/123/807
f 1737/646/808 1738/157/808 1736/146/808
f 1739/647/809 1740/180/809 1738/157/809
f 1741/648/810 1742/188/810 1740/180/810
f 1743/649/811 1744/650/811 1742/188/811
f 1745/651/812 1746/652/812 1744/650/812
f 1747/653/813 1748/654/813 1746/652/813
f 1749/655/814 1750/656/814 1748/654/814
f 1751/657/815 1752/658/815 1750/656/815
f 1753/659/816 1754/660/816 1752/658/816
f 1755/661/817 1756/662/817 1754/660/817
f 1757/663/818 1758/664/818 1756/662/818
f 1759/665/819 1760/666/819 1758/664/819
f 1761/667/820 1762/668/820 1760/666/820
f 1763/669/821 1764/670/821 1762/668/821
f 1765/671/822 1766/672/822 1764/670/822
f 1767/673/823 1768/674/823 1766/672/823
f 1769/675/824 1770/676/824 1768/674/824
f 1771/677/825 1772/678/825 1770/676/825
f 1749/679/4 1733/680/4 1717/681/4
f 1773/682/826 1774/683/826 1772/678/826
f 1775/684/827 1712/474/827 1774/683/827
f 1742/685/1 1758/686/1 1774/687/1
f 1777/627/796 1778/628/796 1776/512/796
f 1779/629/797 1780/630/797 1778/628/797
f 1781/631/798 1782/632/798 1780/630/798
f 1783/633/799 1784/634/799 1782/632/799
f 1785/635/800 1786/636/800 1784/634/800
f 1787/637/801 1788/638/801 1786/636/801
f 1789/639/802 1790/640/802 1788/638/802
f 1791/641/803 1792/91/803 1790/640/803
f 1793/642/804 1794/90/804 1792/91/804
f 1795/643/805 1796/114/805 1794/90/805
f 1797/644/806 1798/123/806 1796/114/806
f 1799/645/807 1800/146/807 1798/123/807
f 1801/646/808 1802/157/808 1800/146/808
f 1803/647/809 1804/180/809 1802/157/809
f 1805/648/810 1806/188/810 1804/180/810
f 1807/649/811 1808/650/811 1806/188/811
f 1809/651/812 1810/652/812 1808/650/812
f 1811/653/813 1812/654/813 1810/652/813
f 1813/655/814 1814/656/814 1812/654/814
f 1815/657/815 1816/658/815 1814/656/815
f 1817/659/816 1818/660/816 1816/658/816
f 1819/661/817 1820/662/817 1818/660/817
f 1821/663/818 1822/664/818 1820/662/818
f 1823/665/819 1824/666/819 1822/664/819
f 1825/667/820 1826/668/820 1824/666/820
f 1827/669/821 1828/670/821 1826/668/821
f 1829/671/822 1830/672/822 1828/670/822
f 1831/673/823 1832/674/823 1830/672/823
f 1833/675/824 1834/676/824 1832/674/824
f 1835/677/825 1836/678/825 1834/676/825
f 1813/679/4 1797/680/4 1781/681/4
f 1837/682/826 1838/683/826 1836/678/826
f 1839/684/827 1776/474/827 1838/683/827
f 1806/685/1 1822/686/1 1838/687/1
f 2/1/1 6/1/1 5/2/1
f 4/3/2 3/6/2 2/4/2
f 7/6/3 8/3/3 5/5/3
f 5/2/1 25/2/1 23/2/1
f 6/4/3 12/4/3 11/6/3
f 9/6/5 11/6/5 12/4/5
f 2/4/2 3/6/2 9/6/2
f 2/1/1 10/1/1 12/1/1
f 7/6/6 14/6/6 13/6/6
f 13/6/7 18/6/7 21/6/7
f 3/6/2 13/6/2 15/6/2
f 7/6/3 11/6/3 16/6/3
f 9/6/5 15/6/5 16/6/5
f 16/6/8 15/6/8 21/6/8
f 14/6/9 16/6/9 20/6/9
f 14/6/10 19/6/10 18/6/10
f 23/5/6 25/5/6 24/3/6
f 8/3/3 24/3/3 25/5/3
f 1/5/2 23/5/2 22/3/2
f 27/3/2 4/3/2 22/3/2
f 22/3/2 29/3/2 73/3/2
f 73/3/11 29/3/11 28/3/11
f 4/3/5 27/3/5 26/3/5
f 24/3/6 28/3/6 29/3/6
f 28/3/3 24/3/3 8/3/3
f 8/3/3 26/3/3 72/3/3
f 1521/627/796 1523/629/796 1522/628/796
f 1523/629/797 1525/631/797 1524/630/797
f 1525/631/798 1527/633/798 1526/632/798
f 1527/633/799 1529/635/799 1528/634/799
f 1529/635/800 1531/637/800 1530/636/800
f 1531/637/801 1533/639/801 1532/638/801
f 1533/639/802 1535/641/802 1534/640/802
f 1535/641/803 1537/642/803 1536/91/803
f 1537/642/804 1539/643/804 1538/90/804
f 1539/643/805 1541/644/805 1540/114/805
f 1541/644/806 1543/645/806 1542/123/806
f 1543/645/807 1545/646/807 1544/146/807
f 1545/646/808 1547/647/808 1546/157/808
f 1547/647/809 1549/648/809 1548/180/809
f 1549/648/810 1551/649/810 1550/188/810
f 1551/649/811 1553/651/811 1552/650/811
f 1553/651/812 1555/653/812 1554/652/812
f 1555/653/813 1557/655/813 1556/654/813
f 1557/655/814 1559/657/814 1558/656/814
f 1559/657/815 1561/659/815 1560/658/815
f 1561/659/816 1563/661/816 1562/660/816
f 1563/661/817 1565/663/817 1564/662/817
f 1565/663/818 1567/665/818 1566/664/818
f 1567/665/819 1569/667/819 1568/666/819
f 1569/667/820 1571/669/820 1570/668/820
f 1571/669/821 1573/671/821 1572/670/821
f 1573/671/822 1575/673/822 1574/672/822
f 1575/673/823 1577/675/823 1576/674/823
f 1577/675/824 1579/677/824 1578/676/824
f 1579/677/825 1581/682/825 1580/678/825
f 1525/681/4 1523/693/4 1521/694/4
f 1521/694/4 1583/695/4 1581/696/4
f 1581/696/4 1579/697/4 1577/698/4
f 1577/698/4 1575/699/4 1573/700/4
f 1573/700/4 1571/701/4 1569/702/4
f 1569/702/4 1567/703/4 1565/704/4
f 1565/704/4 1563/705/4 1561/706/4
f 1561/706/4 1559/707/4 1557/679/4
f 1557/679/4 1555/708/4 1553/709/4
f 1553/709/4 1551/710/4 1549/711/4
f 1549/711/4 1547/712/4 1545/713/4
f 1545/713/4 1543/714/4 1541/680/4
f 1541/680/4 1539/715/4 1537/716/4
f 1537/716/4 1535/717/4 1533/718/4
f 1533/718/4 1531/719/4 1529/720/4
f 1529/720/4 1527/721/4 1525/681/4
f 1525/681/4 1521/694/4 1581/696/4
f 1581/696/4 1577/698/4 1573/700/4
f 1573/700/4 1569/702/4 1565/704/4
f 1565/704/4 1561/706/4 1557/679/4
f 1557/679/4 1553/709/4 1549/711/4
f 1549/711/4 1545/713/4 1541/680/4
f 1541/680/4 1537/716/4 1533/718/4
f 1533/718/4 1529/720/4 1525/681/4
f 1525/681/4 1581/696/4 1573/700/4
f 1573/700/4 1565/704/4 1557/679/4
f 1557/679/4 1549/711/4 1541/680/4
f 1541/680/4 1533/718/4 1525/681/4
f 1525/681/4 1573/700/4 1557/679/4
f 1581/682/826 1583/684/826 1582/683/826
f 1583/684/827 1521/688/827 1520/474/827
f 1582/687/1 1520/722/1 1522/723/1
f 1522/723/1 1524/724/1 1526/725/1
f 1526/725/1 1528/726/1 1530/727/1
f 1530/727/1 1532/728/1 1534/729/1
f 1534/729/1 1536/730/1 1538/731/1
f 1538/731/1 1540/732/1 1542/733/1
f 1542/733/1 1544/734/1 1546/735/1
f 1546/735/1 1548/736/1 1550/685/1
f 1550/685/1 1552/737/1 1554/738/1
f 1554/738/1 1556/739/1 1558/740/1
f 1558/740/1 1560/741/1 1562/742/1
f 1562/742/1 1564/743/1 1566/686/1
f 1566/686/1 1568/744/1 1570/745/1
f 1570/745/1 1572/746/1 1574/747/1
f 1574/747/1 1576/748/1 1578/749/1
f 1578/749/1 1580/750/1 1582/687/1
f 1582/687/1 1522/723/1 1526/725/1
f 1526/725/1 1530/727/1 1534/729/1
f 1534/729/1 1538/731/1 1542/733/1
f 1542/733/1 1546/735/1 1550/685/1
f 1550/685/1 1554/738/1 1558/740/1
f 1558/740/1 1562/742/1 1566/686/1
f 1566/686/1 1570/745/1 1574/747/1
f 1574/747/1 1578/749/1 1582/687/1
f 1582/687/1 1526/725/1 1534/729/1
f 1534/729/1 1542/733/1 1550/685/1
f 1550/685/1 1558/740/1 1566/686/1
f 1566/686/1 1574/747/1 1582/687/1
f 1582/687/1 1534/729/1 1550/685/1
f 1585/627/796 1587/629/796 1586/628/796
f 1587/629/797 1589/631/797 1588/630/797
f 1589/631/798 1591/633/798 1590/632/798
f 1591/633/799 1593/635/799 1592/634/799
f 1593/635/800 1595/637/800 1594/636/800
f 1595/637/801 1597/639/801 1596/638/801
f 1597/639/802 1599/641/802 1598/640/802
f 1599/641/803 1601/642/803 1600/91/803
f 1601/642/804 1603/643/804 1602/90/804
f 1603/643/805 1605/644/805 1604/114/805
f 1605/644/806 1607/645/806 1606/123/806
f 1607/645/807 1609/646/807 1608/146/807
f 1609/646/808 1611/647/808 1610/157/808
f 1611/647/809 1613/648/809 1612/180/809
f 1613/648/810 1615/649/810 1614/188/810
f 1615/649/811 1617/651/811 1616/650/811
f 1617/651/812 1619/653/812 1618/652/812
f 1619/653/813 1621/655/813 1620/654/813
f 1621/655/814 1623/657/814 1622/656/814
f 1623/657/815 1625/659/815 1624/658/815
f 1625/659/816 1627/661/816 1626/660/816
f 1627/661/817 1629/663/817 1628/662/817
f 1629/663/818 1631/665/818 1630/664/818
f 1631/665/819 1633/667/819 1632/666/819
f 1633/667/820 1635/669/820 1634/668/820
f 1635/669/821 1637/671/821 1636/670/821
f 1637/671/822 1639/673/822 1638/672/822
f 1639/673/823 1641/675/823 1640/674/823
f 1641/675/824 1643/677/824 1642/676/824
f 1643/677/825 1645/682/825 1644/678/825
f 1589/681/4 1587/693/4 1585/694/4
f 1585/694/4 1647/695/4 1645/696/4
f 1645/696/4 1643/697/4 1641/698/4
f 1641/698/4 1639/699/4 1637/700/4
f 1637/700/4 1635/701/4 1633/702/4
f 1633/702/4 1631/703/4 1629/704/4
f 1629/704/4 1627/705/4 1625/706/4
f 1625/706/4 1623/707/4 1621/679/4
f 1621/679/4 1619/708/4 1617/709/4
f 1617/709/4 1615/710/4 1613/711/4
f 1613/711/4 1611/712/4 1609/713/4
f 1609/713/4 1607/714/4 1605/680/4
f 1605/680/4 1603/715/4 1601/716/4
f 1601/716/4 1599/717/4 1597/718/4
f 1597/718/4 1595/719/4 1593/720/4
f 1593/720/4 1591/721/4 1589/681/4
f 1589/681/4 1585/694/4 1645/696/4
f 1645/696/4 1641/698/4 1637/700/4
f 1637/700/4 1633/702/4 1629/704/4
f 1629/704/4 1625/706/4 1621/679/4
f 1621/679/4 1617/709/4 1613/711/4
f 1613/711/4 1609/713/4 1605/680/4
f 1605/680/4 1601/716/4 1597/718/4
f 1597/718/4 1593/720/4 1589/681/4
f 1589/681/4 1645/696/4 1637/700/4
f 1637/700/4 1629/704/4 1621/679/4
f 1621/679/4 1613/711/4 1605/680/4
f 1605/680/4 1597/718/4 1589/681/4
f 1589/681/4 1637/700/4 1621/679/4
f 1645/682/826 1647/684/826 1646/683/826
f 1647/684/827 1585/688/827 1584/474/827
f 1646/687/1 1584/722/1 1586/723/1
f 1586/723/1 1588/724/1 1590/725/1
f 1590/725/1 1592/726/1 1594/727/1
f 1594/727/1 1596/728/1 1598/729/1
f 1598/729/1 1600/730/1 1602/731/1
f 1602/731/1 1604/732/1 1606/733/1
f 1606/733/1 1608/734/1 1610/735/1
f 1610/735/1 1612/736/1 1614/685/1
f 1614/685/1 1616/737/1 1618/738/1
f 1618/738/1 1620/739/1 1622/740/1
f 1622/740/1 1624/741/1 1626/742/1
f 1626/742/1 1628/743/1 1630/686/1
f 1630/686/1 1632/744/1 1634/745/1
f 1634/745/1 1636/746/1 1638/747/1
f 1638/747/1 1640/748/1 1642/749/1
f 1642/749/1 1644/750/1 1646/687/1
f 1646/687/1 1586/723/1 1590/725/1
f 1590/725/1 1594/727/1 1598/729/1
f 1598/729/1 1602/731/1 1606/733/1
f 1606/733/1 1610/735/1 1614/685/1
f 1614/685/1 1618/738/1 1622/740/1
f 1622/740/1 1626/742/1 1630/686/1
f 1630/686/1 1634/745/1 1638/747/1
f 1638/747/1 1642/749/1 1646/687/1
f 1646/687/1 1590/725/1 1598/729/1
f 1598/729/1 1606/733/1 1614/685/1
f 1614/685/1 1622/740/1 1630/686/1
f 1630/686/1 1638/747/1 1646/687/1
f 1646/687/1 1598/729/1 1614/685/1
f 1649/627/796 1651/629/796 1650/628/796
f 1651/629/797 1653/631/797 1652/630/797
f 1653/631/798 1655/633/798 1654/632/798
f 1655/633/799 1657/635/799 1656/634/799
f 1657/635/800 1659/637/800 1658/636/800
f 1659/637/801 1661/639/801 1660/638/801
f 1661/639/802 1663/641/802 1662/640/802
f 1663/641/803 1665/642/803 1664/91/803
f 1665/642/804 1667/643/804 1666/90/804
f 1667/643/805 1669/644/805 1668/114/805
f 1669/644/806 1671/645/806 1670/123/806
f 1671/645/807 1673/646/807 1672/146/807
f 1673/646/808 1675/647/808 1674/157/808
f 1675/647/809 1677/648/809 1676/180/809
f 1677/648/810 1679/649/810 1678/188/810
f 1679/649/811 1681/651/811 1680/650/811
f 1681/651/812 1683/653/812 1682/652/812
f 1683/653/813 1685/655/813 1684/654/813
f 1685/655/814 1687/657/814 1686/656/814
f 1687/657/815 1689/659/815 1688/658/815
f 1689/659/816 1691/661/816 1690/660/816
f 1691/661/817 1693/663/817 1692/662/817
f 1693/663/818 1695/665/818 1694/664/818
f 1695/665/819 1697/667/819 1696/666/819
f 1697/667/820 1699/669/820 1698/668/820
f 1699/669/821 1701/671/821 1700/670/821
f 1701/671/822 1703/673/822 1702/672/822
f 1703/673/823 1705/675/823 1704/674/823
f 1705/675/824 1707/677/824 1706/676/824
f 1707/677/825 1709/682/825 1708/678/825
f 1653/681/4 1651/693/4 1649/694/4
f 1649/694/4 1711/695/4 1709/696/4
f 1709/696/4 1707/697/4 1705/698/4
f 1705/698/4 1703/699/4 1701/700/4
f 1701/700/4 1699/701/4 1697/702/4
f 1697/702/4 1695/703/4 1693/704/4
f 1693/704/4 1691/705/4 1689/706/4
f 1689/706/4 1687/707/4 1685/679/4
f 1685/679/4 1683/708/4 1681/709/4
f 1681/709/4 1679/710/4 1677/711/4
f 1677/711/4 1675/712/4 1673/713/4
f 1673/713/4 1671/714/4 1669/680/4
f 1669/680/4 1667/715/4 1665/716/4
f 1665/716/4 1663/717/4 1661/718/4
f 1661/718/4 1659/719/4 1657/720/4
f 1657/720/4 1655/721/4 1653/681/4
f 1653/681/4 1649/694/4 1709/696/4
f 1709/696/4 1705/698/4 1701/700/4
f 1701/700/4 1697/702/4 1693/704/4
f 1693/704/4 1689/706/4 1685/679/4
f 1685/679/4 1681/709/4 1677/711/4
f 1677/711/4 1673/713/4 1669/680/4
f 1669/680/4 1665/716/4 1661/718/4
f 1661/718/4 1657/720/4 1653/681/4
f 1653/681/4 1709/696/4 1701/700/4
f 1701/700/4 1693/704/4 1685/679/4
f 1685/679/4 1677/711/4 1669/680/4
f 1669/680/4 1661/718/4 1653/681/4
f 1653/681/4 1701/700/4 1685/679/4
f 1709/682/826 1711/684/826 1710/683/826
f 1711/684/827 1649/688/827 1648/474/827
f 1710/687/1 1648/722/1 1650/723/1
f 1650/723/1 1652/724/1 1654/725/1
f 1654/725/1 1656/726/1 1658/727/1
f 1658/727/1 1660/728/1 1662/729/1
f 1662/729/1 1664/730/1 1666/731/1
f 1666/731/1 1668/732/1 1670/733/1
f 1670/733/1 1672/734/1 1674/735/1
f 1674/735/1 1676/736/1 1678/685/1
f 1678/685/1 1680/737/1 1682/738/1
f 1682/738/1 1684/739/1 1686/740/1
f 1686/740/1 1688/741/1 1690/742/1
f 1690/742/1 1692/743/1 1694/686/1
f 1694/686/1 1696/744/1 1698/745/1
f 1698/745/1 1700/746/1 1702/747/1
f 1702/747/1 1704/748/1 1706/749/1
f 1706/749/1 1708/750/1 1710/687/1
f 1710/687/1 1650/723/1 1654/725/1
f 1654/725/1 1658/727/1 1662/729/1
f 1662/729/1 1666/731/1 1670/733/1
f 1670/733/1 1674/735/1 1678/685/1
f 1678/685/1 1682/738/1 1686/740/1
f 1686/740/1 1690/742/1 1694/686/1
f 1694/686/1 1698/745/1 1702/747/1
f 1702/747/1 1706/749/1 1710/687/1
f 1710/687/1 1654/725/1 1662/729/1
f 1662/729/1 1670/733/1 1678/685/1
f 1678/685/1 1686/740/1 1694/686/1
f 1694/686/1 1702/747/1 1710/687/1
f 1710/687/1 1662/729/1 1678/685/1
f 1713/627/796 1715/629/796 1714/628/796
f 1715/629/797 1717/631/797 1716/630/797
f 1717/631/798 1719/633/798 1718/632/798
f 1719/633/799 1721/635/799 1720/634/799
f 1721/635/800 1723/637/800 1722/636/800
f 1723/637/801 1725/639/801 1724/638/801
f 1725/639/802 1727/641/802 1726/640/802
f 1727/641/803 1729/642/803 1728/91/803
f 1729/642/804 1731/643/804 1730/90/804
f 1731/643/805 1733/644/805 1732/114/805
f 1733/644/806 1735/645/806 1734/123/806
f 1735/645/807 1737/646/807 1736/146/807
f 1737/646/808 1739/647/808 1738/157/808
f 1739/647/809 1741/648/809 1740/180/809
f 1741/648/810 1743/649/810 1742/188/810
f 1743/649/811 1745/651/811 1744/650/811
f 1745/651/812 1747/653/812 1746/652/812
f 1747/653/813 1749/655/813 1748/654/813
f 1749/655/814 1751/657/814 1750/656/814
f 1751/657/815 1753/659/815 1752/658/815
f 1753/659/816 1755/661/816 1754/660/816
f 1755/661/817 1757/663/817 1756/662/817
f 1757/663/818 1759/665/818 1758/664/818
f 1759/665/819 1761/667/819 1760/666/819
f 1761/667/820 1763/669/820 1762/668/820
f 1763/669/821 1765/671/821 1764/670/821
f 1765/671/822 1767/673/822 1766/672/822
f 1767/673/823 1769/675/823 1768/674/823
f 1769/675/824 1771/677/824 1770/676/824
f 1771/677/825 1773/682/825 1772/678/825
f 1717/681/4 1715/693/4 1713/694/4
f 1713/694/4 1775/695/4 1773/696/4
f 1773/696/4 1771/697/4 1769/698/4
f 1769/698/4 1767/699/4 1765/700/4
f 1765/700/4 1763/701/4 1761/702/4
f 1761/702/4 1759/703/4 1757/704/4
f 1757/704/4 1755/705/4 1753/706/4
f 1753/706/4 1751/707/4 1749/679/4
f 1749/679/4 1747/708/4 1745/709/4
f 1745/709/4 1743/710/4 1741/711/4
f 1741/711/4 1739/712/4 1737/713/4
f 1737/713/4 1735/714/4 1733/680/4
f 1733/680/4 1731/715/4 1729/716/4
f 1729/716/4 1727/717/4 1725/718/4
f 1725/718/4 1723/719/4 1721/720/4
f 1721/720/4 1719/721/4 1717/681/4
f 1717/681/4 1713/694/4 1773/696/4
f 1773/696/4 1769/698/4 1765/700/4
f 1765/700/4 1761/702/4 1757/704/4
f 1757/704/4 1753/706/4 1749/679/4
f 1749/679/4 1745/709/4 1741/711/4
f 1741/711/4 1737/713/4 1733/680/4
f 1733/680/4 1729/716/4 1725/718/4
f 1725/718/4 1721/720/4 1717/681/4
f 1717/681/4 1773/696/4 1765/700/4
f 1765/700/4 1757/704/4 1749/679/4
f 1749/679/4 1741/711/4 1733/680/4
f 1733/680/4 1725/718/4 1717/681/4
f 1717/681/4 1765/700/4 1749/679/4
f 1773/682/826 1775/684/826 1774/683/826
f 1775/684/827 1713/688/827 1712/474/827
f 1774/687/1 1712/722/1 1714/723/1
f 1714/723/1 1716/724/1 1718/725/1
f 1718/725/1 1720/726/1 1722/727/1
f 1722/727/1 1724/728/1 1726/729/1
f 1726/729/1 1728/730/1 1730/731/1
f 1730/731/1 1732/732/1 1734/733/1
f 1734/733/1 1736/734/1 1738/735/1
f 1738/735/1 1740/736/1 1742/685/1
f 1742/685/1 1744/737/1 1746/738/1
f 1746/738/1 1748/739/1 1750/740/1
f 1750/740/1 1752/741/1 1754/742/1
f 1754/742/1 1756/743/1 1758/686/1
f 1758/686/1 1760/744/1 1762/745/1
f 1762/745/1 1764/746/1 1766/747/1
f 1766/747/1 1768/748/1 1770/749/1
f 1770/749/1 1772/750/1 1774/687/1
f 1774/687/1 1714/723/1 1718/725/1
f 1718/725/1 1722/727/1 1726/729/1
f 1726/729/1 1730/731/1 1734/733/1
f 1734/733/1 1738/735/1 1742/685/1
f 1742/685/1 1746/738/1 1750/740/1
f 1750/740/1 1754/742/1 1758/686/1
f 1758/686/1 1762/745/1 1766/747/1
f 1766/747/1 1770/749/1 1774/687/1
f 1774/687/1 1718/725/1 1726/729/1
f 1726/729/1 1734/733/1 1742/685/1
f 1742/685/1 1750/740/1 1758/686/1
f 1758/686/1 1766/747/1 1774/687/1
f 1774/687/1 1726/729/1 1742/685/1
f 1777/627/796 1779/629/796 1778/628/796
f 1779/629/797 1781/631/797 1780/630/797
f 1781/631/798 1783/633/798 1782/632/798
f 1783/633/799 1785/635/799 1784/634/799
f 1785/635/800 1787/637/800 1786/636/800
f 1787/637/801 1789/639/801 1788/638/801
f 1789/639/802 1791/641/802 1790/640/802
f 1791/641/803 1793/642/803 1792/91/803
f 1793/642/804 1795/643/804 1794/90/804
f 1795/643/805 1797/644/805 1796/114/805
f 1797/644/806 1799/645/806 1798/123/806
f 1799/645/807 1801/646/807 1800/146/807
f 1801/646/808 1803/647/808 1802/157/808
f 1803/647/809 1805/648/809 1804/180/809
f 1805/648/810 1807/649/810 1806/188/810
f 1807/649/811 1809/651/811 1808/650/811
f 1809/651/812 1811/653/812 1810/652/812
f 1811/653/813 1813/655/813 1812/654/813
f 1813/655/814 1815/657/814 1814/656/814
f 1815/657/815 1817/659/815 1816/658/815
f 1817/659/816 1819/661/816 1818/660/816
f 1819/661/817 1821/663/817 1820/662/817
f 1821/663/818 1823/665/818 1822/664/818
f 1823/665/819 1825/667/819 1824/666/819
f 1825/667/820 1827/669/820 1826/668/820
f 1827/669/821 1829/671/821 1828/670/821
f 1829/671/822 1831/673/822 1830/672/822
f 1831/673/823 1833/675/823 1832/674/823
f 1833/675/824 1835/677/824 1834/676/824
f 1835/677/825 1837/682/825 1836/678/825
f 1781/681/4 1779/693/4 1777/694/4
f 1777/694/4 1839/695/4 1837/696/4
f 1837/696/4 1835/697/4 1833/698/4
f 1833/698/4 1831/699/4 1829/700/4
f 1829/700/4 1827/701/4 1825/702/4
f 1825/702/4 1823/703/4 1821/704/4
f 1821/704/4 1819/705/4 1817/706/4
f 1817/706/4 1815/707/4 1813/679/4
f 1813/679/4 1811/708/4 1809/709/4
f 1809/709/4 1807/710/4 1805/711/4
f 1805/711/4 1803/712/4 1801/713/4
f 1801/713/4 1799/714/4 1797/680/4
f 1797/680/4 1795/715/4 1793/716/4
f 1793/716/4 1791/717/4 1789/718/4
f 1789/718/4 1787/719/4 1785/720/4
f 1785/720/4 1783/721/4 1781/681/4
f 1781/681/4 1777/694/4 1837/696/4
f 1837/696/4 1833/698/4 1829/700/4
f 1829/700/4 1825/702/4 1821/704/4
f 1821/704/4 1817/706/4 1813/679/4
f 1813/679/4 1809/709/4 1805/711/4
f 1805/711/4 1801/713/4 1797/680/4
f 1797/680/4 1793/716/4 1789/718/4
f 1789/718/4 1785/720/4 1781/681/4
f 1781/681/4 1837/696/4 1829/700/4
f 1829/700/4 1821/704/4 1813/679/4
f 1813/679/4 1805/711/4 1797/680/4
f 1797/680/4 1789/718/4 1781/681/4
f 1781/681/4 1829/700/4 1813/679/4
f 1837/682/826 1839/684/826 1838/683/826
f 1839/684/827 1777/688/827 1776/474/827
f 1838/687/1 1776/722/1 1778/723/1
f 1778/723/1 1780/724/1 1782/725/1
f 1782/725/1 1784/726/1 1786/727/1
f 1786/727/1 1788/728/1 1790/729/1
f 1790/729/1 1792/730/1 1794/731/1
f 1794/731/1 1796/732/1 1798/733/1
f 1798/733/1 1800/734/1 1802/735/1
f 1802/735/1 1804/736/1 1806/685/1
f 1806/685/1 1808/737/1 1810/738/1
f 1810/738/1 1812/739/1 1814/740/1
f 1814/740/1 1816/741/1 1818/742/1
f 1818/742/1 1820/743/1 1822/686/1
f 1822/686/1 1824/744/1 1826/745/1
f 1826/745/1 1828/746/1 1830/747/1
f 1830/747/1 1832/748/1 1834/749/1
f 1834/749/1 1836/750/1 1838/687/1
f 1838/687/1 1778/723/1 1782/725/1
f 1782/725/1 1786/727/1 1790/729/1
f 1790/729/1 1794/731/1 1798/733/1
f 1798/733/1 1802/735/1 1806/685/1
f 1806/685/1 1810/738/1 1814/740/1
f 1814/740/1 1818/742/1 1822/686/1
f 1822/686/1 1826/745/1 1830/747/1
f 1830/747/1 1834/749/1 1838/687/1
f 1838/687/1 1782/725/1 1790/729/1
f 1790/729/1 1798/733/1 1806/685/1
f 1806/685/1 1814/740/1 1822/686/1
f 1822/686/1 1830/747/1 1838/687/1
f 1838/687/1 1790/729/1 1806/685/1
usemtl マテリアル.024
f 30/7/12 43/8/12 42/9/12
f 31/10/13 43/11/13 45/12/13
f 30/13/14 42/14/14 47/15/14
f 30/16/15 47/17/15 49/18/15
f 30/19/16 49/20/16 46/21/16
f 31/10/17 45/12/17 52/22/17
f 32/23/18 44/24/18 54/25/18
f 33/26/19 48/27/19 56/28/19
f 34/29/20 50/30/20 58/31/20
f 35/32/21 51/33/21 60/34/21
f 31/10/22 52/22/22 55/35/22
f 32/23/23 54/25/23 57/36/23
f 33/26/24 56/28/24 59/37/24
f 34/29/25 58/31/25 61/38/25
f 35/32/26 60/34/26 53/39/26
f 36/40/27 62/41/27 67/42/27
f 37/43/28 63/44/28 69/45/28
f 38/46/29 64/47/29 70/48/29
f 39/49/30 65/50/30 71/51/30
f 40/52/31 66/53/31 68/54/31
f 68/54/32 71/55/32 41/56/32
f 68/54/33 66/53/33 71/55/33
f 66/53/34 39/49/34 71/55/34
f 71/51/35 70/57/35 41/58/35
f 71/51/36 65/50/36 70/57/36
f 65/50/37 38/46/37 70/57/37
f 70/48/38 69/59/38 41/60/38
f 70/48/39 64/47/39 69/59/39
f 64/47/40 37/61/40 69/59/40
f 69/45/41 67/62/41 41/63/41
f 69/45/42 63/44/42 67/62/42
f 63/44/43 36/40/43 67/62/43
f 67/42/44 68/64/44 41/65/44
f 67/42/45 62/41/45 68/64/45
f 62/41/46 40/52/46 68/64/46
f 53/39/47 66/53/47 40/52/47
f 53/39/48 60/34/48 66/53/48
f 60/34/49 39/49/49 66/53/49
f 61/38/50 65/50/50 39/49/50
f 61/38/51 58/31/51 65/50/51
f 58/31/52 38/46/52 65/50/52
f 59/37/53 64/47/53 38/46/53
f 59/37/54 56/28/54 64/47/54
f 56/28/55 37/61/55 64/47/55
f 57/36/56 63/44/56 37/43/56
f 57/36/57 54/25/57 63/44/57
f 54/25/58 36/40/58 63/44/58
f 55/35/59 62/41/59 36/40/59
f 55/35/60 52/22/60 62/41/60
f 52/22/61 40/52/61 62/41/61
f 60/34/62 61/38/62 39/49/62
f 60/34/63 51/33/63 61/38/63
f 51/33/64 34/29/64 61/38/64
f 58/31/65 59/37/65 38/46/65
f 58/31/66 50/30/66 59/37/66
f 50/30/67 33/26/67 59/37/67
f 56/28/68 57/66/68 37/61/68
f 56/28/69 48/27/69 57/66/69
f 48/27/70 32/67/70 57/66/70
f 54/25/71 55/35/71 36/40/71
f 54/25/72 44/24/72 55/35/72
f 44/24/73 31/10/73 55/35/73
f 52/22/74 53/39/74 40/52/74
f 52/22/75 45/12/75 53/39/75
f 45/12/76 35/32/76 53/39/76
f 46/21/77 51/33/77 35/32/77
f 46/21/78 49/20/78 51/33/78
f 49/20/79 34/29/79 51/33/79
f 49/18/80 50/30/80 34/29/80
f 49/18/81 47/17/81 50/30/81
f 47/17/82 33/26/82 50/30/82
f 47/15/83 48/27/83 33/26/83
f 47/15/84 42/14/84 48/27/84
f 42/14/85 32/67/85 48/27/85
f 45/12/86 46/68/86 35/32/86
f 45/12/87 43/11/87 46/68/87
f 43/11/88 30/69/88 46/68/88
f 42/9/89 44/24/89 32/23/89
f 42/9/90 43/8/90 44/24/90
f 43/8/91 31/10/91 44/24/91
f 551/70/92 92/71/92 80/72/92
f 549/73/93 84/74/93 85/75/93
f 80/72/94 93/76/94 552/77/94
f 76/78/95 85/75/95 86/79/95
f 552/77/96 94/80/96 553/81/96
f 550/82/97 86/79/97 87/83/97
f 554/84/98 94/80/98 95/85/98
f 77/86/99 87/83/99 88/87/99
f 555/88/100 95/85/100 96/89/100
f 77/86/101 89/90/101 78/91/101
f 547/92/102 74/93/102 82/94/102
f 81/95/103 555/88/103 96/89/103
f 78/91/104 90/96/104 79/97/104
f 547/92/105 83/98/105 548/99/105
f 551/70/106 90/96/106 91/100/106
f 548/99/107 84/74/107 75/101/107
f 91/100/108 105/102/108 106/103/108
f 83/98/109 99/104/109 84/74/109
f 91/100/110 107/105/110 92/71/110
f 85/75/111 99/104/111 100/106/111
f 93/76/112 107/105/112 108/107/112
f 85/75/113 101/108/113 86/79/113
f 93/76/114 109/109/114 94/80/114
f 87/83/115 101/108/115 102/110/115
f 95/85/116 109/109/116 110/111/116
f 87/83/117 103/112/117 88/87/117
f 96/89/118 110/111/118 111/113/118
f 89/90/119 103/112/119 104/114/119
f 82/94/120 74/115/120 97/116/120
f 81/117/121 96/89/121 111/113/121
f 89/90/122 105/102/122 90/96/122
f 82/94/123 98/118/123 83/98/123
f 109/109/124 125/119/124 110/111/124
f 103/112/125 117/120/125 118/121/125
f 110/111/126 126/122/126 111/113/126
f 104/114/127 118/121/127 119/123/127
f 97/116/128 74/124/128 112/125/128
f 81/126/129 111/113/129 126/122/129
f 104/114/130 120/127/130 105/102/130
f 98/118/131 112/125/131 113/128/131
f 105/102/132 121/129/132 106/103/132
f 99/104/133 113/128/133 114/130/133
f 106/103/134 122/131/134 107/105/134
f 99/104/135 115/132/135 100/106/135
f 108/107/136 122/131/136 123/133/136
f 100/106/137 116/134/137 101/108/137
f 109/109/138 123/133/138 124/135/138
f 101/108/139 117/120/139 102/110/139
f 113/128/140 129/136/140 114/130/140
f 121/129/141 137/137/141 122/131/141
f 114/130/142 130/138/142 115/132/142
f 123/133/143 137/137/143 138/139/143
f 115/132/144 131/140/144 116/134/144
f 124/135/145 138/139/145 139/141/145
f 117/120/146 131/140/146 132/142/146
f 125/119/147 139/141/147 140/143/147
f 118/121/148 132/142/148 133/144/148
f 126/122/149 140/143/149 141/145/149
f 119/123/150 133/144/150 134/146/150
f 112/125/151 74/147/151 127/148/151
f 81/149/152 126/122/152 141/145/152
f 119/123/153 135/150/153 120/127/153
f 112/125/154 128/151/154 113/128/154
f 120/127/155 136/152/155 121/129/155
f 133/144/156 147/153/156 148/154/156
f 141/145/157 155/155/157 156/156/157
f 134/146/158 148/154/158 149/157/158
f 127/148/159 74/158/159 142/159/159
f 81/160/160 141/145/160 156/156/160
f 134/146/161 150/161/161 135/150/161
f 127/148/162 143/162/162 128/151/162
f 135/150/163 151/163/163 136/152/163
f 128/151/164 144/164/164 129/136/164
f 136/152/165 152/165/165 137/137/165
f 129/136/166 145/166/166 130/138/166
f 137/137/167 153/167/167 138/139/167
f 130/138/168 146/168/168 131/140/168
f 139/141/169 153/167/169 154/169/169
f 131/140/170 147/153/170 132/142/170
f 140/143/171 154/169/171 155/155/171
f 152/165/172 166/170/172 167/171/172
f 144/164/173 160/172/173 145/166/173
f 153/167/174 167/171/174 168/173/174
f 145/166/175 161/174/175 146/168/175
f 154/169/176 168/173/176 169/175/176
f 146/168/177 162/176/177 147/153/177
f 154/169/178 170/177/178 155/155/178
f 147/153/179 163/178/179 148/154/179
f 155/155/180 171/179/180 156/156/180
f 149/157/181 163/178/181 164/180/181
f 142/159/182 74/181/182 157/182/182
f 81/183/183 156/156/183 171/179/183
f 149/157/184 165/184/184 150/161/184
f 143/162/185 157/182/185 158/185/185
f 151/163/186 165/184/186 166/170/186
f 143/162/187 159/186/187 144/164/187
f 170/177/188 186/187/188 171/179/188
f 163/178/189 179/188/189 164/180/189
f 157/182/190 74/189/190 172/190/190
f 81/191/191 171/179/191 186/187/191
f 165/184/192 179/188/192 180/192/192
f 158/185/193 172/190/193 173/193/193
f 166/170/194 180/192/194 181/194/194
f 158/185/195 174/195/195 159/186/195
f 166/170/196 182/196/196 167/171/196
f 160/172/197 174/195/197 175/197/197
f 168/173/198 182/196/198 183/198/198
f 160/172/199 176/199/199 161/174/199
f 168/173/200 184/200/200 169/175/200
f 162/176/201 176/199/201 177/201/201
f 169/175/202 185/202/202 170/177/202
f 163/178/203 177/201/203 178/203/203
f 175/197/204 189/204/204 190/205/204
f 183/198/205 197/206/205 198/207/205
f 175/197/206 191/208/206 176/199/206
f 183/198/207 199/209/207 184/200/207
f 176/199/208 192/210/208 177/201/208
f 184/200/209 200/211/209 185/202/209
f 178/203/210 192/210/210 193/212/210
f 185/202/211 201/213/211 186/187/211
f 178/203/212 194/214/212 179/188/212
f 172/190/213 74/215/213 187/216/213
f 81/217/214 186/187/214 201/213/214
f 179/188/215 195/218/215 180/192/215
f 173/193/216 187/216/216 188/219/216
f 180/192/217 196/220/217 181/194/217
f 173/193/218 189/204/218 174/195/218
f 181/194/219 197/206/219 182/196/219
f 193/212/220 209/221/220 194/214/220
f 187/216/221 74/222/221 202/223/221
f 81/224/222 201/213/222 216/225/222
f 194/214/223 210/226/223 195/218/223
f 188/219/224 202/223/224 203/227/224
f 195/218/225 211/228/225 196/220/225
f 189/204/226 203/227/226 204/229/226
f 196/220/227 212/230/227 197/206/227
f 189/204/228 205/231/228 190/205/228
f 198/207/229 212/230/229 213/232/229
f 190/205/230 206/233/230 191/208/230
f 199/209/231 213/232/231 214/234/231
f 191/208/232 207/235/232 192/210/232
f 199/209/233 215/236/233 200/211/233
f 193/212/234 207/235/234 208/237/234
f 200/211/235 216/225/235 201/213/235
f 213/232/236 227/238/236 228/239/236
f 205/231/237 221/240/237 206/233/237
f 213/232/238 229/241/238 214/234/238
f 206/233/239 222/242/239 207/235/239
f 215/236/240 229/241/240 230/243/240
f 207/235/241 223/244/241 208/237/241
f 215/236/242 231/245/242 216/225/242
f 208/237/243 224/246/243 209/221/243
f 202/223/244 74/247/244 217/248/244
f 81/249/245 216/225/245 231/245/245
f 209/221/246 225/250/246 210/226/246
f 203/227/247 217/248/247 218/6/247
f 210/226/248 226/251/248 211/228/248
f 204/229/249 218/6/249 219/252/249
f 212/230/250 226/251/250 227/238/250
f 204/229/251 220/253/251 205/231/251
f 81/254/252 231/245/252 246/255/252
f 225/250/253 239/256/253 240/257/253
f 217/248/254 233/258/254 218/6/254
f 226/251/255 240/257/255 241/259/255
f 218/6/256 234/260/256 219/252/256
f 226/251/257 242/261/257 227/238/257
f 219/252/258 235/262/258 220/253/258
f 228/239/259 242/261/259 243/263/259
f 220/253/260 236/264/260 221/240/260
f 229/241/261 243/263/261 244/265/261
f 221/240/262 237/266/262 222/242/262
f 230/243/263 244/265/263 245/267/263
f 222/242/264 238/268/264 223/244/264
f 231/245/265 245/267/265 246/255/265
f 223/244/266 239/256/266 224/246/266
f 217/248/267 74/269/267 232/270/267
f 244/265/268 258/271/268 259/272/268
f 237/266/269 251/273/269 252/274/269
f 245/267/270 259/272/270 260/275/270
f 237/266/271 253/276/271 238/268/271
f 245/267/272 261/277/272 246/255/272
f 238/268/273 254/278/273 239/256/273
f 232/270/274 74/279/274 247/280/274
f 81/281/275 246/255/275 261/277/275
f 239/256/276 255/282/276 240/257/276
f 233/258/277 247/280/277 248/4/277
f 240/257/278 256/283/278 241/259/278
f 233/258/279 249/284/279 234/260/279
f 241/259/280 257/285/280 242/261/280
f 234/260/281 250/286/281 235/262/281
f 242/261/282 258/271/282 243/263/282
f 236/264/283 250/286/283 251/273/283
f 248/4/284 262/287/284 263/288/284
f 255/282/285 271/289/285 256/283/285
f 248/4/286 264/290/286 249/284/286
f 257/285/287 271/289/287 272/291/287
f 249/284/288 265/292/288 250/286/288
f 257/285/289 273/293/289 258/271/289
f 251/273/290 265/292/290 266/294/290
f 259/272/291 273/293/291 274/295/291
f 251/273/292 267/296/292 252/274/292
f 260/275/293 274/295/293 275/297/293
f 252/274/294 268/298/294 253/276/294
f 260/275/295 276/299/295 261/277/295
f 253/276/296 269/300/296 254/278/296
f 247/280/297 74/301/297 262/287/297
f 81/302/298 261/277/298 276/299/298
f 255/282/299 269/300/299 270/303/299
f 266/294/300 282/304/300 267/296/300
f 275/297/301 289/305/301 290/306/301
f 268/298/302 282/304/302 283/307/302
f 276/299/303 290/306/303 291/308/303
f 268/298/304 284/309/304 269/300/304
f 262/287/305 74/310/305 277/311/305
f 81/312/306 276/299/306 291/308/306
f 270/303/307 284/309/307 285/313/307
f 262/287/308 278/314/308 263/288/308
f 270/303/309 286/315/309 271/289/309
f 264/290/310 278/314/310 279/316/310
f 271/289/311 287/317/311 272/291/311
f 265/292/312 279/316/312 280/318/312
f 273/293/313 287/317/313 288/319/313
f 265/292/314 281/320/314 266/294/314
f 273/293/315 289/305/315 274/295/315
f 285/313/316 301/321/316 286/315/316
f 278/314/317 294/322/317 279/316/317
f 287/317/318 301/321/318 302/323/318
f 279/316/319 295/324/319 280/318/319
f 287/317/320 303/325/320 288/319/320
f 281/320/321 295/324/321 296/326/321
f 288/319/322 304/327/322 289/305/322
f 281/320/323 297/328/323 282/304/323
f 290/306/324 304/327/324 305/329/324
f 282/304/325 298/330/325 283/307/325
f 290/306/326 306/331/326 291/308/326
f 284/309/327 298/330/327 299/332/327
f 277/311/328 74/333/328 292/334/328
f 81/335/329 291/308/329 306/331/329
f 284/309/330 300/336/330 285/313/330
f 278/314/331 292/334/331 293/337/331
f 305/329/332 319/338/332 320/339/332
f 298/330/333 312/340/333 313/341/333
f 305/329/334 321/342/334 306/331/334
f 299/332/335 313/341/335 314/343/335
f 292/334/336 74/344/336 307/345/336
f 81/346/337 306/331/337 321/342/337
f 299/332/338 315/347/338 300/336/338
f 292/334/339 308/348/339 293/337/339
f 300/336/340 316/349/340 301/321/340
f 294/322/341 308/348/341 309/350/341
f 301/321/342 317/351/342 302/323/342
f 294/322/343 310/352/343 295/324/343
f 303/325/344 317/351/344 318/353/344
f 295/324/345 311/354/345 296/326/345
f 304/327/346 318/353/346 319/338/346
f 297/328/347 311/354/347 312/340/347
f 309/350/348 323/355/348 324/356/348
f 316/349/349 332/357/349 317/351/349
f 310/352/350 324/356/350 325/358/350
f 317/351/351 333/359/351 318/353/351
f 311/354/352 325/358/352 326/360/352
f 318/353/353 334/361/353 319/338/353
f 311/354/354 327/362/354 312/340/354
f 319/338/355 335/363/355 320/339/355
f 313/341/356 327/362/356 328/364/356
f 320/339/357 336/365/357 321/342/357
f 314/343/358 328/364/358 329/366/358
f 307/345/359 74/367/359 322/368/359
f 81/369/360 321/342/360 336/365/360
f 314/343/361 330/370/361 315/347/361
f 308/348/362 322/368/362 323/355/362
f 316/349/363 330/370/363 331/371/363
f 327/362/364 343/372/364 328/364/364
f 336/365/365 350/373/365 351/374/365
f 328/364/366 344/375/366 329/366/366
f 322/368/367 74/376/367 337/377/367
f 81/378/368 336/365/368 351/374/368
f 329/366/369 345/379/369 330/370/369
f 322/368/370 338/380/370 323/355/370
f 330/370/371 346/381/371 331/371/371
f 324/356/372 338/380/372 339/382/372
f 331/371/373 347/383/373 332/357/373
f 325/358/374 339/382/374 340/384/374
f 333/359/375 347/383/375 348/385/375
f 325/358/376 341/386/376 326/360/376
f 333/359/377 349/387/377 334/361/377
f 326/360/378 342/388/378 327/362/378
f 334/361/379 350/373/379 335/363/379
f 346/381/380 362/389/380 347/383/380
f 339/382/381 355/390/381 340/384/381
f 347/383/382 363/391/382 348/385/382
f 341/386/383 355/390/383 356/392/383
f 349/387/384 363/391/384 364/393/384
f 342/388/385 356/392/385 357/394/385
f 350/373/386 364/393/386 365/395/386
f 343/372/387 357/394/387 358/396/387
f 351/374/388 365/395/388 366/397/388
f 343/372/389 359/398/389 344/375/389
f 337/377/390 74/399/390 352/400/390
f 81/401/391 351/374/391 366/397/391
f 345/379/392 359/398/392 360/402/392
f 337/377/393 353/403/393 338/380/393
f 345/379/394 361/404/394 346/381/394
f 338/380/395 354/405/395 339/382/395
f 365/395/396 381/406/396 366/397/396
f 358/396/397 374/407/397 359/398/397
f 352/400/398 74/408/398 367/409/398
f 81/410/399 366/397/399 381/406/399
f 359/398/400 375/411/400 360/402/400
f 353/403/401 367/409/401 368/412/401
f 360/402/402 376/413/402 361/404/402
f 353/403/403 369/414/403 354/405/403
f 361/404/404 377/415/404 362/389/404
f 354/405/405 370/416/405 355/390/405
f 363/391/406 377/415/406 378/417/406
f 355/390/407 371/418/407 356/392/407
f 364/393/408 378/417/408 379/419/408
f 356/392/409 372/420/409 357/394/409
f 364/393/410 380/421/410 365/395/410
f 358/396/411 372/420/411 373/422/411
f 377/415/412 393/423/412 378/417/412
f 371/418/413 385/424/413 386/425/413
f 378/417/414 394/426/414 379/419/414
f 372/420/415 386/425/415 387/427/415
f 380/421/416 394/426/416 395/428/416
f 373/422/417 387/427/417 388/429/417
f 381/406/418 395/428/418 396/430/418
f 373/422/419 389/431/419 374/407/419
f 367/409/420 74/432/420 382/433/420
f 81/434/421 381/406/421 396/430/421
f 375/411/422 389/431/422 390/435/422
f 367/409/423 383/436/423 368/412/423
f 375/411/424 391/437/424 376/413/424
f 368/412/425 384/438/425 369/414/425
f 376/413/426 392/439/426 377/415/426
f 370/416/427 384/438/427 385/424/427
f 382/433/428 74/440/428 397/441/428
f 81/442/429 396/430/429 411/443/429
f 390/435/430 404/444/430 405/445/430
f 383/436/431 397/441/431 398/446/431
f 390/435/432 406/447/432 391/437/432
f 384/438/433 398/446/433 399/448/433
f 391/437/434 407/449/434 392/439/434
f 384/438/435 400/450/435 385/424/435
f 392/439/436 408/451/436 393/423/436
f 386/425/437 400/450/437 401/452/437
f 394/426/438 408/451/438 409/453/438
f 386/425/439 402/454/439 387/427/439
f 394/426/440 410/455/440 395/428/440
f 388/429/441 402/454/441 403/456/441
f 395/428/442 411/443/442 396/430/442
f 388/429/443 404/444/443 389/431/443
f 401/452/444 415/457/444 416/458/444
f 409/453/445 423/459/445 424/460/445
f 402/454/446 416/458/446 417/461/446
f 409/453/447 425/462/447 410/455/447
f 402/454/448 418/463/448 403/456/448
f 411/443/449 425/462/449 426/464/449
f 403/456/450 419/465/450 404/444/450
f 397/441/451 74/466/451 412/467/451
f 81/468/452 411/443/452 426/464/452
f 404/444/453 420/469/453 405/445/453
f 397/441/454 413/470/454 398/446/454
f 405/445/455 421/471/455 406/447/455
f 399/448/456 413/470/456 414/472/456
f 407/449/457 421/471/457 422/473/457
f 399/448/458 415/457/458 400/450/458
f 407/449/459 423/459/459 408/451/459
f 420/469/460 434/474/460 435/475/460
f 426/464/461 440/476/461 441/477/461
f 412/467/462 428/478/462 413/470/462
f 421/471/463 435/475/463 436/479/463
f 81/480/464 426/464/464 441/477/464
f 413/470/465 429/481/465 414/472/465
f 422/473/466 436/479/466 437/482/466
f 415/457/467 429/481/467 430/483/467
f 423/459/468 437/482/468 438/484/468
f 416/458/469 430/483/469 431/485/469
f 423/459/470 439/486/470 424/460/470
f 416/458/471 432/487/471 417/461/471
f 418/463/472 432/487/472 433/488/472
f 418/463/473 434/474/473 419/465/473
f 425/462/474 439/486/474 440/476/474
f 412/467/475 74/489/475 427/490/475
f 437/491/476 451/492/476 452/493/476
f 429/494/477 445/495/477 430/496/477
f 437/491/478 453/497/478 438/498/478
f 431/499/479 445/495/479 446/500/479
f 439/501/480 453/497/480 454/502/480
f 431/499/481 447/503/481 432/504/481
f 439/501/482 455/505/482 440/506/482
f 432/504/483 448/507/483 433/508/483
f 441/509/484 455/505/484 456/510/484
f 433/508/485 449/511/485 434/512/485
f 427/513/486 74/514/486 442/515/486
f 81/516/487 441/509/487 456/510/487
f 434/512/488 450/517/488 435/518/488
f 428/519/489 442/515/489 443/520/489
f 436/521/490 450/517/490 451/492/490
f 429/494/491 443/520/491 444/522/491
f 456/510/492 470/523/492 471/524/492
f 449/511/493 463/525/493 464/526/493
f 442/515/494 74/527/494 457/528/494
f 81/529/495 456/510/495 471/524/495
f 449/511/496 465/530/496 450/517/496
f 442/515/497 458/531/497 443/520/497
f 451/492/498 465/530/498 466/532/498
f 444/522/499 458/531/499 459/533/499
f 451/492/500 467/534/500 452/493/500
f 444/522/501 460/535/501 445/495/501
f 452/493/502 468/536/502 453/497/502
f 446/500/503 460/535/503 461/537/503
f 453/497/504 469/538/504 454/502/504
f 447/503/505 461/537/505 462/539/505
f 454/502/506 470/523/506 455/505/506
f 447/503/507 463/525/507 448/507/507
f 467/534/508 483/540/508 468/536/508
f 461/537/509 475/541/509 476/542/509
f 469/538/510 483/540/510 484/543/510
f 461/537/511 477/544/511 462/539/511
f 469/538/512 485/545/512 470/523/512
f 463/525/513 477/544/513 478/546/513
f 470/523/514 486/547/514 471/524/514
f 463/525/515 479/548/515 464/526/515
f 457/528/516 74/549/516 472/550/516
f 81/551/517 471/524/517 486/547/517
f 465/530/518 479/548/518 480/552/518
f 457/528/519 473/553/519 458/531/519
f 465/530/520 481/554/520 466/532/520
f 458/531/521 474/555/521 459/533/521
f 467/534/522 481/554/522 482/556/522
f 460/535/523 474/555/523 475/541/523
f 472/550/524 74/557/524 487/558/524
f 81/559/525 486/547/525 501/560/525
f 479/548/526 495/561/526 480/552/526
f 472/550/527 488/562/527 473/553/527
f 480/552/528 496/563/528 481/554/528
f 473/553/529 489/564/529 474/555/529
f 481/554/530 497/565/530 482/556/530
f 475/541/531 489/564/531 490/566/531
f 482/556/532 498/567/532 483/540/532
f 475/541/533 491/568/533 476/542/533
f 483/540/534 499/569/534 484/543/534
f 477/544/535 491/568/535 492/570/535
f 485/545/536 499/569/536 500/571/536
f 478/546/537 492/570/537 493/572/537
f 486/547/538 500/571/538 501/560/538
f 479/548/539 493/572/539 494/573/539
f 491/568/540 505/574/540 506/575/540
f 498/567/541 514/576/541 499/569/541
f 492/570/542 506/575/542 507/577/542
f 499/569/543 515/578/543 500/571/543
f 493/572/544 507/577/544 508/579/544
f 500/571/545 516/580/545 501/560/545
f 493/572/546 509/581/546 494/573/546
f 487/558/547 74/582/547 502/583/547
f 81/584/548 501/560/548 516/580/548
f 494/573/549 510/585/549 495/561/549
f 488/562/550 502/583/550 503/586/550
f 495/561/551 511/587/551 496/563/551
f 489/564/552 503/586/552 504/588/552
f 496/563/553 512/589/553 497/565/553
f 490/566/554 504/588/554 505/574/554
f 497/565/555 513/590/555 498/567/555
f 509/581/556 525/591/556 510/585/556
f 502/583/557 518/592/557 503/586/557
f 510/585/558 526/593/558 511/587/558
f 503/586/559 519/594/559 504/588/559
f 512/589/560 526/593/560 527/595/560
f 504/588/561 520/596/561 505/574/561
f 513/590/562 527/595/562 528/597/562
f 505/574/563 521/598/563 506/575/563
f 513/590/564 529/599/564 514/576/564
f 506/575/565 522/600/565 507/577/565
f 515/578/566 529/599/566 530/601/566
f 508/579/567 522/600/567 523/602/567
f 516/580/568 530/601/568 531/603/568
f 508/579/569 524/604/569 509/581/569
f 502/583/570 74/605/570 517/606/570
f 81/607/571 516/580/571 531/603/571
f 528/597/572 544/608/572 529/599/572
f 522/600/573 536/609/573 537/610/573
f 529/599/574 545/611/574 530/601/574
f 522/600/575 538/612/575 523/602/575
f 531/603/576 545/611/576 546/613/576
f 524/604/577 538/612/577 539/614/577
f 517/606/578 74/615/578 532/616/578
f 81/617/579 531/603/579 546/613/579
f 524/604/580 540/618/580 525/591/580
f 517/606/581 533/619/581 518/592/581
f 526/593/582 540/618/582 541/620/582
f 519/594/583 533/619/583 534/621/583
f 526/593/584 542/622/584 527/595/584
f 520/596/585 534/621/585 535/623/585
f 528/597/586 542/622/586 543/624/586
f 520/596/587 536/609/587 521/598/587
f 532/616/588 548/99/588 533/619/588
f 541/620/589 79/97/589 551/70/589
f 533/619/590 75/101/590 534/621/590
f 542/622/591 551/70/591 80/72/591
f 534/621/592 549/73/592 535/623/592
f 543/624/593 80/72/593 552/77/593
f 536/609/594 549/73/594 76/78/594
f 544/608/595 552/77/595 553/81/595
f 536/609/596 550/82/596 537/610/596
f 545/611/597 553/81/597 554/84/597
f 537/610/598 77/86/598 538/612/598
f 546/613/599 554/84/599 555/88/599
f 539/614/600 77/86/600 78/91/600
f 532/616/601 74/625/601 547/92/601
f 81/626/602 546/613/602 555/88/602
f 539/614/603 79/97/603 540/618/603
f 557/101/93 567/75/93 1031/73/93
f 562/72/94 575/76/94 1034/77/94
f 558/78/95 567/75/95 568/79/95
f 1034/77/96 576/80/96 1035/81/96
f 1032/82/97 568/79/97 569/83/97
f 1035/81/98 577/85/98 1036/84/98
f 559/86/99 569/83/99 570/87/99
f 1036/84/100 578/89/100 1037/88/100
f 559/86/604 571/90/604 560/91/604
f 1029/92/102 556/93/102 564/94/102
f 563/95/103 1037/88/103 578/89/103
f 561/97/605 571/90/605 572/96/605
f 1030/99/105 564/94/105 565/98/105
f 561/97/106 573/100/106 1033/70/106
f 1030/99/107 566/74/107 557/101/107
f 1033/70/92 574/71/92 562/72/92
f 566/74/606 580/118/606 581/104/606
f 574/71/607 588/103/607 589/105/607
f 566/74/111 582/106/111 567/75/111
f 574/71/112 590/107/112 575/76/112
f 568/79/113 582/106/113 583/108/113
f 575/76/114 591/109/114 576/80/114
f 568/79/115 584/110/115 569/83/115
f 576/80/116 592/111/116 577/85/116
f 569/83/117 585/112/117 570/87/117
f 578/89/118 592/111/118 593/113/118
f 571/90/608 585/112/608 586/114/608
f 564/94/120 556/115/120 579/116/120
f 563/117/121 578/89/121 593/113/121
f 571/90/609 587/102/609 572/96/609
f 564/94/123 580/118/123 565/98/123
f 573/100/108 587/102/108 588/103/108
f 584/110/125 600/121/125 585/112/125
f 593/113/126 607/119/126 608/122/126
f 586/114/610 600/121/610 601/123/610
f 579/116/611 556/124/611 594/125/611
f 563/126/129 593/113/129 608/122/129
f 586/114/130 602/127/130 587/102/130
f 580/118/131 594/125/131 595/128/131
f 588/103/132 602/127/132 603/129/132
f 581/104/133 595/128/133 596/130/133
f 588/103/134 604/131/134 589/105/134
f 581/104/135 597/132/135 582/106/135
f 590/107/136 604/131/136 605/133/136
f 582/106/137 598/134/137 583/108/137
f 591/109/138 605/133/138 606/135/138
f 583/108/139 599/120/139 584/110/139
f 591/109/612 607/119/612 592/111/612
f 604/131/141 618/152/141 619/137/141
f 597/132/142 611/136/142 612/138/142
f 605/133/613 619/137/613 620/139/613
f 597/132/144 613/140/144 598/134/144
f 605/133/145 621/141/145 606/135/145
f 599/120/146 613/140/146 614/142/146
f 606/135/147 622/143/147 607/119/147
f 600/121/148 614/142/148 615/144/148
f 608/122/149 622/143/149 623/145/149
f 601/123/150 615/144/150 616/146/150
f 594/125/151 556/147/151 609/148/151
f 563/149/152 608/122/152 623/145/152
f 601/123/153 617/150/153 602/127/153
f 594/125/154 610/151/154 595/128/154
f 602/127/155 618/152/155 603/129/155
f 595/128/140 611/136/140 596/130/140
f 623/145/614 637/155/614 638/156/614
f 616/146/615 630/154/615 631/157/615
f 609/148/159 556/158/159 624/159/159
f 563/160/160 623/145/160 638/156/160
f 616/146/161 632/161/161 617/150/161
f 610/151/616 624/159/616 625/162/616
f 618/152/163 632/161/163 633/163/163
f 610/151/164 626/164/164 611/136/164
f 618/152/165 634/165/165 619/137/165
f 611/136/166 627/166/166 612/138/166
f 619/137/167 635/167/167 620/139/167
f 612/138/168 628/168/168 613/140/168
f 621/141/169 635/167/169 636/169/169
f 614/142/170 628/168/170 629/153/170
f 621/141/171 637/155/171 622/143/171
f 615/144/156 629/153/156 630/154/156
f 627/166/173 641/186/173 642/172/173
f 634/165/174 650/173/174 635/167/174
f 628/168/175 642/172/175 643/174/175
f 635/167/176 651/175/176 636/169/176
f 628/168/177 644/176/177 629/153/177
f 636/169/178 652/177/178 637/155/178
f 630/154/179 644/176/179 645/178/179
f 638/156/617 652/177/617 653/179/617
f 631/157/618 645/178/618 646/180/618
f 624/159/619 556/181/619 639/182/619
f 563/183/183 638/156/183 653/179/183
f 631/157/620 647/184/620 632/161/620
f 625/162/621 639/182/621 640/185/621
f 632/161/186 648/170/186 633/163/186
f 626/164/187 640/185/187 641/186/187
f 634/165/172 648/170/172 649/171/172
f 646/180/622 660/203/622 661/188/622
f 639/182/190 556/189/190 654/190/190
f 563/191/623 653/179/623 668/187/623
f 646/180/192 662/192/192 647/184/192
f 639/182/193 655/193/193 640/185/193
f 647/184/194 663/194/194 648/170/194
f 641/186/195 655/193/195 656/195/195
f 648/170/196 664/196/196 649/171/196
f 641/186/197 657/197/197 642/172/197
f 650/173/198 664/196/198 665/198/198
f 643/174/199 657/197/199 658/199/199
f 650/173/200 666/200/200 651/175/200
f 643/174/201 659/201/201 644/176/201
f 651/175/202 667/202/202 652/177/202
f 645/178/203 659/201/203 660/203/203
f 653/179/188 667/202/188 668/187/188
f 664/196/205 680/207/205 665/198/205
f 657/197/206 673/208/206 658/199/206
f 665/198/207 681/209/207 666/200/207
f 658/199/208 674/210/208 659/201/208
f 667/202/209 681/209/209 682/211/209
f 660/203/210 674/210/210 675/212/210
f 668/187/211 682/211/211 683/213/211
f 660/203/624 676/214/624 661/188/624
f 654/190/213 556/215/213 669/216/213
f 563/217/214 668/187/214 683/213/214
f 661/188/625 677/218/625 662/192/625
f 655/193/626 669/216/626 670/219/626
f 662/192/217 678/220/217 663/194/217
f 655/193/218 671/204/218 656/195/218
f 664/196/219 678/220/219 679/206/219
f 657/197/204 671/204/204 672/205/204
f 563/224/222 683/213/222 698/225/222
f 676/214/627 692/226/627 677/218/627
f 670/219/224 684/223/224 685/227/224
f 678/220/225 692/226/225 693/228/225
f 671/204/226 685/227/226 686/229/226
f 678/220/227 694/230/227 679/206/227
f 671/204/228 687/231/228 672/205/228
f 680/207/229 694/230/229 695/232/229
f 672/205/230 688/233/230 673/208/230
f 681/209/628 695/232/628 696/234/628
f 674/210/232 688/233/232 689/235/232
f 681/209/233 697/236/233 682/211/233
f 674/210/234 690/237/234 675/212/234
f 682/211/235 698/225/235 683/213/235
f 675/212/629 691/221/629 676/214/629
f 669/216/221 556/222/221 684/223/221
f 696/234/238 710/239/238 711/241/238
f 688/233/239 704/242/239 689/235/239
f 697/236/240 711/241/240 712/243/240
f 690/237/241 704/242/241 705/244/241
f 697/236/630 713/245/630 698/225/630
f 690/237/243 706/246/243 691/221/243
f 684/223/244 556/247/244 699/248/244
f 563/249/631 698/225/631 713/245/631
f 692/226/632 706/246/632 707/250/632
f 685/227/633 699/248/633 700/6/633
f 692/226/248 708/251/248 693/228/248
f 685/227/249 701/252/249 686/229/249
f 694/230/250 708/251/250 709/238/250
f 686/229/251 702/253/251 687/231/251
f 694/230/236 710/239/236 695/232/236
f 688/233/237 702/253/237 703/240/237
f 699/248/254 715/258/254 700/6/254
f 708/251/255 722/257/255 723/259/255
f 701/252/256 715/258/256 716/260/256
f 709/238/257 723/259/257 724/261/257
f 702/253/258 716/260/258 717/262/258
f 710/239/259 724/261/259 725/263/259
f 702/253/260 718/264/260 703/240/260
f 710/239/261 726/265/261 711/241/261
f 703/240/262 719/266/262 704/242/262
f 711/241/263 727/267/263 712/243/263
f 704/242/264 720/268/264 705/244/264
f 713/245/634 727/267/634 728/255/634
f 705/244/635 721/256/635 706/246/635
f 699/248/267 556/269/267 714/270/267
f 563/254/252 713/245/252 728/255/252
f 706/246/253 722/257/253 707/250/253
f 718/264/269 734/274/269 719/266/269
f 726/265/270 742/275/270 727/267/270
f 719/266/271 735/276/271 720/268/271
f 728/255/272 742/275/272 743/277/272
f 721/256/273 735/276/273 736/278/273
f 714/270/274 556/279/274 729/280/274
f 563/281/275 728/255/275 743/277/275
f 722/257/636 736/278/636 737/282/636
f 714/270/277 730/4/277 715/258/277
f 723/259/278 737/282/278 738/283/278
f 716/260/279 730/4/279 731/284/279
f 723/259/280 739/285/280 724/261/280
f 716/260/281 732/286/281 717/262/281
f 725/263/282 739/285/282 740/271/282
f 717/262/283 733/273/283 718/264/283
f 726/265/268 740/271/268 741/272/268
f 738/283/285 752/303/285 753/289/285
f 730/4/286 746/290/286 731/284/286
f 738/283/287 754/291/287 739/285/287
f 731/284/288 747/292/288 732/286/288
f 739/285/289 755/293/289 740/271/289
f 733/273/637 747/292/637 748/294/637
f 740/271/291 756/295/291 741/272/291
f 734/274/292 748/294/292 749/296/292
f 742/275/293 756/295/293 757/297/293
f 734/274/294 750/298/294 735/276/294
f 743/277/295 757/297/295 758/299/295
f 736/278/638 750/298/638 751/300/638
f 729/280/297 556/301/297 744/287/297
f 563/302/298 743/277/298 758/299/298
f 736/278/639 752/303/639 737/282/639
f 730/4/284 744/287/284 745/288/284
f 756/295/640 772/306/640 757/297/640
f 749/296/302 765/307/302 750/298/302
f 757/297/641 773/308/641 758/299/641
f 751/300/642 765/307/642 766/309/642
f 744/287/305 556/310/305 759/311/305
f 563/312/306 758/299/306 773/308/306
f 751/300/643 767/313/643 752/303/643
f 744/287/308 760/314/308 745/288/308
f 752/303/309 768/315/309 753/289/309
f 745/288/310 761/316/310 746/290/310
f 754/291/311 768/315/311 769/317/311
f 747/292/312 761/316/312 762/318/312
f 754/291/644 770/319/644 755/293/644
f 748/294/314 762/318/314 763/320/314
f 756/295/315 770/319/315 771/305/315
f 748/294/300 764/304/300 749/296/300
f 761/316/317 775/337/317 776/322/317
f 769/317/318 783/321/318 784/323/318
f 761/316/319 777/324/319 762/318/319
f 770/319/320 784/323/320 785/325/320
f 762/318/321 778/326/321 763/320/321
f 771/305/322 785/325/322 786/327/322
f 763/320/645 779/328/645 764/304/645
f 771/305/324 787/329/324 772/306/324
f 764/304/325 780/330/325 765/307/325
f 773/308/646 787/329/646 788/331/646
f 766/309/327 780/330/327 781/332/327
f 759/311/328 556/333/328 774/334/328
f 563/335/329 773/308/329 788/331/329
f 767/313/330 781/332/330 782/336/330
f 760/314/647 774/334/647 775/337/647
f 768/315/316 782/336/316 783/321/316
f 779/328/333 795/341/333 780/330/333
f 787/329/648 803/342/648 788/331/648
f 781/332/335 795/341/335 796/343/335
f 774/334/336 556/344/336 789/345/336
f 563/346/337 788/331/337 803/342/337
f 781/332/649 797/347/649 782/336/649
f 775/337/339 789/345/339 790/348/339
f 783/321/340 797/347/340 798/349/340
f 776/322/341 790/348/341 791/350/341
f 784/323/342 798/349/342 799/351/342
f 777/324/650 791/350/650 792/352/650
f 785/325/344 799/351/344 800/353/344
f 777/324/345 793/354/345 778/326/345
f 786/327/346 800/353/346 801/338/346
f 778/326/347 794/340/347 779/328/347
f 786/327/332 802/339/332 787/329/332
f 798/349/349 814/357/349 799/351/349
f 791/350/350 807/358/350 792/352/350
f 800/353/351 814/357/351 815/359/351
f 792/352/352 808/360/352 793/354/352
f 800/353/353 816/361/353 801/338/353
f 794/340/354 808/360/354 809/362/354
f 802/339/355 816/361/355 817/363/355
f 795/341/356 809/362/356 810/364/356
f 802/339/651 818/365/651 803/342/651
f 796/343/358 810/364/358 811/366/358
f 789/345/359 556/367/359 804/368/359
f 563/369/360 803/342/360 818/365/360
f 796/343/652 812/370/652 797/347/652
f 789/345/653 805/355/653 790/348/653
f 797/347/363 813/371/363 798/349/363
f 791/350/348 805/355/348 806/356/348
f 817/363/654 833/374/654 818/365/654
f 811/366/655 825/372/655 826/375/655
f 804/368/367 556/376/367 819/377/367
f 563/378/368 818/365/368 833/374/368
f 811/366/656 827/379/656 812/370/656
f 805/355/370 819/377/370 820/380/370
f 812/370/371 828/381/371 813/371/371
f 805/355/657 821/382/657 806/356/657
f 814/357/373 828/381/373 829/383/373
f 807/358/374 821/382/374 822/384/374
f 814/357/375 830/385/375 815/359/375
f 808/360/376 822/384/376 823/386/376
f 815/359/377 831/387/377 816/361/377
f 808/360/658 824/388/658 809/362/658
f 817/363/379 831/387/379 832/373/379
f 810/364/364 824/388/364 825/372/364
f 829/383/382 845/391/382 830/385/382
f 822/384/383 838/392/383 823/386/383
f 831/387/384 845/391/384 846/393/384
f 823/386/385 839/394/385 824/388/385
f 831/387/659 847/395/659 832/373/659
f 824/388/387 840/396/387 825/372/387
f 833/374/388 847/395/388 848/397/388
f 826/375/660 840/396/660 841/398/660
f 819/377/661 556/399/661 834/400/661
f 563/401/391 833/374/391 848/397/391
f 826/375/662 842/402/662 827/379/662
f 819/377/663 835/403/663 820/380/663
f 828/381/394 842/402/394 843/404/394
f 820/380/664 836/405/664 821/382/664
f 828/381/380 844/389/380 829/383/380
f 821/382/381 837/390/381 822/384/381
f 834/400/398 556/408/398 849/409/398
f 563/410/399 848/397/399 863/406/399
f 841/398/400 857/411/400 842/402/400
f 835/403/401 849/409/401 850/412/401
f 843/404/402 857/411/402 858/413/402
f 836/405/403 850/412/403 851/414/403
f 844/389/404 858/413/404 859/415/404
f 837/390/405 851/414/405 852/416/405
f 844/389/665 860/417/665 845/391/665
f 838/392/407 852/416/407 853/418/407
f 845/391/408 861/419/408 846/393/408
f 838/392/409 854/420/409 839/394/409
f 846/393/410 862/421/410 847/395/410
f 839/394/411 855/422/411 840/396/411
f 848/397/396 862/421/396 863/406/396
f 841/398/666 855/422/666 856/407/666
f 853/418/413 867/424/413 868/425/413
f 860/417/414 876/426/414 861/419/414
f 853/418/415 869/427/415 854/420/415
f 861/419/416 877/428/416 862/421/416
f 855/422/417 869/427/417 870/429/417
f 863/406/667 877/428/667 878/430/667
f 855/422/668 871/431/668 856/407/668
f 849/409/420 556/432/420 864/433/420
f 563/434/421 863/406/421 878/430/421
f 856/407/422 872/435/422 857/411/422
f 849/409/669 865/436/669 850/412/669
f 857/411/424 873/437/424 858/413/424
f 850/412/425 866/438/425 851/414/425
f 859/415/670 873/437/670 874/439/670
f 852/416/427 866/438/427 867/424/427
f 860/417/412 874/439/412 875/423/412
f 871/431/430 887/445/430 872/435/430
f 864/433/431 880/446/431 865/436/431
f 872/435/432 888/447/432 873/437/432
f 866/438/433 880/446/433 881/448/433
f 874/439/434 888/447/434 889/449/434
f 866/438/435 882/450/435 867/424/435
f 874/439/436 890/451/436 875/423/436
f 867/424/437 883/452/437 868/425/437
f 876/426/438 890/451/438 891/453/438
f 868/425/439 884/454/439 869/427/439
f 877/428/440 891/453/440 892/455/440
f 870/429/441 884/454/441 885/456/441
f 877/428/671 893/443/671 878/430/671
f 871/431/672 885/456/672 886/444/672
f 864/433/673 556/440/673 879/441/673
f 563/442/429 878/430/429 893/443/429
f 891/453/445 905/459/445 906/460/445
f 883/452/446 899/461/446 884/454/446
f 891/453/447 907/462/447 892/455/447
f 884/454/448 900/463/448 885/456/448
f 893/443/449 907/462/449 908/464/449
f 886/444/450 900/463/450 901/465/450
f 879/441/451 556/466/451 894/467/451
f 563/468/674 893/443/674 908/464/674
f 886/444/453 902/469/453 887/445/453
f 879/441/454 895/470/454 880/446/454
f 888/447/455 902/469/455 903/471/455
f 881/448/675 895/470/675 896/472/675
f 889/449/676 903/471/676 904/473/676
f 881/448/458 897/457/458 882/450/458
f 889/449/459 905/459/459 890/451/459
f 883/452/444 897/457/444 898/458/444
f 894/467/462 910/478/462 895/470/462
f 902/469/463 918/479/463 903/471/463
f 896/472/465 910/478/465 911/481/465
f 904/473/466 918/479/466 919/482/466
f 896/472/467 912/483/467 897/457/467
f 905/459/468 919/482/468 920/484/468
f 897/457/469 913/485/469 898/458/469
f 905/459/677 921/486/677 906/460/677
f 898/458/471 914/487/471 899/461/471
f 906/460/474 922/476/474 907/462/474
f 900/463/472 914/487/472 915/488/472
f 908/464/461 922/476/461 923/477/461
f 900/463/678 916/474/678 901/465/678
f 894/467/475 556/489/475 909/490/475
f 563/480/464 908/464/464 923/477/464
f 902/469/460 916/474/460 917/475/460
f 913/499/481 929/503/481 914/504/481
f 921/501/482 937/505/482 922/506/482
f 915/508/483 929/503/483 930/507/483
f 923/509/484 937/505/484 938/510/484
f 915/508/679 931/511/679 916/512/679
f 909/513/486 556/514/486 924/515/486
f 563/516/487 923/509/487 938/510/487
f 917/518/680 931/511/680 932/517/680
f 909/513/489 925/520/489 910/519/489
f 918/521/490 932/517/490 933/492/490
f 911/494/491 925/520/491 926/522/491
f 919/491/476 933/492/476 934/493/476
f 911/494/477 927/495/477 912/496/477
f 919/491/478 935/497/478 920/498/478
f 913/499/479 927/495/479 928/500/479
f 921/501/480 935/497/480 936/502/480
f 933/492/498 947/530/498 948/532/498
f 925/520/499 941/533/499 926/522/499
f 934/493/500 948/532/500 949/534/500
f 926/522/501 942/535/501 927/495/501
f 935/497/502 949/534/502 950/536/502
f 927/495/503 943/537/503 928/500/503
f 935/497/504 951/538/504 936/502/504
f 928/500/681 944/539/681 929/503/681
f 937/505/506 951/538/506 952/523/506
f 929/503/507 945/525/507 930/507/507
f 937/505/492 953/524/492 938/510/492
f 931/511/493 945/525/493 946/526/493
f 924/515/494 556/527/494 939/528/494
f 563/529/682 938/510/682 953/524/682
f 931/511/683 947/530/683 932/517/683
f 925/520/684 939/528/684 940/531/684
f 951/538/512 967/545/512 952/523/512
f 945/525/513 959/544/513 960/546/513
f 953/524/514 967/545/514 968/547/514
f 945/525/685 961/548/685 946/526/685
f 939/528/516 556/549/516 954/550/516
f 563/551/517 953/524/517 968/547/517
f 947/530/686 961/548/686 962/552/686
f 939/528/687 955/553/687 940/531/687
f 947/530/520 963/554/520 948/532/520
f 941/533/688 955/553/688 956/555/688
f 949/534/522 963/554/522 964/556/522
f 942/535/523 956/555/523 957/541/523
f 950/536/508 964/556/508 965/540/508
f 942/535/509 958/542/509 943/537/509
f 951/538/510 965/540/510 966/543/510
f 943/537/511 959/544/511 944/539/511
f 963/554/530 979/565/530 964/556/530
f 956/555/531 972/566/531 957/541/531
f 965/540/532 979/565/532 980/567/532
f 957/541/533 973/568/533 958/542/533
f 966/543/534 980/567/534 981/569/534
f 959/544/535 973/568/535 974/570/535
f 966/543/536 982/571/536 967/545/536
f 959/544/537 975/572/537 960/546/537
f 967/545/689 983/560/689 968/547/689
f 961/548/690 975/572/690 976/573/690
f 954/550/524 556/557/524 969/558/524
f 563/559/525 968/547/525 983/560/525
f 961/548/526 977/561/526 962/552/526
f 955/553/527 969/558/527 970/562/527
f 963/554/528 977/561/528 978/563/528
f 955/553/529 971/564/529 956/555/529
f 983/560/691 997/578/691 998/580/691
f 976/573/692 990/579/692 991/581/692
f 969/558/547 556/582/547 984/583/547
f 563/584/548 983/560/548 998/580/548
f 976/573/549 992/585/549 977/561/549
f 969/558/693 985/586/693 970/562/693
f 978/563/551 992/585/551 993/587/551
f 970/562/552 986/588/552 971/564/552
f 979/565/553 993/587/553 994/589/553
f 971/564/554 987/574/554 972/566/554
f 980/567/694 994/589/694 995/590/694
f 973/568/695 987/574/695 988/575/695
f 981/569/541 995/590/541 996/576/541
f 973/568/542 989/577/542 974/570/542
f 981/569/543 997/578/543 982/571/543
f 974/570/544 990/579/544 975/572/544
f 987/574/561 1001/594/561 1002/596/561
f 994/589/562 1010/597/562 995/590/562
f 988/575/563 1002/596/563 1003/598/563
f 995/590/564 1011/599/564 996/576/564
f 988/575/565 1004/600/565 989/577/565
f 996/576/566 1012/601/566 997/578/566
f 990/579/567 1004/600/567 1005/602/567
f 998/580/568 1012/601/568 1013/603/568
f 990/579/569 1006/604/569 991/581/569
f 984/583/696 556/605/696 999/606/696
f 563/607/571 998/580/571 1013/603/571
f 991/581/697 1007/591/697 992/585/697
f 985/586/698 999/606/698 1000/592/698
f 992/585/558 1008/593/558 993/587/558
f 986/588/699 1000/592/699 1001/594/699
f 994/589/560 1008/593/560 1009/595/560
f 1006/604/700 1020/612/700 1021/614/700
f 999/606/578 556/615/578 1014/616/578
f 563/617/579 1013/603/579 1028/613/579
f 1006/604/701 1022/618/701 1007/591/701
f 1000/592/702 1014/616/702 1015/619/702
f 1007/591/582 1023/620/582 1008/593/582
f 1001/594/703 1015/619/703 1016/621/703
f 1008/593/584 1024/622/584 1009/595/584
f 1001/594/585 1017/623/585 1002/596/585
f 1009/595/586 1025/624/586 1010/597/586
f 1003/598/587 1017/623/587 1018/609/587
f 1010/597/572 1026/608/572 1011/599/572
f 1003/598/573 1019/610/573 1004/600/573
f 1012/601/574 1026/608/574 1027/611/574
f 1004/600/575 1020/612/575 1005/602/575
f 1012/601/704 1028/613/704 1013/603/704
f 1025/624/593 562/72/593 1034/77/593
f 1018/609/594 1031/73/594 558/78/594
f 1025/624/595 1035/81/595 1026/608/595
f 1018/609/596 1032/82/596 1019/610/596
f 1027/611/597 1035/81/597 1036/84/597
f 1020/612/598 1032/82/598 559/86/598
f 1027/611/705 1037/88/705 1028/613/705
f 1021/614/600 559/86/600 560/91/600
f 1014/616/601 556/625/601 1029/92/601
f 563/626/602 1028/613/602 1037/88/602
f 1021/614/706 561/97/706 1022/618/706
f 1015/619/707 1029/92/707 1030/99/707
f 1022/618/589 1033/70/589 1023/620/589
f 1016/621/590 1030/99/590 557/101/590
f 1024/622/591 1033/70/591 562/72/591
f 1017/623/592 557/101/592 1031/73/592
f 1513/73/93 1048/74/93 1049/75/93
f 1044/72/94 1057/76/94 1516/77/94
f 1513/73/95 1050/79/95 1040/78/95
f 1517/81/96 1057/76/96 1058/80/96
f 1040/78/97 1051/83/97 1514/82/97
f 1518/84/98 1058/80/98 1059/85/98
f 1041/86/99 1051/83/99 1052/87/99
f 1518/84/100 1060/89/100 1519/88/100
f 1042/91/101 1052/87/101 1053/90/101
f 1511/92/102 1038/93/102 1046/94/102
f 1045/95/103 1519/88/103 1060/89/103
f 1042/91/104 1054/96/104 1043/97/104
f 1511/92/105 1047/98/105 1512/99/105
f 1043/97/106 1055/100/106 1515/70/106
f 1512/99/107 1048/74/107 1039/101/107
f 1515/70/92 1056/71/92 1044/72/92
f 1048/74/606 1062/118/606 1063/104/606
f 1055/100/607 1071/105/607 1056/71/607
f 1048/74/111 1064/106/111 1049/75/111
f 1057/76/708 1071/105/708 1072/107/708
f 1049/75/709 1065/108/709 1050/79/709
f 1058/80/114 1072/107/114 1073/109/114
f 1051/83/710 1065/108/710 1066/110/710
f 1058/80/711 1074/111/711 1059/85/711
f 1052/87/117 1066/110/117 1067/112/117
f 1059/85/712 1075/113/712 1060/89/712
f 1053/90/119 1067/112/119 1068/114/119
f 1046/94/120 1038/115/120 1061/116/120
f 1045/117/121 1060/89/121 1075/113/121
f 1053/90/609 1069/102/609 1054/96/609
f 1047/98/123 1061/116/123 1062/118/123
f 1054/96/108 1070/103/108 1055/100/108
f 1067/112/125 1081/120/125 1082/121/125
f 1075/113/713 1089/119/713 1090/122/713
f 1067/112/714 1083/123/714 1068/114/714
f 1061/116/611 1038/124/611 1076/125/611
f 1045/126/129 1075/113/129 1090/122/129
f 1068/114/130 1084/127/130 1069/102/130
f 1062/118/715 1076/125/715 1077/128/715
f 1069/102/132 1085/129/132 1070/103/132
f 1062/118/716 1078/130/716 1063/104/716
f 1071/105/134 1085/129/134 1086/131/134
f 1064/106/135 1078/130/135 1079/132/135
f 1072/107/717 1086/131/717 1087/133/717
f 1065/108/718 1079/132/718 1080/134/718
f 1072/107/138 1088/135/138 1073/109/138
f 1065/108/139 1081/120/139 1066/110/139
f 1073/109/612 1089/119/612 1074/111/612
f 1086/131/141 1100/152/141 1101/137/141
f 1078/130/142 1094/138/142 1079/132/142
f 1086/131/143 1102/139/143 1087/133/143
f 1080/134/719 1094/138/719 1095/140/719
f 1087/133/145 1103/141/145 1088/135/145
f 1080/134/146 1096/142/146 1081/120/146
f 1089/119/147 1103/141/147 1104/143/147
f 1081/120/148 1097/144/148 1082/121/148
f 1090/122/720 1104/143/720 1105/145/720
f 1082/121/150 1098/146/150 1083/123/150
f 1076/125/151 1038/147/151 1091/148/151
f 1045/149/152 1090/122/152 1105/145/152
f 1084/127/153 1098/146/153 1099/150/153
f 1076/125/721 1092/151/721 1077/128/721
f 1085/129/155 1099/150/155 1100/152/155
f 1078/130/140 1092/151/140 1093/136/140
f 1104/143/157 1120/156/157 1105/145/157
f 1097/144/615 1113/157/615 1098/146/615
f 1091/148/159 1038/158/159 1106/159/159
f 1045/160/160 1105/145/160 1120/156/160
f 1099/150/161 1113/157/161 1114/161/161
f 1092/151/616 1106/159/616 1107/162/616
f 1100/152/163 1114/161/163 1115/163/163
f 1093/136/164 1107/162/164 1108/164/164
f 1100/152/165 1116/165/165 1101/137/165
f 1093/136/166 1109/166/166 1094/138/166
f 1101/137/167 1117/167/167 1102/139/167
f 1095/140/168 1109/166/168 1110/168/168
f 1103/141/169 1117/167/169 1118/169/169
f 1096/142/170 1110/168/170 1111/153/170
f 1103/141/722 1119/155/722 1104/143/722
f 1096/142/156 1112/154/156 1097/144/156
f 1108/164/173 1124/172/173 1109/166/173
f 1117/167/174 1131/171/174 1132/173/174
f 1110/168/175 1124/172/175 1125/174/175
f 1118/169/176 1132/173/176 1133/175/176
f 1110/168/177 1126/176/177 1111/153/177
f 1118/169/178 1134/177/178 1119/155/178
f 1112/154/179 1126/176/179 1127/178/179
f 1120/156/617 1134/177/617 1135/179/617
f 1113/157/618 1127/178/618 1128/180/618
f 1106/159/182 1038/181/182 1121/182/182
f 1045/183/183 1120/156/183 1135/179/183
f 1113/157/184 1129/184/184 1114/161/184
f 1106/159/723 1122/185/723 1107/162/723
f 1114/161/186 1130/170/186 1115/163/186
f 1108/164/187 1122/185/187 1123/186/187
f 1116/165/172 1130/170/172 1131/171/172
f 1127/178/189 1143/188/189 1128/180/189
f 1121/182/190 1038/189/190 1136/190/190
f 1045/191/623 1135/179/623 1150/187/623
f 1128/180/724 1144/192/724 1129/184/724
f 1121/182/193 1137/193/193 1122/185/193
f 1129/184/194 1145/194/194 1130/170/194
f 1122/185/195 1138/195/195 1123/186/195
f 1130/170/196 1146/196/196 1131/171/196
f 1123/186/197 1139/197/197 1124/172/197
f 1131/171/198 1147/198/198 1132/173/198
f 1125/174/199 1139/197/199 1140/199/199
f 1132/173/200 1148/200/200 1133/175/200
f 1125/174/201 1141/201/201 1126/176/201
f 1134/177/725 1148/200/725 1149/202/725
f 1126/176/203 1142/203/203 1127/178/203
f 1134/177/726 1150/187/726 1135/179/726
f 1147/198/205 1161/206/205 1162/207/205
f 1139/197/206 1155/208/206 1140/199/206
f 1147/198/207 1163/209/207 1148/200/207
f 1141/201/208 1155/208/208 1156/210/208
f 1149/202/209 1163/209/209 1164/211/209
f 1141/201/210 1157/212/210 1142/203/210
f 1149/202/211 1165/213/211 1150/187/211
f 1143/188/212 1157/212/212 1158/214/212
f 1136/190/213 1038/215/213 1151/216/213
f 1045/217/214 1150/187/214 1165/213/214
f 1143/188/727 1159/218/727 1144/192/727
f 1137/193/626 1151/216/626 1152/219/626
f 1145/194/217 1159/218/217 1160/220/217
f 1137/193/218 1153/204/218 1138/195/218
f 1145/194/219 1161/206/219 1146/196/219
f 1139/197/204 1153/204/204 1154/205/204
f 1045/224/222 1165/213/222 1180/225/222
f 1158/214/728 1174/226/728 1159/218/728
f 1152/219/224 1166/223/224 1167/227/224
f 1159/218/225 1175/228/225 1160/220/225
f 1153/204/226 1167/227/226 1168/229/226
f 1161/206/227 1175/228/227 1176/230/227
f 1154/205/228 1168/229/228 1169/231/228
f 1161/206/729 1177/232/729 1162/207/729
f 1155/208/230 1169/231/230 1170/233/230
f 1162/207/628 1178/234/628 1163/209/628
f 1156/210/232 1170/233/232 1171/235/232
f 1163/209/233 1179/236/233 1164/211/233
f 1157/212/234 1171/235/234 1172/237/234
f 1164/211/730 1180/225/730 1165/213/730
f 1158/214/629 1172/237/629 1173/221/629
f 1151/216/221 1038/222/221 1166/223/221
f 1178/234/238 1192/239/238 1193/241/238
f 1170/233/731 1186/242/731 1171/235/731
f 1178/234/240 1194/243/240 1179/236/240
f 1172/237/241 1186/242/241 1187/244/241
f 1179/236/630 1195/245/630 1180/225/630
f 1173/221/732 1187/244/732 1188/246/732
f 1166/223/244 1038/247/244 1181/248/244
f 1045/249/245 1180/225/245 1195/245/245
f 1173/221/632 1189/250/632 1174/226/632
f 1167/227/633 1181/248/633 1182/6/633
f 1174/226/248 1190/251/248 1175/228/248
f 1167/227/249 1183/252/249 1168/229/249
f 1176/230/250 1190/251/250 1191/238/250
f 1168/229/251 1184/253/251 1169/231/251
f 1177/232/236 1191/238/236 1192/239/236
f 1170/233/733 1184/253/733 1185/240/733
f 1181/248/254 1197/258/254 1182/6/254
f 1190/251/255 1204/257/255 1205/259/255
f 1183/252/734 1197/258/734 1198/260/734
f 1190/251/257 1206/261/257 1191/238/257
f 1183/252/258 1199/262/258 1184/253/258
f 1191/238/735 1207/263/735 1192/239/735
f 1185/240/260 1199/262/260 1200/264/260
f 1193/241/261 1207/263/261 1208/265/261
f 1185/240/262 1201/266/262 1186/242/262
f 1193/241/263 1209/267/263 1194/243/263
f 1186/242/264 1202/268/264 1187/244/264
f 1194/243/265 1210/255/265 1195/245/265
f 1188/246/736 1202/268/736 1203/256/736
f 1181/248/267 1038/269/267 1196/270/267
f 1045/254/252 1195/245/252 1210/255/252
f 1188/246/253 1204/257/253 1189/250/253
f 1200/264/269 1216/274/269 1201/266/269
f 1209/267/270 1223/272/270 1224/275/270
f 1202/268/271 1216/274/271 1217/276/271
f 1209/267/737 1225/277/737 1210/255/737
f 1202/268/738 1218/278/738 1203/256/738
f 1196/270/274 1038/279/274 1211/280/274
f 1045/281/275 1210/255/275 1225/277/275
f 1204/257/276 1218/278/276 1219/282/276
f 1196/270/277 1212/4/277 1197/258/277
f 1204/257/278 1220/283/278 1205/259/278
f 1197/258/279 1213/284/279 1198/260/279
f 1206/261/280 1220/283/280 1221/285/280
f 1199/262/281 1213/284/281 1214/286/281
f 1206/261/282 1222/271/282 1207/263/282
f 1200/264/739 1214/286/739 1215/273/739
f 1207/263/268 1223/272/268 1208/265/268
f 1219/282/285 1235/289/285 1220/283/285
f 1212/4/286 1228/290/286 1213/284/286
f 1220/283/740 1236/291/740 1221/285/740
f 1214/286/288 1228/290/288 1229/292/288
f 1222/271/289 1236/291/289 1237/293/289
f 1214/286/290 1230/294/290 1215/273/290
f 1222/271/291 1238/295/291 1223/272/291
f 1216/274/292 1230/294/292 1231/296/292
f 1224/275/293 1238/295/293 1239/297/293
f 1217/276/294 1231/296/294 1232/298/294
f 1225/277/741 1239/297/741 1240/299/741
f 1218/278/296 1232/298/296 1233/300/296
f 1211/280/297 1038/301/297 1226/287/297
f 1045/302/298 1225/277/298 1240/299/298
f 1218/278/639 1234/303/639 1219/282/639
f 1211/280/284 1227/288/284 1212/4/284
f 1239/297/640 1253/305/640 1254/306/640
f 1231/296/302 1247/307/302 1232/298/302
f 1240/299/303 1254/306/303 1255/308/303
f 1233/300/742 1247/307/742 1248/309/742
f 1226/287/305 1038/310/305 1241/311/305
f 1045/312/306 1240/299/306 1255/308/306
f 1233/300/743 1249/313/743 1234/303/743
f 1227/288/744 1241/311/744 1242/314/744
f 1235/289/309 1249/313/309 1250/315/309
f 1227/288/745 1243/316/745 1228/290/745
f 1236/291/311 1250/315/311 1251/317/311
f 1228/290/312 1244/318/312 1229/292/312
f 1236/291/644 1252/319/644 1237/293/644
f 1230/294/746 1244/318/746 1245/320/746
f 1238/295/315 1252/319/315 1253/305/315
f 1230/294/300 1246/304/300 1231/296/300
f 1243/316/747 1257/337/747 1258/322/747
f 1251/317/318 1265/321/318 1266/323/318
f 1244/318/319 1258/322/319 1259/324/319
f 1251/317/320 1267/325/320 1252/319/320
f 1245/320/321 1259/324/321 1260/326/321
f 1252/319/322 1268/327/322 1253/305/322
f 1245/320/323 1261/328/323 1246/304/323
f 1253/305/748 1269/329/748 1254/306/748
f 1247/307/325 1261/328/325 1262/330/325
f 1255/308/749 1269/329/749 1270/331/749
f 1248/309/327 1262/330/327 1263/332/327
f 1241/311/328 1038/333/328 1256/334/328
f 1045/335/329 1255/308/329 1270/331/329
f 1248/309/750 1264/336/750 1249/313/750
f 1241/311/751 1257/337/751 1242/314/751
f 1249/313/316 1265/321/316 1250/315/316
f 1262/330/333 1276/340/333 1277/341/333
f 1269/329/648 1285/342/648 1270/331/648
f 1263/332/752 1277/341/752 1278/343/752
f 1256/334/336 1038/344/336 1271/345/336
f 1045/346/337 1270/331/337 1285/342/337
f 1263/332/338 1279/347/338 1264/336/338
f 1256/334/339 1272/348/339 1257/337/339
f 1264/336/340 1280/349/340 1265/321/340
f 1258/322/341 1272/348/341 1273/350/341
f 1265/321/342 1281/351/342 1266/323/342
f 1258/322/343 1274/352/343 1259/324/343
f 1266/323/344 1282/353/344 1267/325/344
f 1260/326/345 1274/352/345 1275/354/345
f 1268/327/753 1282/353/753 1283/338/753
f 1261/328/347 1275/354/347 1276/340/347
f 1268/327/332 1284/339/332 1269/329/332
f 1281/351/349 1295/371/349 1296/357/349
f 1274/352/350 1288/356/350 1289/358/350
f 1282/353/351 1296/357/351 1297/359/351
f 1274/352/352 1290/360/352 1275/354/352
f 1282/353/754 1298/361/754 1283/338/754
f 1275/354/354 1291/362/354 1276/340/354
f 1283/338/355 1299/363/355 1284/339/355
f 1276/340/356 1292/364/356 1277/341/356
f 1284/339/651 1300/365/651 1285/342/651
f 1278/343/358 1292/364/358 1293/366/358
f 1271/345/359 1038/367/359 1286/368/359
f 1045/369/360 1285/342/360 1300/365/360
f 1278/343/652 1294/370/652 1279/347/652
f 1272/348/362 1286/368/362 1287/355/362
f 1279/347/363 1295/371/363 1280/349/363
f 1273/350/348 1287/355/348 1288/356/348
f 1300/365/654 1314/373/654 1315/374/654
f 1293/366/655 1307/372/655 1308/375/655
f 1286/368/367 1038/376/367 1301/377/367
f 1045/378/368 1300/365/368 1315/374/368
f 1293/366/656 1309/379/656 1294/370/656
f 1287/355/755 1301/377/755 1302/380/755
f 1295/371/371 1309/379/371 1310/381/371
f 1288/356/657 1302/380/657 1303/382/657
f 1295/371/373 1311/383/373 1296/357/373
f 1288/356/374 1304/384/374 1289/358/374
f 1297/359/375 1311/383/375 1312/385/375
f 1289/358/376 1305/386/376 1290/360/376
f 1298/361/377 1312/385/377 1313/387/377
f 1291/362/378 1305/386/378 1306/388/378
f 1298/361/379 1314/373/379 1299/363/379
f 1291/362/364 1307/372/364 1292/364/364
f 1312/385/756 1326/389/756 1327/391/756
f 1304/384/383 1320/392/383 1305/386/383
f 1312/385/384 1328/393/384 1313/387/384
f 1305/386/385 1321/394/385 1306/388/385
f 1313/387/386 1329/395/386 1314/373/386
f 1307/372/387 1321/394/387 1322/396/387
f 1314/373/757 1330/397/757 1315/374/757
f 1308/375/758 1322/396/758 1323/398/758
f 1301/377/661 1038/399/661 1316/400/661
f 1045/401/391 1315/374/391 1330/397/391
f 1308/375/759 1324/402/759 1309/379/759
f 1302/380/760 1316/400/760 1317/403/760
f 1309/379/394 1325/404/394 1310/381/394
f 1302/380/664 1318/405/664 1303/382/664
f 1311/383/761 1325/404/761 1326/389/761
f 1304/384/381 1318/405/381 1319/390/381
f 1316/400/398 1038/408/398 1331/409/398
f 1045/410/399 1330/397/399 1345/406/399
f 1323/398/762 1339/411/762 1324/402/762
f 1317/403/401 1331/409/401 1332/412/401
f 1324/402/402 1340/413/402 1325/404/402
f 1318/405/403 1332/412/403 1333/414/403
f 1326/389/404 1340/413/404 1341/415/404
f 1319/390/405 1333/414/405 1334/416/405
f 1327/391/406 1341/415/406 1342/417/406
f 1320/392/407 1334/416/407 1335/418/407
f 1327/391/408 1343/419/408 1328/393/408
f 1320/392/409 1336/420/409 1321/394/409
f 1328/393/763 1344/421/763 1329/395/763
f 1322/396/411 1336/420/411 1337/422/411
f 1329/395/764 1345/406/764 1330/397/764
f 1323/398/666 1337/422/666 1338/407/666
f 1334/416/765 1350/425/765 1335/418/765
f 1342/417/414 1358/426/414 1343/419/414
f 1336/420/415 1350/425/415 1351/427/415
f 1343/419/416 1359/428/416 1344/421/416
f 1336/420/417 1352/429/417 1337/422/417
f 1345/406/667 1359/428/667 1360/430/667
f 1337/422/668 1353/431/668 1338/407/668
f 1331/409/420 1038/432/420 1346/433/420
f 1045/434/421 1345/406/421 1360/430/421
f 1339/411/766 1353/431/766 1354/435/766
f 1332/412/423 1346/433/423 1347/436/423
f 1339/411/424 1355/437/424 1340/413/424
f 1333/414/425 1347/436/425 1348/438/425
f 1340/413/426 1356/439/426 1341/415/426
f 1334/416/427 1348/438/427 1349/424/427
f 1342/417/412 1356/439/412 1357/423/412
f 1354/435/767 1368/444/767 1369/445/767
f 1347/436/431 1361/441/431 1362/446/431
f 1354/435/432 1370/447/432 1355/437/432
f 1347/436/433 1363/448/433 1348/438/433
f 1355/437/434 1371/449/434 1356/439/434
f 1349/424/435 1363/448/435 1364/450/435
f 1356/439/436 1372/451/436 1357/423/436
f 1349/424/768 1365/452/768 1350/425/768
f 1357/423/438 1373/453/438 1358/426/438
f 1351/427/439 1365/452/439 1366/454/439
f 1359/428/440 1373/453/440 1374/455/440
f 1352/429/441 1366/454/441 1367/456/441
f 1360/430/671 1374/455/671 1375/443/671
f 1352/429/769 1368/444/769 1353/431/769
f 1346/433/673 1038/440/673 1361/441/673
f 1045/442/429 1360/430/429 1375/443/429
f 1372/451/445 1388/460/445 1373/453/445
f 1365/452/446 1381/461/446 1366/454/446
f 1373/453/447 1389/462/447 1374/455/447
f 1366/454/448 1382/463/448 1367/456/448
f 1375/443/449 1389/462/449 1390/464/449
f 1368/444/450 1382/463/450 1383/465/450
f 1361/441/451 1038/466/451 1376/467/451
f 1045/468/452 1375/443/452 1390/464/452
f 1368/444/453 1384/469/453 1369/445/453
f 1361/441/770 1377/470/770 1362/446/770
f 1370/447/455 1384/469/455 1385/471/455
f 1363/448/456 1377/470/456 1378/472/456
f 1371/449/676 1385/471/676 1386/473/676
f 1363/448/458 1379/457/458 1364/450/458
f 1371/449/459 1387/459/459 1372/451/459
f 1364/450/444 1380/458/444 1365/452/444
f 1377/470/771 1391/490/771 1392/478/771
f 1384/469/463 1400/479/463 1385/471/463
f 1377/470/465 1393/481/465 1378/472/465
f 1385/471/466 1401/482/466 1386/473/466
f 1378/472/467 1394/483/467 1379/457/467
f 1386/473/468 1402/484/468 1387/459/468
f 1379/457/469 1395/485/469 1380/458/469
f 1387/459/677 1403/486/677 1388/460/677
f 1381/461/471 1395/485/471 1396/487/471
f 1388/460/474 1404/476/474 1389/462/474
f 1382/463/472 1396/487/472 1397/488/472
f 1389/462/461 1405/477/461 1390/464/461
f 1382/463/678 1398/474/678 1383/465/678
f 1376/467/475 1038/489/475 1391/490/475
f 1045/480/464 1390/464/464 1405/477/464
f 1383/465/772 1399/475/772 1384/469/772
f 1395/499/481 1411/503/481 1396/504/481
f 1404/506/482 1418/502/482 1419/505/482
f 1397/508/483 1411/503/483 1412/507/483
f 1405/509/484 1419/505/484 1420/510/484
f 1397/508/679 1413/511/679 1398/512/679
f 1391/513/486 1038/514/486 1406/515/486
f 1045/516/487 1405/509/487 1420/510/487
f 1399/518/680 1413/511/680 1414/517/680
f 1391/513/489 1407/520/489 1392/519/489
f 1399/518/490 1415/492/490 1400/521/490
f 1393/494/491 1407/520/491 1408/522/491
f 1401/491/476 1415/492/476 1416/493/476
f 1393/494/477 1409/495/477 1394/496/477
f 1401/491/773 1417/497/773 1402/498/773
f 1394/496/479 1410/500/479 1395/499/479
f 1403/501/480 1417/497/480 1418/502/480
f 1415/492/498 1429/530/498 1430/532/498
f 1407/520/774 1423/533/774 1408/522/774
f 1415/492/775 1431/534/775 1416/493/775
f 1408/522/501 1424/535/501 1409/495/501
f 1417/497/502 1431/534/502 1432/536/502
f 1409/495/503 1425/537/503 1410/500/503
f 1418/502/504 1432/536/504 1433/538/504
f 1411/503/776 1425/537/776 1426/539/776
f 1419/505/506 1433/538/506 1434/523/506
f 1411/503/507 1427/525/507 1412/507/507
f 1419/505/492 1435/524/492 1420/510/492
f 1412/507/493 1428/526/493 1413/511/493
f 1406/515/494 1038/527/494 1421/528/494
f 1045/529/682 1420/510/682 1435/524/682
f 1414/517/683 1428/526/683 1429/530/683
f 1406/515/497 1422/531/497 1407/520/497
f 1434/523/512 1448/543/512 1449/545/512
f 1426/539/513 1442/546/513 1427/525/513
f 1435/524/777 1449/545/777 1450/547/777
f 1427/525/778 1443/548/778 1428/526/778
f 1421/528/516 1038/549/516 1436/550/516
f 1045/551/517 1435/524/517 1450/547/517
f 1428/526/779 1444/552/779 1429/530/779
f 1422/531/687 1436/550/687 1437/553/687
f 1429/530/520 1445/554/520 1430/532/520
f 1422/531/688 1438/555/688 1423/533/688
f 1431/534/522 1445/554/522 1446/556/522
f 1423/533/523 1439/541/523 1424/535/523
f 1431/534/780 1447/540/780 1432/536/780
f 1425/537/509 1439/541/509 1440/542/509
f 1433/538/510 1447/540/510 1448/543/510
f 1425/537/511 1441/544/511 1426/539/511
f 1446/556/530 1460/563/530 1461/565/530
f 1438/555/531 1454/566/531 1439/541/531
f 1446/556/532 1462/567/532 1447/540/532
f 1440/542/781 1454/566/781 1455/568/781
f 1448/543/534 1462/567/534 1463/569/534
f 1440/542/535 1456/570/535 1441/544/535
f 1449/545/782 1463/569/782 1464/571/782
f 1442/546/537 1456/570/537 1457/572/537
f 1449/545/689 1465/560/689 1450/547/689
f 1442/546/539 1458/573/539 1443/548/539
f 1436/550/783 1038/557/783 1451/558/783
f 1045/559/525 1450/547/525 1465/560/525
f 1443/548/526 1459/561/526 1444/552/526
f 1436/550/784 1452/562/784 1437/553/784
f 1444/552/528 1460/563/528 1445/554/528
f 1437/553/529 1453/564/529 1438/555/529
f 1465/560/785 1479/578/785 1480/580/785
f 1457/572/546 1473/581/546 1458/573/546
f 1451/558/547 1038/582/547 1466/583/547
f 1045/584/548 1465/560/548 1480/580/548
f 1458/573/786 1474/585/786 1459/561/786
f 1451/558/693 1467/586/693 1452/562/693
f 1459/561/551 1475/587/551 1460/563/551
f 1452/562/552 1468/588/552 1453/564/552
f 1461/565/553 1475/587/553 1476/589/553
f 1454/566/554 1468/588/554 1469/574/554
f 1462/567/555 1476/589/555 1477/590/555
f 1454/566/787 1470/575/787 1455/568/787
f 1462/567/541 1478/576/541 1463/569/541
f 1455/568/542 1471/577/542 1456/570/542
f 1464/571/543 1478/576/543 1479/578/543
f 1456/570/544 1472/579/544 1457/572/544
f 1468/588/561 1484/596/561 1469/574/561
f 1477/590/562 1491/595/562 1492/597/562
f 1469/574/563 1485/598/563 1470/575/563
f 1478/576/564 1492/597/564 1493/599/564
f 1470/575/565 1486/600/565 1471/577/565
f 1479/578/566 1493/599/566 1494/601/566
f 1471/577/567 1487/602/567 1472/579/567
f 1480/580/788 1494/601/788 1495/603/788
f 1473/581/789 1487/602/789 1488/604/789
f 1466/583/696 1038/605/696 1481/606/696
f 1045/607/571 1480/580/571 1495/603/571
f 1473/581/790 1489/591/790 1474/585/790
f 1467/586/791 1481/606/791 1482/592/791
f 1474/585/558 1490/593/558 1475/587/558
f 1468/588/699 1482/592/699 1483/594/699
f 1476/589/560 1490/593/560 1491/595/560
f 1488/604/577 1502/612/577 1503/614/577
f 1481/606/578 1038/615/578 1496/616/578
f 1045/617/579 1495/603/579 1510/613/579
f 1488/604/701 1504/618/701 1489/591/701
f 1481/606/702 1497/619/702 1482/592/702
f 1489/591/582 1505/620/582 1490/593/582
f 1482/592/583 1498/621/583 1483/594/583
f 1490/593/792 1506/622/792 1491/595/792
f 1484/596/585 1498/621/585 1499/623/585
f 1492/597/586 1506/622/586 1507/624/586
f 1484/596/587 1500/609/587 1485/598/587
f 1492/597/572 1508/608/572 1493/599/572
f 1486/600/573 1500/609/573 1501/610/573
f 1494/601/574 1508/608/574 1509/611/574
f 1487/602/575 1501/610/575 1502/612/575
f 1495/603/793 1509/611/793 1510/613/793
f 1506/622/593 1516/77/593 1507/624/593
f 1500/609/594 1513/73/594 1040/78/594
f 1507/624/595 1517/81/595 1508/608/595
f 1501/610/596 1040/78/596 1514/82/596
f 1508/608/597 1518/84/597 1509/611/597
f 1501/610/598 1041/86/598 1502/612/598
f 1509/611/705 1519/88/705 1510/613/705
f 1503/614/794 1041/86/794 1042/91/794
f 1496/616/601 1038/625/601 1511/92/601
f 1045/626/602 1510/613/602 1519/88/602
f 1503/614/706 1043/97/706 1504/618/706
f 1496/616/588 1512/99/588 1497/619/588
f 1505/620/589 1043/97/589 1515/70/589
f 1498/621/590 1512/99/590 1039/101/590
f 1505/620/591 1044/72/591 1506/622/591
f 1499/623/795 1039/101/795 1513/73/795
f 1840/512/828 1843/629/828 1842/628/828
f 1842/628/829 1845/631/829 1844/630/829
f 1844/630/830 1847/633/830 1846/632/830
f 1846/632/831 1849/635/831 1848/634/831
f 1848/634/832 1851/637/832 1850/636/832
f 1850/636/833 1853/639/833 1852/638/833
f 1852/638/834 1855/641/834 1854/640/834
f 1854/640/835 1857/642/835 1856/91/835
f 1857/642/836 1858/90/836 1856/91/836
f 1859/643/837 1860/114/837 1858/90/837
f 1861/644/838 1862/123/838 1860/114/838
f 1863/645/839 1864/146/839 1862/123/839
f 1865/646/840 1866/157/840 1864/146/840
f 1867/647/841 1868/180/841 1866/157/841
f 1869/648/842 1870/188/842 1868/180/842
f 1871/649/843 1872/650/843 1870/188/843
f 1873/651/844 1874/652/844 1872/650/844
f 1875/653/845 1876/654/845 1874/652/845
f 1877/655/846 1878/656/846 1876/654/846
f 1879/657/847 1880/658/847 1878/656/847
f 1881/659/848 1882/660/848 1880/658/848
f 1883/661/849 1884/662/849 1882/660/849
f 1885/663/850 1886/664/850 1884/662/850
f 1887/665/851 1888/666/851 1886/664/851
f 1888/666/852 1891/669/852 1890/668/852
f 1890/668/853 1893/671/853 1892/670/853
f 1892/670/854 1895/673/854 1894/672/854
f 1894/672/855 1897/675/855 1896/674/855
f 1896/674/856 1899/677/856 1898/676/856
f 1898/676/857 1901/682/857 1900/678/857
f 1877/679/858 1861/680/858 1845/681/858
f 1900/678/859 1903/684/859 1902/683/859
f 1902/683/860 1841/688/860 1840/474/860
f 1870/685/861 1886/686/861 1902/687/861
f 1904/512/828 1907/629/828 1906/628/828
f 1906/628/829 1909/631/829 1908/630/829
f 1908/630/830 1911/633/830 1910/632/830
f 1910/632/831 1913/635/831 1912/634/831
f 1912/634/832 1915/637/832 1914/636/832
f 1914/636/833 1917/639/833 1916/638/833
f 1916/638/834 1919/641/834 1918/640/834
f 1918/640/835 1921/642/835 1920/91/835
f 1921/642/836 1922/90/836 1920/91/836
f 1923/643/837 1924/114/837 1922/90/837
f 1925/644/838 1926/123/838 1924/114/838
f 1927/645/839 1928/146/839 1926/123/839
f 1929/646/840 1930/157/840 1928/146/840
f 1931/647/841 1932/180/841 1930/157/841
f 1933/648/842 1934/188/842 1932/180/842
f 1935/649/862 1936/650/862 1934/188/862
f 1937/651/844 1938/652/844 1936/650/844
f 1939/653/845 1940/654/845 1938/652/845
f 1941/655/846 1942/656/846 1940/654/846
f 1943/657/847 1944/658/847 1942/656/847
f 1945/659/848 1946/660/848 1944/658/848
f 1947/661/849 1948/662/849 1946/660/849
f 1949/663/850 1950/664/850 1948/662/850
f 1951/665/851 1952/666/851 1950/664/851
f 1952/666/852 1955/669/852 1954/668/852
f 1954/668/853 1957/671/853 1956/670/853
f 1956/670/854 1959/673/854 1958/672/854
f 1958/672/855 1961/675/855 1960/674/855
f 1960/674/856 1963/677/856 1962/676/856
f 1962/676/857 1965/682/857 1964/678/857
f 1941/679/858 1925/680/858 1909/681/858
f 1964/678/859 1967/684/859 1966/683/859
f 1966/683/860 1905/688/860 1904/474/860
f 1934/685/861 1950/686/861 1966/687/861
f 1968/689/3 1971/139/3 1970/271/3
f 1971/139/863 1974/658/863 1970/271/863
f 1975/146/2 1972/690/2 1974/658/2
f 1973/138/864 1968/659/864 1972/690/864
f 1974/658/865 1968/691/865 1970/674/865
f 1975/146/866 1969/692/866 1973/138/866
f 1976/689/3 1979/139/3 1978/271/3
f 1979/139/863 1982/658/863 1978/271/863
f 1983/146/2 1980/690/2 1982/658/2
f 1981/138/864 1976/659/864 1980/690/864
f 1982/658/865 1976/691/865 1978/674/865
f 1979/634/866 1981/138/866 1983/146/866
f 1984/689/6 1987/139/6 1986/271/6
f 1987/139/867 1990/658/867 1986/271/867
f 1991/146/5 1988/690/5 1990/658/5
f 1989/138/868 1984/659/868 1988/690/868
f 1990/658/869 1984/691/869 1986/674/869
f 1987/634/870 1989/138/870 1991/146/870
f 1992/689/6 1995/139/6 1994/271/6
f 1995/139/867 1998/658/867 1994/271/867
f 1999/146/5 1996/690/5 1998/658/5
f 1997/138/868 1992/659/868 1996/690/868
f 1998/658/869 1992/691/869 1994/674/869
f 1995/634/870 1997/138/870 1999/146/870
f 2000/689/5 2003/139/5 2002/271/5
f 2003/139/871 2006/658/871 2002/271/871
f 2007/146/6 2004/690/6 2006/658/6
f 2005/138/872 2000/659/872 2004/690/872
f 2006/658/873 2000/691/873 2002/674/873
f 2003/634/874 2005/138/874 2007/146/874
f 2008/689/5 2011/139/5 2010/271/5
f 2011/139/871 2014/658/871 2010/271/871
f 2015/146/6 2012/690/6 2014/658/6
f 2012/690/872 2009/646/872 2008/659/872
f 2014/658/873 2008/691/873 2010/674/873
f 2011/634/874 2013/138/874 2015/146/874
f 2016/689/2 2019/139/2 2018/271/2
f 2019/139/875 2022/658/875 2018/271/875
f 2023/146/3 2020/690/3 2022/658/3
f 2021/138/876 2016/659/876 2020/690/876
f 2022/658/877 2016/691/877 2018/674/877
f 2019/634/878 2021/138/878 2023/146/878
f 2024/689/2 2027/139/2 2026/271/2
f 2027/139/875 2030/658/875 2026/271/875
f 2031/146/3 2028/690/3 2030/658/3
f 2029/138/876 2024/659/876 2028/690/876
f 2030/658/877 2024/691/877 2026/674/877
f 2027/634/878 2029/138/878 2031/146/878
f 551/70/92 91/100/92 92/71/92
f 549/73/93 75/101/93 84/74/93
f 80/72/94 92/71/94 93/76/94
f 76/78/95 549/73/95 85/75/95
f 552/77/96 93/76/96 94/80/96
f 550/82/97 76/78/97 86/79/97
f 554/84/98 553/81/98 94/80/98
f 77/86/99 550/82/99 87/83/99
f 555/88/879 554/84/879 95/85/879
f 77/86/604 88/87/604 89/90/604
f 78/91/104 89/90/104 90/96/104
f 547/92/880 82/94/880 83/98/880
f 551/70/106 79/97/106 90/96/106
f 548/99/107 83/98/107 84/74/107
f 91/100/108 90/96/108 105/102/108
f 83/98/606 98/118/606 99/104/606
f 91/100/110 106/103/110 107/105/110
f 85/75/111 84/74/111 99/104/111
f 93/76/112 92/71/112 107/105/112
f 85/75/113 100/106/113 101/108/113
f 93/76/114 108/107/114 109/109/114
f 87/83/115 86/79/115 101/108/115
f 95/85/711 94/80/711 109/109/711
f 87/83/117 102/110/117 103/112/117
f 96/89/881 95/85/881 110/111/881
f 89/90/119 88/87/119 103/112/119
f 89/90/122 104/114/122 105/102/122
f 82/94/123 97/116/123 98/118/123
f 109/109/612 124/135/612 125/119/612
f 103/112/125 102/110/125 117/120/125
f 110/111/882 125/119/882 126/122/882
f 104/114/714 103/112/714 118/121/714
f 104/114/883 119/123/883 120/127/883
f 98/118/715 97/116/715 112/125/715
f 105/102/132 120/127/132 121/129/132
f 99/104/716 98/118/716 113/128/716
f 106/103/134 121/129/134 122/131/134
f 99/104/135 114/130/135 115/132/135
f 108/107/136 107/105/136 122/131/136
f 100/106/137 115/132/137 116/134/137
f 109/109/138 108/107/138 123/133/138
f 101/108/139 116/134/139 117/120/139
f 113/128/140 128/151/140 129/136/140
f 121/129/141 136/152/141 137/137/141
f 114/130/142 129/136/142 130/138/142
f 123/133/143 122/131/143 137/137/143
f 115/132/144 130/138/144 131/140/144
f 124/135/145 123/133/145 138/139/145
f 117/120/146 116/134/146 131/140/146
f 125/119/147 124/135/147 139/141/147
f 118/121/148 117/120/148 132/142/148
f 126/122/884 125/119/884 140/143/884
f 119/123/885 118/121/885 133/144/885
f 119/123/886 134/146/886 135/150/886
f 112/125/721 127/148/721 128/151/721
f 120/127/155 135/150/155 136/152/155
f 133/144/156 132/142/156 147/153/156
f 141/145/157 140/143/157 155/155/157
f 134/146/158 133/144/158 148/154/158
f 134/146/161 149/157/161 150/161/161
f 127/148/616 142/159/616 143/162/616
f 135/150/163 150/161/163 151/163/163
f 128/151/164 143/162/164 144/164/164
f 136/152/165 151/163/165 152/165/165
f 129/136/166 144/164/166 145/166/166
f 137/137/167 152/165/167 153/167/167
f 130/138/168 145/166/168 146/168/168
f 139/141/169 138/139/169 153/167/169
f 131/140/170 146/168/170 147/153/170
f 140/143/171 139/141/171 154/169/171
f 152/165/172 151/163/172 166/170/172
f 144/164/173 159/186/173 160/172/173
f 153/167/174 152/165/174 167/171/174
f 145/166/175 160/172/175 161/174/175
f 154/169/176 153/167/176 168/173/176
f 146/168/177 161/174/177 162/176/177
f 154/169/887 169/175/887 170/177/887
f 147/153/179 162/176/179 163/178/179
f 155/155/617 170/177/617 171/179/617
f 149/157/888 148/154/888 163/178/888
f 149/157/184 164/180/184 165/184/184
f 143/162/889 142/159/889 157/182/889
f 151/163/186 150/161/186 165/184/186
f 143/162/187 158/185/187 159/186/187
f 170/177/188 185/202/188 186/187/188
f 163/178/189 178/203/189 179/188/189
f 165/184/192 164/180/192 179/188/192
f 158/185/890 157/182/890 172/190/890
f 166/170/194 165/184/194 180/192/194
f 158/185/195 173/193/195 174/195/195
f 166/170/196 181/194/196 182/196/196
f 160/172/197 159/186/197 174/195/197
f 168/173/198 167/171/198 182/196/198
f 160/172/199 175/197/199 176/199/199
f 168/173/200 183/198/200 184/200/200
f 162/176/201 161/174/201 176/199/201
f 169/175/202 184/200/202 185/202/202
f 163/178/203 162/176/203 177/201/203
f 175/197/204 174/195/204 189/204/204
f 183/198/205 182/196/205 197/206/205
f 175/197/206 190/205/206 191/208/206
f 183/198/207 198/207/207 199/209/207
f 176/199/208 191/208/208 192/210/208
f 184/200/209 199/209/209 200/211/209
f 178/203/210 177/201/210 192/210/210
f 185/202/891 200/211/891 201/213/891
f 178/203/892 193/212/892 194/214/892
f 179/188/727 194/214/727 195/218/727
f 173/193/626 172/190/626 187/216/626
f 180/192/217 195/218/217 196/220/217
f 173/193/218 188/219/218 189/204/218
f 181/194/219 196/220/219 197/206/219
f 193/212/629 208/237/629 209/221/629
f 194/214/627 209/221/627 210/226/627
f 188/219/893 187/216/893 202/223/893
f 195/218/225 210/226/225 211/228/225
f 189/204/226 188/219/226 203/227/226
f 196/220/227 211/228/227 212/230/227
f 189/204/228 204/229/228 205/231/228
f 198/207/229 197/206/229 212/230/229
f 190/205/230 205/231/230 206/233/230
f 199/209/628 198/207/628 213/232/628
f 191/208/232 206/233/232 207/235/232
f 199/209/233 214/234/233 215/236/233
f 193/212/234 192/210/234 207/235/234
f 200/211/894 215/236/894 216/225/894
f 213/232/236 212/230/236 227/238/236
f 205/231/237 220/253/237 221/240/237
f 213/232/238 228/239/238 229/241/238
f 206/233/239 221/240/239 222/242/239
f 215/236/240 214/234/240 229/241/240
f 207/235/241 222/242/241 223/244/241
f 215/236/630 230/243/630 231/245/630
f 208/237/732 223/244/732 224/246/732
f 209/221/632 224/246/632 225/250/632
f 203/227/247 202/223/247 217/248/247
f 210/226/248 225/250/248 226/251/248
f 204/229/249 203/227/249 218/6/249
f 212/230/895 211/228/895 226/251/895
f 204/229/251 219/252/251 220/253/251
f 225/250/253 224/246/253 239/256/253
f 217/248/896 232/270/896 233/258/896
f 226/251/255 225/250/255 240/257/255
f 218/6/734 233/258/734 234/260/734
f 226/251/257 241/259/257 242/261/257
f 219/252/258 234/260/258 235/262/258
f 228/239/259 227/238/259 242/261/259
f 220/253/260 235/262/260 236/264/260
f 229/241/261 228/239/261 243/263/261
f 221/240/262 236/264/262 237/266/262
f 230/243/897 229/241/897 244/265/897
f 222/242/264 237/266/264 238/268/264
f 231/245/634 230/243/634 245/267/634
f 223/244/898 238/268/898 239/256/898
f 244/265/268 243/263/268 258/271/268
f 237/266/269 236/264/269 251/273/269
f 245/267/270 244/265/270 259/272/270
f 237/266/271 252/274/271 253/276/271
f 245/267/272 260/275/272 261/277/272
f 238/268/738 253/276/738 254/278/738
f 239/256/636 254/278/636 255/282/636
f 233/258/277 232/270/277 247/280/277
f 240/257/278 255/282/278 256/283/278
f 233/258/279 248/4/279 249/284/279
f 241/259/280 256/283/280 257/285/280
f 234/260/281 249/284/281 250/286/281
f 242/261/282 257/285/282 258/271/282
f 236/264/283 235/262/283 250/286/283
f 248/4/899 247/280/899 262/287/899
f 255/282/285 270/303/285 271/289/285
f 248/4/286 263/288/286 264/290/286
f 257/285/287 256/283/287 271/289/287
f 249/284/288 264/290/288 265/292/288
f 257/285/289 272/291/289 273/293/289
f 251/273/290 250/286/290 265/292/290
f 259/272/291 258/271/291 273/293/291
f 251/273/292 266/294/292 267/296/292
f 260/275/293 259/272/293 274/295/293
f 252/274/294 267/296/294 268/298/294
f 260/275/741 275/297/741 276/299/741
f 253/276/296 268/298/296 269/300/296
f 255/282/299 254/278/299 269/300/299
f 266/294/300 281/320/300 282/304/300
f 275/297/640 274/295/640 289/305/640
f 268/298/302 267/296/302 282/304/302
f 276/299/303 275/297/303 290/306/303
f 268/298/642 283/307/642 284/309/642
f 270/303/900 269/300/900 284/309/900
f 262/287/308 277/311/308 278/314/308
f 270/303/309 285/313/309 286/315/309
f 264/290/310 263/288/310 278/314/310
f 271/289/311 286/315/311 287/317/311
f 265/292/312 264/290/312 279/316/312
f 273/293/313 272/291/313 287/317/313
f 265/292/314 280/318/314 281/320/314
f 273/293/315 288/319/315 289/305/315
f 285/313/316 300/336/316 301/321/316
f 278/314/317 293/337/317 294/322/317
f 287/317/901 286/315/901 301/321/901
f 279/316/319 294/322/319 295/324/319
f 287/317/320 302/323/320 303/325/320
f 281/320/321 280/318/321 295/324/321
f 288/319/322 303/325/322 304/327/322
f 281/320/645 296/326/645 297/328/645
f 290/306/748 289/305/748 304/327/748
f 282/304/325 297/328/325 298/330/325
f 290/306/326 305/329/326 306/331/326
f 284/309/327 283/307/327 298/330/327
f 284/309/330 299/332/330 300/336/330
f 278/314/331 277/311/331 292/334/331
f 305/329/332 304/327/332 319/338/332
f 298/330/333 297/328/333 312/340/333
f 305/329/648 320/339/648 321/342/648
f 299/332/902 298/330/902 313/341/902
f 299/332/903 314/343/903 315/347/903
f 292/334/904 307/345/904 308/348/904
f 300/336/340 315/347/340 316/349/340
f 294/322/341 293/337/341 308/348/341
f 301/321/342 316/349/342 317/351/342
f 294/322/343 309/350/343 310/352/343
f 303/325/344 302/323/344 317/351/344
f 295/324/345 310/352/345 311/354/345
f 304/327/346 303/325/346 318/353/346
f 297/328/347 296/326/347 311/354/347
f 309/350/348 308/348/348 323/355/348
f 316/349/349 331/371/349 332/357/349
f 310/352/350 309/350/350 324/356/350
f 317/351/351 332/357/351 333/359/351
f 311/354/352 310/352/352 325/358/352
f 318/353/353 333/359/353 334/361/353
f 311/354/354 326/360/354 327/362/354
f 319/338/355 334/361/355 335/363/355
f 313/341/356 312/340/356 327/362/356
f 320/339/651 335/363/651 336/365/651
f 314/343/905 313/341/905 328/364/905
f 314/343/906 329/366/906 330/370/906
f 308/348/653 307/345/653 322/368/653
f 316/349/363 315/347/363 330/370/363
f 327/362/364 342/388/364 343/372/364
f 336/365/654 335/363/654 350/373/654
f 328/364/655 343/372/655 344/375/655
f 329/366/656 344/375/656 345/379/656
f 322/368/370 337/377/370 338/380/370
f 330/370/371 345/379/371 346/381/371
f 324/356/372 323/355/372 338/380/372
f 331/371/907 346/381/907 347/383/907
f 325/358/374 324/356/374 339/382/374
f 333/359/375 332/357/375 347/383/375
f 325/358/376 340/384/376 341/386/376
f 333/359/377 348/385/377 349/387/377
f 326/360/658 341/386/658 342/388/658
f 334/361/908 349/387/908 350/373/908
f 346/381/380 361/404/380 362/389/380
f 339/382/381 354/405/381 355/390/381
f 347/383/382 362/389/382 363/391/382
f 341/386/383 340/384/383 355/390/383
f 349/387/384 348/385/384 363/391/384
f 342/388/385 341/386/385 356/392/385
f 350/373/386 349/387/386 364/393/386
f 343/372/387 342/388/387 357/394/387
f 351/374/757 350/373/757 365/395/757
f 343/372/660 358/396/660 359/398/660
f 345/379/759 344/375/759 359/398/759
f 337/377/760 352/400/760 353/403/760
f 345/379/394 360/402/394 361/404/394
f 338/380/395 353/403/395 354/405/395
f 365/395/764 380/421/764 381/406/764
f 358/396/666 373/422/666 374/407/666
f 359/398/762 374/407/762 375/411/762
f 353/403/909 352/400/909 367/409/909
f 360/402/402 375/411/402 376/413/402
f 353/403/403 368/412/403 369/414/403
f 361/404/404 376/413/404 377/415/404
f 354/405/405 369/414/405 370/416/405
f 363/391/406 362/389/406 377/415/406
f 355/390/407 370/416/407 371/418/407
f 364/393/408 363/391/408 378/417/408
f 356/392/409 371/418/409 372/420/409
f 364/393/410 379/419/410 380/421/410
f 358/396/411 357/394/411 372/420/411
f 377/415/412 392/439/412 393/423/412
f 371/418/765 370/416/765 385/424/765
f 378/417/414 393/423/414 394/426/414
f 372/420/415 371/418/415 386/425/415
f 380/421/416 379/419/416 394/426/416
f 373/422/417 372/420/417 387/427/417
f 381/406/418 380/421/418 395/428/418
f 373/422/668 388/429/668 389/431/668
f 375/411/766 374/407/766 389/431/766
f 367/409/423 382/433/423 383/436/423
f 375/411/424 390/435/424 391/437/424
f 368/412/425 383/436/425 384/438/425
f 376/413/426 391/437/426 392/439/426
f 370/416/427 369/414/427 384/438/427
f 390/435/910 389/431/910 404/444/910
f 383/436/911 382/433/911 397/441/911
f 390/435/432 405/445/432 406/447/432
f 384/438/433 383/436/433 398/446/433
f 391/437/434 406/447/434 407/449/434
f 384/438/435 399/448/435 400/450/435
f 392/439/436 407/449/436 408/451/436
f 386/425/437 385/424/437 400/450/437
f 394/426/438 393/423/438 408/451/438
f 386/425/439 401/452/439 402/454/439
f 394/426/440 409/453/440 410/455/440
f 388/429/441 387/427/441 402/454/441
f 395/428/671 410/455/671 411/443/671
f 388/429/912 403/456/912 404/444/912
f 401/452/444 400/450/444 415/457/444
f 409/453/445 408/451/445 423/459/445
f 402/454/446 401/452/446 416/458/446
f 409/453/447 424/460/447 425/462/447
f 402/454/448 417/461/448 418/463/448
f 411/443/913 410/455/913 425/462/913
f 403/456/914 418/463/914 419/465/914
f 404/444/915 419/465/915 420/469/915
f 397/441/770 412/467/770 413/470/770
f 405/445/455 420/469/455 421/471/455
f 399/448/456 398/446/456 413/470/456
f 407/449/676 406/447/676 421/471/676
f 399/448/458 414/472/458 415/457/458
f 407/449/459 422/473/459 423/459/459
f 420/469/772 419/465/772 434/474/772
f 426/464/916 425/462/916 440/476/916
f 412/467/917 427/490/917 428/478/917
f 421/471/463 420/469/463 435/475/463
f 413/470/465 428/478/465 429/481/465
f 422/473/466 421/471/466 436/479/466
f 415/457/467 414/472/467 429/481/467
f 423/459/468 422/473/468 437/482/468
f 416/458/469 415/457/469 430/483/469
f 423/459/677 438/484/677 439/486/677
f 416/458/471 431/485/471 432/487/471
f 418/463/472 417/461/472 432/487/472
f 418/463/678 433/488/678 434/474/678
f 425/462/474 424/460/474 439/486/474
f 437/491/476 436/521/476 451/492/476
f 429/494/477 444/522/477 445/495/477
f 437/491/478 452/493/478 453/497/478
f 431/499/479 430/496/479 445/495/479
f 439/501/480 438/498/480 453/497/480
f 431/499/481 446/500/481 447/503/481
f 439/501/482 454/502/482 455/505/482
f 432/504/483 447/503/483 448/507/483
f 441/509/918 440/506/918 455/505/918
f 433/508/679 448/507/679 449/511/679
f 434/512/680 449/511/680 450/517/680
f 428/519/919 427/513/919 442/515/919
f 436/521/490 435/518/490 450/517/490
f 429/494/491 428/519/491 443/520/491
f 456/510/920 455/505/920 470/523/920
f 449/511/921 448/507/921 463/525/921
f 449/511/683 464/526/683 465/530/683
f 442/515/684 457/528/684 458/531/684
f 451/492/498 450/517/498 465/530/498
f 444/522/499 443/520/499 458/531/499
f 451/492/500 466/532/500 467/534/500
f 444/522/501 459/533/501 460/535/501
f 452/493/502 467/534/502 468/536/502
f 446/500/503 445/495/503 460/535/503
f 453/497/504 468/536/504 469/538/504
f 447/503/505 446/500/505 461/537/505
f 454/502/506 469/538/506 470/523/506
f 447/503/507 462/539/507 463/525/507
f 467/534/508 482/556/508 483/540/508
f 461/537/509 460/535/509 475/541/509
f 469/538/510 468/536/510 483/540/510
f 461/537/511 476/542/511 477/544/511
f 469/538/922 484/543/922 485/545/922
f 463/525/513 462/539/513 477/544/513
f 470/523/923 485/545/923 486/547/923
f 463/525/924 478/546/924 479/548/924
f 465/530/686 464/526/686 479/548/686
f 457/528/925 472/550/925 473/553/925
f 465/530/520 480/552/520 481/554/520
f 458/531/688 473/553/688 474/555/688
f 467/534/522 466/532/522 481/554/522
f 460/535/523 459/533/523 474/555/523
f 479/548/526 494/573/526 495/561/526
f 472/550/784 487/558/784 488/562/784
f 480/552/528 495/561/528 496/563/528
f 473/553/926 488/562/926 489/564/926
f 481/554/530 496/563/530 497/565/530
f 475/541/531 474/555/531 489/564/531
f 482/556/532 497/565/532 498/567/532
f 475/541/533 490/566/533 491/568/533
f 483/540/534 498/567/534 499/569/534
f 477/544/535 476/542/535 491/568/535
f 485/545/536 484/543/536 499/569/536
f 478/546/537 477/544/537 492/570/537
f 486/547/538 485/545/538 500/571/538
f 479/548/539 478/546/539 493/572/539
f 491/568/540 490/566/540 505/574/540
f 498/567/541 513/590/541 514/576/541
f 492/570/542 491/568/542 506/575/542
f 499/569/543 514/576/543 515/578/543
f 493/572/544 492/570/544 507/577/544
f 500/571/691 515/578/691 516/580/691
f 493/572/692 508/579/692 509/581/692
f 494/573/549 509/581/549 510/585/549
f 488/562/693 487/558/693 502/583/693
f 495/561/551 510/585/551 511/587/551
f 489/564/552 488/562/552 503/586/552
f 496/563/553 511/587/553 512/589/553
f 490/566/554 489/564/554 504/588/554
f 497/565/555 512/589/555 513/590/555
f 509/581/790 524/604/790 525/591/790
f 502/583/557 517/606/557 518/592/557
f 510/585/558 525/591/558 526/593/558
f 503/586/559 518/592/559 519/594/559
f 512/589/560 511/587/560 526/593/560
f 504/588/561 519/594/561 520/596/561
f 513/590/562 512/589/562 527/595/562
f 505/574/563 520/596/563 521/598/563
f 513/590/564 528/597/564 529/599/564
f 506/575/565 521/598/565 522/600/565
f 515/578/927 514/576/927 529/599/927
f 508/579/567 507/577/567 522/600/567
f 516/580/788 515/578/788 530/601/788
f 508/579/928 523/602/928 524/604/928
f 528/597/572 543/624/572 544/608/572
f 522/600/573 521/598/573 536/609/573
f 529/599/574 544/608/574 545/611/574
f 522/600/575 537/610/575 538/612/575
f 531/603/704 530/601/704 545/611/704
f 524/604/700 523/602/700 538/612/700
f 524/604/701 539/614/701 540/618/701
f 517/606/581 532/616/581 533/619/581
f 526/593/582 525/591/582 540/618/582
f 519/594/703 518/592/703 533/619/703
f 526/593/792 541/620/792 542/622/792
f 520/596/585 519/594/585 534/621/585
f 528/597/586 527/595/586 542/622/586
f 520/596/587 535/623/587 536/609/587
f 532/616/707 547/92/707 548/99/707
f 541/620/589 540/618/589 79/97/589
f 533/619/590 548/99/590 75/101/590
f 542/622/591 541/620/591 551/70/591
f 534/621/592 75/101/592 549/73/592
f 543/624/593 542/622/593 80/72/593
f 536/609/594 535/623/594 549/73/594
f 544/608/595 543/624/595 552/77/595
f 536/609/596 76/78/596 550/82/596
f 545/611/597 544/608/597 553/81/597
f 537/610/598 550/82/598 77/86/598
f 546/613/599 545/611/599 554/84/599
f 539/614/600 538/612/600 77/86/600
f 539/614/603 78/91/603 79/97/603
f 557/101/93 566/74/93 567/75/93
f 562/72/94 574/71/94 575/76/94
f 558/78/95 1031/73/95 567/75/95
f 1034/77/96 575/76/96 576/80/96
f 1032/82/97 558/78/97 568/79/97
f 1035/81/98 576/80/98 577/85/98
f 559/86/99 1032/82/99 569/83/99
f 1036/84/100 577/85/100 578/89/100
f 559/86/929 570/87/929 571/90/929
f 561/97/104 560/91/104 571/90/104
f 1030/99/930 1029/92/930 564/94/930
f 561/97/106 572/96/106 573/100/106
f 1030/99/107 565/98/107 566/74/107
f 1033/70/92 573/100/92 574/71/92
f 566/74/109 565/98/109 580/118/109
f 574/71/110 573/100/110 588/103/110
f 566/74/111 581/104/111 582/106/111
f 574/71/112 589/105/112 590/107/112
f 568/79/113 567/75/113 582/106/113
f 575/76/114 590/107/114 591/109/114
f 568/79/710 583/108/710 584/110/710
f 576/80/711 591/109/711 592/111/711
f 569/83/117 584/110/117 585/112/117
f 578/89/881 577/85/881 592/111/881
f 571/90/608 570/87/608 585/112/608
f 571/90/609 586/114/609 587/102/609
f 564/94/931 579/116/931 580/118/931
f 573/100/108 572/96/108 587/102/108
f 584/110/125 599/120/125 600/121/125
f 593/113/882 592/111/882 607/119/882
f 586/114/714 585/112/714 600/121/714
f 586/114/932 601/123/932 602/127/932
f 580/118/715 579/116/715 594/125/715
f 588/103/132 587/102/132 602/127/132
f 581/104/716 580/118/716 595/128/716
f 588/103/134 603/129/134 604/131/134
f 581/104/135 596/130/135 597/132/135
f 590/107/136 589/105/136 604/131/136
f 582/106/137 597/132/137 598/134/137
f 591/109/138 590/107/138 605/133/138
f 583/108/139 598/134/139 599/120/139
f 591/109/612 606/135/612 607/119/612
f 604/131/141 603/129/141 618/152/141
f 597/132/142 596/130/142 611/136/142
f 605/133/143 604/131/143 619/137/143
f 597/132/933 612/138/933 613/140/933
f 605/133/145 620/139/145 621/141/145
f 599/120/146 598/134/146 613/140/146
f 606/135/147 621/141/147 622/143/147
f 600/121/148 599/120/148 614/142/148
f 608/122/149 607/119/149 622/143/149
f 601/123/885 600/121/885 615/144/885
f 601/123/886 616/146/886 617/150/886
f 594/125/721 609/148/721 610/151/721
f 602/127/155 617/150/155 618/152/155
f 595/128/140 610/151/140 611/136/140
f 623/145/157 622/143/157 637/155/157
f 616/146/158 615/144/158 630/154/158
f 616/146/934 631/157/934 632/161/934
f 610/151/162 609/148/162 624/159/162
f 618/152/163 617/150/163 632/161/163
f 610/151/164 625/162/164 626/164/164
f 618/152/165 633/163/165 634/165/165
f 611/136/166 626/164/166 627/166/166
f 619/137/167 634/165/167 635/167/167
f 612/138/168 627/166/168 628/168/168
f 621/141/169 620/139/169 635/167/169
f 614/142/170 613/140/170 628/168/170
f 621/141/171 636/169/171 637/155/171
f 615/144/156 614/142/156 629/153/156
f 627/166/173 626/164/173 641/186/173
f 634/165/935 649/171/935 650/173/935
f 628/168/936 627/166/936 642/172/936
f 635/167/176 650/173/176 651/175/176
f 628/168/177 643/174/177 644/176/177
f 636/169/887 651/175/887 652/177/887
f 630/154/179 629/153/179 644/176/179
f 638/156/617 637/155/617 652/177/617
f 631/157/937 630/154/937 645/178/937
f 631/157/938 646/180/938 647/184/938
f 625/162/939 624/159/939 639/182/939
f 632/161/186 647/184/186 648/170/186
f 626/164/940 625/162/940 640/185/940
f 634/165/172 633/163/172 648/170/172
f 646/180/189 645/178/189 660/203/189
f 646/180/724 661/188/724 662/192/724
f 639/182/193 654/190/193 655/193/193
f 647/184/194 662/192/194 663/194/194
f 641/186/195 640/185/195 655/193/195
f 648/170/941 663/194/941 664/196/941
f 641/186/197 656/195/197 657/197/197
f 650/173/198 649/171/198 664/196/198
f 643/174/199 642/172/199 657/197/199
f 650/173/200 665/198/200 666/200/200
f 643/174/942 658/199/942 659/201/942
f 651/175/202 666/200/202 667/202/202
f 645/178/203 644/176/203 659/201/203
f 653/179/726 652/177/726 667/202/726
f 664/196/205 679/206/205 680/207/205
f 657/197/206 672/205/206 673/208/206
f 665/198/207 680/207/207 681/209/207
f 658/199/208 673/208/208 674/210/208
f 667/202/209 666/200/209 681/209/209
f 660/203/210 659/201/210 674/210/210
f 668/187/211 667/202/211 682/211/211
f 660/203/943 675/212/943 676/214/943
f 661/188/727 676/214/727 677/218/727
f 655/193/626 654/190/626 669/216/626
f 662/192/217 677/218/217 678/220/217
f 655/193/218 670/219/218 671/204/218
f 664/196/219 663/194/219 678/220/219
f 657/197/204 656/195/204 671/204/204
f 676/214/627 691/221/627 692/226/627
f 670/219/224 669/216/224 684/223/224
f 678/220/225 677/218/225 692/226/225
f 671/204/226 670/219/226 685/227/226
f 678/220/227 693/228/227 694/230/227
f 671/204/228 686/229/228 687/231/228
f 680/207/229 679/206/229 694/230/229
f 672/205/230 687/231/230 688/233/230
f 681/209/628 680/207/628 695/232/628
f 674/210/232 673/208/232 688/233/232
f 681/209/233 696/234/233 697/236/233
f 674/210/234 689/235/234 690/237/234
f 682/211/894 697/236/894 698/225/894
f 675/212/629 690/237/629 691/221/629
f 696/234/238 695/232/238 710/239/238
f 688/233/239 703/240/239 704/242/239
f 697/236/240 696/234/240 711/241/240
f 690/237/241 689/235/241 704/242/241
f 697/236/242 712/243/242 713/245/242
f 690/237/243 705/244/243 706/246/243
f 692/226/632 691/221/632 706/246/632
f 685/227/247 684/223/247 699/248/247
f 692/226/248 707/250/248 708/251/248
f 685/227/249 700/6/249 701/252/249
f 694/230/250 693/228/250 708/251/250
f 686/229/251 701/252/251 702/253/251
f 694/230/236 709/238/236 710/239/236
f 688/233/237 687/231/237 702/253/237
f 699/248/944 714/270/944 715/258/944
f 708/251/255 707/250/255 722/257/255
f 701/252/734 700/6/734 715/258/734
f 709/238/257 708/251/257 723/259/257
f 702/253/258 701/252/258 716/260/258
f 710/239/259 709/238/259 724/261/259
f 702/253/260 717/262/260 718/264/260
f 710/239/261 725/263/261 726/265/261
f 703/240/262 718/264/262 719/266/262
f 711/241/897 726/265/897 727/267/897
f 704/242/264 719/266/264 720/268/264
f 713/245/265 712/243/265 727/267/265
f 705/244/736 720/268/736 721/256/736
f 706/246/945 721/256/945 722/257/945
f 718/264/269 733/273/269 734/274/269
f 726/265/270 741/272/270 742/275/270
f 719/266/271 734/274/271 735/276/271
f 728/255/737 727/267/737 742/275/737
f 721/256/738 720/268/738 735/276/738
f 722/257/276 721/256/276 736/278/276
f 714/270/946 729/280/946 730/4/946
f 723/259/278 722/257/278 737/282/278
f 716/260/279 715/258/279 730/4/279
f 723/259/280 738/283/280 739/285/280
f 716/260/281 731/284/281 732/286/281
f 725/263/282 724/261/282 739/285/282
f 717/262/283 732/286/283 733/273/283
f 726/265/268 725/263/268 740/271/268
f 738/283/285 737/282/285 752/303/285
f 730/4/286 745/288/286 746/290/286
f 738/283/287 753/289/287 754/291/287
f 731/284/288 746/290/288 747/292/288
f 739/285/947 754/291/947 755/293/947
f 733/273/290 732/286/290 747/292/290
f 740/271/291 755/293/291 756/295/291
f 734/274/292 733/273/292 748/294/292
f 742/275/293 741/272/293 756/295/293
f 734/274/294 749/296/294 750/298/294
f 743/277/741 742/275/741 757/297/741
f 736/278/638 735/276/638 750/298/638
f 736/278/639 751/300/639 752/303/639
f 730/4/284 729/280/284 744/287/284
f 756/295/640 771/305/640 772/306/640
f 749/296/302 764/304/302 765/307/302
f 757/297/303 772/306/303 773/308/303
f 751/300/642 750/298/642 765/307/642
f 751/300/643 766/309/643 767/313/643
f 744/287/948 759/311/948 760/314/948
f 752/303/309 767/313/309 768/315/309
f 745/288/745 760/314/745 761/316/745
f 754/291/311 753/289/311 768/315/311
f 747/292/312 746/290/312 761/316/312
f 754/291/313 769/317/313 770/319/313
f 748/294/746 747/292/746 762/318/746
f 756/295/315 755/293/315 770/319/315
f 748/294/300 763/320/300 764/304/300
f 761/316/747 760/314/747 775/337/747
f 769/317/318 768/315/318 783/321/318
f 761/316/319 776/322/319 777/324/319
f 770/319/320 769/317/320 784/323/320
f 762/318/321 777/324/321 778/326/321
f 771/305/322 770/319/322 785/325/322
f 763/320/645 778/326/645 779/328/645
f 771/305/748 786/327/748 787/329/748
f 764/304/325 779/328/325 780/330/325
f 773/308/646 772/306/646 787/329/646
f 766/309/327 765/307/327 780/330/327
f 767/313/750 766/309/750 781/332/750
f 760/314/331 759/311/331 774/334/331
f 768/315/316 767/313/316 782/336/316
f 779/328/333 794/340/333 795/341/333
f 787/329/648 802/339/648 803/342/648
f 781/332/752 780/330/752 795/341/752
f 781/332/903 796/343/903 797/347/903
f 775/337/339 774/334/339 789/345/339
f 783/321/340 782/336/340 797/347/340
f 776/322/341 775/337/341 790/348/341
f 784/323/342 783/321/342 798/349/342
f 777/324/949 776/322/949 791/350/949
f 785/325/344 784/323/344 799/351/344
f 777/324/345 792/352/345 793/354/345
f 786/327/346 785/325/346 800/353/346
f 778/326/347 793/354/347 794/340/347
f 786/327/332 801/338/332 802/339/332
f 798/349/349 813/371/349 814/357/349
f 791/350/350 806/356/350 807/358/350
f 800/353/351 799/351/351 814/357/351
f 792/352/352 807/358/352 808/360/352
f 800/353/353 815/359/353 816/361/353
f 794/340/354 793/354/354 808/360/354
f 802/339/355 801/338/355 816/361/355
f 795/341/356 794/340/356 809/362/356
f 802/339/651 817/363/651 818/365/651
f 796/343/950 795/341/950 810/364/950
f 796/343/906 811/366/906 812/370/906
f 789/345/362 804/368/362 805/355/362
f 797/347/363 812/370/363 813/371/363
f 791/350/348 790/348/348 805/355/348
f 817/363/654 832/373/654 833/374/654
f 811/366/366 810/364/366 825/372/366
f 811/366/369 826/375/369 827/379/369
f 805/355/755 804/368/755 819/377/755
f 812/370/371 827/379/371 828/381/371
f 805/355/657 820/380/657 821/382/657
f 814/357/373 813/371/373 828/381/373
f 807/358/374 806/356/374 821/382/374
f 814/357/375 829/383/375 830/385/375
f 808/360/376 807/358/376 822/384/376
f 815/359/377 830/385/377 831/387/377
f 808/360/658 823/386/658 824/388/658
f 817/363/908 816/361/908 831/387/908
f 810/364/364 809/362/364 824/388/364
f 829/383/756 844/389/756 845/391/756
f 822/384/951 837/390/951 838/392/951
f 831/387/384 830/385/384 845/391/384
f 823/386/385 838/392/385 839/394/385
f 831/387/659 846/393/659 847/395/659
f 824/388/387 839/394/387 840/396/387
f 833/374/757 832/373/757 847/395/757
f 826/375/660 825/372/660 840/396/660
f 826/375/662 841/398/662 842/402/662
f 819/377/393 834/400/393 835/403/393
f 828/381/394 827/379/394 842/402/394
f 820/380/664 835/403/664 836/405/664
f 828/381/380 843/404/380 844/389/380
f 821/382/381 836/405/381 837/390/381
f 841/398/400 856/407/400 857/411/400
f 835/403/401 834/400/401 849/409/401
f 843/404/402 842/402/402 857/411/402
f 836/405/403 835/403/403 850/412/403
f 844/389/404 843/404/404 858/413/404
f 837/390/405 836/405/405 851/414/405
f 844/389/406 859/415/406 860/417/406
f 838/392/407 837/390/407 852/416/407
f 845/391/408 860/417/408 861/419/408
f 838/392/409 853/418/409 854/420/409
f 846/393/410 861/419/410 862/421/410
f 839/394/411 854/420/411 855/422/411
f 848/397/396 847/395/396 862/421/396
f 841/398/666 840/396/666 855/422/666
f 853/418/413 852/416/413 867/424/413
f 860/417/414 875/423/414 876/426/414
f 853/418/952 868/425/952 869/427/952
f 861/419/416 876/426/416 877/428/416
f 855/422/417 854/420/417 869/427/417
f 863/406/418 862/421/418 877/428/418
f 855/422/419 870/429/419 871/431/419
f 856/407/422 871/431/422 872/435/422
f 849/409/423 864/433/423 865/436/423
f 857/411/424 872/435/424 873/437/424
f 850/412/425 865/436/425 866/438/425
f 859/415/426 858/413/426 873/437/426
f 852/416/427 851/414/427 866/438/427
f 860/417/412 859/415/412 874/439/412
f 871/431/953 886/444/953 887/445/953
f 864/433/954 879/441/954 880/446/954
f 872/435/432 887/445/432 888/447/432
f 866/438/955 865/436/955 880/446/955
f 874/439/434 873/437/434 888/447/434
f 866/438/435 881/448/435 882/450/435
f 874/439/436 889/449/436 890/451/436
f 867/424/437 882/450/437 883/452/437
f 876/426/438 875/423/438 890/451/438
f 868/425/439 883/452/439 884/454/439
f 877/428/956 876/426/956 891/453/956
f 870/429/441 869/427/441 884/454/441
f 877/428/957 892/455/957 893/443/957
f 871/431/443 870/429/443 885/456/443
f 891/453/445 890/451/445 905/459/445
f 883/452/958 898/458/958 899/461/958
f 891/453/959 906/460/959 907/462/959
f 884/454/448 899/461/448 900/463/448
f 893/443/913 892/455/913 907/462/913
f 886/444/450 885/456/450 900/463/450
f 886/444/453 901/465/453 902/469/453
f 879/441/454 894/467/454 895/470/454
f 888/447/455 887/445/455 902/469/455
f 881/448/675 880/446/675 895/470/675
f 889/449/457 888/447/457 903/471/457
f 881/448/458 896/472/458 897/457/458
f 889/449/459 904/473/459 905/459/459
f 883/452/444 882/450/444 897/457/444
f 894/467/917 909/490/917 910/478/917
f 902/469/463 917/475/463 918/479/463
f 896/472/465 895/470/465 910/478/465
f 904/473/466 903/471/466 918/479/466
f 896/472/467 911/481/467 912/483/467
f 905/459/468 904/473/468 919/482/468
f 897/457/469 912/483/469 913/485/469
f 905/459/677 920/484/677 921/486/677
f 898/458/471 913/485/471 914/487/471
f 906/460/474 921/486/474 922/476/474
f 900/463/472 899/461/472 914/487/472
f 908/464/916 907/462/916 922/476/916
f 900/463/678 915/488/678 916/474/678
f 902/469/460 901/465/460 916/474/460
f 913/499/481 928/500/481 929/503/481
f 921/501/482 936/502/482 937/505/482
f 915/508/483 914/504/483 929/503/483
f 923/509/484 922/506/484 937/505/484
f 915/508/485 930/507/485 931/511/485
f 917/518/488 916/512/488 931/511/488
f 909/513/489 924/515/489 925/520/489
f 918/521/490 917/518/490 932/517/490
f 911/494/491 910/519/491 925/520/491
f 919/491/476 918/521/476 933/492/476
f 911/494/477 926/522/477 927/495/477
f 919/491/478 934/493/478 935/497/478
f 913/499/479 912/496/479 927/495/479
f 921/501/480 920/498/480 935/497/480
f 933/492/498 932/517/498 947/530/498
f 925/520/499 940/531/499 941/533/499
f 934/493/775 933/492/775 948/532/775
f 926/522/501 941/533/501 942/535/501
f 935/497/502 934/493/502 949/534/502
f 927/495/503 942/535/503 943/537/503
f 935/497/504 950/536/504 951/538/504
f 928/500/505 943/537/505 944/539/505
f 937/505/506 936/502/506 951/538/506
f 929/503/507 944/539/507 945/525/507
f 937/505/492 952/523/492 953/524/492
f 931/511/493 930/507/493 945/525/493
f 931/511/683 946/526/683 947/530/683
f 925/520/497 924/515/497 939/528/497
f 951/538/922 966/543/922 967/545/922
f 945/525/513 944/539/513 959/544/513
f 953/524/960 952/523/960 967/545/960
f 945/525/515 960/546/515 961/548/515
f 947/530/779 946/526/779 961/548/779
f 939/528/925 954/550/925 955/553/925
f 947/530/520 962/552/520 963/554/520
f 941/533/521 940/531/521 955/553/521
f 949/534/522 948/532/522 963/554/522
f 942/535/523 941/533/523 956/555/523
f 950/536/508 949/534/508 964/556/508
f 942/535/961 957/541/961 958/542/961
f 951/538/510 950/536/510 965/540/510
f 943/537/511 958/542/511 959/544/511
f 963/554/530 978/563/530 979/565/530
f 956/555/531 971/564/531 972/566/531
f 965/540/532 964/556/532 979/565/532
f 957/541/533 972/566/533 973/568/533
f 966/543/534 965/540/534 980/567/534
f 959/544/535 958/542/535 973/568/535
f 966/543/536 981/569/536 982/571/536
f 959/544/537 974/570/537 975/572/537
f 967/545/538 982/571/538 983/560/538
f 961/548/539 960/546/539 975/572/539
f 961/548/962 976/573/962 977/561/962
f 955/553/784 954/550/784 969/558/784
f 963/554/528 962/552/528 977/561/528
f 955/553/529 970/562/529 971/564/529
f 983/560/545 982/571/545 997/578/545
f 976/573/692 975/572/692 990/579/692
f 976/573/549 991/581/549 992/585/549
f 969/558/550 984/583/550 985/586/550
f 978/563/551 977/561/551 992/585/551
f 970/562/552 985/586/552 986/588/552
f 979/565/553 978/563/553 993/587/553
f 971/564/554 986/588/554 987/574/554
f 980/567/555 979/565/555 994/589/555
f 973/568/540 972/566/540 987/574/540
f 981/569/541 980/567/541 995/590/541
f 973/568/542 988/575/542 989/577/542
f 981/569/543 996/576/543 997/578/543
f 974/570/544 989/577/544 990/579/544
f 987/574/561 986/588/561 1001/594/561
f 994/589/562 1009/595/562 1010/597/562
f 988/575/563 987/574/563 1002/596/563
f 995/590/564 1010/597/564 1011/599/564
f 988/575/565 1003/598/565 1004/600/565
f 996/576/927 1011/599/927 1012/601/927
f 990/579/567 989/577/567 1004/600/567
f 998/580/568 997/578/568 1012/601/568
f 990/579/569 1005/602/569 1006/604/569
f 991/581/697 1006/604/697 1007/591/697
f 985/586/698 984/583/698 999/606/698
f 992/585/558 1007/591/558 1008/593/558
f 986/588/699 985/586/699 1000/592/699
f 994/589/560 993/587/560 1008/593/560
f 1006/604/577 1005/602/577 1020/612/577
f 1006/604/580 1021/614/580 1022/618/580
f 1000/592/963 999/606/963 1014/616/963
f 1007/591/582 1022/618/582 1023/620/582
f 1001/594/583 1000/592/583 1015/619/583
f 1008/593/584 1023/620/584 1024/622/584
f 1001/594/585 1016/621/585 1017/623/585
f 1009/595/586 1024/622/586 1025/624/586
f 1003/598/587 1002/596/587 1017/623/587
f 1010/597/572 1025/624/572 1026/608/572
f 1003/598/573 1018/609/573 1019/610/573
f 1012/601/574 1011/599/574 1026/608/574
f 1004/600/575 1019/610/575 1020/612/575
f 1012/601/576 1027/611/576 1028/613/576
f 1025/624/593 1024/622/593 562/72/593
f 1018/609/594 1017/623/594 1031/73/594
f 1025/624/595 1034/77/595 1035/81/595
f 1018/609/596 558/78/596 1032/82/596
f 1027/611/597 1026/608/597 1035/81/597
f 1020/612/598 1019/610/598 1032/82/598
f 1027/611/599 1036/84/599 1037/88/599
f 1021/614/964 1020/612/964 559/86/964
f 1021/614/603 560/91/603 561/97/603
f 1015/619/588 1014/616/588 1029/92/588
f 1022/618/589 561/97/589 1033/70/589
f 1016/621/590 1015/619/590 1030/99/590
f 1024/622/591 1023/620/591 1033/70/591
f 1017/623/592 1016/621/592 557/101/592
f 1513/73/965 1039/101/965 1048/74/965
f 1044/72/94 1056/71/94 1057/76/94
f 1513/73/966 1049/75/966 1050/79/966
f 1517/81/967 1516/77/967 1057/76/967
f 1040/78/97 1050/79/97 1051/83/97
f 1518/84/98 1517/81/98 1058/80/98
f 1041/86/99 1514/82/99 1051/83/99
f 1518/84/879 1059/85/879 1060/89/879
f 1042/91/968 1041/86/968 1052/87/968
f 1042/91/969 1053/90/969 1054/96/969
f 1511/92/105 1046/94/105 1047/98/105
f 1043/97/106 1054/96/106 1055/100/106
f 1512/99/107 1047/98/107 1048/74/107
f 1515/70/92 1055/100/92 1056/71/92
f 1048/74/109 1047/98/109 1062/118/109
f 1055/100/607 1070/103/607 1071/105/607
f 1048/74/111 1063/104/111 1064/106/111
f 1057/76/708 1056/71/708 1071/105/708
f 1049/75/113 1064/106/113 1065/108/113
f 1058/80/114 1057/76/114 1072/107/114
f 1051/83/710 1050/79/710 1065/108/710
f 1058/80/116 1073/109/116 1074/111/116
f 1052/87/117 1051/83/117 1066/110/117
f 1059/85/118 1074/111/118 1075/113/118
f 1053/90/608 1052/87/608 1067/112/608
f 1053/90/122 1068/114/122 1069/102/122
f 1047/98/123 1046/94/123 1061/116/123
f 1054/96/108 1069/102/108 1070/103/108
f 1067/112/125 1066/110/125 1081/120/125
f 1075/113/882 1074/111/882 1089/119/882
f 1067/112/127 1082/121/127 1083/123/127
f 1068/114/883 1083/123/883 1084/127/883
f 1062/118/715 1061/116/715 1076/125/715
f 1069/102/132 1084/127/132 1085/129/132
f 1062/118/133 1077/128/133 1078/130/133
f 1071/105/134 1070/103/134 1085/129/134
f 1064/106/135 1063/104/135 1078/130/135
f 1072/107/717 1071/105/717 1086/131/717
f 1065/108/137 1064/106/137 1079/132/137
f 1072/107/138 1087/133/138 1088/135/138
f 1065/108/139 1080/134/139 1081/120/139
f 1073/109/612 1088/135/612 1089/119/612
f 1086/131/141 1085/129/141 1100/152/141
f 1078/130/142 1093/136/142 1094/138/142
f 1086/131/143 1101/137/143 1102/139/143
f 1080/134/144 1079/132/144 1094/138/144
f 1087/133/145 1102/139/145 1103/141/145
f 1080/134/146 1095/140/146 1096/142/146
f 1089/119/970 1088/135/970 1103/141/970
f 1081/120/148 1096/142/148 1097/144/148
f 1090/122/149 1089/119/149 1104/143/149
f 1082/121/885 1097/144/885 1098/146/885
f 1084/127/886 1083/123/886 1098/146/886
f 1076/125/721 1091/148/721 1092/151/721
f 1085/129/155 1084/127/155 1099/150/155
f 1078/130/140 1077/128/140 1092/151/140
f 1104/143/614 1119/155/614 1120/156/614
f 1097/144/158 1112/154/158 1113/157/158
f 1099/150/934 1098/146/934 1113/157/934
f 1092/151/162 1091/148/162 1106/159/162
f 1100/152/163 1099/150/163 1114/161/163
f 1093/136/971 1092/151/971 1107/162/971
f 1100/152/165 1115/163/165 1116/165/165
f 1093/136/166 1108/164/166 1109/166/166
f 1101/137/167 1116/165/167 1117/167/167
f 1095/140/168 1094/138/168 1109/166/168
f 1103/141/169 1102/139/169 1117/167/169
f 1096/142/170 1095/140/170 1110/168/170
f 1103/141/171 1118/169/171 1119/155/171
f 1096/142/156 1111/153/156 1112/154/156
f 1108/164/173 1123/186/173 1124/172/173
f 1117/167/174 1116/165/174 1131/171/174
f 1110/168/175 1109/166/175 1124/172/175
f 1118/169/176 1117/167/176 1132/173/176
f 1110/168/177 1125/174/177 1126/176/177
f 1118/169/887 1133/175/887 1134/177/887
f 1112/154/179 1111/153/179 1126/176/179
f 1120/156/972 1119/155/972 1134/177/972
f 1113/157/181 1112/154/181 1127/178/181
f 1113/157/938 1128/180/938 1129/184/938
f 1106/159/939 1121/182/939 1122/185/939
f 1114/161/186 1129/184/186 1130/170/186
f 1108/164/940 1107/162/940 1122/185/940
f 1116/165/172 1115/163/172 1130/170/172
f 1127/178/622 1142/203/622 1143/188/622
f 1128/180/724 1143/188/724 1144/192/724
f 1121/182/890 1136/190/890 1137/193/890
f 1129/184/194 1144/192/194 1145/194/194
f 1122/185/973 1137/193/973 1138/195/973
f 1130/170/941 1145/194/941 1146/196/941
f 1123/186/197 1138/195/197 1139/197/197
f 1131/171/198 1146/196/198 1147/198/198
f 1125/174/199 1124/172/199 1139/197/199
f 1132/173/200 1147/198/200 1148/200/200
f 1125/174/942 1140/199/942 1141/201/942
f 1134/177/202 1133/175/202 1148/200/202
f 1126/176/203 1141/201/203 1142/203/203
f 1134/177/188 1149/202/188 1150/187/188
f 1147/198/205 1146/196/205 1161/206/205
f 1139/197/206 1154/205/206 1155/208/206
f 1147/198/207 1162/207/207 1163/209/207
f 1141/201/208 1140/199/208 1155/208/208
f 1149/202/209 1148/200/209 1163/209/209
f 1141/201/210 1156/210/210 1157/212/210
f 1149/202/211 1164/211/211 1165/213/211
f 1143/188/212 1142/203/212 1157/212/212
f 1143/188/727 1158/214/727 1159/218/727
f 1137/193/626 1136/190/626 1151/216/626
f 1145/194/217 1144/192/217 1159/218/217
f 1137/193/218 1152/219/218 1153/204/218
f 1145/194/219 1160/220/219 1161/206/219
f 1139/197/204 1138/195/204 1153/204/204
f 1158/214/627 1173/221/627 1174/226/627
f 1152/219/974 1151/216/974 1166/223/974
f 1159/218/225 1174/226/225 1175/228/225
f 1153/204/226 1152/219/226 1167/227/226
f 1161/206/227 1160/220/227 1175/228/227
f 1154/205/228 1153/204/228 1168/229/228
f 1161/206/229 1176/230/229 1177/232/229
f 1155/208/230 1154/205/230 1169/231/230
f 1162/207/628 1177/232/628 1178/234/628
f 1156/210/232 1155/208/232 1170/233/232
f 1163/209/233 1178/234/233 1179/236/233
f 1157/212/234 1156/210/234 1171/235/234
f 1164/211/894 1179/236/894 1180/225/894
f 1158/214/975 1157/212/975 1172/237/975
f 1178/234/238 1177/232/238 1192/239/238
f 1170/233/239 1185/240/239 1186/242/239
f 1178/234/240 1193/241/240 1194/243/240
f 1172/237/241 1171/235/241 1186/242/241
f 1179/236/242 1194/243/242 1195/245/242
f 1173/221/243 1172/237/243 1187/244/243
f 1173/221/246 1188/246/246 1189/250/246
f 1167/227/247 1166/223/247 1181/248/247
f 1174/226/248 1189/250/248 1190/251/248
f 1167/227/249 1182/6/249 1183/252/249
f 1176/230/895 1175/228/895 1190/251/895
f 1168/229/251 1183/252/251 1184/253/251
f 1177/232/236 1176/230/236 1191/238/236
f 1170/233/237 1169/231/237 1184/253/237
f 1181/248/254 1196/270/254 1197/258/254
f 1190/251/255 1189/250/255 1204/257/255
f 1183/252/734 1182/6/734 1197/258/734
f 1190/251/257 1205/259/257 1206/261/257
f 1183/252/258 1198/260/258 1199/262/258
f 1191/238/259 1206/261/259 1207/263/259
f 1185/240/976 1184/253/976 1199/262/976
f 1193/241/261 1192/239/261 1207/263/261
f 1185/240/262 1200/264/262 1201/266/262
f 1193/241/263 1208/265/263 1209/267/263
f 1186/242/264 1201/266/264 1202/268/264
f 1194/243/634 1209/267/634 1210/255/634
f 1188/246/898 1187/244/898 1202/268/898
f 1188/246/945 1203/256/945 1204/257/945
f 1200/264/269 1215/273/269 1216/274/269
f 1209/267/270 1208/265/270 1223/272/270
f 1202/268/271 1201/266/271 1216/274/271
f 1209/267/737 1224/275/737 1225/277/737
f 1202/268/273 1217/276/273 1218/278/273
f 1204/257/636 1203/256/636 1218/278/636
f 1196/270/946 1211/280/946 1212/4/946
f 1204/257/278 1219/282/278 1220/283/278
f 1197/258/279 1212/4/279 1213/284/279
f 1206/261/280 1205/259/280 1220/283/280
f 1199/262/281 1198/260/281 1213/284/281
f 1206/261/977 1221/285/977 1222/271/977
f 1200/264/283 1199/262/283 1214/286/283
f 1207/263/268 1222/271/268 1223/272/268
f 1219/282/285 1234/303/285 1235/289/285
f 1212/4/286 1227/288/286 1228/290/286
f 1220/283/287 1235/289/287 1236/291/287
f 1214/286/288 1213/284/288 1228/290/288
f 1222/271/289 1221/285/289 1236/291/289
f 1214/286/290 1229/292/290 1230/294/290
f 1222/271/291 1237/293/291 1238/295/291
f 1216/274/978 1215/273/978 1230/294/978
f 1224/275/293 1223/272/293 1238/295/293
f 1217/276/294 1216/274/294 1231/296/294
f 1225/277/295 1224/275/295 1239/297/295
f 1218/278/638 1217/276/638 1232/298/638
f 1218/278/299 1233/300/299 1234/303/299
f 1211/280/284 1226/287/284 1227/288/284
f 1239/297/301 1238/295/301 1253/305/301
f 1231/296/302 1246/304/302 1247/307/302
f 1240/299/641 1239/297/641 1254/306/641
f 1233/300/742 1232/298/742 1247/307/742
f 1233/300/743 1248/309/743 1249/313/743
f 1227/288/979 1226/287/979 1241/311/979
f 1235/289/309 1234/303/309 1249/313/309
f 1227/288/745 1242/314/745 1243/316/745
f 1236/291/311 1235/289/311 1250/315/311
f 1228/290/312 1243/316/312 1244/318/312
f 1236/291/644 1251/317/644 1252/319/644
f 1230/294/746 1229/292/746 1244/318/746
f 1238/295/315 1237/293/315 1252/319/315
f 1230/294/300 1245/320/300 1246/304/300
f 1243/316/747 1242/314/747 1257/337/747
f 1251/317/901 1250/315/901 1265/321/901
f 1244/318/319 1243/316/319 1258/322/319
f 1251/317/320 1266/323/320 1267/325/320
f 1245/320/321 1244/318/321 1259/324/321
f 1252/319/322 1267/325/322 1268/327/322
f 1245/320/645 1260/326/645 1261/328/645
f 1253/305/748 1268/327/748 1269/329/748
f 1247/307/325 1246/304/325 1261/328/325
f 1255/308/646 1254/306/646 1269/329/646
f 1248/309/980 1247/307/980 1262/330/980
f 1248/309/330 1263/332/330 1264/336/330
f 1241/311/647 1256/334/647 1257/337/647
f 1249/313/316 1264/336/316 1265/321/316
f 1262/330/333 1261/328/333 1276/340/333
f 1269/329/648 1284/339/648 1285/342/648
f 1263/332/902 1262/330/902 1277/341/902
f 1263/332/649 1278/343/649 1279/347/649
f 1256/334/339 1271/345/339 1272/348/339
f 1264/336/340 1279/347/340 1280/349/340
f 1258/322/341 1257/337/341 1272/348/341
f 1265/321/342 1280/349/342 1281/351/342
f 1258/322/949 1273/350/949 1274/352/949
f 1266/323/344 1281/351/344 1282/353/344
f 1260/326/345 1259/324/345 1274/352/345
f 1268/327/346 1267/325/346 1282/353/346
f 1261/328/347 1260/326/347 1275/354/347
f 1268/327/332 1283/338/332 1284/339/332
f 1281/351/349 1280/349/349 1295/371/349
f 1274/352/981 1273/350/981 1288/356/981
f 1282/353/351 1281/351/351 1296/357/351
f 1274/352/352 1289/358/352 1290/360/352
f 1282/353/353 1297/359/353 1298/361/353
f 1275/354/982 1290/360/982 1291/362/982
f 1283/338/355 1298/361/355 1299/363/355
f 1276/340/356 1291/362/356 1292/364/356
f 1284/339/651 1299/363/651 1300/365/651
f 1278/343/950 1277/341/950 1292/364/950
f 1278/343/361 1293/366/361 1294/370/361
f 1272/348/362 1271/345/362 1286/368/362
f 1279/347/363 1294/370/363 1295/371/363
f 1273/350/348 1272/348/348 1287/355/348
f 1300/365/365 1299/363/365 1314/373/365
f 1293/366/366 1292/364/366 1307/372/366
f 1293/366/369 1308/375/369 1309/379/369
f 1287/355/370 1286/368/370 1301/377/370
f 1295/371/371 1294/370/371 1309/379/371
f 1288/356/372 1287/355/372 1302/380/372
f 1295/371/907 1310/381/907 1311/383/907
f 1288/356/374 1303/382/374 1304/384/374
f 1297/359/375 1296/357/375 1311/383/375
f 1289/358/376 1304/384/376 1305/386/376
f 1298/361/377 1297/359/377 1312/385/377
f 1291/362/658 1290/360/658 1305/386/658
f 1298/361/908 1313/387/908 1314/373/908
f 1291/362/364 1306/388/364 1307/372/364
f 1312/385/382 1311/383/382 1326/389/382
f 1304/384/951 1319/390/951 1320/392/951
f 1312/385/384 1327/391/384 1328/393/384
f 1305/386/983 1320/392/983 1321/394/983
f 1313/387/386 1328/393/386 1329/395/386
f 1307/372/387 1306/388/387 1321/394/387
f 1314/373/388 1329/395/388 1330/397/388
f 1308/375/389 1307/372/389 1322/396/389
f 1308/375/392 1323/398/392 1324/402/392
f 1302/380/760 1301/377/760 1316/400/760
f 1309/379/394 1324/402/394 1325/404/394
f 1302/380/395 1317/403/395 1318/405/395
f 1311/383/380 1310/381/380 1325/404/380
f 1304/384/381 1303/382/381 1318/405/381
f 1323/398/400 1338/407/400 1339/411/400
f 1317/403/401 1316/400/401 1331/409/401
f 1324/402/402 1339/411/402 1340/413/402
f 1318/405/984 1317/403/984 1332/412/984
f 1326/389/404 1325/404/404 1340/413/404
f 1319/390/405 1318/405/405 1333/414/405
f 1327/391/406 1326/389/406 1341/415/406
f 1320/392/407 1319/390/407 1334/416/407
f 1327/391/408 1342/417/408 1343/419/408
f 1320/392/409 1335/418/409 1336/420/409
f 1328/393/410 1343/419/410 1344/421/410
f 1322/396/411 1321/394/411 1336/420/411
f 1329/395/764 1344/421/764 1345/406/764
f 1323/398/397 1322/396/397 1337/422/397
f 1334/416/413 1349/424/413 1350/425/413
f 1342/417/414 1357/423/414 1358/426/414
f 1336/420/415 1335/418/415 1350/425/415
f 1343/419/416 1358/426/416 1359/428/416
f 1336/420/417 1351/427/417 1352/429/417
f 1345/406/667 1344/421/667 1359/428/667
f 1337/422/419 1352/429/419 1353/431/419
f 1339/411/422 1338/407/422 1353/431/422
f 1332/412/669 1331/409/669 1346/433/669
f 1339/411/424 1354/435/424 1355/437/424
f 1333/414/425 1332/412/425 1347/436/425
f 1340/413/426 1355/437/426 1356/439/426
f 1334/416/427 1333/414/427 1348/438/427
f 1342/417/985 1341/415/985 1356/439/985
f 1354/435/953 1353/431/953 1368/444/953
f 1347/436/986 1346/433/986 1361/441/986
f 1354/435/432 1369/445/432 1370/447/432
f 1347/436/433 1362/446/433 1363/448/433
f 1355/437/434 1370/447/434 1371/449/434
f 1349/424/435 1348/438/435 1363/448/435
f 1356/439/436 1371/449/436 1372/451/436
f 1349/424/987 1364/450/987 1365/452/987
f 1357/423/438 1372/451/438 1373/453/438
f 1351/427/439 1350/425/439 1365/452/439
f 1359/428/956 1358/426/956 1373/453/956
f 1352/429/441 1351/427/441 1366/454/441
f 1360/430/988 1359/428/988 1374/455/988
f 1352/429/769 1367/456/769 1368/444/769
f 1372/451/445 1387/459/445 1388/460/445
f 1365/452/958 1380/458/958 1381/461/958
f 1373/453/447 1388/460/447 1389/462/447
f 1366/454/448 1381/461/448 1382/463/448
f 1375/443/449 1374/455/449 1389/462/449
f 1368/444/450 1367/456/450 1382/463/450
f 1368/444/453 1383/465/453 1384/469/453
f 1361/441/454 1376/467/454 1377/470/454
f 1370/447/455 1369/445/455 1384/469/455
f 1363/448/675 1362/446/675 1377/470/675
f 1371/449/457 1370/447/457 1385/471/457
f 1363/448/458 1378/472/458 1379/457/458
f 1371/449/459 1386/473/459 1387/459/459
f 1364/450/444 1379/457/444 1380/458/444
f 1377/470/462 1376/467/462 1391/490/462
f 1384/469/463 1399/475/463 1400/479/463
f 1377/470/465 1392/478/465 1393/481/465
f 1385/471/466 1400/479/466 1401/482/466
f 1378/472/467 1393/481/467 1394/483/467
f 1386/473/468 1401/482/468 1402/484/468
f 1379/457/469 1394/483/469 1395/485/469
f 1387/459/677 1402/484/677 1403/486/677
f 1381/461/471 1380/458/471 1395/485/471
f 1388/460/474 1403/486/474 1404/476/474
f 1382/463/472 1381/461/472 1396/487/472
f 1389/462/989 1404/476/989 1405/477/989
f 1382/463/473 1397/488/473 1398/474/473
f 1383/465/460 1398/474/460 1399/475/460
f 1395/499/481 1410/500/481 1411/503/481
f 1404/506/482 1403/501/482 1418/502/482
f 1397/508/483 1396/504/483 1411/503/483
f 1405/509/484 1404/506/484 1419/505/484
f 1397/508/485 1412/507/485 1413/511/485
f 1399/518/488 1398/512/488 1413/511/488
f 1391/513/489 1406/515/489 1407/520/489
f 1399/518/490 1414/517/490 1415/492/490
f 1393/494/491 1392/519/491 1407/520/491
f 1401/491/476 1400/521/476 1415/492/476
f 1393/494/477 1408/522/477 1409/495/477
f 1401/491/478 1416/493/478 1417/497/478
f 1394/496/479 1409/495/479 1410/500/479
f 1403/501/480 1402/498/480 1417/497/480
f 1415/492/498 1414/517/498 1429/530/498
f 1407/520/499 1422/531/499 1423/533/499
f 1415/492/990 1430/532/990 1431/534/990
f 1408/522/501 1423/533/501 1424/535/501
f 1417/497/502 1416/493/502 1431/534/502
f 1409/495/503 1424/535/503 1425/537/503
f 1418/502/504 1417/497/504 1432/536/504
f 1411/503/681 1410/500/681 1425/537/681
f 1419/505/991 1418/502/991 1433/538/991
f 1411/503/507 1426/539/507 1427/525/507
f 1419/505/492 1434/523/492 1435/524/492
f 1412/507/493 1427/525/493 1428/526/493
f 1414/517/496 1413/511/496 1428/526/496
f 1406/515/684 1421/528/684 1422/531/684
f 1434/523/922 1433/538/922 1448/543/922
f 1426/539/513 1441/544/513 1442/546/513
f 1435/524/992 1434/523/992 1449/545/992
f 1427/525/685 1442/546/685 1443/548/685
f 1428/526/993 1443/548/993 1444/552/993
f 1422/531/925 1421/528/925 1436/550/925
f 1429/530/520 1444/552/520 1445/554/520
f 1422/531/521 1437/553/521 1438/555/521
f 1431/534/522 1430/532/522 1445/554/522
f 1423/533/523 1438/555/523 1439/541/523
f 1431/534/508 1446/556/508 1447/540/508
f 1425/537/994 1424/535/994 1439/541/994
f 1433/538/510 1432/536/510 1447/540/510
f 1425/537/511 1440/542/511 1441/544/511
f 1446/556/530 1445/554/530 1460/563/530
f 1438/555/531 1453/564/531 1454/566/531
f 1446/556/532 1461/565/532 1462/567/532
f 1440/542/533 1439/541/533 1454/566/533
f 1448/543/534 1447/540/534 1462/567/534
f 1440/542/535 1455/568/535 1456/570/535
f 1449/545/536 1448/543/536 1463/569/536
f 1442/546/537 1441/544/537 1456/570/537
f 1449/545/538 1464/571/538 1465/560/538
f 1442/546/690 1457/572/690 1458/573/690
f 1443/548/962 1458/573/962 1459/561/962
f 1436/550/527 1451/558/527 1452/562/527
f 1444/552/528 1459/561/528 1460/563/528
f 1437/553/926 1452/562/926 1453/564/926
f 1465/560/545 1464/571/545 1479/578/545
f 1457/572/692 1472/579/692 1473/581/692
f 1458/573/549 1473/581/549 1474/585/549
f 1451/558/995 1466/583/995 1467/586/995
f 1459/561/551 1474/585/551 1475/587/551
f 1452/562/552 1467/586/552 1468/588/552
f 1461/565/553 1460/563/553 1475/587/553
f 1454/566/554 1453/564/554 1468/588/554
f 1462/567/555 1461/565/555 1476/589/555
f 1454/566/540 1469/574/540 1470/575/540
f 1462/567/541 1477/590/541 1478/576/541
f 1455/568/542 1470/575/542 1471/577/542
f 1464/571/543 1463/569/543 1478/576/543
f 1456/570/544 1471/577/544 1472/579/544
f 1468/588/561 1483/594/561 1484/596/561
f 1477/590/562 1476/589/562 1491/595/562
f 1469/574/563 1484/596/563 1485/598/563
f 1478/576/564 1477/590/564 1492/597/564
f 1470/575/565 1485/598/565 1486/600/565
f 1479/578/566 1478/576/566 1493/599/566
f 1471/577/567 1486/600/567 1487/602/567
f 1480/580/996 1479/578/996 1494/601/996
f 1473/581/928 1472/579/928 1487/602/928
f 1473/581/997 1488/604/997 1489/591/997
f 1467/586/998 1466/583/998 1481/606/998
f 1474/585/558 1489/591/558 1490/593/558
f 1468/588/559 1467/586/559 1482/592/559
f 1476/589/560 1475/587/560 1490/593/560
f 1488/604/577 1487/602/577 1502/612/577
f 1488/604/701 1503/614/701 1504/618/701
f 1481/606/702 1496/616/702 1497/619/702
f 1489/591/582 1504/618/582 1505/620/582
f 1482/592/703 1497/619/703 1498/621/703
f 1490/593/584 1505/620/584 1506/622/584
f 1484/596/585 1483/594/585 1498/621/585
f 1492/597/586 1491/595/586 1506/622/586
f 1484/596/587 1499/623/587 1500/609/587
f 1492/597/572 1507/624/572 1508/608/572
f 1486/600/999 1485/598/999 1500/609/999
f 1494/601/574 1493/599/574 1508/608/574
f 1487/602/575 1486/600/575 1501/610/575
f 1495/603/576 1494/601/576 1509/611/576
f 1506/622/593 1044/72/593 1516/77/593
f 1500/609/594 1499/623/594 1513/73/594
f 1507/624/1000 1516/77/1000 1517/81/1000
f 1501/610/596 1500/609/596 1040/78/596
f 1508/608/597 1517/81/597 1518/84/597
f 1501/610/598 1514/82/598 1041/86/598
f 1509/611/705 1518/84/705 1519/88/705
f 1503/614/964 1502/612/964 1041/86/964
f 1503/614/1001 1042/91/1001 1043/97/1001
f 1496/616/588 1511/92/588 1512/99/588
f 1505/620/589 1504/618/589 1043/97/589
f 1498/621/590 1497/619/590 1512/99/590
f 1505/620/591 1515/70/591 1044/72/591
f 1499/623/592 1498/621/592 1039/101/592
f 1840/512/828 1841/627/828 1843/629/828
f 1842/628/829 1843/629/829 1845/631/829
f 1844/630/830 1845/631/830 1847/633/830
f 1846/632/831 1847/633/831 1849/635/831
f 1848/634/832 1849/635/832 1851/637/832
f 1850/636/833 1851/637/833 1853/639/833
f 1852/638/834 1853/639/834 1855/641/834
f 1854/640/835 1855/641/835 1857/642/835
f 1857/642/836 1859/643/836 1858/90/836
f 1859/643/837 1861/644/837 1860/114/837
f 1861/644/838 1863/645/838 1862/123/838
f 1863/645/839 1865/646/839 1864/146/839
f 1865/646/840 1867/647/840 1866/157/840
f 1867/647/841 1869/648/841 1868/180/841
f 1869/648/842 1871/649/842 1870/188/842
f 1871/649/843 1873/651/843 1872/650/843
f 1873/651/844 1875/653/844 1874/652/844
f 1875/653/845 1877/655/845 1876/654/845
f 1877/655/846 1879/657/846 1878/656/846
f 1879/657/847 1881/659/847 1880/658/847
f 1881/659/848 1883/661/848 1882/660/848
f 1883/661/849 1885/663/849 1884/662/849
f 1885/663/850 1887/665/850 1886/664/850
f 1887/665/851 1889/667/851 1888/666/851
f 1888/666/852 1889/667/852 1891/669/852
f 1890/668/853 1891/669/853 1893/671/853
f 1892/670/854 1893/671/854 1895/673/854
f 1894/672/855 1895/673/855 1897/675/855
f 1896/674/856 1897/675/856 1899/677/856
f 1898/676/857 1899/677/857 1901/682/857
f 1845/681/858 1843/693/858 1841/694/858
f 1841/694/858 1903/695/858 1901/696/858
f 1901/696/858 1899/697/858 1897/698/858
f 1897/698/858 1895/699/858 1893/700/858
f 1893/700/858 1891/701/858 1889/702/858
f 1889/702/858 1887/703/858 1885/704/858
f 1885/704/858 1883/705/858 1881/706/858
f 1881/706/858 1879/707/858 1877/679/858
f 1877/679/858 1875/708/858 1873/709/858
f 1873/709/858 1871/710/858 1869/711/858
f 1869/711/858 1867/712/858 1865/713/858
f 1865/713/858 1863/714/858 1861/680/858
f 1861/680/858 1859/715/858 1857/716/858
f 1857/716/858 1855/717/858 1853/718/858
f 1853/718/858 1851/719/858 1849/720/858
f 1849/720/858 1847/721/858 1845/681/858
f 1845/681/858 1841/694/858 1901/696/858
f 1901/696/858 1897/698/858 1893/700/858
f 1893/700/858 1889/702/858 1885/704/858
f 1885/704/858 1881/706/858 1877/679/858
f 1877/679/858 1873/709/858 1869/711/858
f 1869/711/858 1865/713/858 1861/680/858
f 1861/680/858 1857/716/858 1853/718/858
f 1853/718/858 1849/720/858 1845/681/858
f 1845/681/858 1901/696/858 1893/700/858
f 1893/700/858 1885/704/858 1877/679/858
f 1877/679/858 1869/711/858 1861/680/858
f 1861/680/858 1853/718/858 1845/681/858
f 1845/681/858 1893/700/858 1877/679/858
f 1900/678/859 1901/682/859 1903/684/859
f 1902/683/860 1903/684/860 1841/688/860
f 1902/687/861 1840/722/861 1842/723/861
f 1842/723/861 1844/724/861 1846/725/861
f 1846/725/861 1848/726/861 1850/727/861
f 1850/727/861 1852/728/861 1854/729/861
f 1854/729/861 1856/730/861 1858/731/861
f 1858/731/861 1860/732/861 1862/733/861
f 1862/733/861 1864/734/861 1866/735/861
f 1866/735/861 1868/736/861 1870/685/861
f 1870/685/861 1872/737/861 1874/738/861
f 1874/738/861 1876/739/861 1878/740/861
f 1878/740/861 1880/741/861 1882/742/861
f 1882/742/861 1884/743/861 1886/686/861
f 1886/686/861 1888/744/861 1890/745/861
f 1890/745/861 1892/746/861 1894/747/861
f 1894/747/861 1896/748/861 1898/749/861
f 1898/749/861 1900/750/861 1902/687/861
f 1902/687/861 1842/723/861 1846/725/861
f 1846/725/861 1850/727/861 1854/729/861
f 1854/729/861 1858/731/861 1862/733/861
f 1862/733/861 1866/735/861 1870/685/861
f 1870/685/861 1874/738/861 1878/740/861
f 1878/740/861 1882/742/861 1886/686/861
f 1886/686/861 1890/745/861 1894/747/861
f 1894/747/861 1898/749/861 1902/687/861
f 1902/687/861 1846/725/861 1854/729/861
f 1854/729/861 1862/733/861 1870/685/861
f 1870/685/861 1878/740/861 1886/686/861
f 1886/686/861 1894/747/861 1902/687/861
f 1902/687/861 1854/729/861 1870/685/861
f 1904/512/828 1905/627/828 1907/629/828
f 1906/628/829 1907/629/829 1909/631/829
f 1908/630/830 1909/631/830 1911/633/830
f 1910/632/831 1911/633/831 1913/635/831
f 1912/634/832 1913/635/832 1915/637/832
f 1914/636/833 1915/637/833 1917/639/833
f 1916/638/834 1917/639/834 1919/641/834
f 1918/640/835 1919/641/835 1921/642/835
f 1921/642/836 1923/643/836 1922/90/836
f 1923/643/837 1925/644/837 1924/114/837
f 1925/644/838 1927/645/838 1926/123/838
f 1927/645/839 1929/646/839 1928/146/839
f 1929/646/840 1931/647/840 1930/157/840
f 1931/647/841 1933/648/841 1932/180/841
f 1933/648/842 1935/649/842 1934/188/842
f 1935/649/843 1937/651/843 1936/650/843
f 1937/651/844 1939/653/844 1938/652/844
f 1939/653/845 1941/655/845 1940/654/845
f 1941/655/846 1943/657/846 1942/656/846
f 1943/657/847 1945/659/847 1944/658/847
f 1945/659/848 1947/661/848 1946/660/848
f 1947/661/849 1949/663/849 1948/662/849
f 1949/663/850 1951/665/850 1950/664/850
f 1951/665/851 1953/667/851 1952/666/851
f 1952/666/852 1953/667/852 1955/669/852
f 1954/668/853 1955/669/853 1957/671/853
f 1956/670/854 1957/671/854 1959/673/854
f 1958/672/855 1959/673/855 1961/675/855
f 1960/674/856 1961/675/856 1963/677/856
f 1962/676/857 1963/677/857 1965/682/857
f 1909/681/858 1907/693/858 1905/694/858
f 1905/694/858 1967/695/858 1965/696/858
f 1965/696/858 1963/697/858 1961/698/858
f 1961/698/858 1959/699/858 1957/700/858
f 1957/700/858 1955/701/858 1953/702/858
f 1953/702/858 1951/703/858 1949/704/858
f 1949/704/1002 1947/705/1002 1945/706/1002
f 1945/706/1002 1943/707/1002 1941/679/1002
f 1941/679/858 1939/708/858 1937/709/858
f 1937/709/858 1935/710/858 1933/711/858
f 1933/711/1002 1931/712/1002 1929/713/1002
f 1929/713/858 1927/714/858 1925/680/858
f 1925/680/858 1923/715/858 1921/716/858
f 1921/716/858 1919/717/858 1917/718/858
f 1917/718/858 1915/719/858 1913/720/858
f 1913/720/858 1911/721/858 1909/681/858
f 1909/681/858 1905/694/858 1965/696/858
f 1965/696/858 1961/698/858 1957/700/858
f 1957/700/858 1953/702/858 1949/704/858
f 1949/704/858 1945/706/858 1941/679/858
f 1941/679/858 1937/709/858 1933/711/858
f 1933/711/858 1929/713/858 1925/680/858
f 1925/680/858 1921/716/858 1917/718/858
f 1917/718/858 1913/720/858 1909/681/858
f 1909/681/858 1965/696/858 1957/700/858
f 1957/700/858 1949/704/858 1941/679/858
f 1941/679/858 1933/711/858 1925/680/858
f 1925/680/858 1917/718/858 1909/681/858
f 1909/681/858 1957/700/858 1941/679/858
f 1964/678/859 1965/682/859 1967/684/859
f 1966/683/860 1967/684/860 1905/688/860
f 1966/687/861 1904/722/861 1906/723/861
f 1906/723/1003 1908/724/1003 1910/725/1003
f 1910/725/1003 1912/726/1003 1914/727/1003
f 1914/727/861 1916/728/861 1918/729/861
f 1918/729/861 1920/730/861 1922/731/861
f 1922/731/861 1924/732/861 1926/733/861
f 1926/733/861 1928/734/861 1930/735/861
f 1930/735/1003 1932/736/1003 1934/685/1003
f 1934/685/1003 1936/737/1003 1938/738/1003
f 1938/738/1003 1940/739/1003 1942/740/1003
f 1942/740/861 1944/741/861 1946/742/861
f 1946/742/861 1948/743/861 1950/686/861
f 1950/686/861 1952/744/861 1954/745/861
f 1954/745/861 1956/746/861 1958/747/861
f 1958/747/1003 1960/748/1003 1962/749/1003
f 1962/749/1003 1964/750/1003 1966/687/1003
f 1966/687/861 1906/723/861 1910/725/861
f 1910/725/861 1914/727/861 1918/729/861
f 1918/729/861 1922/731/861 1926/733/861
f 1926/733/861 1930/735/861 1934/685/861
f 1934/685/861 1938/738/861 1942/740/861
f 1942/740/861 1946/742/861 1950/686/861
f 1950/686/861 1954/745/861 1958/747/861
f 1958/747/861 1962/749/861 1966/687/861
f 1966/687/861 1910/725/861 1918/729/861
f 1918/729/861 1926/733/861 1934/685/861
f 1934/685/861 1942/740/861 1950/686/861
f 1950/686/861 1958/747/861 1966/687/861
f 1966/687/861 1918/729/861 1934/685/861
f 1968/689/3 1969/751/3 1971/139/3
f 1971/139/863 1975/146/863 1974/658/863
f 1975/146/2 1973/138/2 1972/690/2
f 1973/138/864 1969/646/864 1968/659/864
f 1974/658/865 1972/690/865 1968/691/865
f 1975/146/866 1971/634/866 1969/692/866
f 1976/689/3 1977/751/3 1979/139/3
f 1979/139/863 1983/146/863 1982/658/863
f 1983/146/2 1981/138/2 1980/690/2
f 1981/138/864 1977/646/864 1976/659/864
f 1982/658/865 1980/690/865 1976/691/865
f 1979/634/866 1977/692/866 1981/138/866
f 1984/689/6 1985/751/6 1987/139/6
f 1987/139/867 1991/146/867 1990/658/867
f 1991/146/5 1989/138/5 1988/690/5
f 1989/138/868 1985/646/868 1984/659/868
f 1990/658/869 1988/690/869 1984/691/869
f 1987/634/870 1985/692/870 1989/138/870
f 1992/689/6 1993/751/6 1995/139/6
f 1995/139/867 1999/146/867 1998/658/867
f 1999/146/5 1997/138/5 1996/690/5
f 1997/138/868 1993/646/868 1992/659/868
f 1998/658/869 1996/690/869 1992/691/869
f 1995/634/870 1993/692/870 1997/138/870
f 2000/689/5 2001/751/5 2003/139/5
f 2003/139/871 2007/146/871 2006/658/871
f 2007/146/6 2005/138/6 2004/690/6
f 2005/138/872 2001/646/872 2000/659/872
f 2006/658/873 2004/690/873 2000/691/873
f 2003/634/874 2001/692/874 2005/138/874
f 2008/689/5 2009/751/5 2011/139/5
f 2011/139/871 2015/146/871 2014/658/871
f 2015/146/6 2013/138/6 2012/690/6
f 2012/690/872 2013/138/872 2009/646/872
f 2014/658/873 2012/690/873 2008/691/873
f 2011/634/874 2009/692/874 2013/138/874
f 2016/689/2 2017/751/2 2019/139/2
f 2019/139/875 2023/146/875 2022/658/875
f 2023/146/3 2021/138/3 2020/690/3
f 2021/138/876 2017/646/876 2016/659/876
f 2022/658/877 2020/690/877 2016/691/877
f 2019/634/878 2017/692/878 2021/138/878
f 2024/689/2 2025/751/2 2027/139/2
f 2027/139/875 2031/146/875 2030/658/875
f 2031/146/3 2029/138/3 2028/690/3
f 2029/138/876 2025/646/876 2024/659/876
f 2030/658/877 2028/690/877 2024/691/877
f 2027/634/878 2025/692/878 2029/138/878
usemtl マテリアル
f 4/3/4 7/6/4 3/6/4
f 18/6/4 19/6/4 17/6/4
f 19/6/4 20/6/4 17/6/4
f 20/6/4 21/6/4 17/6/4
f 21/6/4 18/6/4 17/6/4
f 27/3/4 72/3/4 26/3/4
f 4/3/4 8/3/4 7/6/4
f 27/3/4 73/3/4 72/3/4
