# Blender 5.1.2
# www.blender.org
mtllib Building_THAAD.mtl
o VLS＿ARROW
v -6.866603 0.803482 -12.752537
v -8.291603 1.673509 -12.602537
v -8.291603 8.798003 -12.602537
v -8.291603 1.986009 -12.602537
v -8.291603 9.110503 -12.602537
v -8.291603 1.673509 -15.302537
v -8.291603 1.986009 -15.302537
v -6.866603 0.803482 -14.027536
v -8.291603 8.798003 -15.302537
v -5.591603 1.673509 -12.602537
v -5.591603 1.986009 -12.602537
v -8.141603 0.803482 -14.027536
v -5.591603 1.673509 -15.302537
v -8.291603 9.110503 -15.302537
v -5.591603 1.986009 -15.302537
v -6.866603 10.178482 -14.027536
v -5.591603 8.798003 -12.602537
v -5.741603 1.673509 -12.752537
v -8.141603 0.803482 -12.752537
v -8.141603 1.673509 -15.152536
v -5.741603 1.673509 -15.152536
v -6.866603 0.803482 -15.152536
v -5.591603 9.110503 -12.602537
v -8.141603 1.673509 -12.752537
v -5.591603 8.798003 -15.302537
v -8.141603 1.986009 -12.752537
v -5.741603 1.986009 -15.152536
v -8.141603 10.178482 -14.027536
v -5.591603 9.110503 -15.302537
v -8.141603 1.986009 -15.152536
v -6.866603 10.178482 -15.152536
v -5.741603 1.986009 -12.752537
v -6.866603 10.178482 -12.752537
v -5.741603 8.798003 -12.752537
v -8.141603 8.798003 -15.152536
v -5.741603 0.803482 -14.027536
v -5.741603 8.798003 -15.152536
v -8.141603 0.803482 -15.152536
v -8.141603 8.798003 -12.752537
v -5.741603 10.178482 -14.027536
v -8.141603 10.178482 -12.752537
v -8.141603 9.110503 -12.752537
v -5.741603 9.110503 -15.152536
v -5.741603 0.803482 -15.152536
v -8.141603 10.178482 -15.152536
v -8.141603 9.110503 -15.152536
v -5.741603 9.110503 -12.752537
v -5.741603 10.178482 -15.152536
v -6.866603 0.803482 -13.877537
v -7.016603 0.803482 -14.027536
v -8.141603 0.803482 -13.877537
v -7.016603 10.178482 -14.027536
v -6.866603 10.178482 -13.877537
v -7.016603 0.803482 -15.152536
v -8.141603 10.178482 -13.877537
v -7.016603 10.178482 -15.152536
v -5.741603 0.803482 -12.752537
v -7.016603 0.803482 -12.752537
v -5.741603 10.178482 -12.752537
v -7.016603 10.178482 -12.752537
v -5.741603 0.803482 -13.877537
v -7.016603 0.803482 -13.877537
v -5.741603 10.178482 -13.877537
v -7.016603 10.178482 -13.877537
v -6.866603 9.110503 -12.752537
v -6.866603 8.798003 -12.752537
v -5.741603 8.798003 -13.877537
v -5.741603 9.110503 -13.877537
v -8.141603 9.110503 -13.877537
v -8.141603 8.798003 -13.877537
v -7.016603 9.110503 -12.752537
v -7.016603 8.798003 -12.752537
v -7.016603 8.798003 -15.152536
v -7.016603 9.110503 -15.152536
v -8.141603 9.110503 -14.027536
v -8.141603 8.798003 -14.027536
v -6.866603 8.798003 -15.152536
v -6.866603 9.110503 -15.152536
v -5.741603 8.798003 -14.027536
v -5.741603 9.110503 -14.027536
v -6.866603 1.986009 -12.752537
v -6.866603 1.673509 -12.752537
v -5.741603 1.673509 -13.877537
v -5.741603 1.986009 -13.877537
v -8.141603 1.986009 -13.877537
v -8.141603 1.673509 -13.877537
v -7.016603 1.986009 -12.752537
v -7.016603 1.673509 -12.752537
v -7.016603 1.673509 -15.152536
v -7.016603 1.986009 -15.152536
v -8.141603 1.986009 -14.027536
v -8.141603 1.673509 -14.027536
v -6.866603 1.673509 -15.152536
v -6.866603 1.986009 -15.152536
v -5.741603 1.673509 -14.027536
v -5.741603 1.986009 -14.027536
v -6.866603 0.803482 -10.109701
v -8.291603 1.673509 -9.959702
v -8.291603 8.798003 -9.959702
v -8.291603 1.986009 -9.959702
v -8.291603 9.110503 -9.959702
v -8.291603 1.673509 -12.659700
v -8.291603 1.986009 -12.659700
v -6.866603 0.803482 -11.384701
v -8.291603 8.798003 -12.659700
v -5.591603 1.673509 -9.959702
v -5.591603 1.986009 -9.959702
v -8.141603 0.803482 -11.384701
v -5.591603 1.673509 -12.659700
v -8.291603 9.110503 -12.659700
v -5.591603 1.986009 -12.659700
v -6.866603 10.178482 -11.384701
v -5.591603 8.798003 -9.959702
v -5.741603 1.673509 -10.109701
v -8.141603 0.803482 -10.109701
v -8.141603 1.673509 -12.509701
v -5.741603 1.673509 -12.509701
v -6.866603 0.803482 -12.509701
v -5.591603 9.110503 -9.959702
v -8.141603 1.673509 -10.109701
v -5.591603 8.798003 -12.659700
v -8.141603 1.986009 -10.109701
v -5.741603 1.986009 -12.509701
v -8.141603 10.178482 -11.384701
v -5.591603 9.110503 -12.659700
v -8.141603 1.986009 -12.509701
v -6.866603 10.178482 -12.509701
v -5.741603 1.986009 -10.109701
v -6.866603 10.178482 -10.109701
v -5.741603 8.798003 -10.109701
v -8.141603 8.798003 -12.509701
v -5.741603 0.803482 -11.384701
v -5.741603 8.798003 -12.509701
v -8.141603 0.803482 -12.509701
v -8.141603 8.798003 -10.109701
v -5.741603 10.178482 -11.384701
v -8.141603 10.178482 -10.109701
v -8.141603 9.110503 -10.109701
v -5.741603 9.110503 -12.509701
v -5.741603 0.803482 -12.509701
v -8.141603 10.178482 -12.509701
v -8.141603 9.110503 -12.509701
v -5.741603 9.110503 -10.109701
v -5.741603 10.178482 -12.509701
v -6.866603 0.803482 -11.234701
v -7.016603 0.803482 -11.384701
v -8.141603 0.803482 -11.234701
v -7.016603 10.178482 -11.384701
v -6.866603 10.178482 -11.234701
v -7.016603 0.803482 -12.509701
v -8.141603 10.178482 -11.234701
v -7.016603 10.178482 -12.509701
v -5.741603 0.803482 -10.109701
v -7.016603 0.803482 -10.109701
v -5.741603 10.178482 -10.109701
v -7.016603 10.178482 -10.109701
v -5.741603 0.803482 -11.234701
v -7.016603 0.803482 -11.234701
v -5.741603 10.178482 -11.234701
v -7.016603 10.178482 -11.234701
v -6.866603 9.110503 -10.109701
v -6.866603 8.798003 -10.109701
v -5.741603 8.798003 -11.234701
v -5.741603 9.110503 -11.234701
v -8.141603 9.110503 -11.234701
v -8.141603 8.798003 -11.234701
v -7.016603 9.110503 -10.109701
v -7.016603 8.798003 -10.109701
v -7.016603 8.798003 -12.509701
v -7.016603 9.110503 -12.509701
v -8.141603 9.110503 -11.384701
v -8.141603 8.798003 -11.384701
v -6.866603 8.798003 -12.509701
v -6.866603 9.110503 -12.509701
v -5.741603 8.798003 -11.384701
v -5.741603 9.110503 -11.384701
v -6.866603 1.986009 -10.109701
v -6.866603 1.673509 -10.109701
v -5.741603 1.673509 -11.234701
v -5.741603 1.986009 -11.234701
v -8.141603 1.986009 -11.234701
v -8.141603 1.673509 -11.234701
v -7.016603 1.986009 -10.109701
v -7.016603 1.673509 -10.109701
v -7.016603 1.673509 -12.509701
v -7.016603 1.986009 -12.509701
v -8.141603 1.986009 -11.384701
v -8.141603 1.673509 -11.384701
v -6.866603 1.673509 -12.509701
v -6.866603 1.986009 -12.509701
v -5.741603 1.673509 -11.384701
v -5.741603 1.986009 -11.384701
v -4.216603 0.803482 -10.109701
v -5.641603 1.673509 -9.959702
v -5.641603 8.798003 -9.959702
v -5.641603 1.986009 -9.959702
v -5.641603 9.110503 -9.959702
v -5.641603 1.673509 -12.659700
v -5.641603 1.986009 -12.659700
v -4.216603 0.803482 -11.384701
v -5.641603 8.798003 -12.659700
v -2.941603 1.673509 -9.959702
v -2.941603 1.986009 -9.959702
v -5.491603 0.803482 -11.384701
v -2.941603 1.673509 -12.659700
v -5.641603 9.110503 -12.659700
v -2.941603 1.986009 -12.659700
v -4.216603 10.178482 -11.384701
v -2.941603 8.798003 -9.959702
v -3.091603 1.673509 -10.109701
v -5.491603 0.803482 -10.109701
v -5.491603 1.673509 -12.509701
v -3.091603 1.673509 -12.509701
v -4.216603 0.803482 -12.509701
v -2.941603 9.110503 -9.959702
v -5.491603 1.673509 -10.109701
v -2.941603 8.798003 -12.659700
v -5.491603 1.986009 -10.109701
v -3.091603 1.986009 -12.509701
v -5.491603 10.178482 -11.384701
v -2.941603 9.110503 -12.659700
v -5.491603 1.986009 -12.509701
v -4.216603 10.178482 -12.509701
v -3.091603 1.986009 -10.109701
v -4.216603 10.178482 -10.109701
v -3.091603 8.798003 -10.109701
v -5.491603 8.798003 -12.509701
v -3.091603 0.803482 -11.384701
v -3.091603 8.798003 -12.509701
v -5.491603 0.803482 -12.509701
v -5.491603 8.798003 -10.109701
v -3.091603 10.178482 -11.384701
v -5.491603 10.178482 -10.109701
v -5.491603 9.110503 -10.109701
v -3.091603 9.110503 -12.509701
v -3.091603 0.803482 -12.509701
v -5.491603 10.178482 -12.509701
v -5.491603 9.110503 -12.509701
v -3.091603 9.110503 -10.109701
v -3.091603 10.178482 -12.509701
v -4.216603 0.803482 -11.234701
v -4.366603 0.803482 -11.384701
v -5.491603 0.803482 -11.234701
v -4.366603 10.178482 -11.384701
v -4.216603 10.178482 -11.234701
v -4.366603 0.803482 -12.509701
v -5.491603 10.178482 -11.234701
v -4.366603 10.178482 -12.509701
v -3.091603 0.803482 -10.109701
v -4.366603 0.803482 -10.109701
v -3.091603 10.178482 -10.109701
v -4.366603 10.178482 -10.109701
v -3.091603 0.803482 -11.234701
v -4.366603 0.803482 -11.234701
v -3.091603 10.178482 -11.234701
v -4.366603 10.178482 -11.234701
v -4.216603 9.110503 -10.109701
v -4.216603 8.798003 -10.109701
v -3.091603 8.798003 -11.234701
v -3.091603 9.110503 -11.234701
v -5.491603 9.110503 -11.234701
v -5.491603 8.798003 -11.234701
v -4.366603 9.110503 -10.109701
v -4.366603 8.798003 -10.109701
v -4.366603 8.798003 -12.509701
v -4.366603 9.110503 -12.509701
v -5.491603 9.110503 -11.384701
v -5.491603 8.798003 -11.384701
v -4.216603 8.798003 -12.509701
v -4.216603 9.110503 -12.509701
v -3.091603 8.798003 -11.384701
v -3.091603 9.110503 -11.384701
v -4.216603 1.986009 -10.109701
v -4.216603 1.673509 -10.109701
v -3.091603 1.673509 -11.234701
v -3.091603 1.986009 -11.234701
v -5.491603 1.986009 -11.234701
v -5.491603 1.673509 -11.234701
v -4.366603 1.986009 -10.109701
v -4.366603 1.673509 -10.109701
v -4.366603 1.673509 -12.509701
v -4.366603 1.986009 -12.509701
v -5.491603 1.986009 -11.384701
v -5.491603 1.673509 -11.384701
v -4.216603 1.673509 -12.509701
v -4.216603 1.986009 -12.509701
v -3.091603 1.673509 -11.384701
v -3.091603 1.986009 -11.384701
v -4.216603 0.803482 -12.752537
v -5.641603 1.673509 -12.602537
v -5.641603 8.798003 -12.602537
v -5.641603 1.986009 -12.602537
v -5.641603 9.110503 -12.602537
v -5.641603 1.673509 -15.302537
v -5.641603 1.986009 -15.302537
v -4.216603 0.803482 -14.027536
v -5.641603 8.798003 -15.302537
v -2.941603 1.673509 -12.602537
v -2.941603 1.986009 -12.602537
v -5.491603 0.803482 -14.027536
v -2.941603 1.673509 -15.302537
v -5.641603 9.110503 -15.302537
v -2.941603 1.986009 -15.302537
v -4.216603 10.178482 -14.027536
v -2.941603 8.798003 -12.602537
v -3.091603 1.673509 -12.752537
v -5.491603 0.803482 -12.752537
v -5.491603 1.673509 -15.152536
v -3.091603 1.673509 -15.152536
v -4.216603 0.803482 -15.152536
v -2.941603 9.110503 -12.602537
v -5.491603 1.673509 -12.752537
v -2.941603 8.798003 -15.302537
v -5.491603 1.986009 -12.752537
v -3.091603 1.986009 -15.152536
v -5.491603 10.178482 -14.027536
v -2.941603 9.110503 -15.302537
v -5.491603 1.986009 -15.152536
v -4.216603 10.178482 -15.152536
v -3.091603 1.986009 -12.752537
v -4.216603 10.178482 -12.752537
v -3.091603 8.798003 -12.752537
v -5.491603 8.798003 -15.152536
v -3.091603 0.803482 -14.027536
v -3.091603 8.798003 -15.152536
v -5.491603 0.803482 -15.152536
v -5.491603 8.798003 -12.752537
v -3.091603 10.178482 -14.027536
v -5.491603 10.178482 -12.752537
v -5.491603 9.110503 -12.752537
v -3.091603 9.110503 -15.152536
v -3.091603 0.803482 -15.152536
v -5.491603 10.178482 -15.152536
v -5.491603 9.110503 -15.152536
v -3.091603 9.110503 -12.752537
v -3.091603 10.178482 -15.152536
v -4.216603 0.803482 -13.877537
v -4.366603 0.803482 -14.027536
v -5.491603 0.803482 -13.877537
v -4.366603 10.178482 -14.027536
v -4.216603 10.178482 -13.877537
v -4.366603 0.803482 -15.152536
v -5.491603 10.178482 -13.877537
v -4.366603 10.178482 -15.152536
v -3.091603 0.803482 -12.752537
v -4.366603 0.803482 -12.752537
v -3.091603 10.178482 -12.752537
v -4.366603 10.178482 -12.752537
v -3.091603 0.803482 -13.877537
v -4.366603 0.803482 -13.877537
v -3.091603 10.178482 -13.877537
v -4.366603 10.178482 -13.877537
v -4.216603 9.110503 -12.752537
v -4.216603 8.798003 -12.752537
v -3.091603 8.798003 -13.877537
v -3.091603 9.110503 -13.877537
v -5.491603 9.110503 -13.877537
v -5.491603 8.798003 -13.877537
v -4.366603 9.110503 -12.752537
v -4.366603 8.798003 -12.752537
v -4.366603 8.798003 -15.152536
v -4.366603 9.110503 -15.152536
v -5.491603 9.110503 -14.027536
v -5.491603 8.798003 -14.027536
v -4.216603 8.798003 -15.152536
v -4.216603 9.110503 -15.152536
v -3.091603 8.798003 -14.027536
v -3.091603 9.110503 -14.027536
v -4.216603 1.986009 -12.752537
v -4.216603 1.673509 -12.752537
v -3.091603 1.673509 -13.877537
v -3.091603 1.986009 -13.877537
v -5.491603 1.986009 -13.877537
v -5.491603 1.673509 -13.877537
v -4.366603 1.986009 -12.752537
v -4.366603 1.673509 -12.752537
v -4.366603 1.673509 -15.152536
v -4.366603 1.986009 -15.152536
v -5.491603 1.986009 -14.027536
v -5.491603 1.673509 -14.027536
v -4.216603 1.673509 -15.152536
v -4.216603 1.986009 -15.152536
v -3.091603 1.673509 -14.027536
v -3.091603 1.986009 -14.027536
v -9.584621 0.000000 -8.626881
v -9.584621 9.938248 -8.626881
v -9.584621 0.000000 -16.626881
v -9.584621 9.938248 -16.626881
v -1.584621 0.000000 -8.626881
v -1.584621 9.938248 -8.626881
v -1.584621 0.000000 -16.626881
v -1.584621 9.938248 -16.626881
v -9.584621 4.969124 -8.626881
v -1.584621 4.969124 -8.626881
v -5.584622 0.000000 -8.626881
v -5.584622 9.938248 -8.626881
v -5.584622 4.969124 -8.626881
v -9.584621 2.484562 -8.626881
v -7.584622 0.000000 -8.626881
v -7.584622 4.969124 -8.626881
v -5.584622 3.526521 -8.626881
v -7.584622 3.526521 -8.626881
v -7.584622 0.000000 -3.264826
v -5.584622 0.000000 -3.264826
v -5.584622 5.604764 -3.264826
v -7.584622 5.604764 -3.264826
v -7.584622 0.000000 16.626881
v -5.584622 0.000000 16.626881
v -5.584622 5.604764 16.626881
v -7.584622 5.604764 16.626881
v 17.097286 2.484562 -3.264826
v 17.097286 0.000000 -3.264826
v 17.097286 2.484562 16.626881
v 17.097286 0.000000 16.626881
v -5.584622 12.273014 -3.264826
v -5.584622 12.273014 16.626881
v 17.097286 12.273014 -3.264826
v 17.097286 12.273014 16.626881
v 5.756333 20.320129 6.681028
v -2.196244 20.320129 0.555664
v -2.196244 20.320129 12.884426
v 13.536561 20.320129 12.884426
v 13.536561 20.320129 0.555664
v -17.097286 5.604764 -3.264826
v -17.097286 0.000000 -3.264826
v -17.097286 5.604764 16.626881
v -17.097286 0.000000 16.626881
v -7.584622 11.435760 16.626881
v -7.584622 11.435760 -3.264826
v -17.097286 8.502393 16.626881
v -17.097286 8.502393 -3.264826
v 5.777974 18.775694 6.996027
v 11.566834 23.197939 11.201830
v 3.566870 23.197935 13.801220
v -1.377436 23.197969 6.996027
v 3.566870 23.197935 0.190834
v 11.566834 23.197939 2.790226
v 7.989079 30.353453 13.801220
v -0.010884 30.353453 11.201830
v -0.010884 30.353453 2.790226
v 7.989079 30.353453 0.190834
v 12.933385 30.353418 6.996027
v 5.777974 34.775692 6.996027
v 4.478330 19.970459 10.995991
v 9.180556 19.970459 9.468119
v 7.880925 22.569794 13.468121
v 12.583158 22.569807 6.996027
v 9.180556 19.970459 4.523937
v 1.572136 19.970482 6.996027
v 0.272459 22.569805 10.996002
v 4.478330 19.970459 2.996065
v 0.272459 22.569805 2.996052
v 7.880925 22.569794 0.523934
v 13.386437 26.775696 9.468128
v 13.386437 26.775696 4.523926
v 5.777974 26.775696 14.996027
v 10.480260 26.775696 13.468161
v -1.830489 26.775696 9.468128
v 1.075689 26.775696 13.468161
v 1.075689 26.775696 0.523894
v -1.830489 26.775696 4.523926
v 10.480260 26.775696 0.523894
v 5.777974 26.775696 -1.003972
v 11.283490 30.981583 10.996002
v 3.675023 30.981594 13.468121
v -1.027209 30.981579 6.996027
v 3.675023 30.981594 0.523934
v 11.283490 30.981583 2.996052
v 7.077619 33.580929 10.995991
v 9.983811 33.580902 6.996027
v 2.375392 33.580925 9.468119
v 2.375392 33.580925 4.523937
v 7.077619 33.580929 2.996065
v -12.340954 11.435760 16.626881
v -12.340954 11.435760 -3.264826
v -9.876823 13.309629 -0.349924
v -9.876823 13.141098 -0.905493
v -9.876823 12.865198 -1.181393
v -9.876823 12.504719 -1.330709
v -9.876823 12.309628 -1.349923
v -9.876823 12.114538 -1.330709
v -9.876823 11.754058 -1.181393
v -9.876823 11.309629 -0.349924
v -9.838764 13.290414 -0.541265
v -9.802166 13.233507 -0.725254
v -9.768437 13.141098 -0.894818
v -9.738874 13.016736 -1.043443
v -9.714613 12.865198 -1.165417
v -9.696584 12.692312 -1.256051
v -9.685482 12.504719 -1.311864
v -9.681734 12.309628 -1.330709
v -9.685482 12.114538 -1.311864
v -9.696584 11.926946 -1.256051
v -9.714613 11.754058 -1.165417
v -9.738874 11.602522 -1.043443
v -9.768437 11.478159 -0.894818
v -9.802166 11.385750 -0.725254
v -9.838764 11.328844 -0.541265
v -9.802166 13.290414 -0.530164
v -9.730377 13.233507 -0.703476
v -9.664216 13.141098 -0.863204
v -9.606226 13.016736 -1.003205
v -9.558635 12.865198 -1.118101
v -9.523271 12.692312 -1.203477
v -9.501493 12.504719 -1.256051
v -9.494141 12.309628 -1.273802
v -9.501493 12.114538 -1.256051
v -9.523271 11.926946 -1.203477
v -9.558635 11.754058 -1.118101
v -9.606226 11.602522 -1.003205
v -9.664216 11.478159 -0.863204
v -9.730377 11.385750 -0.703476
v -9.802166 11.328844 -0.530164
v -9.768437 13.290414 -0.512135
v -9.664216 13.233507 -0.668114
v -9.568165 13.141098 -0.811863
v -9.483976 13.016736 -0.937860
v -9.414885 12.865198 -1.041265
v -9.363544 12.692312 -1.118101
v -9.331928 12.504719 -1.165417
v -9.321253 12.309628 -1.181393
v -9.331928 12.114538 -1.165417
v -9.363544 11.926946 -1.118101
v -9.414885 11.754058 -1.041265
v -9.483976 11.602522 -0.937860
v -9.568165 11.478159 -0.811863
v -9.664216 11.385750 -0.668114
v -9.768437 11.328844 -0.512135
v -9.738874 13.290414 -0.487872
v -9.606226 13.233507 -0.620521
v -9.483976 13.141098 -0.742771
v -9.376823 13.016736 -0.849923
v -9.288887 12.865198 -0.937860
v -9.223542 12.692312 -1.003205
v -9.183304 12.504719 -1.043443
v -9.169717 12.309628 -1.057030
v -9.183304 12.114538 -1.043443
v -9.223542 11.926946 -1.003205
v -9.288887 11.754058 -0.937860
v -9.376823 11.602522 -0.849923
v -9.483976 11.478159 -0.742771
v -9.606226 11.385750 -0.620521
v -9.738874 11.328844 -0.487872
v -9.714613 13.290414 -0.458309
v -9.558635 13.233507 -0.562531
v -9.414884 13.141098 -0.658581
v -9.288886 13.016736 -0.742771
v -9.185482 12.865198 -0.811863
v -9.108646 12.692312 -0.863204
v -9.061331 12.504719 -0.894818
v -9.045354 12.309628 -0.905493
v -9.061331 12.114538 -0.894818
v -9.108646 11.926946 -0.863204
v -9.185482 11.754058 -0.811863
v -9.288886 11.602522 -0.742771
v -9.414884 11.478159 -0.658581
v -9.558635 11.385750 -0.562531
v -9.714613 11.328844 -0.458309
v -9.696584 13.290414 -0.424581
v -9.523271 13.233507 -0.496369
v -9.363544 13.141098 -0.562531
v -9.223542 13.016736 -0.620521
v -9.108646 12.865198 -0.668112
v -9.023271 12.692312 -0.703476
v -8.970696 12.504719 -0.725254
v -8.952945 12.309628 -0.732607
v -8.970696 12.114538 -0.725254
v -9.023271 11.926946 -0.703476
v -9.108646 11.754058 -0.668112
v -9.223542 11.602522 -0.620521
v -9.363544 11.478159 -0.562531
v -9.523271 11.385750 -0.496369
v -9.696584 11.328844 -0.424581
v -9.685482 13.290414 -0.387983
v -9.501493 13.233507 -0.424581
v -9.331929 13.141098 -0.458309
v -9.183304 13.016736 -0.487872
v -9.061331 12.865198 -0.512135
v -8.970696 12.692312 -0.530164
v -8.914885 12.504719 -0.541265
v -8.896039 12.309628 -0.545013
v -8.914885 12.114538 -0.541265
v -8.970696 11.926946 -0.530164
v -9.061331 11.754058 -0.512135
v -9.183304 11.602522 -0.487872
v -9.331929 11.478159 -0.458309
v -9.501493 11.385750 -0.424581
v -9.685482 11.328844 -0.387983
v -9.681734 13.290414 -0.349924
v -9.494141 13.233507 -0.349924
v -9.321254 13.141098 -0.349924
v -9.169717 13.016736 -0.349924
v -9.045355 12.865198 -0.349924
v -8.952945 12.692312 -0.349924
v -8.896039 12.504719 -0.349924
v -8.876824 12.309628 -0.349924
v -8.896039 12.114538 -0.349924
v -8.952945 11.926946 -0.349924
v -9.045355 11.754058 -0.349924
v -9.169717 11.602522 -0.349924
v -9.321254 11.478159 -0.349924
v -9.494141 11.385750 -0.349924
v -9.681734 11.328844 -0.349924
v -9.685482 13.290414 -0.311863
v -9.501493 13.233507 -0.275265
v -9.331929 13.141098 -0.241537
v -9.183304 13.016736 -0.211973
v -9.061331 12.865198 -0.187711
v -8.970696 12.692312 -0.169683
v -8.914885 12.504719 -0.158581
v -8.896039 12.309628 -0.154833
v -8.914885 12.114538 -0.158581
v -8.970696 11.926946 -0.169683
v -9.061331 11.754058 -0.187711
v -9.183304 11.602522 -0.211973
v -9.331929 11.478159 -0.241537
v -9.501493 11.385750 -0.275265
v -9.685482 11.328844 -0.311863
v -9.696584 13.290414 -0.275265
v -9.523271 13.233507 -0.203476
v -9.363544 13.141098 -0.137316
v -9.223542 13.016736 -0.079325
v -9.108646 12.865198 -0.031734
v -9.023271 12.692312 0.003630
v -8.970696 12.504719 0.025407
v -8.952945 12.309628 0.032760
v -8.970696 12.114538 0.025407
v -9.023271 11.926946 0.003630
v -9.108646 11.754058 -0.031734
v -9.223542 11.602522 -0.079325
v -9.363544 11.478159 -0.137316
v -9.523271 11.385750 -0.203476
v -9.696584 11.328844 -0.275265
v -9.714613 13.290414 -0.241537
v -9.558635 13.233507 -0.137316
v -9.414885 13.141098 -0.041265
v -9.288887 13.016736 0.042925
v -9.185483 12.865198 0.112016
v -9.108646 12.692312 0.163357
v -9.061331 12.504719 0.194971
v -9.045355 12.309628 0.205647
v -9.061331 12.114538 0.194971
v -9.108646 11.926946 0.163357
v -9.185483 11.754058 0.112016
v -9.288887 11.602522 0.042925
v -9.414885 11.478159 -0.041265
v -9.558635 11.385750 -0.137316
v -9.714613 11.328844 -0.241537
v -9.738874 13.290414 -0.211973
v -9.606226 13.233507 -0.079325
v -9.483976 13.141098 0.042925
v -9.376823 13.016736 0.150076
v -9.288887 12.865198 0.238015
v -9.223542 12.692312 0.303358
v -9.183304 12.504719 0.343597
v -9.169718 12.309628 0.357183
v -9.183304 12.114538 0.343597
v -9.223542 11.926946 0.303358
v -9.288887 11.754058 0.238015
v -9.376823 11.602522 0.150076
v -9.483976 11.478159 0.042925
v -9.606226 11.385750 -0.079325
v -9.738874 11.328844 -0.211973
v -9.768437 13.290414 -0.187711
v -9.664216 13.233507 -0.031734
v -9.568166 13.141098 0.112016
v -9.483976 13.016736 0.238015
v -9.414885 12.865198 0.341418
v -9.363544 12.692312 0.418254
v -9.331929 12.504719 0.465569
v -9.321254 12.309628 0.481545
v -9.331929 12.114538 0.465569
v -9.363544 11.926946 0.418254
v -9.414885 11.754058 0.341418
v -9.483976 11.602522 0.238015
v -9.568166 11.478159 0.112016
v -9.664216 11.385750 -0.031734
v -9.768437 11.328844 -0.187711
v -9.802166 13.290414 -0.169683
v -9.730377 13.233507 0.003630
v -9.664216 13.141098 0.163357
v -9.606226 13.016736 0.303358
v -9.558635 12.865198 0.418254
v -9.523271 12.692312 0.503630
v -9.501494 12.504719 0.556204
v -9.494141 12.309628 0.573956
v -9.501494 12.114538 0.556204
v -9.523271 11.926946 0.503630
v -9.558635 11.754058 0.418254
v -9.606226 11.602522 0.303358
v -9.664216 11.478159 0.163357
v -9.730377 11.385750 0.003630
v -9.802166 11.328844 -0.169683
v -9.838764 13.290414 -0.158581
v -9.802166 13.233507 0.025407
v -9.768437 13.141098 0.194971
v -9.738874 13.016736 0.343597
v -9.714613 12.865198 0.465569
v -9.696584 12.692312 0.556204
v -9.685482 12.504719 0.612017
v -9.681734 12.309628 0.630862
v -9.685482 12.114538 0.612017
v -9.696584 11.926946 0.556204
v -9.714613 11.754058 0.465569
v -9.738874 11.602522 0.343597
v -9.768437 11.478159 0.194971
v -9.802166 11.385750 0.025407
v -9.838764 11.328844 -0.158581
v -9.876823 13.290414 -0.154833
v -9.876823 13.233507 0.032760
v -9.876823 13.141098 0.205647
v -9.876823 13.016736 0.357183
v -9.876823 12.865198 0.481545
v -9.876823 12.692312 0.573956
v -9.876823 12.504719 0.630862
v -9.876823 12.309628 0.650077
v -9.876823 12.114538 0.630862
v -9.876823 11.926946 0.573956
v -9.876823 11.754058 0.481545
v -9.876823 11.602522 0.357183
v -9.876823 11.478159 0.205647
v -9.876823 11.385750 0.032760
v -9.876823 11.328844 -0.154833
v -9.914885 13.290414 -0.158581
v -9.951482 13.233507 0.025407
v -9.985210 13.141098 0.194971
v -10.014774 13.016736 0.343597
v -10.039036 12.865198 0.465569
v -10.057064 12.692312 0.556204
v -10.068166 12.504719 0.612017
v -10.071915 12.309628 0.630862
v -10.068166 12.114538 0.612017
v -10.057064 11.926946 0.556204
v -10.039036 11.754058 0.465569
v -10.014774 11.602522 0.343597
v -9.985210 11.478159 0.194971
v -9.951482 11.385750 0.025407
v -9.914885 11.328844 -0.158581
v -9.951482 13.290414 -0.169683
v -10.023271 13.233507 0.003630
v -10.089432 13.141098 0.163357
v -10.147422 13.016736 0.303358
v -10.195013 12.865198 0.418254
v -10.230377 12.692312 0.503630
v -10.252154 12.504719 0.556204
v -10.259507 12.309628 0.573956
v -10.252154 12.114538 0.556204
v -10.230377 11.926946 0.503630
v -10.195013 11.754058 0.418254
v -10.147422 11.602522 0.303358
v -10.089432 11.478159 0.163357
v -10.023271 11.385750 0.003630
v -9.951482 11.328844 -0.169683
v -9.985210 13.290414 -0.187712
v -10.089432 13.233507 -0.031734
v -10.185482 13.141098 0.112016
v -10.269670 13.016736 0.238015
v -10.338763 12.865198 0.341418
v -10.390103 12.692312 0.418254
v -10.421719 12.504719 0.465569
v -10.432394 12.309628 0.481545
v -10.421719 12.114538 0.465569
v -10.390103 11.926946 0.418254
v -10.338763 11.754058 0.341418
v -10.269670 11.602522 0.238015
v -10.185482 11.478159 0.112016
v -10.089432 11.385750 -0.031734
v -9.985210 11.328844 -0.187712
v -10.014774 13.290414 -0.211973
v -10.147422 13.233507 -0.079325
v -10.269670 13.141098 0.042923
v -10.376824 13.016736 0.150076
v -10.464762 12.865198 0.238014
v -10.530105 12.692312 0.303358
v -10.570344 12.504719 0.343596
v -10.583930 12.309628 0.357183
v -10.570344 12.114538 0.343596
v -10.530105 11.926946 0.303358
v -10.464762 11.754058 0.238014
v -10.376824 11.602522 0.150076
v -10.269670 11.478159 0.042923
v -10.147422 11.385750 -0.079325
v -10.014774 11.328844 -0.211973
v -10.039036 13.290414 -0.241537
v -10.195013 13.233507 -0.137317
v -10.338763 13.141098 -0.041265
v -10.464762 13.016736 0.042925
v -10.568165 12.865198 0.112016
v -10.645001 12.692312 0.163357
v -10.692317 12.504719 0.194971
v -10.708293 12.309628 0.205646
v -10.692317 12.114538 0.194971
v -10.645001 11.926946 0.163357
v -10.568165 11.754058 0.112016
v -10.464762 11.602522 0.042925
v -10.338763 11.478159 -0.041265
v -10.195013 11.385750 -0.137317
v -10.039036 11.328844 -0.241537
v -10.057064 13.290414 -0.275265
v -10.230377 13.233507 -0.203476
v -10.390103 13.141098 -0.137317
v -10.530106 13.016736 -0.079325
v -10.645001 12.865198 -0.031734
v -10.730377 12.692312 0.003630
v -10.782951 12.504719 0.025407
v -10.800703 12.309628 0.032760
v -10.782951 12.114538 0.025407
v -10.730377 11.926946 0.003630
v -10.645001 11.754058 -0.031734
v -10.530106 11.602522 -0.079325
v -10.390103 11.478159 -0.137317
v -10.230377 11.385750 -0.203476
v -10.057064 11.328844 -0.275265
v -10.068166 13.290414 -0.311863
v -10.252154 13.233507 -0.275265
v -10.421719 13.141098 -0.241537
v -10.570344 13.016736 -0.211973
v -10.692317 12.865198 -0.187712
v -10.782951 12.692312 -0.169683
v -10.838763 12.504719 -0.158583
v -10.857609 12.309628 -0.154833
v -10.838763 12.114538 -0.158583
v -10.782951 11.926946 -0.169683
v -10.692317 11.754058 -0.187712
v -10.570344 11.602522 -0.211973
v -10.421719 11.478159 -0.241537
v -10.252154 11.385750 -0.275265
v -10.068166 11.328844 -0.311863
v -10.071915 13.290414 -0.349924
v -10.259507 13.233507 -0.349924
v -10.432394 13.141098 -0.349924
v -10.583931 13.016736 -0.349924
v -10.708293 12.865198 -0.349924
v -10.800703 12.692312 -0.349924
v -10.857609 12.504719 -0.349924
v -10.876823 12.309628 -0.349924
v -10.857609 12.114538 -0.349924
v -10.800703 11.926946 -0.349924
v -10.708293 11.754058 -0.349924
v -10.583931 11.602522 -0.349924
v -10.432394 11.478159 -0.349924
v -10.259507 11.385750 -0.349924
v -10.071915 11.328844 -0.349924
v -10.068166 13.290414 -0.387983
v -10.252154 13.233507 -0.424581
v -10.421719 13.141098 -0.458309
v -10.570344 13.016736 -0.487872
v -10.692316 12.865198 -0.512135
v -10.782951 12.692312 -0.530164
v -10.838762 12.504719 -0.541265
v -10.857609 12.309628 -0.545013
v -10.838762 12.114538 -0.541265
v -10.782951 11.926946 -0.530164
v -10.692316 11.754058 -0.512135
v -10.570344 11.602522 -0.487872
v -10.421719 11.478159 -0.458309
v -10.252154 11.385750 -0.424581
v -10.068166 11.328844 -0.387983
v -10.057063 13.290414 -0.424581
v -10.230377 13.233507 -0.496369
v -10.390103 13.141098 -0.562531
v -10.530105 13.016736 -0.620521
v -10.645001 12.865198 -0.668114
v -10.730377 12.692312 -0.703476
v -10.782950 12.504719 -0.725254
v -10.800703 12.309628 -0.732607
v -10.782950 12.114538 -0.725254
v -10.730377 11.926946 -0.703476
v -10.645001 11.754058 -0.668114
v -10.530105 11.602522 -0.620521
v -10.390103 11.478159 -0.562531
v -10.230377 11.385750 -0.496369
v -10.057063 11.328844 -0.424581
v -10.039036 13.290414 -0.458309
v -10.195013 13.233507 -0.562531
v -10.338763 13.141098 -0.658581
v -10.464762 13.016736 -0.742771
v -10.568165 12.865198 -0.811863
v -10.645001 12.692312 -0.863203
v -10.692316 12.504719 -0.894818
v -10.708292 12.309628 -0.905493
v -10.692316 12.114538 -0.894818
v -10.645001 11.926946 -0.863203
v -10.568165 11.754058 -0.811863
v -10.464762 11.602522 -0.742771
v -10.338763 11.478159 -0.658581
v -10.195013 11.385750 -0.562531
v -10.039036 11.328844 -0.458309
v -10.014773 13.290414 -0.487872
v -10.147422 13.233507 -0.620521
v -10.269670 13.141098 -0.742771
v -10.376823 13.016736 -0.849923
v -10.464762 12.865198 -0.937860
v -10.530105 12.692312 -1.003205
v -10.570343 12.504719 -1.043443
v -10.583929 12.309628 -1.057030
v -10.570343 12.114538 -1.043443
v -10.530105 11.926946 -1.003205
v -10.464762 11.754058 -0.937860
v -10.376823 11.602522 -0.849923
v -10.269670 11.478159 -0.742771
v -10.147422 11.385750 -0.620521
v -10.014773 11.328844 -0.487872
v -9.985210 13.290414 -0.512135
v -10.089432 13.233507 -0.668112
v -10.185482 13.141098 -0.811863
v -10.269670 13.016736 -0.937860
v -10.338763 12.865198 -1.041265
v -10.390103 12.692312 -1.118101
v -10.421719 12.504719 -1.165417
v -10.432393 12.309628 -1.181393
v -10.421719 12.114538 -1.165417
v -10.390103 11.926946 -1.118101
v -10.338763 11.754058 -1.041265
v -10.269670 11.602522 -0.937860
v -10.185482 11.478159 -0.811863
v -10.089432 11.385750 -0.668112
v -9.985210 11.328844 -0.512135
v -9.951482 13.290414 -0.530164
v -10.023271 13.233507 -0.703476
v -10.089431 13.141098 -0.863203
v -10.147422 13.016736 -1.003205
v -10.195013 12.865198 -1.118101
v -10.230377 12.692312 -1.203477
v -10.252153 12.504719 -1.256051
v -10.259506 12.309628 -1.273802
v -10.252153 12.114538 -1.256051
v -10.230377 11.926946 -1.203477
v -10.195013 11.754058 -1.118101
v -10.147422 11.602522 -1.003205
v -10.089431 11.478159 -0.863203
v -10.023271 11.385750 -0.703476
v -9.951482 11.328844 -0.530164
v -9.914885 13.290414 -0.541265
v -9.951482 13.233507 -0.725254
v -9.985210 13.141098 -0.894818
v -10.014773 13.016736 -1.043443
v -10.039036 12.865198 -1.165417
v -10.057064 12.692312 -1.256051
v -10.068166 12.504719 -1.311863
v -10.071914 12.309628 -1.330708
v -10.068166 12.114538 -1.311863
v -10.057064 11.926946 -1.256051
v -10.039036 11.754058 -1.165417
v -10.014773 11.602522 -1.043443
v -9.985210 11.478159 -0.894818
v -9.951482 11.385750 -0.725254
v -9.914885 11.328844 -0.541265
v -9.876823 13.290414 -0.545012
v -9.876823 13.233507 -0.732607
v -9.876823 13.016736 -1.057030
v -9.876823 12.692312 -1.273802
v -9.876823 11.926946 -1.273802
v -9.876823 11.602522 -1.057030
v -9.876823 11.478159 -0.905493
v -9.876823 11.385750 -0.732607
v -9.876823 11.328844 -0.545012
v -9.876425 13.312546 3.554604
v -9.876425 13.144016 2.999035
v -9.876425 12.868116 2.723135
v -9.876425 12.507637 2.573818
v -9.876425 12.312547 2.554604
v -9.876425 12.117456 2.573818
v -9.876425 11.756976 2.723135
v -9.876425 11.312547 3.554604
v -9.838366 13.293332 3.363262
v -9.801767 13.236425 3.179274
v -9.768039 13.144016 3.009710
v -9.738476 13.019653 2.861084
v -9.714213 12.868116 2.739111
v -9.696185 12.695230 2.648478
v -9.685083 12.507637 2.592665
v -9.681335 12.312547 2.573818
v -9.685083 12.117456 2.592665
v -9.696185 11.929863 2.648478
v -9.714213 11.756976 2.739111
v -9.738476 11.605440 2.861084
v -9.768039 11.481077 3.009710
v -9.801767 11.388667 3.179274
v -9.838366 11.331761 3.363262
v -9.801767 13.293332 3.374365
v -9.729979 13.236425 3.201050
v -9.663817 13.144016 3.041325
v -9.605827 13.019653 2.901323
v -9.558235 12.868116 2.786427
v -9.522872 12.695230 2.701052
v -9.501095 12.507637 2.648478
v -9.493742 12.312547 2.630724
v -9.501095 12.117456 2.648478
v -9.522872 11.929863 2.701052
v -9.558235 11.756976 2.786427
v -9.605827 11.605440 2.901323
v -9.663817 11.481077 3.041325
v -9.729979 11.388667 3.201050
v -9.801767 11.331761 3.374365
v -9.768039 13.293332 3.392393
v -9.663817 13.236425 3.236414
v -9.567767 13.144016 3.092665
v -9.483578 13.019653 2.966667
v -9.414486 12.868116 2.863262
v -9.363145 12.695230 2.786427
v -9.331530 12.507637 2.739111
v -9.320855 12.312547 2.723135
v -9.331530 12.117456 2.739111
v -9.363145 11.929863 2.786427
v -9.414486 11.756976 2.863262
v -9.483578 11.605440 2.966667
v -9.567767 11.481077 3.092665
v -9.663817 11.388667 3.236414
v -9.768039 11.331761 3.392393
v -9.738476 13.293332 3.416655
v -9.605827 13.236425 3.284006
v -9.483578 13.144016 3.161758
v -9.376425 13.019653 3.054605
v -9.288487 12.868116 2.966667
v -9.223144 12.695230 2.901323
v -9.182905 12.507637 2.861084
v -9.169318 12.312547 2.847498
v -9.182905 12.117456 2.861084
v -9.223144 11.929863 2.901323
v -9.288487 11.756976 2.966667
v -9.376425 11.605440 3.054605
v -9.483578 11.481077 3.161758
v -9.605827 11.388667 3.284006
v -9.738476 11.331761 3.416655
v -9.714213 13.293332 3.446217
v -9.558235 13.236425 3.341997
v -9.414486 13.144016 3.245945
v -9.288487 13.019653 3.161758
v -9.185083 12.868116 3.092665
v -9.108248 12.695230 3.041325
v -9.060932 12.507637 3.009710
v -9.044955 12.312547 2.999035
v -9.060932 12.117456 3.009710
v -9.108248 11.929863 3.041325
v -9.185083 11.756976 3.092665
v -9.288487 11.605440 3.161758
v -9.414486 11.481077 3.245945
v -9.558235 11.388667 3.341997
v -9.714213 11.331761 3.446217
v -9.696185 13.293332 3.479946
v -9.522872 13.236425 3.408157
v -9.363145 13.144016 3.341997
v -9.223144 13.019653 3.284006
v -9.108248 12.868116 3.236414
v -9.022872 12.695230 3.201050
v -8.970298 12.507637 3.179274
v -8.952545 12.312547 3.171921
v -8.970298 12.117456 3.179274
v -9.022872 11.929863 3.201050
v -9.108248 11.756976 3.236414
v -9.223144 11.605440 3.284006
v -9.363145 11.481077 3.341997
v -9.522872 11.388667 3.408157
v -9.696185 11.331761 3.479946
v -9.685083 13.293332 3.516544
v -9.501095 13.236425 3.479946
v -9.331530 13.144016 3.446217
v -9.182905 13.019653 3.416655
v -9.060932 12.868116 3.392393
v -8.970298 12.695230 3.374365
v -8.914486 12.507637 3.363264
v -8.895639 12.312547 3.359514
v -8.914486 12.117456 3.363264
v -8.970298 11.929863 3.374365
v -9.060932 11.756976 3.392393
v -9.182905 11.605440 3.416655
v -9.331530 11.481077 3.446217
v -9.501095 11.388667 3.479946
v -9.685083 11.331761 3.516544
v -9.681335 13.293332 3.554604
v -9.493742 13.236425 3.554604
v -9.320855 13.144016 3.554604
v -9.169318 13.019653 3.554604
v -9.044956 12.868116 3.554604
v -8.952545 12.695230 3.554604
v -8.895639 12.507637 3.554604
v -8.876425 12.312547 3.554604
v -8.895639 12.117456 3.554604
v -8.952545 11.929863 3.554604
v -9.044956 11.756976 3.554604
v -9.169318 11.605440 3.554604
v -9.320855 11.481077 3.554604
v -9.493742 11.388667 3.554604
v -9.681335 11.331761 3.554604
v -9.685083 13.293332 3.592665
v -9.501095 13.236425 3.629263
v -9.331530 13.144016 3.662991
v -9.182905 13.019653 3.692554
v -9.060932 12.868116 3.716816
v -8.970298 12.695230 3.734844
v -8.914486 12.507637 3.745947
v -8.895640 12.312547 3.749695
v -8.914486 12.117456 3.745947
v -8.970298 11.929863 3.734844
v -9.060932 11.756976 3.716816
v -9.182905 11.605440 3.692554
v -9.331530 11.481077 3.662991
v -9.501095 11.388667 3.629263
v -9.685083 11.331761 3.592665
v -9.696185 13.293332 3.629263
v -9.522872 13.236425 3.701052
v -9.363146 13.144016 3.767212
v -9.223144 13.019653 3.825203
v -9.108248 12.868116 3.872795
v -9.022872 12.695230 3.908157
v -8.970298 12.507637 3.929935
v -8.952546 12.312547 3.937288
v -8.970298 12.117456 3.929935
v -9.022872 11.929863 3.908157
v -9.108248 11.756976 3.872795
v -9.223144 11.605440 3.825203
v -9.363146 11.481077 3.767212
v -9.522872 11.388667 3.701052
v -9.696185 11.331761 3.629263
v -9.714213 13.293332 3.662991
v -9.558235 13.236425 3.767212
v -9.414486 13.144016 3.863262
v -9.288487 13.019653 3.947453
v -9.185083 12.868116 4.016544
v -9.108248 12.695230 4.067884
v -9.060932 12.507637 4.099499
v -9.044956 12.312547 4.110176
v -9.060932 12.117456 4.099499
v -9.108248 11.929863 4.067884
v -9.185083 11.756976 4.016544
v -9.288487 11.605440 3.947453
v -9.414486 11.481077 3.863262
v -9.558235 11.388667 3.767212
v -9.714213 11.331761 3.662991
v -9.738476 13.293332 3.692554
v -9.605827 13.236425 3.825203
v -9.483578 13.144016 3.947453
v -9.376425 13.019653 4.054604
v -9.288487 12.868116 4.142542
v -9.223144 12.695230 4.207886
v -9.182905 12.507637 4.248125
v -9.169319 12.312547 4.261711
v -9.182905 12.117456 4.248125
v -9.223144 11.929863 4.207886
v -9.288487 11.756976 4.142542
v -9.376425 11.605440 4.054604
v -9.483578 11.481077 3.947453
v -9.605827 11.388667 3.825203
v -9.738476 11.331761 3.692554
v -9.768039 13.293332 3.716816
v -9.663818 13.236425 3.872795
v -9.567767 13.144016 4.016544
v -9.483578 13.019653 4.142542
v -9.414486 12.868116 4.245947
v -9.363145 12.695230 4.322783
v -9.331530 12.507637 4.370098
v -9.320856 12.312547 4.386074
v -9.331530 12.117456 4.370098
v -9.363145 11.929863 4.322783
v -9.414486 11.756976 4.245947
v -9.483578 11.605440 4.142542
v -9.567767 11.481077 4.016544
v -9.663818 11.388667 3.872795
v -9.768039 11.331761 3.716816
v -9.801767 13.293332 3.734844
v -9.729979 13.236425 3.908157
v -9.663818 13.144016 4.067884
v -9.605827 13.019653 4.207886
v -9.558235 12.868116 4.322783
v -9.522872 12.695230 4.408157
v -9.501095 12.507637 4.460732
v -9.493742 12.312547 4.478483
v -9.501095 12.117456 4.460732
v -9.522872 11.929863 4.408157
v -9.558235 11.756976 4.322783
v -9.605827 11.605440 4.207886
v -9.663818 11.481077 4.067884
v -9.729979 11.388667 3.908157
v -9.801767 11.331761 3.734844
v -9.838366 13.293332 3.745945
v -9.801767 13.236425 3.929935
v -9.768039 13.144016 4.099499
v -9.738476 13.019653 4.248125
v -9.714214 12.868116 4.370098
v -9.696185 12.695230 4.460732
v -9.685083 12.507637 4.516544
v -9.681335 12.312547 4.535389
v -9.685083 12.117456 4.516544
v -9.696185 11.929863 4.460732
v -9.714214 11.756976 4.370098
v -9.738476 11.605440 4.248125
v -9.768039 11.481077 4.099499
v -9.801767 11.388667 3.929935
v -9.838366 11.331761 3.745945
v -9.876425 13.293332 3.749695
v -9.876425 13.236425 3.937288
v -9.876425 13.144016 4.110176
v -9.876425 13.019653 4.261711
v -9.876425 12.868116 4.386074
v -9.876425 12.695230 4.478483
v -9.876425 12.507637 4.535389
v -9.876426 12.312547 4.554604
v -9.876425 12.117456 4.535389
v -9.876425 11.929863 4.478483
v -9.876425 11.756976 4.386074
v -9.876425 11.605440 4.261711
v -9.876425 11.481077 4.110176
v -9.876425 11.388667 3.937288
v -9.876425 11.331761 3.749695
v -9.914486 13.293332 3.745945
v -9.951083 13.236425 3.929935
v -9.984812 13.144016 4.099499
v -10.014375 13.019653 4.248123
v -10.038637 12.868116 4.370098
v -10.056665 12.695230 4.460732
v -10.067766 12.507637 4.516544
v -10.071516 12.312547 4.535389
v -10.067766 12.117456 4.516544
v -10.056665 11.929863 4.460732
v -10.038637 11.756976 4.370098
v -10.014375 11.605440 4.248123
v -9.984812 11.481077 4.099499
v -9.951083 11.388667 3.929935
v -9.914486 11.331761 3.745945
v -9.951082 13.293332 3.734844
v -10.022871 13.236425 3.908157
v -10.089033 13.144016 4.067883
v -10.147023 13.019653 4.207886
v -10.194614 12.868116 4.322783
v -10.229979 12.695230 4.408157
v -10.251755 12.507637 4.460732
v -10.259109 12.312547 4.478483
v -10.251755 12.117456 4.460732
v -10.229979 11.929863 4.408157
v -10.194614 11.756976 4.322783
v -10.147023 11.605440 4.207886
v -10.089033 11.481077 4.067883
v -10.022871 11.388667 3.908157
v -9.951082 11.331761 3.734844
v -9.984812 13.293332 3.716816
v -10.089033 13.236425 3.872795
v -10.185083 13.144016 4.016544
v -10.269273 13.019653 4.142542
v -10.338365 12.868116 4.245947
v -10.389705 12.695230 4.322783
v -10.421320 12.507637 4.370098
v -10.431995 12.312547 4.386074
v -10.421320 12.117456 4.370098
v -10.389705 11.929863 4.322783
v -10.338365 11.756976 4.245947
v -10.269273 11.605440 4.142542
v -10.185083 11.481077 4.016544
v -10.089033 11.388667 3.872795
v -9.984812 11.331761 3.716816
v -10.014375 13.293332 3.692554
v -10.147023 13.236425 3.825203
v -10.269273 13.144016 3.947453
v -10.376425 13.019653 4.054604
v -10.464363 12.868116 4.142542
v -10.529707 12.695230 4.207886
v -10.569944 12.507637 4.248123
v -10.583531 12.312547 4.261711
v -10.569944 12.117456 4.248123
v -10.529707 11.929863 4.207886
v -10.464363 11.756976 4.142542
v -10.376425 11.605440 4.054604
v -10.269273 11.481077 3.947453
v -10.147023 11.388667 3.825203
v -10.014375 11.331761 3.692554
v -10.038637 13.293332 3.662991
v -10.194614 13.236425 3.767212
v -10.338365 13.144016 3.863262
v -10.464363 13.019653 3.947453
v -10.567766 12.868116 4.016544
v -10.644603 12.695230 4.067884
v -10.691917 12.507637 4.099499
v -10.707894 12.312547 4.110174
v -10.691917 12.117456 4.099499
v -10.644603 11.929863 4.067884
v -10.567766 11.756976 4.016544
v -10.464363 11.605440 3.947453
v -10.338365 11.481077 3.863262
v -10.194614 11.388667 3.767212
v -10.038637 11.331761 3.662991
v -10.056665 13.293332 3.629263
v -10.229979 13.236425 3.701052
v -10.389705 13.144016 3.767212
v -10.529707 13.019653 3.825203
v -10.644603 12.868116 3.872793
v -10.729979 12.695230 3.908157
v -10.782553 12.507637 3.929935
v -10.800304 12.312547 3.937288
v -10.782553 12.117456 3.929935
v -10.729979 11.929863 3.908157
v -10.644603 11.756976 3.872793
v -10.529707 11.605440 3.825203
v -10.389705 11.481077 3.767212
v -10.229979 11.388667 3.701052
v -10.056665 11.331761 3.629263
v -10.067766 13.293332 3.592665
v -10.251755 13.236425 3.629263
v -10.421320 13.144016 3.662991
v -10.569944 13.019653 3.692554
v -10.691917 12.868116 3.716816
v -10.782553 12.695230 3.734844
v -10.838365 12.507637 3.745945
v -10.857210 12.312547 3.749695
v -10.838365 12.117456 3.745945
v -10.782553 11.929863 3.734844
v -10.691917 11.756976 3.716816
v -10.569944 11.605440 3.692554
v -10.421320 11.481077 3.662991
v -10.251755 11.388667 3.629263
v -10.067766 11.331761 3.592665
v -10.071516 13.293332 3.554604
v -10.259109 13.236425 3.554604
v -10.431995 13.144016 3.554604
v -10.583531 13.019653 3.554604
v -10.707894 12.868116 3.554604
v -10.800304 12.695230 3.554604
v -10.857210 12.507637 3.554604
v -10.876425 12.312547 3.554604
v -10.857210 12.117456 3.554604
v -10.800304 11.929863 3.554604
v -10.707894 11.756976 3.554604
v -10.583531 11.605440 3.554604
v -10.431995 11.481077 3.554604
v -10.259109 11.388667 3.554604
v -10.071516 11.331761 3.554604
v -10.067766 13.293332 3.516544
v -10.251755 13.236425 3.479946
v -10.421320 13.144016 3.446217
v -10.569944 13.019653 3.416655
v -10.691917 12.868116 3.392393
v -10.782553 12.695230 3.374365
v -10.838365 12.507637 3.363262
v -10.857209 12.312547 3.359514
v -10.838365 12.117456 3.363262
v -10.782553 11.929863 3.374365
v -10.691917 11.756976 3.392393
v -10.569944 11.605440 3.416655
v -10.421320 11.481077 3.446217
v -10.251755 11.388667 3.479946
v -10.067766 11.331761 3.516544
v -10.056665 13.293332 3.479946
v -10.229979 13.236425 3.408157
v -10.389705 13.144016 3.341997
v -10.529707 13.019653 3.284006
v -10.644602 12.868116 3.236414
v -10.729979 12.695230 3.201050
v -10.782553 12.507637 3.179274
v -10.800303 12.312547 3.171921
v -10.782553 12.117456 3.179274
v -10.729979 11.929863 3.201050
v -10.644602 11.756976 3.236414
v -10.529707 11.605440 3.284006
v -10.389705 11.481077 3.341997
v -10.229979 11.388667 3.408157
v -10.056665 11.331761 3.479946
v -10.038637 13.293332 3.446217
v -10.194614 13.236425 3.341997
v -10.338365 13.144016 3.245945
v -10.464363 13.019653 3.161758
v -10.567766 12.868116 3.092665
v -10.644603 12.695230 3.041325
v -10.691917 12.507637 3.009710
v -10.707893 12.312547 2.999035
v -10.691917 12.117456 3.009710
v -10.644603 11.929863 3.041325
v -10.567766 11.756976 3.092665
v -10.464363 11.605440 3.161758
v -10.338365 11.481077 3.245945
v -10.194614 11.388667 3.341997
v -10.038637 11.331761 3.446217
v -10.014375 13.293332 3.416655
v -10.147023 13.236425 3.284006
v -10.269272 13.144016 3.161758
v -10.376425 13.019653 3.054605
v -10.464363 12.868116 2.966667
v -10.529707 12.695230 2.901323
v -10.569944 12.507637 2.861086
v -10.583530 12.312547 2.847498
v -10.569944 12.117456 2.861086
v -10.529707 11.929863 2.901323
v -10.464363 11.756976 2.966667
v -10.376425 11.605440 3.054605
v -10.269272 11.481077 3.161758
v -10.147023 11.388667 3.284006
v -10.014375 11.331761 3.416655
v -9.984812 13.293332 3.392393
v -10.089032 13.236425 3.236414
v -10.185083 13.144016 3.092665
v -10.269273 13.019653 2.966667
v -10.338365 12.868116 2.863262
v -10.389705 12.695230 2.786427
v -10.421320 12.507637 2.739111
v -10.431994 12.312547 2.723135
v -10.421320 12.117456 2.739111
v -10.389705 11.929863 2.786427
v -10.338365 11.756976 2.863262
v -10.269273 11.605440 2.966667
v -10.185083 11.481077 3.092665
v -10.089032 11.388667 3.236414
v -9.984812 11.331761 3.392393
v -9.951082 13.293332 3.374365
v -10.022871 13.236425 3.201050
v -10.089032 13.144016 3.041325
v -10.147023 13.019653 2.901323
v -10.194614 12.868116 2.786427
v -10.229979 12.695230 2.701052
v -10.251755 12.507637 2.648478
v -10.259108 12.312547 2.630726
v -10.251755 12.117456 2.648478
v -10.229979 11.929863 2.701052
v -10.194614 11.756976 2.786427
v -10.147023 11.605440 2.901323
v -10.089032 11.481077 3.041325
v -10.022871 11.388667 3.201050
v -9.951082 11.331761 3.374365
v -9.914486 13.293332 3.363264
v -9.951082 13.236425 3.179274
v -9.984811 13.144016 3.009710
v -10.014375 13.019653 2.861086
v -10.038637 12.868116 2.739111
v -10.056665 12.695230 2.648478
v -10.067766 12.507637 2.592666
v -10.071514 12.312547 2.573820
v -10.067766 12.117456 2.592666
v -10.056665 11.929863 2.648478
v -10.038637 11.756976 2.739111
v -10.014375 11.605440 2.861086
v -9.984811 11.481077 3.009710
v -9.951082 11.388667 3.179274
v -9.914486 11.331761 3.363264
v -9.876425 13.293332 3.359514
v -9.876425 13.236425 3.171921
v -9.876425 13.019653 2.847498
v -9.876425 12.695230 2.630726
v -9.876425 11.929863 2.630726
v -9.876425 11.605440 2.847498
v -9.876425 11.481077 2.999035
v -9.876425 11.388667 3.171921
v -9.876425 11.331761 3.359514
v -9.876425 13.312546 14.293308
v -9.876425 13.144016 13.737738
v -9.876425 12.868116 13.461838
v -9.876425 12.507637 13.312523
v -9.876425 12.312547 13.293308
v -9.876425 12.117456 13.312523
v -9.876425 11.756976 13.461838
v -9.876425 11.312547 14.293308
v -9.838366 13.293332 14.101967
v -9.801767 13.236425 13.917980
v -9.768039 13.144016 13.748413
v -9.738476 13.019653 13.599789
v -9.714213 12.868116 13.477814
v -9.696185 12.695230 13.387182
v -9.685083 12.507637 13.331369
v -9.681335 12.312547 13.312523
v -9.685083 12.117456 13.331369
v -9.696185 11.929863 13.387182
v -9.714213 11.756976 13.477814
v -9.738476 11.605440 13.599789
v -9.768039 11.481077 13.748413
v -9.801767 11.388667 13.917980
v -9.838366 11.331761 14.101967
v -9.801767 13.293332 14.113070
v -9.729979 13.236425 13.939754
v -9.663817 13.144016 13.780029
v -9.605827 13.019653 13.640028
v -9.558235 12.868116 13.525129
v -9.522872 12.695230 13.439754
v -9.501095 12.507637 13.387182
v -9.493742 12.312547 13.369431
v -9.501095 12.117456 13.387182
v -9.522872 11.929863 13.439754
v -9.558235 11.756976 13.525129
v -9.605827 11.605440 13.640028
v -9.663817 11.481077 13.780029
v -9.729979 11.388667 13.939754
v -9.801767 11.331761 14.113070
v -9.768039 13.293332 14.131096
v -9.663817 13.236425 13.975121
v -9.567767 13.144016 13.831367
v -9.483578 13.019653 13.705372
v -9.414486 12.868116 13.601967
v -9.363145 12.695230 13.525129
v -9.331530 12.507637 13.477814
v -9.320855 12.312547 13.461838
v -9.331530 12.117456 13.477814
v -9.363145 11.929863 13.525129
v -9.414486 11.756976 13.601967
v -9.483578 11.605440 13.705372
v -9.567767 11.481077 13.831367
v -9.663817 11.388667 13.975121
v -9.768039 11.331761 14.131096
v -9.738476 13.293332 14.155357
v -9.605827 13.236425 14.022709
v -9.483578 13.144016 13.900461
v -9.376425 13.019653 13.793308
v -9.288487 12.868116 13.705372
v -9.223144 12.695230 13.640028
v -9.182905 12.507637 13.599789
v -9.169318 12.312547 13.586201
v -9.182905 12.117456 13.599789
v -9.223144 11.929863 13.640028
v -9.288487 11.756976 13.705372
v -9.376425 11.605440 13.793308
v -9.483578 11.481077 13.900461
v -9.605827 11.388667 14.022709
v -9.738476 11.331761 14.155357
v -9.714213 13.293332 14.184921
v -9.558235 13.236425 14.080700
v -9.414486 13.144016 13.984650
v -9.288487 13.019653 13.900461
v -9.185083 12.868116 13.831367
v -9.108248 12.695230 13.780029
v -9.060932 12.507637 13.748413
v -9.044955 12.312547 13.737738
v -9.060932 12.117456 13.748413
v -9.108248 11.929863 13.780029
v -9.185083 11.756976 13.831367
v -9.288487 11.605440 13.900461
v -9.414486 11.481077 13.984650
v -9.558235 11.388667 14.080700
v -9.714213 11.331761 14.184921
v -9.696185 13.293332 14.218651
v -9.522872 13.236425 14.146862
v -9.363145 13.144016 14.080700
v -9.223144 13.019653 14.022709
v -9.108248 12.868116 13.975121
v -9.022872 12.695230 13.939754
v -8.970298 12.507637 13.917980
v -8.952545 12.312547 13.910625
v -8.970298 12.117456 13.917980
v -9.022872 11.929863 13.939754
v -9.108248 11.756976 13.975121
v -9.223144 11.605440 14.022709
v -9.363145 11.481077 14.080700
v -9.522872 11.388667 14.146862
v -9.696185 11.331761 14.218651
v -9.685083 13.293332 14.255249
v -9.501095 13.236425 14.218651
v -9.331530 13.144016 14.184921
v -9.182905 13.019653 14.155357
v -9.060932 12.868116 14.131096
v -8.970298 12.695230 14.113070
v -8.914486 12.507637 14.101967
v -8.895639 12.312547 14.098217
v -8.914486 12.117456 14.101967
v -8.970298 11.929863 14.113070
v -9.060932 11.756976 14.131096
v -9.182905 11.605440 14.155357
v -9.331530 11.481077 14.184921
v -9.501095 11.388667 14.218651
v -9.685083 11.331761 14.255249
v -9.681335 13.293332 14.293308
v -9.493742 13.236425 14.293308
v -9.320855 13.144016 14.293308
v -9.169318 13.019653 14.293308
v -9.044956 12.868116 14.293308
v -8.952545 12.695230 14.293308
v -8.895639 12.507637 14.293308
v -8.876425 12.312547 14.293308
v -8.895639 12.117456 14.293308
v -8.952545 11.929863 14.293308
v -9.044956 11.756976 14.293308
v -9.169318 11.605440 14.293308
v -9.320855 11.481077 14.293308
v -9.493742 11.388667 14.293308
v -9.681335 11.331761 14.293308
v -9.685083 13.293332 14.331367
v -9.501095 13.236425 14.367966
v -9.331530 13.144016 14.401695
v -9.182905 13.019653 14.431259
v -9.060932 12.868116 14.455521
v -8.970298 12.695230 14.473547
v -8.914486 12.507637 14.484650
v -8.895640 12.312547 14.488400
v -8.914486 12.117456 14.484650
v -8.970298 11.929863 14.473547
v -9.060932 11.756976 14.455521
v -9.182905 11.605440 14.431259
v -9.331530 11.481077 14.401695
v -9.501095 11.388667 14.367966
v -9.685083 11.331761 14.331367
v -9.696185 13.293332 14.367966
v -9.522872 13.236425 14.439754
v -9.363146 13.144016 14.505917
v -9.223144 13.019653 14.563908
v -9.108248 12.868116 14.611496
v -9.022872 12.695230 14.646862
v -8.970298 12.507637 14.668636
v -8.952546 12.312547 14.675993
v -8.970298 12.117456 14.668636
v -9.022872 11.929863 14.646862
v -9.108248 11.756976 14.611496
v -9.223144 11.605440 14.563908
v -9.363146 11.481077 14.505917
v -9.522872 11.388667 14.439754
v -9.696185 11.331761 14.367966
v -9.714213 13.293332 14.401695
v -9.558235 13.236425 14.505917
v -9.414486 13.144016 14.601967
v -9.288487 13.019653 14.686155
v -9.185083 12.868116 14.755249
v -9.108248 12.695230 14.806587
v -9.060932 12.507637 14.838203
v -9.044956 12.312547 14.848879
v -9.060932 12.117456 14.838203
v -9.108248 11.929863 14.806587
v -9.185083 11.756976 14.755249
v -9.288487 11.605440 14.686155
v -9.414486 11.481077 14.601967
v -9.558235 11.388667 14.505917
v -9.714213 11.331761 14.401695
v -9.738476 13.293332 14.431259
v -9.605827 13.236425 14.563908
v -9.483578 13.144016 14.686155
v -9.376425 13.019653 14.793308
v -9.288487 12.868116 14.881245
v -9.223144 12.695230 14.946589
v -9.182905 12.507637 14.986828
v -9.169319 12.312547 15.000416
v -9.182905 12.117456 14.986828
v -9.223144 11.929863 14.946589
v -9.288487 11.756976 14.881245
v -9.376425 11.605440 14.793308
v -9.483578 11.481077 14.686155
v -9.605827 11.388667 14.563908
v -9.738476 11.331761 14.431259
v -9.768039 13.293332 14.455521
v -9.663818 13.236425 14.611496
v -9.567767 13.144016 14.755249
v -9.483578 13.019653 14.881245
v -9.414486 12.868116 14.984650
v -9.363145 12.695230 15.061487
v -9.331530 12.507637 15.108799
v -9.320856 12.312547 15.124779
v -9.331530 12.117456 15.108799
v -9.363145 11.929863 15.061487
v -9.414486 11.756976 14.984650
v -9.483578 11.605440 14.881245
v -9.567767 11.481077 14.755249
v -9.663818 11.388667 14.611496
v -9.768039 11.331761 14.455521
v -9.801767 13.293332 14.473547
v -9.729979 13.236425 14.646862
v -9.663818 13.144016 14.806587
v -9.605827 13.019653 14.946589
v -9.558235 12.868116 15.061487
v -9.522872 12.695230 15.146860
v -9.501095 12.507637 15.199434
v -9.493742 12.312547 15.217186
v -9.501095 12.117456 15.199434
v -9.522872 11.929863 15.146860
v -9.558235 11.756976 15.061487
v -9.605827 11.605440 14.946589
v -9.663818 11.481077 14.806587
v -9.729979 11.388667 14.646862
v -9.801767 11.331761 14.473547
v -9.838366 13.293332 14.484650
v -9.801767 13.236425 14.668636
v -9.768039 13.144016 14.838203
v -9.738476 13.019653 14.986828
v -9.714214 12.868116 15.108799
v -9.696185 12.695230 15.199434
v -9.685083 12.507637 15.255247
v -9.681335 12.312547 15.274094
v -9.685083 12.117456 15.255247
v -9.696185 11.929863 15.199434
v -9.714214 11.756976 15.108799
v -9.738476 11.605440 14.986828
v -9.768039 11.481077 14.838203
v -9.801767 11.388667 14.668636
v -9.838366 11.331761 14.484650
v -9.876425 13.293332 14.488400
v -9.876425 13.236425 14.675993
v -9.876425 13.144016 14.848879
v -9.876425 13.019653 15.000416
v -9.876425 12.868116 15.124779
v -9.876425 12.695230 15.217186
v -9.876425 12.507637 15.274094
v -9.876426 12.312547 15.293308
v -9.876425 12.117456 15.274094
v -9.876425 11.929863 15.217186
v -9.876425 11.756976 15.124779
v -9.876425 11.605440 15.000416
v -9.876425 11.481077 14.848879
v -9.876425 11.388667 14.675993
v -9.876425 11.331761 14.488400
v -9.914486 13.293332 14.484650
v -9.951083 13.236425 14.668636
v -9.984812 13.144016 14.838203
v -10.014375 13.019653 14.986828
v -10.038637 12.868116 15.108799
v -10.056665 12.695230 15.199434
v -10.067766 12.507637 15.255247
v -10.071516 12.312547 15.274094
v -10.067766 12.117456 15.255247
v -10.056665 11.929863 15.199434
v -10.038637 11.756976 15.108799
v -10.014375 11.605440 14.986828
v -9.984812 11.481077 14.838203
v -9.951083 11.388667 14.668636
v -9.914486 11.331761 14.484650
v -9.951082 13.293332 14.473547
v -10.022871 13.236425 14.646862
v -10.089033 13.144016 14.806587
v -10.147023 13.019653 14.946589
v -10.194614 12.868116 15.061485
v -10.229979 12.695230 15.146860
v -10.251755 12.507637 15.199434
v -10.259109 12.312547 15.217186
v -10.251755 12.117456 15.199434
v -10.229979 11.929863 15.146860
v -10.194614 11.756976 15.061485
v -10.147023 11.605440 14.946589
v -10.089033 11.481077 14.806587
v -10.022871 11.388667 14.646862
v -9.951082 11.331761 14.473547
v -9.984812 13.293332 14.455521
v -10.089033 13.236425 14.611496
v -10.185083 13.144016 14.755249
v -10.269273 13.019653 14.881245
v -10.338365 12.868116 14.984650
v -10.389705 12.695230 15.061487
v -10.421320 12.507637 15.108799
v -10.431995 12.312547 15.124775
v -10.421320 12.117456 15.108799
v -10.389705 11.929863 15.061487
v -10.338365 11.756976 14.984650
v -10.269273 11.605440 14.881245
v -10.185083 11.481077 14.755249
v -10.089033 11.388667 14.611496
v -9.984812 11.331761 14.455521
v -10.014375 13.293332 14.431259
v -10.147023 13.236425 14.563908
v -10.269273 13.144016 14.686155
v -10.376425 13.019653 14.793308
v -10.464363 12.868116 14.881245
v -10.529707 12.695230 14.946589
v -10.569944 12.507637 14.986828
v -10.583531 12.312547 15.000412
v -10.569944 12.117456 14.986828
v -10.529707 11.929863 14.946589
v -10.464363 11.756976 14.881245
v -10.376425 11.605440 14.793308
v -10.269273 11.481077 14.686155
v -10.147023 11.388667 14.563908
v -10.014375 11.331761 14.431259
v -10.038637 13.293332 14.401695
v -10.194614 13.236425 14.505917
v -10.338365 13.144016 14.601967
v -10.464363 13.019653 14.686155
v -10.567766 12.868116 14.755249
v -10.644603 12.695230 14.806587
v -10.691917 12.507637 14.838202
v -10.707894 12.312547 14.848879
v -10.691917 12.117456 14.838202
v -10.644603 11.929863 14.806587
v -10.567766 11.756976 14.755249
v -10.464363 11.605440 14.686155
v -10.338365 11.481077 14.601967
v -10.194614 11.388667 14.505917
v -10.038637 11.331761 14.401695
v -10.056665 13.293332 14.367966
v -10.229979 13.236425 14.439754
v -10.389705 13.144016 14.505917
v -10.529707 13.019653 14.563908
v -10.644603 12.868116 14.611496
v -10.729979 12.695230 14.646862
v -10.782553 12.507637 14.668636
v -10.800304 12.312547 14.675991
v -10.782553 12.117456 14.668636
v -10.729979 11.929863 14.646862
v -10.644603 11.756976 14.611496
v -10.529707 11.605440 14.563908
v -10.389705 11.481077 14.505917
v -10.229979 11.388667 14.439754
v -10.056665 11.331761 14.367966
v -10.067766 13.293332 14.331367
v -10.251755 13.236425 14.367966
v -10.421320 13.144016 14.401695
v -10.569944 13.019653 14.431259
v -10.691917 12.868116 14.455521
v -10.782553 12.695230 14.473547
v -10.838365 12.507637 14.484650
v -10.857210 12.312547 14.488400
v -10.838365 12.117456 14.484650
v -10.782553 11.929863 14.473547
v -10.691917 11.756976 14.455521
v -10.569944 11.605440 14.431259
v -10.421320 11.481077 14.401695
v -10.251755 11.388667 14.367966
v -10.067766 11.331761 14.331367
v -10.071516 13.293332 14.293308
v -10.259109 13.236425 14.293308
v -10.431995 13.144016 14.293308
v -10.583531 13.019653 14.293308
v -10.707894 12.868116 14.293308
v -10.800304 12.695230 14.293308
v -10.857210 12.507637 14.293308
v -10.876425 12.312547 14.293308
v -10.857210 12.117456 14.293308
v -10.800304 11.929863 14.293308
v -10.707894 11.756976 14.293308
v -10.583531 11.605440 14.293308
v -10.431995 11.481077 14.293308
v -10.259109 11.388667 14.293308
v -10.071516 11.331761 14.293308
v -10.067766 13.293332 14.255249
v -10.251755 13.236425 14.218651
v -10.421320 13.144016 14.184921
v -10.569944 13.019653 14.155357
v -10.691917 12.868116 14.131096
v -10.782553 12.695230 14.113070
v -10.838365 12.507637 14.101967
v -10.857209 12.312547 14.098217
v -10.838365 12.117456 14.101967
v -10.782553 11.929863 14.113070
v -10.691917 11.756976 14.131096
v -10.569944 11.605440 14.155357
v -10.421320 11.481077 14.184921
v -10.251755 11.388667 14.218651
v -10.067766 11.331761 14.255249
v -10.056665 13.293332 14.218651
v -10.229979 13.236425 14.146862
v -10.389705 13.144016 14.080700
v -10.529707 13.019653 14.022709
v -10.644602 12.868116 13.975121
v -10.729979 12.695230 13.939754
v -10.782553 12.507637 13.917980
v -10.800303 12.312547 13.910624
v -10.782553 12.117456 13.917980
v -10.729979 11.929863 13.939754
v -10.644602 11.756976 13.975121
v -10.529707 11.605440 14.022709
v -10.389705 11.481077 14.080700
v -10.229979 11.388667 14.146862
v -10.056665 11.331761 14.218651
v -10.038637 13.293332 14.184921
v -10.194614 13.236425 14.080700
v -10.338365 13.144016 13.984650
v -10.464363 13.019653 13.900461
v -10.567766 12.868116 13.831367
v -10.644603 12.695230 13.780029
v -10.691917 12.507637 13.748413
v -10.707893 12.312547 13.737738
v -10.691917 12.117456 13.748413
v -10.644603 11.929863 13.780029
v -10.567766 11.756976 13.831367
v -10.464363 11.605440 13.900461
v -10.338365 11.481077 13.984650
v -10.194614 11.388667 14.080700
v -10.038637 11.331761 14.184921
v -10.014375 13.293332 14.155357
v -10.147023 13.236425 14.022709
v -10.269272 13.144016 13.900461
v -10.376425 13.019653 13.793308
v -10.464363 12.868116 13.705372
v -10.529707 12.695230 13.640028
v -10.569944 12.507637 13.599789
v -10.583530 12.312547 13.586201
v -10.569944 12.117456 13.599789
v -10.529707 11.929863 13.640028
v -10.464363 11.756976 13.705372
v -10.376425 11.605440 13.793308
v -10.269272 11.481077 13.900461
v -10.147023 11.388667 14.022709
v -10.014375 11.331761 14.155357
v -9.984812 13.293332 14.131096
v -10.089032 13.236425 13.975121
v -10.185083 13.144016 13.831367
v -10.269273 13.019653 13.705372
v -10.338365 12.868116 13.601967
v -10.389705 12.695230 13.525131
v -10.421320 12.507637 13.477818
v -10.431994 12.312547 13.461842
v -10.421320 12.117456 13.477818
v -10.389705 11.929863 13.525131
v -10.338365 11.756976 13.601967
v -10.269273 11.605440 13.705372
v -10.185083 11.481077 13.831367
v -10.089032 11.388667 13.975121
v -9.984812 11.331761 14.131096
v -9.951082 13.293332 14.113070
v -10.022871 13.236425 13.939754
v -10.089032 13.144016 13.780029
v -10.147023 13.019653 13.640028
v -10.194614 12.868116 13.525131
v -10.229979 12.695230 13.439756
v -10.251755 12.507637 13.387182
v -10.259108 12.312547 13.369431
v -10.251755 12.117456 13.387182
v -10.229979 11.929863 13.439756
v -10.194614 11.756976 13.525131
v -10.147023 11.605440 13.640028
v -10.089032 11.481077 13.780029
v -10.022871 11.388667 13.939754
v -9.951082 11.331761 14.113070
v -9.914486 13.293332 14.101967
v -9.951082 13.236425 13.917980
v -9.984811 13.144016 13.748415
v -10.014375 13.019653 13.599789
v -10.038637 12.868116 13.477818
v -10.056665 12.695230 13.387182
v -10.067766 12.507637 13.331369
v -10.071514 12.312547 13.312523
v -10.067766 12.117456 13.331369
v -10.056665 11.929863 13.387182
v -10.038637 11.756976 13.477818
v -10.014375 11.605440 13.599789
v -9.984811 11.481077 13.748415
v -9.951082 11.388667 13.917980
v -9.914486 11.331761 14.101967
v -9.876425 13.293332 14.098217
v -9.876425 13.236425 13.910625
v -9.876425 13.019653 13.586201
v -9.876425 12.695230 13.369431
v -9.876425 11.929863 13.369431
v -9.876425 11.605440 13.586201
v -9.876425 11.481077 13.737738
v -9.876425 11.388667 13.910625
v -9.876425 11.331761 14.098217
v -9.923153 9.779594 -1.107375
v -9.923153 11.779594 -1.107375
v -9.776836 9.779594 -1.092964
v -9.776836 11.779594 -1.092964
v -9.636141 9.779594 -1.050285
v -9.636141 11.779594 -1.050285
v -9.506475 9.779594 -0.980978
v -9.506475 11.779594 -0.980978
v -9.392824 9.779594 -0.887706
v -9.392824 11.779594 -0.887706
v -9.299551 9.779594 -0.774054
v -9.299551 11.779594 -0.774054
v -9.230244 9.779594 -0.644387
v -9.230244 11.779594 -0.644387
v -9.187565 9.779594 -0.503694
v -9.187565 11.779594 -0.503694
v -9.173153 9.779594 -0.357375
v -9.173153 11.779594 -0.357375
v -9.187565 9.779594 -0.211057
v -9.187565 11.779594 -0.211057
v -9.230244 9.779594 -0.070363
v -9.230244 11.779594 -0.070363
v -9.299551 9.779594 0.059303
v -9.299551 11.779594 0.059303
v -9.392824 9.779594 0.172956
v -9.392824 11.779594 0.172956
v -9.506475 9.779594 0.266228
v -9.506475 11.779594 0.266228
v -9.636141 9.779594 0.335535
v -9.636141 11.779594 0.335535
v -9.776836 9.779594 0.378214
v -9.776836 11.779594 0.378214
v -9.923153 9.779594 0.392625
v -9.923153 11.779594 0.392625
v -10.069471 9.779594 0.378214
v -10.069471 11.779594 0.378214
v -10.210166 9.779594 0.335535
v -10.210166 11.779594 0.335535
v -10.339831 9.779594 0.266228
v -10.339831 11.779594 0.266228
v -10.453484 9.779594 0.172956
v -10.453484 11.779594 0.172956
v -10.546756 9.779594 0.059303
v -10.546756 11.779594 0.059303
v -10.616063 9.779594 -0.070363
v -10.616063 11.779594 -0.070363
v -10.658743 9.779594 -0.211057
v -10.658743 11.779594 -0.211057
v -10.673153 9.779594 -0.357375
v -10.673153 11.779594 -0.357375
v -10.658743 9.779594 -0.503694
v -10.658743 11.779594 -0.503694
v -10.616063 9.779594 -0.644387
v -10.616063 11.779594 -0.644387
v -10.546756 9.779594 -0.774054
v -10.546756 11.779594 -0.774054
v -10.453484 9.779594 -0.887706
v -10.453484 11.779594 -0.887706
v -10.339831 9.779594 -0.980978
v -10.339831 11.779594 -0.980978
v -10.210166 9.779594 -1.050285
v -10.210166 11.779594 -1.050285
v -10.069471 9.779594 -1.092964
v -10.069471 11.779594 -1.092964
v -9.887421 9.779594 2.806053
v -9.887421 11.779594 2.806053
v -9.741103 9.779594 2.820463
v -9.741103 11.779594 2.820463
v -9.600409 9.779594 2.863142
v -9.600409 11.779594 2.863142
v -9.470743 9.779594 2.932449
v -9.470743 11.779594 2.932449
v -9.357091 9.779594 3.025723
v -9.357091 11.779594 3.025723
v -9.263819 9.779594 3.139374
v -9.263819 11.779594 3.139374
v -9.194511 9.779594 3.269039
v -9.194511 11.779594 3.269039
v -9.151833 9.779594 3.409733
v -9.151833 11.779594 3.409733
v -9.137421 9.779594 3.556053
v -9.137421 11.779594 3.556053
v -9.151833 9.779594 3.702370
v -9.151833 11.779594 3.702370
v -9.194511 9.779594 3.843063
v -9.194511 11.779594 3.843063
v -9.263819 9.779594 3.972731
v -9.263819 11.779594 3.972731
v -9.357091 9.779594 4.086384
v -9.357091 11.779594 4.086384
v -9.470743 9.779594 4.179655
v -9.470743 11.779594 4.179655
v -9.600409 9.779594 4.248962
v -9.600409 11.779594 4.248962
v -9.741103 9.779594 4.291641
v -9.741103 11.779594 4.291641
v -9.887421 9.779594 4.306053
v -9.887421 11.779594 4.306053
v -10.033739 9.779594 4.291641
v -10.033739 11.779594 4.291641
v -10.174434 9.779594 4.248962
v -10.174434 11.779594 4.248962
v -10.304098 9.779594 4.179655
v -10.304098 11.779594 4.179655
v -10.417751 9.779594 4.086384
v -10.417751 11.779594 4.086384
v -10.511024 9.779594 3.972731
v -10.511024 11.779594 3.972731
v -10.580331 9.779594 3.843063
v -10.580331 11.779594 3.843063
v -10.623011 9.779594 3.702370
v -10.623011 11.779594 3.702370
v -10.637421 9.779594 3.556053
v -10.637421 11.779594 3.556053
v -10.623011 9.779594 3.409733
v -10.623011 11.779594 3.409733
v -10.580331 9.779594 3.269039
v -10.580331 11.779594 3.269039
v -10.511024 9.779594 3.139374
v -10.511024 11.779594 3.139374
v -10.417751 9.779594 3.025723
v -10.417751 11.779594 3.025723
v -10.304098 9.779594 2.932449
v -10.304098 11.779594 2.932449
v -10.174434 9.779594 2.863142
v -10.174434 11.779594 2.863142
v -10.033739 9.779594 2.820463
v -10.033739 11.779594 2.820463
v -9.887421 9.779594 13.545475
v -9.887421 11.779594 13.545475
v -9.741103 9.779594 13.559885
v -9.741103 11.779594 13.559885
v -9.600409 9.779594 13.602566
v -9.600409 11.779594 13.602566
v -9.470743 9.779594 13.671871
v -9.470743 11.779594 13.671871
v -9.357091 9.779594 13.765144
v -9.357091 11.779594 13.765144
v -9.263819 9.779594 13.878798
v -9.263819 11.779594 13.878798
v -9.194511 9.779594 14.008461
v -9.194511 11.779594 14.008461
v -9.151833 9.779594 14.149155
v -9.151833 11.779594 14.149155
v -9.137421 9.779594 14.295475
v -9.137421 11.779594 14.295475
v -9.151833 9.779594 14.441792
v -9.151833 11.779594 14.441792
v -9.194511 9.779594 14.582485
v -9.194511 11.779594 14.582485
v -9.263819 9.779594 14.712151
v -9.263819 11.779594 14.712151
v -9.357091 9.779594 14.825806
v -9.357091 11.779594 14.825806
v -9.470743 9.779594 14.919077
v -9.470743 11.779594 14.919077
v -9.600409 9.779594 14.988382
v -9.600409 11.779594 14.988382
v -9.741103 9.779594 15.031063
v -9.741103 11.779594 15.031063
v -9.887421 9.779594 15.045475
v -9.887421 11.779594 15.045475
v -10.033739 9.779594 15.031063
v -10.033739 11.779594 15.031063
v -10.174434 9.779594 14.988382
v -10.174434 11.779594 14.988382
v -10.304098 9.779594 14.919077
v -10.304098 11.779594 14.919077
v -10.417751 9.779594 14.825806
v -10.417751 11.779594 14.825806
v -10.511024 9.779594 14.712151
v -10.511024 11.779594 14.712151
v -10.580331 9.779594 14.582485
v -10.580331 11.779594 14.582485
v -10.623011 9.779594 14.441792
v -10.623011 11.779594 14.441792
v -10.637421 9.779594 14.295475
v -10.637421 11.779594 14.295475
v -10.623011 9.779594 14.149155
v -10.623011 11.779594 14.149155
v -10.580331 9.779594 14.008461
v -10.580331 11.779594 14.008461
v -10.511024 9.779594 13.878798
v -10.511024 11.779594 13.878798
v -10.417751 9.779594 13.765144
v -10.417751 11.779594 13.765144
v -10.304098 9.779594 13.671871
v -10.304098 11.779594 13.671871
v -10.174434 9.779594 13.602566
v -10.174434 11.779594 13.602566
v -10.033739 9.779594 13.559885
v -10.033739 11.779594 13.559885
v -9.887421 9.779594 6.756195
v -9.887421 11.779594 6.756195
v -9.741103 9.779594 6.770607
v -9.741103 11.779594 6.770607
v -9.600409 9.779594 6.813286
v -9.600409 11.779594 6.813286
v -9.470743 9.779594 6.882591
v -9.470743 11.779594 6.882591
v -9.357091 9.779594 6.975864
v -9.357091 11.779594 6.975864
v -9.263819 9.779594 7.089518
v -9.263819 11.779594 7.089518
v -9.194511 9.779594 7.219183
v -9.194511 11.779594 7.219183
v -9.151833 9.779594 7.359877
v -9.151833 11.779594 7.359877
v -9.137421 9.779594 7.506195
v -9.137421 11.779594 7.506195
v -9.151833 9.779594 7.652514
v -9.151833 11.779594 7.652514
v -9.194511 9.779594 7.793207
v -9.194511 11.779594 7.793207
v -9.263819 9.779594 7.922873
v -9.263819 11.779594 7.922873
v -9.357091 9.779594 8.036526
v -9.357091 11.779594 8.036526
v -9.470743 9.779594 8.129799
v -9.470743 11.779594 8.129799
v -9.600409 9.779594 8.199104
v -9.600409 11.779594 8.199104
v -9.741103 9.779594 8.241783
v -9.741103 11.779594 8.241783
v -9.887421 9.779594 8.256195
v -9.887421 11.779594 8.256195
v -10.033739 9.779594 8.241783
v -10.033739 11.779594 8.241783
v -10.174434 9.779594 8.199104
v -10.174434 11.779594 8.199104
v -10.304098 9.779594 8.129799
v -10.304098 11.779594 8.129799
v -10.417751 9.779594 8.036526
v -10.417751 11.779594 8.036526
v -10.511024 9.779594 7.922873
v -10.511024 11.779594 7.922873
v -10.580331 9.779594 7.793207
v -10.580331 11.779594 7.793207
v -10.623011 9.779594 7.652514
v -10.623011 11.779594 7.652514
v -10.637421 9.779594 7.506195
v -10.637421 11.779594 7.506195
v -10.623011 9.779594 7.359877
v -10.623011 11.779594 7.359877
v -10.580331 9.779594 7.219183
v -10.580331 11.779594 7.219183
v -10.511024 9.779594 7.089518
v -10.511024 11.779594 7.089518
v -10.417751 9.779594 6.975864
v -10.417751 11.779594 6.975864
v -10.304098 9.779594 6.882591
v -10.304098 11.779594 6.882591
v -10.174434 9.779594 6.813286
v -10.174434 11.779594 6.813286
v -10.033739 9.779594 6.770607
v -10.033739 11.779594 6.770607
v -9.887421 9.779594 10.141079
v -9.887421 11.779594 10.141079
v -9.741103 9.779594 10.155491
v -9.741103 11.779594 10.155491
v -9.600409 9.779594 10.198170
v -9.600409 11.779594 10.198170
v -9.470743 9.779594 10.267477
v -9.470743 11.779594 10.267477
v -9.357091 9.779594 10.360748
v -9.357091 11.779594 10.360748
v -9.263819 9.779594 10.474401
v -9.263819 11.779594 10.474401
v -9.194511 9.779594 10.604069
v -9.194511 11.779594 10.604069
v -9.151833 9.779594 10.744762
v -9.151833 11.779594 10.744762
v -9.137421 9.779594 10.891079
v -9.137421 11.779594 10.891079
v -9.151833 9.779594 11.037399
v -9.151833 11.779594 11.037399
v -9.194511 9.779594 11.178093
v -9.194511 11.779594 11.178093
v -9.263819 9.779594 11.307756
v -9.263819 11.779594 11.307756
v -9.357091 9.779594 11.421410
v -9.357091 11.779594 11.421410
v -9.470743 9.779594 11.514683
v -9.470743 11.779594 11.514683
v -9.600409 9.779594 11.583988
v -9.600409 11.779594 11.583988
v -9.741103 9.779594 11.626669
v -9.741103 11.779594 11.626669
v -9.887421 9.779594 11.641079
v -9.887421 11.779594 11.641079
v -10.033739 9.779594 11.626669
v -10.033739 11.779594 11.626669
v -10.174434 9.779594 11.583988
v -10.174434 11.779594 11.583988
v -10.304098 9.779594 11.514683
v -10.304098 11.779594 11.514683
v -10.417751 9.779594 11.421410
v -10.417751 11.779594 11.421410
v -10.511024 9.779594 11.307756
v -10.511024 11.779594 11.307756
v -10.580331 9.779594 11.178093
v -10.580331 11.779594 11.178093
v -10.623011 9.779594 11.037399
v -10.623011 11.779594 11.037399
v -10.637421 9.779594 10.891079
v -10.637421 11.779594 10.891079
v -10.623011 9.779594 10.744762
v -10.623011 11.779594 10.744762
v -10.580331 9.779594 10.604069
v -10.580331 11.779594 10.604069
v -10.511024 9.779594 10.474401
v -10.511024 11.779594 10.474401
v -10.417751 9.779594 10.360748
v -10.417751 11.779594 10.360748
v -10.304098 9.779594 10.267477
v -10.304098 11.779594 10.267477
v -10.174434 9.779594 10.198170
v -10.174434 11.779594 10.198170
v -10.033739 9.779594 10.155491
v -10.033739 11.779594 10.155491
v -9.670931 13.073593 5.631195
v -10.125639 13.281536 5.631195
v -9.518803 13.406254 5.667223
v -9.973511 13.614196 5.667223
v -9.372519 13.726129 5.773922
v -9.827229 13.934072 5.773922
v -9.237705 14.020927 5.947189
v -9.692413 14.228870 5.947189
v -9.119538 14.279321 6.180370
v -9.574247 14.487264 6.180370
v -9.022562 14.491379 6.464500
v -9.477270 14.699322 6.464500
v -8.950502 14.648952 6.788664
v -9.405210 14.856895 6.788664
v -8.906128 14.745984 7.140400
v -9.360836 14.953929 7.140400
v -8.891144 14.778749 7.506195
v -9.345852 14.986692 7.506195
v -8.906128 14.745984 7.871990
v -9.360836 14.953929 7.871990
v -8.950502 14.648952 8.223726
v -9.405210 14.856895 8.223726
v -9.022562 14.491379 8.547890
v -9.477270 14.699322 8.547890
v -9.119538 14.279321 8.832020
v -9.574247 14.487264 8.832020
v -9.237705 14.020927 9.065201
v -9.692413 14.228870 9.065201
v -9.372519 13.726129 9.238468
v -9.827229 13.934072 9.238468
v -9.518803 13.406254 9.345167
v -9.973511 13.614196 9.345167
v -9.670931 13.073593 9.381195
v -10.125639 13.281536 9.381195
v -9.823060 12.740934 9.345167
v -10.277769 12.948877 9.345167
v -9.969343 12.421059 9.238468
v -10.424051 12.629002 9.238468
v -10.104158 12.126260 9.065201
v -10.558867 12.334202 9.065201
v -10.222324 11.867867 8.832020
v -10.677032 12.075809 8.832020
v -10.319301 11.655807 8.547890
v -10.774010 11.863751 8.547890
v -10.391361 11.498236 8.223726
v -10.846069 11.706179 8.223726
v -10.435736 11.401201 7.871990
v -10.890444 11.609145 7.871990
v -10.450719 11.368437 7.506195
v -10.905427 11.576381 7.506195
v -10.435736 11.401201 7.140400
v -10.890444 11.609145 7.140400
v -10.391361 11.498236 6.788664
v -10.846069 11.706179 6.788664
v -10.319301 11.655807 6.464500
v -10.774010 11.863751 6.464500
v -10.222324 11.867867 6.180370
v -10.677032 12.075809 6.180370
v -10.104158 12.126260 5.947189
v -10.558867 12.334202 5.947189
v -9.969343 12.421059 5.773922
v -10.424051 12.629002 5.773922
v -9.823060 12.740934 5.667223
v -10.277769 12.948877 5.667223
v -9.945321 12.356672 10.014997
v -10.309088 12.523027 10.014997
v -9.869257 12.523003 10.033012
v -10.233024 12.689358 10.033012
v -9.796116 12.682940 10.086361
v -10.159882 12.849295 10.086361
v -9.728708 12.830339 10.172995
v -10.092474 12.996695 10.172995
v -9.669624 12.959537 10.289585
v -10.033391 13.125892 10.289585
v -9.621137 13.065565 10.431650
v -9.984903 13.231920 10.431650
v -9.585106 13.144352 10.593733
v -9.948874 13.310707 10.593733
v -9.562920 13.192869 10.769600
v -9.926685 13.359223 10.769600
v -9.555428 13.209251 10.952497
v -9.919194 13.375605 10.952497
v -9.562920 13.192869 11.135395
v -9.926685 13.359223 11.135395
v -9.585106 13.144352 11.311264
v -9.948874 13.310707 11.311264
v -9.621137 13.065565 11.473343
v -9.984903 13.231920 11.473343
v -9.669624 12.959537 11.615410
v -10.033391 13.125892 11.615410
v -9.728708 12.830339 11.732000
v -10.092474 12.996695 11.732000
v -9.796116 12.682940 11.818634
v -10.159882 12.849295 11.818634
v -9.869257 12.523003 11.871984
v -10.233024 12.689358 11.871984
v -9.945321 12.356672 11.889997
v -10.309088 12.523027 11.889997
v -10.021385 12.190343 11.871984
v -10.385153 12.356698 11.871984
v -10.094527 12.030406 11.818634
v -10.458294 12.196760 11.818634
v -10.161934 11.883005 11.732000
v -10.525702 12.049360 11.732000
v -10.221018 11.753809 11.615410
v -10.584785 11.920164 11.615410
v -10.269506 11.647780 11.473343
v -10.633272 11.814135 11.473343
v -10.305536 11.568994 11.311264
v -10.669302 11.735348 11.311264
v -10.327724 11.520477 11.135395
v -10.691490 11.686831 11.135395
v -10.335215 11.504095 10.952497
v -10.698981 11.670450 10.952497
v -10.327724 11.520477 10.769600
v -10.691490 11.686831 10.769600
v -10.305536 11.568994 10.593733
v -10.669302 11.735348 10.593733
v -10.269506 11.647780 10.431650
v -10.633272 11.814135 10.431650
v -10.221018 11.753809 10.289585
v -10.584785 11.920164 10.289585
v -10.161934 11.883005 10.172995
v -10.525702 12.049360 10.172995
v -10.094527 12.030406 10.086361
v -10.458294 12.196760 10.086361
v -10.021385 12.190343 10.033012
v -10.385153 12.356698 10.033012
v -3.220407 14.325480 9.388069
v -1.730940 18.037823 9.388069
v -4.705345 14.921268 9.388069
v -3.215878 18.633610 9.388069
v -3.220407 14.325480 6.988070
v -1.730940 18.037823 6.988070
v -4.705345 14.921268 6.988070
v -3.215878 18.633610 6.988070
v -3.443828 13.768629 6.058880
v -1.507520 18.594673 6.058880
v -4.928765 14.364416 6.058880
v -2.992457 19.190460 6.058880
v -3.443828 13.768629 2.058879
v -1.507521 18.594673 2.058879
v -4.928765 14.364416 2.058879
v -2.992458 19.190460 2.058879
v 1.710321 14.328837 -0.816683
v 1.710321 17.954067 0.873791
v 1.710321 15.005027 -2.266775
v 1.710321 18.630259 -0.576302
v 4.110322 14.328837 -0.816683
v 4.110322 17.954067 0.873791
v 4.110322 15.005027 -2.266775
v 4.110322 18.630259 -0.576302
v 5.039511 13.785053 -1.070253
v 5.039511 18.497852 1.127361
v 5.039511 14.461243 -2.520346
v 5.039511 19.174042 -0.322731
v 9.039510 13.785053 -1.070253
v 9.039510 18.497852 1.127361
v 9.039510 14.461243 -2.520346
v 9.039510 19.174042 -0.322731
v 10.014785 14.328835 14.151419
v 10.014785 17.954067 12.460945
v 10.014785 15.005024 15.601511
v 10.014785 18.630257 13.911037
v 7.614783 14.328835 14.151419
v 7.614783 17.954067 12.460945
v 7.614783 15.005024 15.601511
v 7.614783 18.630257 13.911037
v 6.685594 13.785050 14.404987
v 6.685594 18.497852 12.207375
v 6.685594 14.461240 15.855083
v 6.685594 19.174042 13.657467
v 2.685594 13.785050 14.404991
v 2.685594 18.497852 12.207375
v 2.685594 14.461240 15.855083
v 2.685594 19.174042 13.657469
v 14.667094 14.326515 4.672031
v 13.067075 17.992567 4.672031
v 16.133514 14.966523 4.672031
v 14.533496 18.632576 4.672031
v 14.667094 14.326515 7.072033
v 13.067075 17.992567 7.072033
v 16.133514 14.966523 7.072033
v 14.533496 18.632576 7.072033
v 14.907096 13.776608 8.001223
v 12.827071 18.542477 8.001223
v 16.373516 14.416615 8.001223
v 14.293492 19.182484 8.001223
v 14.907096 13.776608 12.001223
v 12.827071 18.542477 12.001223
v 16.373516 14.416615 12.001223
v 14.293492 19.182484 12.001223
vn -1.0000 -0.0000 -0.0000
vn -0.0000 -0.0000 -1.0000
vn 1.0000 -0.0000 -0.0000
vn -0.0000 -0.0000 1.0000
vn -0.0000 -1.0000 -0.0000
vn -0.0000 1.0000 -0.0000
vn -0.0000 0.9324 -0.3614
vn -0.0000 0.4289 -0.9034
vn 0.9145 0.4046 -0.0000
vn -0.0000 0.4217 0.9067
vn -0.9216 0.3881 -0.0000
vn -0.5249 0.8511 -0.0000
vn 0.1024 -0.9435 0.3151
vn 0.7002 -0.6617 0.2680
vn -0.2680 -0.9435 0.1947
vn -0.2680 -0.9435 -0.1947
vn 0.1024 -0.9435 -0.3151
vn 0.9050 -0.3304 0.2680
vn 0.0247 -0.3304 0.9435
vn -0.8897 -0.3304 0.3151
vn -0.5746 -0.3304 -0.7488
vn 0.5346 -0.3304 -0.7779
vn 0.8026 -0.1256 0.5831
vn -0.3066 -0.1256 0.9435
vn -0.9921 -0.1256 -0.0000
vn -0.3066 -0.1256 -0.9435
vn 0.8026 -0.1256 -0.5831
vn 0.4089 0.6617 0.6284
vn -0.4713 0.6617 0.5831
vn -0.7002 0.6617 -0.2680
vn 0.0385 0.6617 -0.7488
vn 0.7240 0.6617 -0.1947
vn 0.2680 0.9435 -0.1947
vn 0.4911 0.7947 -0.3568
vn 0.4089 0.6617 -0.6284
vn -0.1024 0.9435 -0.3151
vn -0.1876 0.7947 -0.5773
vn -0.4713 0.6617 -0.5831
vn -0.3313 0.9435 -0.0000
vn -0.6071 0.7947 -0.0000
vn -0.7002 0.6617 0.2680
vn -0.1024 0.9435 0.3151
vn -0.1876 0.7947 0.5773
vn 0.0385 0.6617 0.7488
vn 0.2680 0.9435 0.1947
vn 0.4911 0.7947 0.3568
vn 0.7240 0.6617 0.1947
vn 0.8897 0.3304 -0.3151
vn 0.7947 0.1876 -0.5773
vn 0.5746 0.3304 -0.7488
vn -0.0247 0.3304 -0.9435
vn -0.3035 0.1876 -0.9342
vn -0.5346 0.3304 -0.7779
vn -0.9050 0.3304 -0.2680
vn -0.9822 0.1876 -0.0000
vn -0.9050 0.3304 0.2680
vn -0.5346 0.3304 0.7779
vn -0.3035 0.1876 0.9342
vn -0.0247 0.3304 0.9435
vn 0.5746 0.3304 0.7488
vn 0.7947 0.1876 0.5773
vn 0.8897 0.3304 0.3151
vn 0.3066 0.1256 -0.9435
vn 0.3035 -0.1876 -0.9342
vn 0.0247 -0.3304 -0.9435
vn -0.8026 0.1256 -0.5831
vn -0.7947 -0.1876 -0.5773
vn -0.8897 -0.3304 -0.3151
vn -0.8026 0.1256 0.5831
vn -0.7947 -0.1876 0.5773
vn -0.5746 -0.3304 0.7488
vn 0.3066 0.1256 0.9435
vn 0.3035 -0.1876 0.9342
vn 0.5346 -0.3304 0.7779
vn 0.9921 0.1256 -0.0000
vn 0.9822 -0.1876 -0.0000
vn 0.9050 -0.3304 -0.2680
vn 0.4713 -0.6617 -0.5831
vn 0.1876 -0.7947 -0.5773
vn -0.0385 -0.6617 -0.7488
vn -0.4089 -0.6617 -0.6284
vn -0.4911 -0.7947 -0.3568
vn -0.7240 -0.6617 -0.1947
vn -0.7240 -0.6617 0.1947
vn -0.4911 -0.7947 0.3568
vn -0.4089 -0.6617 0.6284
vn 0.7002 -0.6617 -0.2680
vn 0.6071 -0.7947 -0.0000
vn 0.3313 -0.9435 -0.0000
vn -0.0385 -0.6617 0.7488
vn 0.1876 -0.7947 0.5773
vn 0.4713 -0.6617 0.5831
vn 0.0865 -0.4696 -0.8786
vn 0.0624 0.7715 -0.6332
vn 0.0759 -0.6326 -0.7708
vn 0.0759 0.6326 -0.7708
vn 0.0624 -0.7715 -0.6332
vn 0.0865 0.4696 -0.8786
vn 0.0464 -0.8810 -0.4709
vn 0.0938 0.2890 -0.9527
vn 0.0286 -0.9566 -0.2902
vn 0.0975 0.0976 -0.9904
vn 0.0097 0.9951 -0.0980
vn 0.0097 -0.9951 -0.0980
vn 0.0975 -0.0975 -0.9904
vn 0.0286 0.9565 -0.2902
vn 0.0938 -0.2890 -0.9527
vn 0.0464 0.8810 -0.4709
vn 0.2779 -0.2890 -0.9161
vn 0.1373 0.8810 -0.4528
vn 0.2563 -0.4696 -0.8448
vn 0.1847 0.7715 -0.6088
vn 0.2248 -0.6326 -0.7412
vn 0.2248 0.6326 -0.7412
vn 0.1847 -0.7715 -0.6088
vn 0.2563 0.4696 -0.8448
vn 0.1374 -0.8810 -0.4528
vn 0.2779 0.2890 -0.9161
vn 0.0846 -0.9566 -0.2790
vn 0.2889 0.0975 -0.9524
vn 0.0286 0.9951 -0.0942
vn 0.0286 -0.9951 -0.0942
vn 0.2889 -0.0975 -0.9524
vn 0.0846 0.9565 -0.2790
vn 0.2230 -0.8810 -0.4173
vn 0.4513 0.2890 -0.8443
vn 0.1375 -0.9565 -0.2571
vn 0.4691 0.0975 -0.8777
vn 0.0465 0.9951 -0.0869
vn 0.0464 -0.9951 -0.0869
vn 0.4691 -0.0976 -0.8777
vn 0.1374 0.9566 -0.2571
vn 0.4513 -0.2890 -0.8443
vn 0.2231 0.8810 -0.4173
vn 0.4162 -0.4696 -0.7786
vn 0.2999 0.7715 -0.5611
vn 0.3651 -0.6326 -0.6831
vn 0.3651 0.6326 -0.6831
vn 0.2999 -0.7715 -0.5611
vn 0.4162 0.4696 -0.7786
vn 0.3002 0.8810 -0.3658
vn 0.5601 -0.4696 -0.6825
vn 0.4036 0.7715 -0.4918
vn 0.4913 -0.6326 -0.5987
vn 0.4913 0.6326 -0.5987
vn 0.4036 -0.7715 -0.4918
vn 0.5601 0.4696 -0.6825
vn 0.3002 -0.8810 -0.3658
vn 0.6073 0.2890 -0.7400
vn 0.1850 -0.9565 -0.2254
vn 0.6314 0.0976 -0.7693
vn 0.0625 0.9951 -0.0761
vn 0.0625 -0.9951 -0.0761
vn 0.6314 -0.0975 -0.7693
vn 0.1850 0.9566 -0.2254
vn 0.6073 -0.2890 -0.7400
vn 0.7400 0.2890 -0.6073
vn 0.2254 -0.9566 -0.1850
vn 0.7693 0.0975 -0.6314
vn 0.0761 0.9951 -0.0625
vn 0.0761 -0.9951 -0.0625
vn 0.7693 -0.0975 -0.6314
vn 0.2254 0.9566 -0.1850
vn 0.7400 -0.2890 -0.6073
vn 0.3658 0.8810 -0.3002
vn 0.6825 -0.4696 -0.5601
vn 0.4918 0.7715 -0.4036
vn 0.5987 -0.6326 -0.4913
vn 0.5987 0.6326 -0.4913
vn 0.4918 -0.7715 -0.4036
vn 0.6825 0.4696 -0.5601
vn 0.3658 -0.8810 -0.3002
vn 0.7786 -0.4696 -0.4162
vn 0.5611 0.7715 -0.2999
vn 0.6831 -0.6326 -0.3651
vn 0.6831 0.6326 -0.3651
vn 0.5611 -0.7715 -0.2999
vn 0.7786 0.4696 -0.4162
vn 0.4173 -0.8810 -0.2231
vn 0.8443 0.2890 -0.4513
vn 0.2571 -0.9565 -0.1374
vn 0.8777 0.0975 -0.4691
vn 0.0869 0.9951 -0.0464
vn 0.0869 -0.9951 -0.0464
vn 0.8777 -0.0975 -0.4691
vn 0.2571 0.9565 -0.1374
vn 0.8443 -0.2890 -0.4513
vn 0.4173 0.8810 -0.2230
vn 0.2790 -0.9566 -0.0846
vn 0.9524 0.0976 -0.2889
vn 0.0943 0.9951 -0.0286
vn 0.0943 -0.9951 -0.0286
vn 0.9524 -0.0976 -0.2889
vn 0.2790 0.9565 -0.0846
vn 0.9161 -0.2890 -0.2779
vn 0.4528 0.8810 -0.1374
vn 0.8448 -0.4696 -0.2563
vn 0.6088 0.7715 -0.1847
vn 0.7412 -0.6326 -0.2248
vn 0.7412 0.6326 -0.2248
vn 0.6088 -0.7715 -0.1847
vn 0.8448 0.4696 -0.2563
vn 0.4528 -0.8810 -0.1374
vn 0.9161 0.2890 -0.2779
vn 0.6332 0.7715 -0.0624
vn 0.7708 -0.6326 -0.0759
vn 0.7708 0.6326 -0.0759
vn 0.6332 -0.7715 -0.0624
vn 0.8786 0.4696 -0.0865
vn 0.4709 -0.8810 -0.0464
vn 0.9527 0.2890 -0.0938
vn 0.2902 -0.9565 -0.0286
vn 0.9904 0.0975 -0.0975
vn 0.0980 0.9951 -0.0097
vn 0.0980 -0.9951 -0.0097
vn 0.9904 -0.0975 -0.0976
vn 0.2902 0.9566 -0.0286
vn 0.9527 -0.2890 -0.0938
vn 0.4709 0.8810 -0.0464
vn 0.8786 -0.4696 -0.0865
vn 0.9904 0.0975 0.0976
vn 0.0980 0.9951 0.0097
vn 0.0980 -0.9951 0.0097
vn 0.9904 -0.0975 0.0976
vn 0.2902 0.9565 0.0286
vn 0.9527 -0.2890 0.0938
vn 0.4709 0.8810 0.0464
vn 0.8786 -0.4696 0.0865
vn 0.6332 0.7715 0.0624
vn 0.7708 -0.6326 0.0759
vn 0.7708 0.6326 0.0759
vn 0.6331 -0.7715 0.0624
vn 0.8786 0.4696 0.0865
vn 0.4709 -0.8810 0.0464
vn 0.9527 0.2890 0.0938
vn 0.2902 -0.9566 0.0286
vn 0.7412 -0.6326 0.2248
vn 0.7412 0.6326 0.2248
vn 0.6088 -0.7715 0.1847
vn 0.8448 0.4696 0.2563
vn 0.4528 -0.8810 0.1374
vn 0.9161 0.2890 0.2779
vn 0.2790 -0.9566 0.0846
vn 0.9524 0.0975 0.2889
vn 0.0943 0.9951 0.0286
vn 0.0943 -0.9951 0.0286
vn 0.9524 -0.0976 0.2889
vn 0.2790 0.9565 0.0846
vn 0.9161 -0.2890 0.2779
vn 0.4528 0.8810 0.1374
vn 0.8448 -0.4696 0.2563
vn 0.6088 0.7715 0.1847
vn 0.0869 -0.9951 0.0464
vn 0.8777 -0.0975 0.4691
vn 0.2571 0.9565 0.1374
vn 0.8443 -0.2890 0.4513
vn 0.4173 0.8810 0.2230
vn 0.7786 -0.4696 0.4162
vn 0.5611 0.7715 0.2999
vn 0.6831 -0.6326 0.3651
vn 0.6831 0.6326 0.3651
vn 0.5611 -0.7715 0.2999
vn 0.7786 0.4696 0.4162
vn 0.4173 -0.8810 0.2231
vn 0.8443 0.2890 0.4513
vn 0.2571 -0.9565 0.1374
vn 0.8777 0.0975 0.4692
vn 0.0869 0.9951 0.0464
vn 0.4918 -0.7715 0.4036
vn 0.6825 0.4696 0.5601
vn 0.3658 -0.8810 0.3002
vn 0.7400 0.2890 0.6073
vn 0.2254 -0.9566 0.1850
vn 0.7693 0.0976 0.6314
vn 0.0761 0.9951 0.0625
vn 0.0761 -0.9951 0.0625
vn 0.7693 -0.0976 0.6314
vn 0.2254 0.9565 0.1850
vn 0.7400 -0.2890 0.6073
vn 0.3658 0.8810 0.3002
vn 0.6825 -0.4696 0.5601
vn 0.4918 0.7715 0.4036
vn 0.5987 -0.6326 0.4913
vn 0.5987 0.6326 0.4913
vn 0.1850 0.9565 0.2254
vn 0.6073 -0.2890 0.7400
vn 0.3002 0.8810 0.3658
vn 0.5601 -0.4696 0.6825
vn 0.4036 0.7715 0.4918
vn 0.4913 -0.6326 0.5987
vn 0.4913 0.6326 0.5987
vn 0.4036 -0.7715 0.4918
vn 0.5601 0.4696 0.6825
vn 0.3002 -0.8810 0.3658
vn 0.6073 0.2890 0.7400
vn 0.1850 -0.9566 0.2254
vn 0.6314 0.0975 0.7693
vn 0.0625 0.9951 0.0761
vn 0.0625 -0.9951 0.0761
vn 0.6314 -0.0975 0.7693
vn 0.4162 0.4696 0.7786
vn 0.2230 -0.8810 0.4173
vn 0.4513 0.2890 0.8443
vn 0.1374 -0.9566 0.2571
vn 0.4692 0.0976 0.8777
vn 0.0464 0.9951 0.0869
vn 0.0464 -0.9951 0.0869
vn 0.4692 -0.0975 0.8777
vn 0.1374 0.9565 0.2571
vn 0.4513 -0.2890 0.8443
vn 0.2231 0.8810 0.4173
vn 0.4162 -0.4696 0.7786
vn 0.2999 0.7715 0.5611
vn 0.3651 -0.6326 0.6831
vn 0.3651 0.6326 0.6831
vn 0.2999 -0.7715 0.5611
vn 0.2779 -0.2890 0.9161
vn 0.1373 0.8810 0.4528
vn 0.2563 -0.4696 0.8448
vn 0.1847 0.7715 0.6088
vn 0.2248 -0.6326 0.7412
vn 0.2248 0.6326 0.7412
vn 0.1847 -0.7715 0.6088
vn 0.2563 0.4696 0.8449
vn 0.1373 -0.8810 0.4528
vn 0.2779 0.2890 0.9161
vn 0.0846 -0.9565 0.2790
vn 0.2889 0.0976 0.9524
vn 0.0286 0.9951 0.0942
vn 0.0286 -0.9951 0.0942
vn 0.2889 -0.0976 0.9524
vn 0.0847 0.9565 0.2790
vn 0.0464 -0.8810 0.4709
vn 0.0938 0.2890 0.9527
vn 0.0286 -0.9566 0.2902
vn 0.0975 0.0976 0.9904
vn 0.0097 0.9951 0.0980
vn 0.0097 -0.9951 0.0980
vn 0.0976 -0.0975 0.9904
vn 0.0286 0.9565 0.2902
vn 0.0938 -0.2890 0.9527
vn 0.0464 0.8810 0.4709
vn 0.0865 -0.4696 0.8786
vn 0.0624 0.7715 0.6332
vn 0.0759 -0.6326 0.7708
vn 0.0759 0.6326 0.7708
vn 0.0624 -0.7715 0.6332
vn 0.0865 0.4696 0.8786
vn -0.0464 0.8810 0.4709
vn -0.0865 -0.4696 0.8786
vn -0.0624 0.7715 0.6332
vn -0.0759 -0.6326 0.7708
vn -0.0759 0.6326 0.7708
vn -0.0624 -0.7715 0.6332
vn -0.0865 0.4696 0.8786
vn -0.0464 -0.8810 0.4709
vn -0.0938 0.2890 0.9527
vn -0.0286 -0.9566 0.2902
vn -0.0975 0.0975 0.9904
vn -0.0097 0.9951 0.0980
vn -0.0097 -0.9951 0.0980
vn -0.0976 -0.0975 0.9904
vn -0.0286 0.9565 0.2902
vn -0.0938 -0.2890 0.9527
vn -0.2779 0.2890 0.9161
vn -0.0846 -0.9565 0.2790
vn -0.2889 0.0976 0.9524
vn -0.0286 0.9951 0.0942
vn -0.0286 -0.9951 0.0942
vn -0.2889 -0.0975 0.9524
vn -0.0846 0.9565 0.2790
vn -0.2779 -0.2890 0.9161
vn -0.1373 0.8810 0.4528
vn -0.2563 -0.4696 0.8448
vn -0.1847 0.7715 0.6088
vn -0.2248 -0.6326 0.7412
vn -0.2248 0.6326 0.7412
vn -0.1847 -0.7715 0.6088
vn -0.2563 0.4696 0.8449
vn -0.1373 -0.8810 0.4528
vn -0.4162 -0.4696 0.7786
vn -0.2999 0.7715 0.5611
vn -0.3651 -0.6326 0.6831
vn -0.3651 0.6326 0.6831
vn -0.2999 -0.7715 0.5611
vn -0.4162 0.4696 0.7786
vn -0.2231 -0.8810 0.4173
vn -0.4513 0.2890 0.8443
vn -0.1375 -0.9565 0.2571
vn -0.4691 0.0976 0.8777
vn -0.0465 0.9951 0.0869
vn -0.0464 -0.9951 0.0869
vn -0.4692 -0.0975 0.8777
vn -0.1374 0.9566 0.2571
vn -0.4513 -0.2890 0.8443
vn -0.2231 0.8810 0.4173
vn -0.1850 -0.9565 0.2254
vn -0.6314 0.0976 0.7693
vn -0.0625 0.9951 0.0761
vn -0.0625 -0.9951 0.0761
vn -0.6314 -0.0975 0.7693
vn -0.1850 0.9565 0.2254
vn -0.6073 -0.2890 0.7400
vn -0.3002 0.8810 0.3658
vn -0.5601 -0.4696 0.6825
vn -0.4036 0.7715 0.4918
vn -0.4913 -0.6326 0.5987
vn -0.4913 0.6326 0.5987
vn -0.4036 -0.7715 0.4918
vn -0.5601 0.4696 0.6825
vn -0.3002 -0.8810 0.3658
vn -0.6073 0.2890 0.7400
vn -0.5987 -0.6326 0.4913
vn -0.5987 0.6326 0.4913
vn -0.4918 -0.7715 0.4036
vn -0.6825 0.4696 0.5601
vn -0.3658 -0.8810 0.3002
vn -0.7400 0.2890 0.6073
vn -0.2254 -0.9566 0.1850
vn -0.7693 0.0976 0.6314
vn -0.0761 0.9951 0.0625
vn -0.0761 -0.9951 0.0625
vn -0.7693 -0.0975 0.6314
vn -0.2254 0.9565 0.1850
vn -0.7400 -0.2890 0.6073
vn -0.3658 0.8810 0.3002
vn -0.6825 -0.4696 0.5601
vn -0.4918 0.7715 0.4036
vn -0.0869 0.9951 0.0464
vn -0.0869 -0.9951 0.0464
vn -0.8777 -0.0975 0.4692
vn -0.2571 0.9565 0.1374
vn -0.8443 -0.2890 0.4513
vn -0.4173 0.8810 0.2231
vn -0.7786 -0.4696 0.4162
vn -0.5611 0.7715 0.2999
vn -0.6831 -0.6326 0.3651
vn -0.6831 0.6326 0.3651
vn -0.5611 -0.7715 0.2999
vn -0.7786 0.4696 0.4162
vn -0.4173 -0.8810 0.2231
vn -0.8443 0.2890 0.4513
vn -0.2571 -0.9565 0.1375
vn -0.8777 0.0975 0.4692
vn -0.7412 0.6326 0.2248
vn -0.6088 -0.7715 0.1847
vn -0.8448 0.4696 0.2563
vn -0.4528 -0.8810 0.1374
vn -0.9161 0.2890 0.2779
vn -0.2790 -0.9566 0.0846
vn -0.9524 0.0975 0.2889
vn -0.0943 0.9951 0.0286
vn -0.0943 -0.9951 0.0286
vn -0.9524 -0.0975 0.2889
vn -0.2790 0.9565 0.0846
vn -0.9161 -0.2890 0.2779
vn -0.4528 0.8810 0.1374
vn -0.8448 -0.4696 0.2563
vn -0.6088 0.7715 0.1847
vn -0.7412 -0.6326 0.2248
vn -0.9904 -0.0975 0.0976
vn -0.2902 -0.9566 0.0286
vn -0.2902 0.9565 0.0286
vn -0.9527 -0.2890 0.0938
vn -0.0980 -0.9951 0.0097
vn -0.4709 0.8810 0.0464
vn -0.8786 -0.4696 0.0865
vn -0.6332 0.7715 0.0624
vn -0.7708 -0.6326 0.0759
vn -0.7708 0.6326 0.0759
vn -0.6331 -0.7715 0.0624
vn -0.8786 0.4696 0.0865
vn -0.9527 0.2890 0.0938
vn -0.9904 0.0975 0.0975
vn -0.4709 -0.8810 0.0464
vn -0.0980 0.9951 0.0097
vn -0.8786 -0.4696 -0.0865
vn -0.6332 0.7715 -0.0624
vn -0.7708 -0.6326 -0.0759
vn -0.7708 0.6326 -0.0759
vn -0.6332 -0.7715 -0.0624
vn -0.8786 0.4696 -0.0865
vn -0.4709 -0.8810 -0.0464
vn -0.9527 0.2890 -0.0938
vn -0.2902 -0.9565 -0.0286
vn -0.9904 0.0975 -0.0975
vn -0.0980 0.9951 -0.0097
vn -0.0980 -0.9951 -0.0097
vn -0.9904 -0.0975 -0.0976
vn -0.2902 0.9565 -0.0286
vn -0.9527 -0.2890 -0.0938
vn -0.4709 0.8810 -0.0464
vn -0.2790 -0.9566 -0.0846
vn -0.9524 0.0975 -0.2889
vn -0.0943 0.9951 -0.0286
vn -0.0943 -0.9951 -0.0286
vn -0.9524 -0.0976 -0.2889
vn -0.2790 0.9565 -0.0846
vn -0.9161 -0.2890 -0.2779
vn -0.4528 0.8810 -0.1374
vn -0.8448 -0.4696 -0.2563
vn -0.6088 0.7715 -0.1847
vn -0.7412 -0.6326 -0.2248
vn -0.7412 0.6326 -0.2248
vn -0.6088 -0.7715 -0.1847
vn -0.8448 0.4696 -0.2563
vn -0.4528 -0.8810 -0.1374
vn -0.9161 0.2890 -0.2779
vn -0.6831 -0.6326 -0.3651
vn -0.6831 0.6326 -0.3651
vn -0.5611 -0.7715 -0.2999
vn -0.7786 0.4696 -0.4162
vn -0.4173 -0.8810 -0.2231
vn -0.8443 0.2890 -0.4513
vn -0.2571 -0.9566 -0.1374
vn -0.8777 0.0976 -0.4692
vn -0.0869 0.9951 -0.0464
vn -0.0869 -0.9951 -0.0464
vn -0.8777 -0.0975 -0.4692
vn -0.2571 0.9565 -0.1374
vn -0.8443 -0.2890 -0.4513
vn -0.4173 0.8810 -0.2231
vn -0.7786 -0.4696 -0.4162
vn -0.5611 0.7715 -0.2999
vn -0.0761 0.9951 -0.0625
vn -0.0761 -0.9951 -0.0625
vn -0.7693 -0.0975 -0.6314
vn -0.2254 0.9566 -0.1850
vn -0.7400 -0.2890 -0.6073
vn -0.3658 0.8810 -0.3002
vn -0.6825 -0.4696 -0.5601
vn -0.4918 0.7715 -0.4036
vn -0.5987 -0.6326 -0.4913
vn -0.5987 0.6326 -0.4913
vn -0.4918 -0.7715 -0.4036
vn -0.6825 0.4696 -0.5601
vn -0.3658 -0.8810 -0.3002
vn -0.7400 0.2890 -0.6073
vn -0.2254 -0.9566 -0.1850
vn -0.7693 0.0975 -0.6314
vn -0.4913 0.6326 -0.5987
vn -0.4036 -0.7715 -0.4918
vn -0.5601 0.4696 -0.6825
vn -0.3002 -0.8810 -0.3658
vn -0.6073 0.2890 -0.7400
vn -0.1850 -0.9565 -0.2254
vn -0.6314 0.0976 -0.7693
vn -0.0625 0.9951 -0.0761
vn -0.0625 -0.9951 -0.0761
vn -0.6314 -0.0975 -0.7693
vn -0.1850 0.9566 -0.2254
vn -0.6073 -0.2890 -0.7400
vn -0.3002 0.8810 -0.3658
vn -0.5601 -0.4696 -0.6825
vn -0.4036 0.7715 -0.4918
vn -0.4913 -0.6326 -0.5987
vn -0.4692 -0.0975 -0.8777
vn -0.1374 0.9565 -0.2571
vn -0.4513 -0.2890 -0.8443
vn -0.2231 0.8810 -0.4173
vn -0.4162 -0.4696 -0.7786
vn -0.2999 0.7715 -0.5611
vn -0.3651 -0.6326 -0.6831
vn -0.3651 0.6326 -0.6831
vn -0.2999 -0.7715 -0.5611
vn -0.4162 0.4696 -0.7786
vn -0.2231 -0.8810 -0.4173
vn -0.4513 0.2890 -0.8443
vn -0.1375 -0.9565 -0.2571
vn -0.4691 0.0975 -0.8777
vn -0.0465 0.9951 -0.0869
vn -0.0464 -0.9951 -0.0869
vn -0.1847 -0.7715 -0.6088
vn -0.2563 0.4696 -0.8448
vn -0.1374 -0.8810 -0.4528
vn -0.2779 0.2890 -0.9161
vn -0.0846 -0.9566 -0.2790
vn -0.2889 0.0976 -0.9524
vn -0.0286 0.9951 -0.0942
vn -0.0286 -0.9951 -0.0942
vn -0.2889 -0.0975 -0.9524
vn -0.0846 0.9565 -0.2790
vn -0.2779 -0.2890 -0.9161
vn -0.1374 0.8810 -0.4528
vn -0.2563 -0.4696 -0.8448
vn -0.1847 0.7715 -0.6088
vn -0.2248 -0.6326 -0.7412
vn -0.2248 0.6326 -0.7412
vn -0.0286 0.9565 -0.2902
vn -0.0938 -0.2890 -0.9527
vn -0.0464 0.8810 -0.4709
vn -0.0865 -0.4696 -0.8786
vn -0.0624 0.7715 -0.6332
vn -0.0759 -0.6326 -0.7708
vn -0.0759 0.6326 -0.7708
vn -0.0624 -0.7715 -0.6332
vn -0.0865 0.4696 -0.8786
vn -0.0464 -0.8810 -0.4709
vn -0.0938 0.2890 -0.9527
vn -0.0286 -0.9566 -0.2902
vn -0.0976 0.0976 -0.9904
vn -0.0097 0.9951 -0.0980
vn -0.0097 -0.9951 -0.0980
vn -0.0976 -0.0976 -0.9904
vn 0.0975 0.0975 -0.9904
vn 0.0976 -0.0976 -0.9904
vn 0.1374 0.8810 -0.4528
vn 0.2563 -0.4696 -0.8449
vn 0.2889 0.0976 -0.9524
vn 0.2889 -0.0976 -0.9524
vn 0.4692 0.0976 -0.8777
vn 0.0464 0.9951 -0.0869
vn 0.2231 -0.8810 -0.4173
vn 0.4914 -0.6325 -0.5987
vn 0.2254 -0.9565 -0.1850
vn 0.7693 0.0976 -0.6314
vn 0.2254 0.9565 -0.1850
vn 0.2571 -0.9566 -0.1374
vn 0.8777 0.0976 -0.4691
vn 0.0868 0.9951 -0.0464
vn 0.8777 -0.0976 -0.4692
vn 0.2571 0.9565 -0.1375
vn 0.9524 0.0975 -0.2889
vn 0.0942 -0.9951 -0.0286
vn 0.9904 0.0976 -0.0975
vn 0.9904 -0.0976 -0.0976
vn 0.2902 0.9565 -0.0286
vn 0.9904 -0.0975 0.0975
vn 0.6332 -0.7715 0.0624
vn 0.9904 0.0975 0.0975
vn 0.2790 -0.9565 0.0846
vn 0.0942 -0.9951 0.0286
vn 0.9524 -0.0975 0.2889
vn 0.2790 0.9566 0.0846
vn 0.2571 -0.9566 0.1374
vn 0.8777 0.0976 0.4691
vn 0.7693 -0.0975 0.6314
vn 0.4914 0.6326 0.5987
vn 0.6314 0.0976 0.7693
vn 0.6314 -0.0976 0.7693
vn 0.2231 -0.8810 0.4173
vn 0.1375 -0.9565 0.2571
vn 0.4691 0.0975 0.8777
vn 0.4691 -0.0975 0.8777
vn 0.3651 -0.6326 0.6830
vn 0.2563 0.4696 0.8448
vn 0.0846 -0.9566 0.2790
vn 0.0846 0.9566 0.2790
vn 0.0286 -0.9565 0.2902
vn 0.0975 -0.0975 0.9904
vn 0.0623 0.7715 0.6332
vn -0.0286 -0.9565 0.2902
vn -0.0976 -0.0976 0.9904
vn -0.0286 0.9566 0.2902
vn -0.0846 -0.9566 0.2790
vn -0.2889 0.0975 0.9524
vn -0.2889 -0.0976 0.9524
vn -0.1374 0.8810 0.4528
vn -0.2563 0.4696 0.8448
vn -0.2230 -0.8810 0.4173
vn -0.4691 0.0975 0.8777
vn -0.0464 0.9951 0.0869
vn -0.4691 -0.0975 0.8777
vn -0.1374 0.9565 0.2571
vn -0.2230 0.8810 0.4173
vn -0.4914 -0.6326 0.5987
vn -0.6314 0.0975 0.7693
vn -0.2254 -0.9565 0.1850
vn -0.7693 0.0975 0.6314
vn -0.2254 0.9566 0.1850
vn -0.6825 -0.4697 0.5601
vn -0.2571 -0.9566 0.1374
vn -0.8777 0.0976 0.4692
vn -0.0868 0.9951 0.0464
vn -0.0942 -0.9951 0.0286
vn -0.4528 0.8810 0.1373
vn -0.8449 -0.4696 0.2563
vn -0.6332 -0.7715 0.0624
vn -0.9904 0.0975 0.0976
vn -0.9904 0.0975 -0.0976
vn -0.9904 -0.0975 -0.0975
vn -0.8449 0.4696 -0.2563
vn -0.0942 -0.9951 -0.0286
vn -0.9524 -0.0975 -0.2889
vn -0.2790 0.9566 -0.0846
vn -0.8777 0.0975 -0.4691
vn -0.8777 -0.0976 -0.4692
vn -0.2572 0.9565 -0.1375
vn -0.4173 0.8810 -0.2230
vn -0.2254 -0.9565 -0.1850
vn -0.7693 0.0976 -0.6314
vn -0.1850 -0.9566 -0.2254
vn -0.6314 0.0975 -0.7693
vn -0.1850 0.9565 -0.2254
vn -0.4914 -0.6326 -0.5987
vn -0.4914 0.6326 -0.5987
vn -0.0464 0.9951 -0.0869
vn -0.4691 -0.0975 -0.8777
vn -0.1375 0.9565 -0.2571
vn -0.2230 0.8810 -0.4173
vn -0.2889 0.0975 -0.9524
vn -0.2889 -0.0976 -0.9524
vn -0.0846 0.9566 -0.2790
vn -0.1373 0.8810 -0.4528
vn -0.0846 -0.9565 -0.2790
vn -0.0286 -0.9565 -0.2902
vn -0.0976 -0.0975 -0.9904
vn -0.0286 0.9566 -0.2902
vn 0.2248 -0.6326 -0.7411
vn 0.2248 0.6326 -0.7411
vn 0.2563 0.4696 -0.8449
vn 0.1373 -0.8810 -0.4528
vn 0.0847 -0.9565 -0.2790
vn 0.1375 -0.9565 -0.2572
vn 0.4691 0.0976 -0.8777
vn 0.1375 0.9565 -0.2571
vn 0.2230 0.8810 -0.4173
vn 0.3651 -0.6326 -0.6830
vn 0.3651 0.6326 -0.6830
vn 0.4914 0.6325 -0.5987
vn 0.1849 -0.9566 -0.2254
vn 0.1850 0.9565 -0.2254
vn 0.3657 -0.8810 -0.3002
vn 0.2572 0.9565 -0.1375
vn 0.9524 -0.0975 -0.2889
vn 0.4528 -0.8810 -0.1373
vn 0.2790 -0.9565 -0.0846
vn 0.9904 -0.0975 -0.0975
vn 0.9904 -0.0976 0.0975
vn 0.7708 -0.6325 0.0759
vn 0.2901 -0.9566 0.0286
vn 0.8449 0.4696 0.2563
vn 0.9524 0.0976 0.2889
vn 0.7411 0.6326 0.2248
vn 0.4173 0.8810 0.2231
vn 0.6831 -0.6325 0.3651
vn 0.8777 0.0976 0.4692
vn 0.2254 -0.9565 0.1850
vn 0.7693 0.0975 0.6314
vn 0.5987 0.6326 0.4914
vn 0.5601 -0.4697 0.6825
vn 0.1850 -0.9565 0.2254
vn 0.4691 0.0976 0.8777
vn 0.4691 -0.0976 0.8777
vn 0.1375 0.9566 0.2571
vn 0.2230 0.8810 0.4173
vn 0.3651 0.6326 0.6830
vn 0.1374 0.8810 0.4528
vn 0.1374 -0.8810 0.4528
vn 0.0847 -0.9566 0.2790
vn 0.2889 -0.0975 0.9524
vn 0.0846 0.9565 0.2790
vn 0.0975 0.0975 0.9904
vn 0.0624 -0.7715 0.6331
vn -0.0624 -0.7715 0.6331
vn -0.0846 0.9566 0.2790
vn -0.3651 -0.6326 0.6830
vn -0.1374 -0.9566 0.2571
vn -0.4692 0.0975 0.8777
vn -0.4691 -0.0976 0.8777
vn -0.1375 0.9565 0.2571
vn -0.4162 -0.4697 0.7786
vn -0.6314 -0.0976 0.7693
vn -0.3001 -0.8810 0.3657
vn -0.1850 -0.9566 0.2254
vn -0.5987 0.6326 0.4914
vn -0.7693 -0.0976 0.6314
vn -0.8777 -0.0976 0.4692
vn -0.6830 0.6326 0.3651
vn -0.8777 0.0976 0.4691
vn -0.2790 0.9566 0.0846
vn -0.2901 0.9566 0.0286
vn -0.9904 -0.0975 0.0975
vn -0.7708 -0.6325 -0.0759
vn -0.4528 0.8810 -0.1373
vn -0.8449 -0.4696 -0.2563
vn -0.8448 0.4697 -0.2563
vn -0.2571 -0.9566 -0.1375
vn -0.8777 0.0976 -0.4691
vn -0.8777 -0.0975 -0.4691
vn -0.6831 -0.6325 -0.3651
vn -0.5987 0.6326 -0.4914
vn -0.3657 -0.8810 -0.3002
vn -0.0762 0.9951 -0.0625
vn -0.2254 0.9565 -0.1850
vn -0.1849 -0.9566 -0.2254
vn -0.6314 -0.0976 -0.7693
vn -0.4914 0.6325 -0.5987
vn -0.1374 -0.9566 -0.2571
vn -0.4692 0.0976 -0.8777
vn -0.4691 -0.0976 -0.8777
vn -0.1375 0.9566 -0.2571
vn -0.2563 -0.4696 -0.8449
vn -0.0847 -0.9565 -0.2790
vn -0.0975 0.0976 -0.9904
vn -0.0624 0.7715 -0.6331
vn 0.0980 -0.0000 -0.9952
vn 0.2903 -0.0000 -0.9569
vn 0.4714 -0.0000 -0.8819
vn 0.6344 -0.0000 -0.7730
vn 0.7730 -0.0000 -0.6344
vn 0.8819 -0.0000 -0.4714
vn 0.9569 -0.0000 -0.2903
vn 0.9952 -0.0000 -0.0980
vn 0.9952 -0.0000 0.0980
vn 0.9569 -0.0000 0.2903
vn 0.8819 -0.0000 0.4714
vn 0.7730 -0.0000 0.6344
vn 0.6344 -0.0000 0.7730
vn 0.4714 -0.0000 0.8819
vn 0.2903 -0.0000 0.9569
vn 0.0980 -0.0000 0.9952
vn -0.0980 -0.0000 0.9952
vn -0.2903 -0.0000 0.9569
vn -0.4714 -0.0000 0.8819
vn -0.6344 -0.0000 0.7730
vn -0.7730 -0.0000 0.6344
vn -0.8819 -0.0000 0.4714
vn -0.9569 -0.0000 0.2903
vn -0.9952 -0.0000 0.0980
vn -0.9952 -0.0000 -0.0980
vn -0.9569 -0.0000 -0.2903
vn -0.8819 -0.0000 -0.4714
vn -0.7730 -0.0000 -0.6344
vn -0.6344 -0.0000 -0.7730
vn -0.4714 -0.0000 -0.8819
vn -0.2903 -0.0000 -0.9569
vn -0.0980 -0.0000 -0.9952
vn 0.0408 0.0891 -0.9952
vn 0.1207 0.2640 -0.9569
vn 0.1960 0.4287 -0.8819
vn 0.2638 0.5769 -0.7730
vn 0.3215 0.7030 -0.6344
vn 0.3668 0.8020 -0.4714
vn 0.3980 0.8703 -0.2903
vn 0.4139 0.9050 -0.0980
vn 0.4139 0.9050 0.0980
vn 0.3980 0.8703 0.2903
vn 0.3668 0.8020 0.4714
vn 0.3215 0.7030 0.6344
vn 0.2638 0.5769 0.7730
vn 0.1960 0.4287 0.8819
vn 0.1207 0.2640 0.9569
vn 0.0408 0.0891 0.9952
vn -0.0408 -0.0891 0.9952
vn -0.1207 -0.2640 0.9569
vn -0.1960 -0.4287 0.8819
vn -0.2638 -0.5769 0.7730
vn -0.3215 -0.7030 0.6344
vn -0.3668 -0.8020 0.4714
vn -0.3980 -0.8703 0.2903
vn -0.4139 -0.9050 0.0980
vn -0.4139 -0.9050 -0.0980
vn -0.3980 -0.8703 -0.2903
vn -0.3668 -0.8020 -0.4714
vn -0.3215 -0.7030 -0.6344
vn -0.2638 -0.5769 -0.7730
vn -0.1960 -0.4287 -0.8819
vn -0.9094 0.4159 -0.0000
vn -0.1207 -0.2640 -0.9569
vn -0.0408 -0.0891 -0.9952
vn 0.9094 -0.4159 -0.0000
vn 0.0408 0.0892 0.9952
vn -0.9281 0.3724 -0.0000
vn 0.9281 -0.3724 -0.0000
vn -0.3724 -0.9281 -0.0000
vn 0.3724 0.9281 -0.0000
vn -0.0000 0.4226 -0.9063
vn -0.0000 -0.4226 0.9063
vn -0.0000 -0.9063 -0.4226
vn -0.0000 0.9063 0.4226
vn -0.0000 0.4226 0.9063
vn -0.0000 -0.4226 -0.9063
vn -0.0000 -0.9063 0.4226
vn -0.0000 0.9063 -0.4226
vn 0.9165 0.4000 -0.0000
vn -0.9165 -0.4000 -0.0000
vn 0.4000 -0.9165 -0.0000
vn -0.4000 0.9165 -0.0000
vn 0.0286 -0.9565 -0.2902
vn 0.0286 0.9566 -0.2902
vn 0.0846 -0.9565 -0.2790
vn 0.1374 -0.9566 -0.2571
vn 0.4691 -0.0975 -0.8777
vn 0.1850 -0.9566 -0.2254
vn 0.6314 0.0975 -0.7693
vn 0.6314 -0.0976 -0.7693
vn 0.4173 -0.8810 -0.2230
vn 0.8777 0.0975 -0.4692
vn 0.2571 0.9566 -0.1375
vn 0.2790 0.9566 -0.0846
vn 0.2902 -0.9566 -0.0286
vn 0.9904 0.0976 -0.0976
vn 0.2902 0.9566 0.0286
vn 0.2902 -0.9565 0.0286
vn 0.8449 -0.4696 0.2563
vn 0.2571 0.9566 0.1375
vn 0.4173 -0.8810 0.2230
vn 0.8777 0.0975 0.4691
vn 0.1850 0.9566 0.2254
vn 0.4692 -0.0976 0.8777
vn 0.2563 -0.4696 0.8449
vn 0.0976 0.0975 0.9904
vn 0.0975 -0.0976 0.9904
vn 0.0286 0.9566 0.2902
vn -0.0976 0.0975 0.9904
vn -0.0975 -0.0975 0.9904
vn -0.2563 -0.4696 0.8449
vn -0.1374 -0.8810 0.4528
vn -0.1850 0.9566 0.2254
vn -0.8777 -0.0975 0.4691
vn -0.2571 0.9565 0.1375
vn -0.8777 0.0975 0.4691
vn -0.2790 -0.9565 0.0846
vn -0.9524 0.0976 0.2889
vn -0.9524 -0.0976 0.2889
vn -0.2902 -0.9565 0.0286
vn -0.2902 0.9566 0.0286
vn -0.2902 -0.9566 -0.0286
vn -0.2901 0.9566 -0.0286
vn -0.2790 -0.9565 -0.0846
vn -0.9524 0.0976 -0.2889
vn -0.4173 -0.8810 -0.2230
vn -0.2571 -0.9565 -0.1374
vn -0.8777 0.0975 -0.4692
vn -0.2571 0.9566 -0.1374
vn -0.3657 0.8810 -0.3002
vn -0.2230 -0.8810 -0.4173
vn -0.4691 0.0976 -0.8777
vn 0.0976 0.0976 -0.9904
vn 0.0285 0.9565 -0.2902
vn 0.0846 0.9566 -0.2790
vn 0.4692 -0.0976 -0.8777
vn 0.4913 0.6325 -0.5987
vn 0.7693 -0.0976 -0.6314
vn 0.6830 -0.6326 -0.3651
vn 0.6830 0.6326 -0.3651
vn 0.8777 0.0976 -0.4692
vn 0.8777 -0.0976 -0.4691
vn 0.2571 0.9566 -0.1374
vn 0.4173 0.8810 -0.2231
vn 0.8449 -0.4696 -0.2563
vn 0.8449 0.4696 -0.2563
vn 0.9904 0.0975 -0.0976
vn 0.2571 0.9566 0.1374
vn 0.8777 -0.0976 0.4691
vn 0.2254 0.9566 0.1850
vn 0.4914 -0.6326 0.5987
vn 0.1375 0.9565 0.2571
vn 0.0624 0.7715 0.6331
vn -0.0976 0.0976 0.9904
vn -0.3651 0.6326 0.6830
vn -0.6825 0.4697 0.5601
vn -0.8777 -0.0976 0.4691
vn -0.2571 0.9566 0.1374
vn -0.4173 0.8810 0.2230
vn -0.4173 -0.8810 0.2230
vn -0.2571 -0.9565 0.1374
vn -0.8449 0.4696 0.2563
vn -0.4528 -0.8810 0.1373
vn -0.2572 -0.9565 -0.1375
vn -0.6830 0.6326 -0.3651
vn -0.7693 -0.0976 -0.6314
vn -0.0847 0.9565 -0.2790
vn -0.0976 0.0975 -0.9904
vn 0.0624 0.7715 -0.6331
vn 0.0759 0.6325 -0.7708
vn 0.0624 -0.7715 -0.6331
vn 0.0976 0.0975 -0.9904
vn 0.0975 -0.0976 -0.9904
vn 0.3002 -0.8810 -0.3657
vn 0.3657 0.8810 -0.3002
vn 0.2572 -0.9565 -0.1374
vn 0.4528 0.8810 -0.1373
vn 0.2901 0.9566 0.0286
vn 0.9904 0.0976 0.0975
vn 0.6831 0.6325 0.3651
vn 0.5987 -0.6326 0.4914
vn 0.5601 0.4697 0.6825
vn 0.1374 0.9565 0.2572
vn 0.2889 0.0975 0.9524
vn -0.0624 0.7715 0.6331
vn -0.0866 0.4696 0.8786
vn -0.4162 0.4697 0.7786
vn -0.3001 0.8810 0.3657
vn -0.5987 -0.6326 0.4914
vn -0.2572 0.9565 0.1375
vn -0.6831 0.6325 0.3651
vn -0.2572 -0.9565 0.1375
vn -0.2901 -0.9566 0.0286
vn -0.8448 -0.4697 -0.2563
vn -0.4528 -0.8810 -0.1373
vn -0.2572 -0.9565 -0.1374
vn -0.8777 -0.0976 -0.4691
vn -0.6831 0.6325 -0.3651
vn -0.1849 0.9566 -0.2254
vn -0.1375 -0.9566 -0.2571
vn -0.4692 -0.0976 -0.8777
vn -0.1374 0.9565 -0.2572
vn -0.2563 0.4696 -0.8449
vn -0.0624 -0.7715 -0.6331
vn -0.0975 -0.0976 -0.9904
vn -0.9094 0.4158 -0.0000
vn 0.9094 -0.4158 -0.0000
vt 0.625000 0.250000
vt 0.406534 0.000000
vt 0.588187 0.000000
vt 0.588187 0.500000
vt 0.406534 0.500000
vt 0.375000 0.250000
vt 0.625000 0.500000
vt 0.596521 0.750000
vt 0.596521 0.500000
vt 0.375000 0.750000
vt 0.398201 0.500000
vt 0.398201 0.750000
vt 0.406534 0.750000
vt 0.625000 0.750000
vt 0.596521 1.000000
vt 0.375000 1.000000
vt 0.398201 1.000000
vt 0.588187 0.750000
vt 0.406534 1.000000
vt 0.375000 0.500000
vt 0.125000 0.750000
vt 0.125000 0.500000
vt 0.875000 0.500000
vt 0.596521 0.000000
vt 0.625000 0.000000
vt 0.588187 0.250000
vt 0.398201 0.000000
vt 0.398201 0.250000
vt 0.406534 0.250000
vt 0.596521 0.250000
vt 0.588187 1.000000
vt 0.375000 0.000000
vt 0.625000 1.000000
vt 0.361111 0.513889
vt 0.256944 0.513889
vt 0.138889 0.736111
vt 0.243056 0.736111
vt 0.875000 0.750000
vt 0.756944 0.736111
vt 0.861111 0.736111
vt 0.743056 0.513889
vt 0.638889 0.513889
vt 0.415541 0.117188
vt 0.584459 0.132812
vt 0.584459 0.117188
vt 0.415541 0.367188
vt 0.584459 0.382812
vt 0.584459 0.367188
vt 0.415541 0.632812
vt 0.584459 0.617188
vt 0.415541 0.617188
vt 0.584459 0.867188
vt 0.415541 0.882812
vt 0.584459 0.882812
vt 0.256944 0.736111
vt 0.500000 0.000000
vt 0.500000 0.750000
vt 0.625000 0.875000
vt 0.500000 1.000000
vt 0.500000 0.937500
vt 0.250000 0.750000
vt 0.187500 0.750000
vt 0.750000 0.750000
vt 0.437500 0.937500
vt 0.437500 1.000000
vt 0.437500 0.875000
vt 0.375000 0.875000
vt 0.500000 0.875000
vt 0.375000 0.937500
vt 0.181819 0.000000
vt 0.227273 0.078731
vt 0.136365 0.078731
vt 0.272728 0.157461
vt 0.318182 0.078731
vt 0.363637 0.157461
vt 0.909091 0.000000
vt 0.954545 0.078731
vt 0.863636 0.078731
vt 0.727273 0.000000
vt 0.772727 0.078731
vt 0.681818 0.078731
vt 0.545455 0.000000
vt 0.590909 0.078731
vt 0.500000 0.078731
vt 0.318182 0.236191
vt 0.090910 0.157461
vt 0.181819 0.157461
vt 0.136365 0.236191
vt 0.818182 0.157461
vt 0.909091 0.157461
vt 0.863636 0.236191
vt 0.636364 0.157461
vt 0.727273 0.157461
vt 0.681818 0.236191
vt 0.454546 0.157461
vt 0.545455 0.157461
vt 0.500000 0.236191
vt 0.227273 0.236191
vt 0.045455 0.236191
vt 0.772727 0.236191
vt 0.590909 0.236191
vt 0.409092 0.236191
vt 0.181819 0.314921
vt 0.272728 0.314921
vt 0.227273 0.393651
vt 0.000000 0.314921
vt 0.090910 0.314921
vt 0.045455 0.393651
vt 0.727273 0.314921
vt 0.818182 0.314921
vt 0.772727 0.393651
vt 0.545455 0.314921
vt 0.636364 0.314921
vt 0.590909 0.393651
vt 0.363637 0.314921
vt 0.454546 0.314921
vt 0.409092 0.393651
vt 0.500000 0.393651
vt 0.454546 0.472382
vt 0.681818 0.393651
vt 0.636364 0.472382
vt 0.863636 0.393651
vt 0.818182 0.472382
vt 0.909091 0.314921
vt 0.136365 0.393651
vt 0.090910 0.472382
vt 0.318182 0.393651
vt 0.272728 0.472382
vt 0.954545 0.236191
vt 1.000000 0.157461
vt 0.409092 0.078731
vt 0.363637 0.000000
vt 0.750000 0.375000
vt 0.718750 0.312500
vt 0.750000 0.312500
vt 0.750000 0.750000
vt 0.718750 0.812500
vt 0.718750 0.750000
vt 0.718750 0.250000
vt 0.750000 0.250000
vt 0.750000 0.687500
vt 0.718750 0.687500
vt 0.718750 0.187500
vt 0.750000 0.187500
vt 0.750000 0.625000
vt 0.718750 0.625000
vt 0.750000 0.125000
vt 0.718750 0.125000
vt 0.750000 0.562500
vt 0.718750 0.562500
vt 0.750000 0.062500
vt 0.718750 0.062500
vt 0.718750 0.500000
vt 0.750000 0.500000
vt 0.750000 0.937500
vt 0.734375 1.000000
vt 0.718750 0.937500
vt 0.734375 0.000000
vt 0.718750 0.437500
vt 0.750000 0.437500
vt 0.718750 0.875000
vt 0.750000 0.875000
vt 0.718750 0.375000
vt 0.750000 0.812500
vt 0.687500 0.437500
vt 0.687500 0.375000
vt 0.687500 0.812500
vt 0.687500 0.312500
vt 0.687500 0.750000
vt 0.687500 0.250000
vt 0.687500 0.687500
vt 0.687500 0.187500
vt 0.687500 0.625000
vt 0.687500 0.125000
vt 0.687500 0.562500
vt 0.687500 0.062500
vt 0.687500 0.500000
vt 0.703125 1.000000
vt 0.687500 0.937500
vt 0.703125 0.000000
vt 0.687500 0.875000
vt 0.656250 0.125000
vt 0.656250 0.625000
vt 0.656250 0.562500
vt 0.656250 0.062500
vt 0.656250 0.500000
vt 0.671875 1.000000
vt 0.656250 0.937500
vt 0.671875 0.000000
vt 0.656250 0.437500
vt 0.656250 0.875000
vt 0.656250 0.375000
vt 0.656250 0.812500
vt 0.656250 0.312500
vt 0.656250 0.750000
vt 0.656250 0.250000
vt 0.656250 0.687500
vt 0.656250 0.187500
vt 0.625000 0.812500
vt 0.625000 0.312500
vt 0.625000 0.687500
vt 0.625000 0.187500
vt 0.625000 0.625000
vt 0.625000 0.125000
vt 0.625000 0.562500
vt 0.625000 0.062500
vt 0.640625 1.000000
vt 0.625000 0.937500
vt 0.640625 0.000000
vt 0.625000 0.437500
vt 0.625000 0.375000
vt 0.593750 0.625000
vt 0.593750 0.562500
vt 0.593750 0.125000
vt 0.593750 0.062500
vt 0.593750 0.500000
vt 0.609375 1.000000
vt 0.593750 0.937500
vt 0.609375 0.000000
vt 0.593750 0.437500
vt 0.593750 0.875000
vt 0.593750 0.375000
vt 0.593750 0.812500
vt 0.593750 0.312500
vt 0.593750 0.750000
vt 0.593750 0.250000
vt 0.593750 0.687500
vt 0.593750 0.187500
vt 0.562500 0.375000
vt 0.562500 0.312500
vt 0.562500 0.750000
vt 0.562500 0.250000
vt 0.562500 0.687500
vt 0.562500 0.187500
vt 0.562500 0.625000
vt 0.562500 0.125000
vt 0.562500 0.562500
vt 0.562500 0.062500
vt 0.562500 0.500000
vt 0.578125 1.000000
vt 0.562500 0.937500
vt 0.578125 0.000000
vt 0.562500 0.437500
vt 0.562500 0.875000
vt 0.562500 0.812500
vt 0.531250 0.062500
vt 0.531250 0.500000
vt 0.546875 1.000000
vt 0.531250 0.937500
vt 0.546875 0.000000
vt 0.531250 0.437500
vt 0.531250 0.875000
vt 0.531250 0.375000
vt 0.531250 0.812500
vt 0.531250 0.312500
vt 0.531250 0.750000
vt 0.531250 0.250000
vt 0.531250 0.687500
vt 0.531250 0.187500
vt 0.531250 0.625000
vt 0.531250 0.125000
vt 0.531250 0.562500
vt 0.500000 0.812500
vt 0.500000 0.750000
vt 0.500000 0.312500
vt 0.500000 0.250000
vt 0.500000 0.687500
vt 0.500000 0.187500
vt 0.500000 0.625000
vt 0.500000 0.125000
vt 0.500000 0.562500
vt 0.500000 0.062500
vt 0.500000 0.500000
vt 0.515625 1.000000
vt 0.500000 0.937500
vt 0.515625 0.000000
vt 0.500000 0.437500
vt 0.500000 0.375000
vt 0.468750 0.500000
vt 0.484375 1.000000
vt 0.468750 0.937500
vt 0.484375 0.000000
vt 0.468750 0.062500
vt 0.468750 0.437500
vt 0.468750 0.875000
vt 0.468750 0.375000
vt 0.468750 0.812500
vt 0.468750 0.312500
vt 0.468750 0.750000
vt 0.468750 0.250000
vt 0.468750 0.687500
vt 0.468750 0.187500
vt 0.468750 0.625000
vt 0.468750 0.125000
vt 0.468750 0.562500
vt 0.437500 0.312500
vt 0.437500 0.250000
vt 0.437500 0.687500
vt 0.437500 0.187500
vt 0.437500 0.625000
vt 0.437500 0.125000
vt 0.437500 0.562500
vt 0.437500 0.062500
vt 0.437500 0.500000
vt 0.453125 1.000000
vt 0.437500 0.937500
vt 0.453125 0.000000
vt 0.437500 0.437500
vt 0.437500 0.375000
vt 0.437500 0.812500
vt 0.437500 0.750000
vt 0.421875 0.000000
vt 0.406250 0.062500
vt 0.406250 0.500000
vt 0.406250 0.437500
vt 0.406250 0.875000
vt 0.406250 0.375000
vt 0.406250 0.812500
vt 0.406250 0.312500
vt 0.406250 0.750000
vt 0.406250 0.250000
vt 0.406250 0.687500
vt 0.406250 0.187500
vt 0.406250 0.625000
vt 0.406250 0.125000
vt 0.406250 0.562500
vt 0.421875 1.000000
vt 0.406250 0.937500
vt 0.375000 0.187500
vt 0.375000 0.687500
vt 0.375000 0.625000
vt 0.375000 0.125000
vt 0.375000 0.562500
vt 0.375000 0.062500
vt 0.375000 0.500000
vt 0.390625 1.000000
vt 0.375000 0.937500
vt 0.390625 0.000000
vt 0.375000 0.437500
vt 0.375000 0.375000
vt 0.375000 0.812500
vt 0.375000 0.312500
vt 0.375000 0.750000
vt 0.343750 0.937500
vt 0.343750 0.875000
vt 0.343750 0.375000
vt 0.343750 0.812500
vt 0.343750 0.312500
vt 0.343750 0.750000
vt 0.343750 0.250000
vt 0.343750 0.687500
vt 0.343750 0.187500
vt 0.343750 0.625000
vt 0.343750 0.125000
vt 0.343750 0.562500
vt 0.343750 0.062500
vt 0.343750 0.500000
vt 0.359375 1.000000
vt 0.359375 0.000000
vt 0.343750 0.437500
vt 0.312500 0.625000
vt 0.312500 0.187500
vt 0.312500 0.125000
vt 0.312500 0.562500
vt 0.312500 0.062500
vt 0.312500 0.500000
vt 0.328125 1.000000
vt 0.312500 0.937500
vt 0.328125 0.000000
vt 0.312500 0.437500
vt 0.312500 0.875000
vt 0.312500 0.375000
vt 0.312500 0.812500
vt 0.312500 0.312500
vt 0.312500 0.750000
vt 0.312500 0.250000
vt 0.312500 0.687500
vt 0.281250 0.375000
vt 0.281250 0.812500
vt 0.281250 0.312500
vt 0.281250 0.750000
vt 0.281250 0.250000
vt 0.281250 0.687500
vt 0.281250 0.187500
vt 0.281250 0.625000
vt 0.281250 0.125000
vt 0.281250 0.562500
vt 0.281250 0.062500
vt 0.281250 0.500000
vt 0.296875 1.000000
vt 0.281250 0.937500
vt 0.296875 0.000000
vt 0.281250 0.437500
vt 0.281250 0.875000
vt 0.250000 0.187500
vt 0.250000 0.125000
vt 0.250000 0.625000
vt 0.250000 0.562500
vt 0.250000 0.062500
vt 0.250000 0.500000
vt 0.265625 1.000000
vt 0.250000 0.937500
vt 0.265625 0.000000
vt 0.250000 0.437500
vt 0.250000 0.875000
vt 0.250000 0.375000
vt 0.250000 0.812500
vt 0.250000 0.312500
vt 0.250000 0.750000
vt 0.250000 0.250000
vt 0.250000 0.687500
vt 0.218750 0.875000
vt 0.218750 0.812500
vt 0.218750 0.312500
vt 0.218750 0.750000
vt 0.218750 0.250000
vt 0.218750 0.687500
vt 0.218750 0.187500
vt 0.218750 0.625000
vt 0.218750 0.125000
vt 0.218750 0.562500
vt 0.218750 0.062500
vt 0.218750 0.500000
vt 0.234375 1.000000
vt 0.218750 0.937500
vt 0.234375 0.000000
vt 0.218750 0.437500
vt 0.218750 0.375000
vt 0.187500 0.562500
vt 0.187500 0.125000
vt 0.187500 0.062500
vt 0.187500 0.500000
vt 0.203125 1.000000
vt 0.187500 0.937500
vt 0.203125 0.000000
vt 0.187500 0.437500
vt 0.187500 0.875000
vt 0.187500 0.375000
vt 0.187500 0.812500
vt 0.187500 0.312500
vt 0.187500 0.750000
vt 0.187500 0.250000
vt 0.187500 0.687500
vt 0.187500 0.187500
vt 0.187500 0.625000
vt 0.156250 0.312500
vt 0.156250 0.750000
vt 0.156250 0.250000
vt 0.156250 0.687500
vt 0.156250 0.187500
vt 0.156250 0.625000
vt 0.156250 0.125000
vt 0.156250 0.562500
vt 0.156250 0.062500
vt 0.156250 0.500000
vt 0.171875 1.000000
vt 0.156250 0.937500
vt 0.171875 0.000000
vt 0.156250 0.437500
vt 0.156250 0.875000
vt 0.156250 0.375000
vt 0.156250 0.812500
vt 0.125000 0.062500
vt 0.125000 0.500000
vt 0.140625 1.000000
vt 0.125000 0.937500
vt 0.140625 0.000000
vt 0.125000 0.437500
vt 0.125000 0.875000
vt 0.125000 0.375000
vt 0.125000 0.812500
vt 0.125000 0.312500
vt 0.125000 0.750000
vt 0.125000 0.250000
vt 0.125000 0.687500
vt 0.125000 0.187500
vt 0.125000 0.625000
vt 0.125000 0.125000
vt 0.125000 0.562500
vt 0.093750 0.250000
vt 0.093750 0.750000
vt 0.093750 0.687500
vt 0.093750 0.187500
vt 0.093750 0.625000
vt 0.093750 0.125000
vt 0.093750 0.562500
vt 0.093750 0.062500
vt 0.093750 0.500000
vt 0.109375 1.000000
vt 0.093750 0.937500
vt 0.109375 0.000000
vt 0.093750 0.437500
vt 0.093750 0.875000
vt 0.093750 0.375000
vt 0.093750 0.812500
vt 0.093750 0.312500
vt 0.078125 1.000000
vt 0.062500 0.937500
vt 0.078125 0.000000
vt 0.062500 0.062500
vt 0.062500 0.500000
vt 0.062500 0.437500
vt 0.062500 0.875000
vt 0.062500 0.375000
vt 0.062500 0.812500
vt 0.062500 0.312500
vt 0.062500 0.750000
vt 0.062500 0.250000
vt 0.062500 0.687500
vt 0.062500 0.187500
vt 0.062500 0.625000
vt 0.062500 0.125000
vt 0.062500 0.562500
vt 0.031250 0.750000
vt 0.031250 0.687500
vt 0.031250 0.250000
vt 0.031250 0.187500
vt 0.031250 0.625000
vt 0.031250 0.125000
vt 0.031250 0.562500
vt 0.031250 0.062500
vt 0.031250 0.500000
vt 0.046875 1.000000
vt 0.031250 0.937500
vt 0.046875 0.000000
vt 0.031250 0.437500
vt 0.031250 0.875000
vt 0.031250 0.375000
vt 0.031250 0.812500
vt 0.031250 0.312500
vt 0.000000 0.500000
vt 0.000000 0.437500
vt 0.000000 0.125000
vt 0.000000 0.062500
vt 0.000000 0.875000
vt 0.000000 0.375000
vt 0.015625 0.000000
vt 0.000000 0.812500
vt 0.000000 0.312500
vt 0.000000 0.750000
vt 0.000000 0.250000
vt 0.000000 0.687500
vt 0.000000 0.187500
vt 0.000000 0.625000
vt 0.000000 0.562500
vt 0.015625 1.000000
vt 0.000000 0.937500
vt 1.000000 0.312500
vt 0.968750 0.375000
vt 0.968750 0.312500
vt 1.000000 0.812500
vt 0.968750 0.750000
vt 1.000000 0.750000
vt 0.968750 0.250000
vt 1.000000 0.250000
vt 1.000000 0.687500
vt 0.968750 0.687500
vt 1.000000 0.187500
vt 0.968750 0.187500
vt 0.968750 0.625000
vt 1.000000 0.625000
vt 0.968750 0.125000
vt 1.000000 0.125000
vt 0.968750 0.562500
vt 1.000000 0.562500
vt 1.000000 0.062500
vt 0.968750 0.062500
vt 0.968750 0.500000
vt 1.000000 0.500000
vt 1.000000 0.937500
vt 0.984375 1.000000
vt 0.968750 0.937500
vt 0.984375 0.000000
vt 0.968750 0.437500
vt 1.000000 0.437500
vt 1.000000 0.875000
vt 0.968750 0.875000
vt 1.000000 0.375000
vt 0.968750 0.812500
vt 0.937500 0.125000
vt 0.937500 0.062500
vt 0.937500 0.562500
vt 0.937500 0.500000
vt 0.953125 1.000000
vt 0.937500 0.937500
vt 0.953125 0.000000
vt 0.937500 0.437500
vt 0.937500 0.875000
vt 0.937500 0.375000
vt 0.937500 0.812500
vt 0.937500 0.312500
vt 0.937500 0.750000
vt 0.937500 0.250000
vt 0.937500 0.687500
vt 0.937500 0.187500
vt 0.937500 0.625000
vt 0.906250 0.250000
vt 0.906250 0.750000
vt 0.906250 0.687500
vt 0.906250 0.187500
vt 0.906250 0.625000
vt 0.906250 0.125000
vt 0.906250 0.562500
vt 0.906250 0.062500
vt 0.906250 0.500000
vt 0.921875 1.000000
vt 0.906250 0.937500
vt 0.921875 0.000000
vt 0.906250 0.437500
vt 0.906250 0.875000
vt 0.906250 0.375000
vt 0.906250 0.812500
vt 0.906250 0.312500
vt 0.890625 1.000000
vt 0.875000 0.937500
vt 0.890625 0.000000
vt 0.875000 0.062500
vt 0.875000 0.437500
vt 0.875000 0.875000
vt 0.875000 0.375000
vt 0.875000 0.812500
vt 0.875000 0.312500
vt 0.875000 0.750000
vt 0.875000 0.250000
vt 0.875000 0.687500
vt 0.875000 0.187500
vt 0.875000 0.625000
vt 0.875000 0.125000
vt 0.875000 0.562500
vt 0.875000 0.500000
vt 0.843750 0.750000
vt 0.843750 0.687500
vt 0.843750 0.187500
vt 0.843750 0.625000
vt 0.843750 0.125000
vt 0.843750 0.562500
vt 0.843750 0.062500
vt 0.843750 0.500000
vt 0.859375 1.000000
vt 0.843750 0.937500
vt 0.859375 0.000000
vt 0.843750 0.437500
vt 0.843750 0.875000
vt 0.843750 0.375000
vt 0.843750 0.812500
vt 0.843750 0.312500
vt 0.843750 0.250000
vt 0.812500 0.437500
vt 0.812500 0.875000
vt 0.812500 0.375000
vt 0.812500 0.812500
vt 0.812500 0.312500
vt 0.812500 0.750000
vt 0.812500 0.250000
vt 0.812500 0.687500
vt 0.812500 0.187500
vt 0.812500 0.625000
vt 0.812500 0.125000
vt 0.812500 0.562500
vt 0.812500 0.062500
vt 0.812500 0.500000
vt 0.828125 1.000000
vt 0.812500 0.937500
vt 0.828125 0.000000
vt 0.781250 0.187500
vt 0.781250 0.687500
vt 0.781250 0.625000
vt 0.781250 0.125000
vt 0.781250 0.562500
vt 0.781250 0.062500
vt 0.781250 0.500000
vt 0.796875 1.000000
vt 0.781250 0.937500
vt 0.796875 0.000000
vt 0.781250 0.437500
vt 0.781250 0.875000
vt 0.781250 0.375000
vt 0.781250 0.812500
vt 0.781250 0.312500
vt 0.781250 0.750000
vt 0.781250 0.250000
vt 0.765625 1.000000
vt 0.765625 0.000000
vt 1.000000 1.000000
vt 0.968750 0.500000
vt 0.968750 1.000000
vt 0.937500 0.500000
vt 0.937500 1.000000
vt 0.906250 0.500000
vt 0.906250 1.000000
vt 0.875000 1.000000
vt 0.843750 0.500000
vt 0.843750 1.000000
vt 0.812500 0.500000
vt 0.812500 1.000000
vt 0.781250 0.500000
vt 0.781250 1.000000
vt 0.750000 1.000000
vt 0.718750 1.000000
vt 0.687500 1.000000
vt 0.656250 1.000000
vt 0.593750 1.000000
vt 0.562500 1.000000
vt 0.531250 1.000000
vt 0.500000 0.500000
vt 0.468750 0.500000
vt 0.468750 1.000000
vt 0.437500 0.500000
vt 0.406250 0.500000
vt 0.406250 1.000000
vt 0.343750 0.500000
vt 0.343750 1.000000
vt 0.312500 0.500000
vt 0.312500 1.000000
vt 0.281250 0.500000
vt 0.281250 1.000000
vt 0.250000 0.500000
vt 0.250000 1.000000
vt 0.218750 0.500000
vt 0.218750 1.000000
vt 0.187500 0.500000
vt 0.187500 1.000000
vt 0.156250 0.500000
vt 0.156250 1.000000
vt 0.125000 1.000000
vt 0.093750 0.500000
vt 0.093750 1.000000
vt 0.062500 0.500000
vt 0.158156 0.028269
vt 0.471731 0.158156
vt 0.341844 0.471731
vt 0.062500 1.000000
vt 0.031250 0.500000
vt 0.031250 1.000000
vt 0.796822 0.014612
vt 0.514612 0.203178
vt 0.703178 0.485388
vt 0.000000 1.000000
vt 0.138889 0.631944
vt 0.361111 0.736111
vt 0.361111 0.631944
vt 0.138889 0.618056
vt 0.361111 0.618056
vt 0.138889 0.513889
vt 0.243056 0.513889
vt 0.861111 0.618056
vt 0.861111 0.513889
vt 0.638889 0.736111
vt 0.743056 0.736111
vt 0.861111 0.631944
vt 0.638889 0.631944
vt 0.756944 0.513889
vt 0.638889 0.618056
vt 0.415541 0.132812
vt 0.415541 0.382812
vt 0.584459 0.632812
vt 0.415541 0.867188
vt 0.437500 0.000000
vt 0.296822 0.485388
vt 0.250000 0.490000
vt 0.203178 0.485388
vt 0.158156 0.471731
vt 0.116663 0.449553
vt 0.080294 0.419706
vt 0.050447 0.383337
vt 0.028269 0.341844
vt 0.014612 0.296822
vt 0.010000 0.250000
vt 0.014612 0.203178
vt 0.028269 0.158156
vt 0.050447 0.116663
vt 0.080294 0.080294
vt 0.116663 0.050447
vt 0.203178 0.014612
vt 0.250000 0.010000
vt 0.296822 0.014612
vt 0.341844 0.028269
vt 0.383337 0.050447
vt 0.419706 0.080294
vt 0.449553 0.116663
vt 0.485388 0.203178
vt 0.490000 0.250000
vt 0.485388 0.296822
vt 0.471731 0.341844
vt 0.449553 0.383337
vt 0.419706 0.419706
vt 0.383337 0.449553
vt 0.750000 0.490000
vt 0.796822 0.485388
vt 0.841844 0.471731
vt 0.883337 0.449553
vt 0.919706 0.419706
vt 0.949553 0.383337
vt 0.971731 0.341844
vt 0.985388 0.296822
vt 0.990000 0.250000
vt 0.985388 0.203178
vt 0.971731 0.158156
vt 0.949553 0.116663
vt 0.919706 0.080294
vt 0.883337 0.050447
vt 0.841844 0.028269
vt 0.750000 0.010000
vt 0.703178 0.014612
vt 0.658156 0.028269
vt 0.616663 0.050447
vt 0.580294 0.080294
vt 0.550447 0.116663
vt 0.528269 0.158156
vt 0.510000 0.250000
vt 0.514612 0.296822
vt 0.528269 0.341844
vt 0.550447 0.383337
vt 0.580294 0.419706
vt 0.616663 0.449553
vt 0.658156 0.471731
s 0
usemtl マテリアル.022
f 393/56/1 388/1/1 387/6/1
f 388/1/2 391/20/2 387/6/2
f 392/7/3 394/57/3 389/10/3
f 396/58/4 393/59/4 400/60/4
f 391/20/5 395/61/5 399/62/5
f 402/64/4 393/59/4 398/65/4
f 394/57/4 401/66/4 395/67/4
f 390/14/4 397/68/4 394/57/4
f 399/69/4 398/65/4 385/16/4
f 402/64/1 403/69/1 406/64/1
f 397/68/4 402/64/4 401/66/4
f 404/61/5 407/62/5 403/62/5
f 401/66/3 404/67/3 395/67/3
f 395/61/5 403/62/5 399/62/5
f 402/64/7 405/66/7 401/66/7
f 409/66/4 407/69/4 408/67/4
f 407/62/5 425/62/5 403/62/5
f 408/67/4 413/66/4 409/66/4
f 411/66/3 414/67/3 412/67/3
f 404/67/2 411/66/2 412/67/2
f 404/61/5 414/61/5 408/61/5
f 409/66/1 415/66/1 405/66/1
f 415/66/8 423/66/8 417/66/8
f 405/66/2 417/66/2 411/66/2
f 409/66/4 418/66/4 416/66/4
f 411/66/3 418/66/3 413/66/3
f 418/66/9 423/66/9 422/66/9
f 416/66/10 422/66/10 421/66/10
f 416/66/11 420/66/11 415/66/11
f 425/69/1 426/64/1 424/64/1
f 410/64/4 427/69/4 407/69/4
f 403/69/2 424/64/2 406/64/2
f 424/64/2 475/64/2 429/64/2
f 475/64/12 430/64/12 474/64/12
f 406/64/3 428/64/3 410/64/3
f 426/64/1 431/64/1 424/64/1
f 410/64/4 474/64/4 430/64/4
f 1923/684/797 1924/685/797 1922/569/797
f 1925/686/798 1926/687/798 1924/685/798
f 1927/688/799 1928/689/799 1926/687/799
f 1929/690/800 1930/23/800 1928/689/800
f 1931/691/801 1932/692/801 1930/23/801
f 1933/693/802 1934/694/802 1932/692/802
f 1935/695/803 1936/696/803 1934/694/803
f 1937/697/804 1938/154/804 1936/696/804
f 1939/698/805 1940/153/805 1938/154/805
f 1941/699/806 1942/177/806 1940/153/806
f 1943/700/807 1944/186/807 1942/177/807
f 1945/701/808 1946/7/808 1944/186/808
f 1947/33/809 1948/216/809 1946/7/809
f 1949/702/810 1950/239/810 1948/216/810
f 1951/703/811 1952/247/811 1950/239/811
f 1953/704/812 1954/705/812 1952/247/812
f 1955/59/813 1956/706/813 1954/705/813
f 1957/707/814 1958/708/814 1956/706/814
f 1959/65/815 1960/709/815 1958/708/815
f 1961/710/816 1962/20/816 1960/709/816
f 1963/16/817 1964/711/817 1962/20/817
f 1965/712/818 1966/713/818 1964/711/818
f 1967/714/819 1968/715/819 1966/713/819
f 1969/716/820 1970/717/820 1968/715/820
f 1971/718/821 1972/719/821 1970/717/821
f 1973/720/822 1974/721/822 1972/719/822
f 1975/722/823 1976/723/823 1974/721/823
f 1977/724/824 1978/22/824 1976/723/824
f 1979/725/825 1980/726/825 1978/22/825
f 1981/727/826 1982/728/826 1980/726/826
f 1959/729/6 1943/730/6 1927/731/6
f 1983/732/827 1984/733/827 1982/728/827
f 1985/734/828 1922/531/828 1984/733/828
f 1952/735/5 1968/736/5 1984/737/5
f 1987/684/797 1988/685/797 1986/569/797
f 1989/686/798 1990/687/798 1988/685/798
f 1991/688/799 1992/689/799 1990/687/799
f 1993/690/800 1994/23/800 1992/689/800
f 1995/691/801 1996/692/801 1994/23/801
f 1997/693/802 1998/694/802 1996/692/802
f 1999/695/803 2000/696/803 1998/694/803
f 2001/697/804 2002/154/804 2000/696/804
f 2003/698/805 2004/153/805 2002/154/805
f 2005/699/806 2006/177/806 2004/153/806
f 2007/700/807 2008/186/807 2006/177/807
f 2009/701/808 2010/7/808 2008/186/808
f 2011/33/809 2012/216/809 2010/7/809
f 2013/702/810 2014/239/810 2012/216/810
f 2015/703/811 2016/247/811 2014/239/811
f 2017/704/812 2018/705/812 2016/247/812
f 2019/59/813 2020/706/813 2018/705/813
f 2021/707/814 2022/708/814 2020/706/814
f 2023/65/815 2024/709/815 2022/708/815
f 2025/710/816 2026/20/816 2024/709/816
f 2027/16/817 2028/711/817 2026/20/817
f 2029/712/818 2030/713/818 2028/711/818
f 2031/714/819 2032/715/819 2030/713/819
f 2033/716/820 2034/717/820 2032/715/820
f 2035/718/821 2036/719/821 2034/717/821
f 2037/720/822 2038/721/822 2036/719/822
f 2039/722/823 2040/723/823 2038/721/823
f 2041/724/824 2042/22/824 2040/723/824
f 2043/725/825 2044/726/825 2042/22/825
f 2045/727/826 2046/728/826 2044/726/826
f 2023/729/6 2007/730/6 1991/731/6
f 2047/732/827 2048/733/827 2046/728/827
f 2049/734/828 1986/531/828 2048/733/828
f 2016/735/5 2032/736/5 2048/737/5
f 2051/684/797 2052/685/797 2050/569/797
f 2053/686/798 2054/687/798 2052/685/798
f 2055/688/799 2056/689/799 2054/687/799
f 2057/690/800 2058/23/800 2056/689/800
f 2059/691/801 2060/692/801 2058/23/801
f 2061/693/802 2062/694/802 2060/692/802
f 2063/695/803 2064/696/803 2062/694/803
f 2065/697/804 2066/154/804 2064/696/804
f 2067/698/805 2068/153/805 2066/154/805
f 2069/699/806 2070/177/806 2068/153/806
f 2071/700/807 2072/186/807 2070/177/807
f 2073/701/808 2074/7/808 2072/186/808
f 2075/33/809 2076/216/809 2074/7/809
f 2077/702/810 2078/239/810 2076/216/810
f 2079/703/811 2080/247/811 2078/239/811
f 2081/704/812 2082/705/812 2080/247/812
f 2083/59/813 2084/706/813 2082/705/813
f 2085/707/814 2086/708/814 2084/706/814
f 2087/65/815 2088/709/815 2086/708/815
f 2089/710/816 2090/20/816 2088/709/816
f 2091/16/817 2092/711/817 2090/20/817
f 2093/712/818 2094/713/818 2092/711/818
f 2095/714/819 2096/715/819 2094/713/819
f 2097/716/820 2098/717/820 2096/715/820
f 2099/718/821 2100/719/821 2098/717/821
f 2101/720/822 2102/721/822 2100/719/822
f 2103/722/823 2104/723/823 2102/721/823
f 2105/724/824 2106/22/824 2104/723/824
f 2107/725/825 2108/726/825 2106/22/825
f 2109/727/826 2110/728/826 2108/726/826
f 2087/729/6 2071/730/6 2055/731/6
f 2111/732/827 2112/733/827 2110/728/827
f 2113/734/828 2050/531/828 2112/733/828
f 2080/735/5 2096/736/5 2112/737/5
f 2115/684/797 2116/685/797 2114/569/797
f 2117/686/798 2118/687/798 2116/685/798
f 2119/688/799 2120/689/799 2118/687/799
f 2121/690/800 2122/23/800 2120/689/800
f 2123/691/801 2124/692/801 2122/23/801
f 2125/693/802 2126/694/802 2124/692/802
f 2127/695/803 2128/696/803 2126/694/803
f 2129/697/804 2130/154/804 2128/696/804
f 2131/698/805 2132/153/805 2130/154/805
f 2133/699/806 2134/177/806 2132/153/806
f 2135/700/807 2136/186/807 2134/177/807
f 2137/701/808 2138/7/808 2136/186/808
f 2139/33/809 2140/216/809 2138/7/809
f 2141/702/810 2142/239/810 2140/216/810
f 2143/703/811 2144/247/811 2142/239/811
f 2145/704/812 2146/705/812 2144/247/812
f 2147/59/813 2148/706/813 2146/705/813
f 2149/707/814 2150/708/814 2148/706/814
f 2151/65/815 2152/709/815 2150/708/815
f 2153/710/816 2154/20/816 2152/709/816
f 2155/16/817 2156/711/817 2154/20/817
f 2157/712/818 2158/713/818 2156/711/818
f 2159/714/819 2160/715/819 2158/713/819
f 2161/716/820 2162/717/820 2160/715/820
f 2163/718/821 2164/719/821 2162/717/821
f 2165/720/822 2166/721/822 2164/719/822
f 2167/722/823 2168/723/823 2166/721/823
f 2169/724/824 2170/22/824 2168/723/824
f 2171/725/825 2172/726/825 2170/22/825
f 2173/727/826 2174/728/826 2172/726/826
f 2151/729/6 2135/730/6 2119/731/6
f 2175/732/827 2176/733/827 2174/728/827
f 2177/734/828 2114/531/828 2176/733/828
f 2144/735/5 2160/736/5 2176/737/5
f 2179/684/797 2180/685/797 2178/569/797
f 2181/686/798 2182/687/798 2180/685/798
f 2183/688/799 2184/689/799 2182/687/799
f 2185/690/800 2186/23/800 2184/689/800
f 2187/691/801 2188/692/801 2186/23/801
f 2189/693/802 2190/694/802 2188/692/802
f 2191/695/803 2192/696/803 2190/694/803
f 2193/697/804 2194/154/804 2192/696/804
f 2195/698/805 2196/153/805 2194/154/805
f 2197/699/806 2198/177/806 2196/153/806
f 2199/700/807 2200/186/807 2198/177/807
f 2201/701/808 2202/7/808 2200/186/808
f 2203/33/809 2204/216/809 2202/7/809
f 2205/702/810 2206/239/810 2204/216/810
f 2207/703/811 2208/247/811 2206/239/811
f 2209/704/812 2210/705/812 2208/247/812
f 2211/59/813 2212/706/813 2210/705/813
f 2213/707/814 2214/708/814 2212/706/814
f 2215/65/815 2216/709/815 2214/708/815
f 2217/710/816 2218/20/816 2216/709/816
f 2219/16/817 2220/711/817 2218/20/817
f 2221/712/818 2222/713/818 2220/711/818
f 2223/714/819 2224/715/819 2222/713/819
f 2225/716/820 2226/717/820 2224/715/820
f 2227/718/821 2228/719/821 2226/717/821
f 2229/720/822 2230/721/822 2228/719/822
f 2231/722/823 2232/723/823 2230/721/823
f 2233/724/824 2234/22/824 2232/723/824
f 2235/725/825 2236/726/825 2234/22/825
f 2237/727/826 2238/728/826 2236/726/826
f 2215/729/6 2199/730/6 2183/731/6
f 2239/732/827 2240/733/827 2238/728/827
f 2241/734/828 2178/531/828 2240/733/828
f 2208/735/5 2224/736/5 2240/737/5
f 387/6/1 385/32/1 398/758/1
f 393/56/1 386/25/1 388/1/1
f 387/6/1 398/758/1 393/56/1
f 388/1/2 392/7/2 391/20/2
f 389/10/3 391/20/3 392/7/3
f 392/7/3 390/14/3 394/57/3
f 400/60/4 397/68/4 396/58/4
f 396/58/4 386/33/4 393/59/4
f 385/21/5 387/22/5 391/20/5
f 391/20/5 389/10/5 395/61/5
f 399/62/5 385/21/5 391/20/5
f 402/64/4 400/60/4 393/59/4
f 395/67/4 389/10/4 394/57/4
f 394/57/4 397/68/4 401/66/4
f 390/14/4 396/58/4 397/68/4
f 399/69/4 402/64/4 398/65/4
f 402/64/1 399/69/1 403/69/1
f 397/68/4 400/60/4 402/64/4
f 404/61/5 408/61/5 407/62/5
f 401/66/3 405/66/3 404/67/3
f 395/61/5 404/61/5 403/62/5
f 402/64/7 406/64/7 405/66/7
f 409/66/4 410/64/4 407/69/4
f 407/62/5 427/62/5 425/62/5
f 408/67/4 414/67/4 413/66/4
f 411/66/3 413/66/3 414/67/3
f 404/67/2 405/66/2 411/66/2
f 404/61/5 412/61/5 414/61/5
f 409/66/1 416/66/1 415/66/1
f 415/66/8 420/66/8 423/66/8
f 405/66/2 415/66/2 417/66/2
f 409/66/4 413/66/4 418/66/4
f 411/66/3 417/66/3 418/66/3
f 418/66/9 417/66/9 423/66/9
f 416/66/10 418/66/10 422/66/10
f 416/66/11 421/66/11 420/66/11
f 425/69/1 427/69/1 426/64/1
f 410/64/4 426/64/4 427/69/4
f 403/69/2 425/69/2 424/64/2
f 429/64/2 406/64/2 424/64/2
f 424/64/2 431/64/2 475/64/2
f 475/64/12 431/64/12 430/64/12
f 406/64/3 429/64/3 428/64/3
f 426/64/1 430/64/1 431/64/1
f 430/64/4 426/64/4 410/64/4
f 410/64/4 428/64/4 474/64/4
f 1923/684/797 1925/686/797 1924/685/797
f 1925/686/798 1927/688/798 1926/687/798
f 1927/688/799 1929/690/799 1928/689/799
f 1929/690/800 1931/691/800 1930/23/800
f 1931/691/801 1933/693/801 1932/692/801
f 1933/693/802 1935/695/802 1934/694/802
f 1935/695/803 1937/697/803 1936/696/803
f 1937/697/804 1939/698/804 1938/154/804
f 1939/698/805 1941/699/805 1940/153/805
f 1941/699/806 1943/700/806 1942/177/806
f 1943/700/807 1945/701/807 1944/186/807
f 1945/701/808 1947/33/808 1946/7/808
f 1947/33/809 1949/702/809 1948/216/809
f 1949/702/810 1951/703/810 1950/239/810
f 1951/703/811 1953/704/811 1952/247/811
f 1953/704/812 1955/59/812 1954/705/812
f 1955/59/813 1957/707/813 1956/706/813
f 1957/707/814 1959/65/814 1958/708/814
f 1959/65/815 1961/710/815 1960/709/815
f 1961/710/816 1963/16/816 1962/20/816
f 1963/16/817 1965/712/817 1964/711/817
f 1965/712/818 1967/714/818 1966/713/818
f 1967/714/819 1969/716/819 1968/715/819
f 1969/716/820 1971/718/820 1970/717/820
f 1971/718/821 1973/720/821 1972/719/821
f 1973/720/822 1975/722/822 1974/721/822
f 1975/722/823 1977/724/823 1976/723/823
f 1977/724/824 1979/725/824 1978/22/824
f 1979/725/825 1981/727/825 1980/726/825
f 1981/727/826 1983/732/826 1982/728/826
f 1927/731/6 1925/759/6 1923/760/6
f 1923/760/6 1985/761/6 1983/762/6
f 1983/762/6 1981/763/6 1979/764/6
f 1979/764/6 1977/765/6 1975/766/6
f 1975/766/6 1973/767/6 1971/768/6
f 1971/768/6 1969/769/6 1967/770/6
f 1967/770/6 1965/771/6 1963/772/6
f 1963/772/6 1961/773/6 1959/729/6
f 1959/729/6 1957/774/6 1955/775/6
f 1955/775/6 1953/776/6 1951/777/6
f 1951/777/6 1949/778/6 1947/779/6
f 1947/779/6 1945/780/6 1943/730/6
f 1943/730/6 1941/781/6 1939/782/6
f 1939/782/6 1937/783/6 1935/784/6
f 1935/784/6 1933/785/6 1931/786/6
f 1931/786/6 1929/787/6 1927/731/6
f 1927/731/6 1923/760/6 1983/762/6
f 1983/762/6 1979/764/6 1975/766/6
f 1975/766/6 1971/768/6 1967/770/6
f 1967/770/6 1963/772/6 1959/729/6
f 1959/729/6 1955/775/6 1951/777/6
f 1951/777/6 1947/779/6 1943/730/6
f 1943/730/6 1939/782/6 1935/784/6
f 1935/784/6 1931/786/6 1927/731/6
f 1927/731/6 1983/762/6 1975/766/6
f 1975/766/6 1967/770/6 1959/729/6
f 1959/729/6 1951/777/6 1943/730/6
f 1943/730/6 1935/784/6 1927/731/6
f 1927/731/6 1975/766/6 1959/729/6
f 1983/732/827 1985/734/827 1984/733/827
f 1985/734/828 1923/738/828 1922/531/828
f 1984/737/5 1922/788/5 1924/789/5
f 1924/789/5 1926/790/5 1928/791/5
f 1928/791/5 1930/792/5 1932/793/5
f 1932/793/5 1934/794/5 1936/795/5
f 1936/795/5 1938/796/5 1940/797/5
f 1940/797/5 1942/798/5 1944/799/5
f 1944/799/5 1946/800/5 1948/801/5
f 1948/801/5 1950/802/5 1952/735/5
f 1952/735/5 1954/803/5 1956/804/5
f 1956/804/5 1958/805/5 1960/806/5
f 1960/806/5 1962/807/5 1964/808/5
f 1964/808/5 1966/809/5 1968/736/5
f 1968/736/5 1970/810/5 1972/811/5
f 1972/811/5 1974/812/5 1976/813/5
f 1976/813/5 1978/814/5 1980/815/5
f 1980/815/5 1982/816/5 1984/737/5
f 1984/737/5 1924/789/5 1928/791/5
f 1928/791/5 1932/793/5 1936/795/5
f 1936/795/5 1940/797/5 1944/799/5
f 1944/799/5 1948/801/5 1952/735/5
f 1952/735/5 1956/804/5 1960/806/5
f 1960/806/5 1964/808/5 1968/736/5
f 1968/736/5 1972/811/5 1976/813/5
f 1976/813/5 1980/815/5 1984/737/5
f 1984/737/5 1928/791/5 1936/795/5
f 1936/795/5 1944/799/5 1952/735/5
f 1952/735/5 1960/806/5 1968/736/5
f 1968/736/5 1976/813/5 1984/737/5
f 1984/737/5 1936/795/5 1952/735/5
f 1987/684/797 1989/686/797 1988/685/797
f 1989/686/798 1991/688/798 1990/687/798
f 1991/688/799 1993/690/799 1992/689/799
f 1993/690/800 1995/691/800 1994/23/800
f 1995/691/801 1997/693/801 1996/692/801
f 1997/693/802 1999/695/802 1998/694/802
f 1999/695/803 2001/697/803 2000/696/803
f 2001/697/804 2003/698/804 2002/154/804
f 2003/698/805 2005/699/805 2004/153/805
f 2005/699/806 2007/700/806 2006/177/806
f 2007/700/807 2009/701/807 2008/186/807
f 2009/701/808 2011/33/808 2010/7/808
f 2011/33/809 2013/702/809 2012/216/809
f 2013/702/810 2015/703/810 2014/239/810
f 2015/703/811 2017/704/811 2016/247/811
f 2017/704/812 2019/59/812 2018/705/812
f 2019/59/813 2021/707/813 2020/706/813
f 2021/707/814 2023/65/814 2022/708/814
f 2023/65/815 2025/710/815 2024/709/815
f 2025/710/816 2027/16/816 2026/20/816
f 2027/16/817 2029/712/817 2028/711/817
f 2029/712/818 2031/714/818 2030/713/818
f 2031/714/819 2033/716/819 2032/715/819
f 2033/716/820 2035/718/820 2034/717/820
f 2035/718/821 2037/720/821 2036/719/821
f 2037/720/822 2039/722/822 2038/721/822
f 2039/722/823 2041/724/823 2040/723/823
f 2041/724/824 2043/725/824 2042/22/824
f 2043/725/825 2045/727/825 2044/726/825
f 2045/727/826 2047/732/826 2046/728/826
f 1991/731/6 1989/759/6 1987/760/6
f 1987/760/6 2049/761/6 2047/762/6
f 2047/762/6 2045/763/6 2043/764/6
f 2043/764/6 2041/765/6 2039/766/6
f 2039/766/6 2037/767/6 2035/768/6
f 2035/768/6 2033/769/6 2031/770/6
f 2031/770/6 2029/771/6 2027/772/6
f 2027/772/6 2025/773/6 2023/729/6
f 2023/729/6 2021/774/6 2019/775/6
f 2019/775/6 2017/776/6 2015/777/6
f 2015/777/6 2013/778/6 2011/779/6
f 2011/779/6 2009/780/6 2007/730/6
f 2007/730/6 2005/781/6 2003/782/6
f 2003/782/6 2001/783/6 1999/784/6
f 1999/784/6 1997/785/6 1995/786/6
f 1995/786/6 1993/787/6 1991/731/6
f 1991/731/6 1987/760/6 2047/762/6
f 2047/762/6 2043/764/6 2039/766/6
f 2039/766/6 2035/768/6 2031/770/6
f 2031/770/6 2027/772/6 2023/729/6
f 2023/729/6 2019/775/6 2015/777/6
f 2015/777/6 2011/779/6 2007/730/6
f 2007/730/6 2003/782/6 1999/784/6
f 1999/784/6 1995/786/6 1991/731/6
f 1991/731/6 2047/762/6 2039/766/6
f 2039/766/6 2031/770/6 2023/729/6
f 2023/729/6 2015/777/6 2007/730/6
f 2007/730/6 1999/784/6 1991/731/6
f 1991/731/6 2039/766/6 2023/729/6
f 2047/732/827 2049/734/827 2048/733/827
f 2049/734/828 1987/738/828 1986/531/828
f 2048/737/5 1986/788/5 1988/789/5
f 1988/789/5 1990/790/5 1992/791/5
f 1992/791/5 1994/792/5 1996/793/5
f 1996/793/5 1998/794/5 2000/795/5
f 2000/795/5 2002/796/5 2004/797/5
f 2004/797/5 2006/798/5 2008/799/5
f 2008/799/5 2010/800/5 2012/801/5
f 2012/801/5 2014/802/5 2016/735/5
f 2016/735/5 2018/803/5 2020/804/5
f 2020/804/5 2022/805/5 2024/806/5
f 2024/806/5 2026/807/5 2028/808/5
f 2028/808/5 2030/809/5 2032/736/5
f 2032/736/5 2034/810/5 2036/811/5
f 2036/811/5 2038/812/5 2040/813/5
f 2040/813/5 2042/814/5 2044/815/5
f 2044/815/5 2046/816/5 2048/737/5
f 2048/737/5 1988/789/5 1992/791/5
f 1992/791/5 1996/793/5 2000/795/5
f 2000/795/5 2004/797/5 2008/799/5
f 2008/799/5 2012/801/5 2016/735/5
f 2016/735/5 2020/804/5 2024/806/5
f 2024/806/5 2028/808/5 2032/736/5
f 2032/736/5 2036/811/5 2040/813/5
f 2040/813/5 2044/815/5 2048/737/5
f 2048/737/5 1992/791/5 2000/795/5
f 2000/795/5 2008/799/5 2016/735/5
f 2016/735/5 2024/806/5 2032/736/5
f 2032/736/5 2040/813/5 2048/737/5
f 2048/737/5 2000/795/5 2016/735/5
f 2051/684/797 2053/686/797 2052/685/797
f 2053/686/798 2055/688/798 2054/687/798
f 2055/688/799 2057/690/799 2056/689/799
f 2057/690/800 2059/691/800 2058/23/800
f 2059/691/801 2061/693/801 2060/692/801
f 2061/693/802 2063/695/802 2062/694/802
f 2063/695/803 2065/697/803 2064/696/803
f 2065/697/804 2067/698/804 2066/154/804
f 2067/698/805 2069/699/805 2068/153/805
f 2069/699/806 2071/700/806 2070/177/806
f 2071/700/807 2073/701/807 2072/186/807
f 2073/701/808 2075/33/808 2074/7/808
f 2075/33/809 2077/702/809 2076/216/809
f 2077/702/810 2079/703/810 2078/239/810
f 2079/703/811 2081/704/811 2080/247/811
f 2081/704/812 2083/59/812 2082/705/812
f 2083/59/813 2085/707/813 2084/706/813
f 2085/707/814 2087/65/814 2086/708/814
f 2087/65/815 2089/710/815 2088/709/815
f 2089/710/816 2091/16/816 2090/20/816
f 2091/16/817 2093/712/817 2092/711/817
f 2093/712/818 2095/714/818 2094/713/818
f 2095/714/819 2097/716/819 2096/715/819
f 2097/716/820 2099/718/820 2098/717/820
f 2099/718/821 2101/720/821 2100/719/821
f 2101/720/822 2103/722/822 2102/721/822
f 2103/722/823 2105/724/823 2104/723/823
f 2105/724/824 2107/725/824 2106/22/824
f 2107/725/825 2109/727/825 2108/726/825
f 2109/727/826 2111/732/826 2110/728/826
f 2055/731/6 2053/759/6 2051/760/6
f 2051/760/6 2113/761/6 2111/762/6
f 2111/762/6 2109/763/6 2107/764/6
f 2107/764/6 2105/765/6 2103/766/6
f 2103/766/6 2101/767/6 2099/768/6
f 2099/768/6 2097/769/6 2095/770/6
f 2095/770/6 2093/771/6 2091/772/6
f 2091/772/6 2089/773/6 2087/729/6
f 2087/729/6 2085/774/6 2083/775/6
f 2083/775/6 2081/776/6 2079/777/6
f 2079/777/6 2077/778/6 2075/779/6
f 2075/779/6 2073/780/6 2071/730/6
f 2071/730/6 2069/781/6 2067/782/6
f 2067/782/6 2065/783/6 2063/784/6
f 2063/784/6 2061/785/6 2059/786/6
f 2059/786/6 2057/787/6 2055/731/6
f 2055/731/6 2051/760/6 2111/762/6
f 2111/762/6 2107/764/6 2103/766/6
f 2103/766/6 2099/768/6 2095/770/6
f 2095/770/6 2091/772/6 2087/729/6
f 2087/729/6 2083/775/6 2079/777/6
f 2079/777/6 2075/779/6 2071/730/6
f 2071/730/6 2067/782/6 2063/784/6
f 2063/784/6 2059/786/6 2055/731/6
f 2055/731/6 2111/762/6 2103/766/6
f 2103/766/6 2095/770/6 2087/729/6
f 2087/729/6 2079/777/6 2071/730/6
f 2071/730/6 2063/784/6 2055/731/6
f 2055/731/6 2103/766/6 2087/729/6
f 2111/732/827 2113/734/827 2112/733/827
f 2113/734/828 2051/738/828 2050/531/828
f 2112/737/5 2050/788/5 2052/789/5
f 2052/789/5 2054/790/5 2056/791/5
f 2056/791/5 2058/792/5 2060/793/5
f 2060/793/5 2062/794/5 2064/795/5
f 2064/795/5 2066/796/5 2068/797/5
f 2068/797/5 2070/798/5 2072/799/5
f 2072/799/5 2074/800/5 2076/801/5
f 2076/801/5 2078/802/5 2080/735/5
f 2080/735/5 2082/803/5 2084/804/5
f 2084/804/5 2086/805/5 2088/806/5
f 2088/806/5 2090/807/5 2092/808/5
f 2092/808/5 2094/809/5 2096/736/5
f 2096/736/5 2098/810/5 2100/811/5
f 2100/811/5 2102/812/5 2104/813/5
f 2104/813/5 2106/814/5 2108/815/5
f 2108/815/5 2110/816/5 2112/737/5
f 2112/737/5 2052/789/5 2056/791/5
f 2056/791/5 2060/793/5 2064/795/5
f 2064/795/5 2068/797/5 2072/799/5
f 2072/799/5 2076/801/5 2080/735/5
f 2080/735/5 2084/804/5 2088/806/5
f 2088/806/5 2092/808/5 2096/736/5
f 2096/736/5 2100/811/5 2104/813/5
f 2104/813/5 2108/815/5 2112/737/5
f 2112/737/5 2056/791/5 2064/795/5
f 2064/795/5 2072/799/5 2080/735/5
f 2080/735/5 2088/806/5 2096/736/5
f 2096/736/5 2104/813/5 2112/737/5
f 2112/737/5 2064/795/5 2080/735/5
f 2115/684/797 2117/686/797 2116/685/797
f 2117/686/798 2119/688/798 2118/687/798
f 2119/688/799 2121/690/799 2120/689/799
f 2121/690/800 2123/691/800 2122/23/800
f 2123/691/801 2125/693/801 2124/692/801
f 2125/693/802 2127/695/802 2126/694/802
f 2127/695/803 2129/697/803 2128/696/803
f 2129/697/804 2131/698/804 2130/154/804
f 2131/698/805 2133/699/805 2132/153/805
f 2133/699/806 2135/700/806 2134/177/806
f 2135/700/807 2137/701/807 2136/186/807
f 2137/701/808 2139/33/808 2138/7/808
f 2139/33/809 2141/702/809 2140/216/809
f 2141/702/810 2143/703/810 2142/239/810
f 2143/703/811 2145/704/811 2144/247/811
f 2145/704/812 2147/59/812 2146/705/812
f 2147/59/813 2149/707/813 2148/706/813
f 2149/707/814 2151/65/814 2150/708/814
f 2151/65/815 2153/710/815 2152/709/815
f 2153/710/816 2155/16/816 2154/20/816
f 2155/16/817 2157/712/817 2156/711/817
f 2157/712/818 2159/714/818 2158/713/818
f 2159/714/819 2161/716/819 2160/715/819
f 2161/716/820 2163/718/820 2162/717/820
f 2163/718/821 2165/720/821 2164/719/821
f 2165/720/822 2167/722/822 2166/721/822
f 2167/722/823 2169/724/823 2168/723/823
f 2169/724/824 2171/725/824 2170/22/824
f 2171/725/825 2173/727/825 2172/726/825
f 2173/727/826 2175/732/826 2174/728/826
f 2119/731/6 2117/759/6 2115/760/6
f 2115/760/6 2177/761/6 2175/762/6
f 2175/762/6 2173/763/6 2171/764/6
f 2171/764/6 2169/765/6 2167/766/6
f 2167/766/6 2165/767/6 2163/768/6
f 2163/768/6 2161/769/6 2159/770/6
f 2159/770/6 2157/771/6 2155/772/6
f 2155/772/6 2153/773/6 2151/729/6
f 2151/729/6 2149/774/6 2147/775/6
f 2147/775/6 2145/776/6 2143/777/6
f 2143/777/6 2141/778/6 2139/779/6
f 2139/779/6 2137/780/6 2135/730/6
f 2135/730/6 2133/781/6 2131/782/6
f 2131/782/6 2129/783/6 2127/784/6
f 2127/784/6 2125/785/6 2123/786/6
f 2123/786/6 2121/787/6 2119/731/6
f 2119/731/6 2115/760/6 2175/762/6
f 2175/762/6 2171/764/6 2167/766/6
f 2167/766/6 2163/768/6 2159/770/6
f 2159/770/6 2155/772/6 2151/729/6
f 2151/729/6 2147/775/6 2143/777/6
f 2143/777/6 2139/779/6 2135/730/6
f 2135/730/6 2131/782/6 2127/784/6
f 2127/784/6 2123/786/6 2119/731/6
f 2119/731/6 2175/762/6 2167/766/6
f 2167/766/6 2159/770/6 2151/729/6
f 2151/729/6 2143/777/6 2135/730/6
f 2135/730/6 2127/784/6 2119/731/6
f 2119/731/6 2167/766/6 2151/729/6
f 2175/732/827 2177/734/827 2176/733/827
f 2177/734/828 2115/738/828 2114/531/828
f 2176/737/5 2114/788/5 2116/789/5
f 2116/789/5 2118/790/5 2120/791/5
f 2120/791/5 2122/792/5 2124/793/5
f 2124/793/5 2126/794/5 2128/795/5
f 2128/795/5 2130/796/5 2132/797/5
f 2132/797/5 2134/798/5 2136/799/5
f 2136/799/5 2138/800/5 2140/801/5
f 2140/801/5 2142/802/5 2144/735/5
f 2144/735/5 2146/803/5 2148/804/5
f 2148/804/5 2150/805/5 2152/806/5
f 2152/806/5 2154/807/5 2156/808/5
f 2156/808/5 2158/809/5 2160/736/5
f 2160/736/5 2162/810/5 2164/811/5
f 2164/811/5 2166/812/5 2168/813/5
f 2168/813/5 2170/814/5 2172/815/5
f 2172/815/5 2174/816/5 2176/737/5
f 2176/737/5 2116/789/5 2120/791/5
f 2120/791/5 2124/793/5 2128/795/5
f 2128/795/5 2132/797/5 2136/799/5
f 2136/799/5 2140/801/5 2144/735/5
f 2144/735/5 2148/804/5 2152/806/5
f 2152/806/5 2156/808/5 2160/736/5
f 2160/736/5 2164/811/5 2168/813/5
f 2168/813/5 2172/815/5 2176/737/5
f 2176/737/5 2120/791/5 2128/795/5
f 2128/795/5 2136/799/5 2144/735/5
f 2144/735/5 2152/806/5 2160/736/5
f 2160/736/5 2168/813/5 2176/737/5
f 2176/737/5 2128/795/5 2144/735/5
f 2179/684/797 2181/686/797 2180/685/797
f 2181/686/798 2183/688/798 2182/687/798
f 2183/688/799 2185/690/799 2184/689/799
f 2185/690/800 2187/691/800 2186/23/800
f 2187/691/801 2189/693/801 2188/692/801
f 2189/693/802 2191/695/802 2190/694/802
f 2191/695/803 2193/697/803 2192/696/803
f 2193/697/804 2195/698/804 2194/154/804
f 2195/698/805 2197/699/805 2196/153/805
f 2197/699/806 2199/700/806 2198/177/806
f 2199/700/807 2201/701/807 2200/186/807
f 2201/701/808 2203/33/808 2202/7/808
f 2203/33/809 2205/702/809 2204/216/809
f 2205/702/810 2207/703/810 2206/239/810
f 2207/703/811 2209/704/811 2208/247/811
f 2209/704/812 2211/59/812 2210/705/812
f 2211/59/813 2213/707/813 2212/706/813
f 2213/707/814 2215/65/814 2214/708/814
f 2215/65/815 2217/710/815 2216/709/815
f 2217/710/816 2219/16/816 2218/20/816
f 2219/16/817 2221/712/817 2220/711/817
f 2221/712/818 2223/714/818 2222/713/818
f 2223/714/819 2225/716/819 2224/715/819
f 2225/716/820 2227/718/820 2226/717/820
f 2227/718/821 2229/720/821 2228/719/821
f 2229/720/822 2231/722/822 2230/721/822
f 2231/722/823 2233/724/823 2232/723/823
f 2233/724/824 2235/725/824 2234/22/824
f 2235/725/825 2237/727/825 2236/726/825
f 2237/727/826 2239/732/826 2238/728/826
f 2183/731/6 2181/759/6 2179/760/6
f 2179/760/6 2241/761/6 2239/762/6
f 2239/762/6 2237/763/6 2235/764/6
f 2235/764/6 2233/765/6 2231/766/6
f 2231/766/6 2229/767/6 2227/768/6
f 2227/768/6 2225/769/6 2223/770/6
f 2223/770/6 2221/771/6 2219/772/6
f 2219/772/6 2217/773/6 2215/729/6
f 2215/729/6 2213/774/6 2211/775/6
f 2211/775/6 2209/776/6 2207/777/6
f 2207/777/6 2205/778/6 2203/779/6
f 2203/779/6 2201/780/6 2199/730/6
f 2199/730/6 2197/781/6 2195/782/6
f 2195/782/6 2193/783/6 2191/784/6
f 2191/784/6 2189/785/6 2187/786/6
f 2187/786/6 2185/787/6 2183/731/6
f 2183/731/6 2179/760/6 2239/762/6
f 2239/762/6 2235/764/6 2231/766/6
f 2231/766/6 2227/768/6 2223/770/6
f 2223/770/6 2219/772/6 2215/729/6
f 2215/729/6 2211/775/6 2207/777/6
f 2207/777/6 2203/779/6 2199/730/6
f 2199/730/6 2195/782/6 2191/784/6
f 2191/784/6 2187/786/6 2183/731/6
f 2183/731/6 2239/762/6 2231/766/6
f 2231/766/6 2223/770/6 2215/729/6
f 2215/729/6 2207/777/6 2199/730/6
f 2199/730/6 2191/784/6 2183/731/6
f 2183/731/6 2231/766/6 2215/729/6
f 2239/732/827 2241/734/827 2240/733/827
f 2241/734/828 2179/738/828 2178/531/828
f 2240/737/5 2178/788/5 2180/789/5
f 2180/789/5 2182/790/5 2184/791/5
f 2184/791/5 2186/792/5 2188/793/5
f 2188/793/5 2190/794/5 2192/795/5
f 2192/795/5 2194/796/5 2196/797/5
f 2196/797/5 2198/798/5 2200/799/5
f 2200/799/5 2202/800/5 2204/801/5
f 2204/801/5 2206/802/5 2208/735/5
f 2208/735/5 2210/803/5 2212/804/5
f 2212/804/5 2214/805/5 2216/806/5
f 2216/806/5 2218/807/5 2220/808/5
f 2220/808/5 2222/809/5 2224/736/5
f 2224/736/5 2226/810/5 2228/811/5
f 2228/811/5 2230/812/5 2232/813/5
f 2232/813/5 2234/814/5 2236/815/5
f 2236/815/5 2238/816/5 2240/737/5
f 2240/737/5 2180/789/5 2184/791/5
f 2184/791/5 2188/793/5 2192/795/5
f 2192/795/5 2196/797/5 2200/799/5
f 2200/799/5 2204/801/5 2208/735/5
f 2208/735/5 2212/804/5 2216/806/5
f 2216/806/5 2220/808/5 2224/736/5
f 2224/736/5 2228/811/5 2232/813/5
f 2232/813/5 2236/815/5 2240/737/5
f 2240/737/5 2184/791/5 2192/795/5
f 2192/795/5 2200/799/5 2208/735/5
f 2208/735/5 2216/806/5 2224/736/5
f 2224/736/5 2232/813/5 2240/737/5
f 2240/737/5 2192/795/5 2208/735/5
usemtl マテリアル.024
f 53/1/1 81/2/1 66/3/1
f 67/4/2 84/5/2 49/6/2
f 63/7/3 47/8/3 68/9/3
f 57/10/3 83/11/3 18/12/3
f 67/4/3 32/13/3 84/5/3
f 59/14/4 65/15/4 47/8/4
f 1/16/4 18/12/4 82/17/4
f 34/18/4 81/19/4 32/13/4
f 61/20/5 1/21/5 49/22/5
f 53/23/6 59/14/6 63/7/6
f 55/1/1 42/24/1 41/25/1
f 70/26/1 26/2/1 39/3/1
f 51/6/1 24/27/1 86/28/1
f 64/7/2 85/29/2 70/26/2
f 62/20/3 72/18/3 87/13/3
f 60/14/4 42/15/4 71/8/4
f 19/16/4 88/12/4 24/17/4
f 72/18/4 26/19/4 87/13/4
f 62/20/5 19/21/5 51/22/5
f 55/23/6 60/14/6 64/7/6
f 45/1/1 75/24/1 28/25/1
f 38/6/1 92/27/1 20/28/1
f 35/26/1 91/2/1 76/3/1
f 56/7/2 46/30/2 45/1/2
f 73/4/2 30/29/2 35/26/2
f 54/20/2 20/28/2 89/11/2
f 52/14/3 90/5/3 73/4/3
f 50/10/4 76/31/4 91/19/4
f 54/20/5 12/21/5 38/22/5
f 45/23/6 52/14/6 56/7/6
f 77/26/1 94/29/1 8/32/1
f 48/7/2 78/30/2 31/1/2
f 44/20/2 93/28/2 21/11/2
f 37/4/2 94/29/2 77/26/2
f 48/7/3 80/8/3 43/20/3
f 36/10/3 21/11/3 95/12/3
f 37/4/3 96/13/3 27/5/3
f 16/33/4 96/13/4 79/18/4
f 44/20/5 8/21/5 22/22/5
f 31/23/6 40/14/6 48/7/6
f 5/25/1 9/6/1 3/32/1
f 14/1/2 25/20/2 9/6/2
f 29/7/3 17/10/3 25/20/3
f 23/14/4 3/16/4 17/10/4
f 9/22/5 37/34/5 77/35/5
f 17/10/5 39/36/5 72/37/5
f 5/38/6 71/39/6 42/40/6
f 29/7/6 78/41/6 43/42/6
f 70/43/3 75/44/3 69/45/3
f 73/46/4 78/47/4 74/48/4
f 67/49/1 80/50/1 79/51/1
f 65/52/2 72/53/2 71/54/2
f 4/25/1 6/6/1 2/32/1
f 7/1/2 13/20/2 6/6/2
f 15/7/3 10/10/3 13/20/3
f 11/14/4 2/16/4 10/10/4
f 6/22/5 21/34/5 93/35/5
f 2/21/5 88/37/5 82/55/5
f 4/38/6 87/39/6 26/40/6
f 15/7/6 94/41/6 27/42/6
f 86/43/3 91/44/3 85/45/3
f 89/46/4 94/47/4 90/48/4
f 83/49/1 96/50/1 95/51/1
f 81/52/2 88/53/2 87/54/2
f 149/1/1 177/2/1 162/3/1
f 163/4/2 180/5/2 145/6/2
f 159/7/3 143/8/3 164/9/3
f 153/10/3 179/11/3 114/12/3
f 163/4/3 128/13/3 180/5/3
f 155/14/4 161/15/4 143/8/4
f 97/16/4 114/12/4 178/17/4
f 130/18/4 177/19/4 128/13/4
f 157/20/5 97/21/5 145/22/5
f 149/23/6 155/14/6 159/7/6
f 151/1/1 138/24/1 137/25/1
f 166/26/1 122/2/1 135/3/1
f 147/6/1 120/27/1 182/28/1
f 160/7/2 181/29/2 166/26/2
f 158/20/3 168/18/3 183/13/3
f 156/14/4 138/15/4 167/8/4
f 115/16/4 184/12/4 120/17/4
f 168/18/4 122/19/4 183/13/4
f 158/20/5 115/21/5 147/22/5
f 151/23/6 156/14/6 160/7/6
f 141/1/1 171/24/1 124/25/1
f 134/6/1 188/27/1 116/28/1
f 131/26/1 187/2/1 172/3/1
f 152/7/2 142/30/2 141/1/2
f 169/4/2 126/29/2 131/26/2
f 150/20/2 116/28/2 185/11/2
f 148/14/3 186/5/3 169/4/3
f 146/10/4 172/31/4 187/19/4
f 150/20/5 108/21/5 134/22/5
f 141/23/6 148/14/6 152/7/6
f 173/26/1 190/29/1 104/32/1
f 144/7/2 174/30/2 127/1/2
f 140/20/2 189/28/2 117/11/2
f 133/4/2 190/29/2 173/26/2
f 144/7/3 176/8/3 139/20/3
f 132/10/3 117/11/3 191/12/3
f 133/4/3 192/13/3 123/5/3
f 112/33/4 192/13/4 175/18/4
f 140/20/5 104/21/5 118/22/5
f 127/23/6 136/14/6 144/7/6
f 101/25/1 105/6/1 99/32/1
f 110/1/2 121/20/2 105/6/2
f 125/7/3 113/10/3 121/20/3
f 119/14/4 99/16/4 113/10/4
f 105/22/5 133/34/5 173/35/5
f 113/10/5 135/36/5 168/37/5
f 101/38/6 167/39/6 138/40/6
f 125/7/6 174/41/6 139/42/6
f 166/43/3 171/44/3 165/45/3
f 169/46/4 174/47/4 170/48/4
f 163/49/1 176/50/1 175/51/1
f 161/52/2 168/53/2 167/54/2
f 100/25/1 102/6/1 98/32/1
f 103/1/2 109/20/2 102/6/2
f 111/7/3 106/10/3 109/20/3
f 107/14/4 98/16/4 106/10/4
f 102/22/5 117/34/5 189/35/5
f 98/21/5 184/37/5 178/55/5
f 100/38/6 183/39/6 122/40/6
f 111/7/6 190/41/6 123/42/6
f 182/43/3 187/44/3 181/45/3
f 185/46/4 190/47/4 186/48/4
f 179/49/1 192/50/1 191/51/1
f 177/52/2 184/53/2 183/54/2
f 245/1/1 273/2/1 258/3/1
f 259/4/2 276/5/2 241/6/2
f 255/7/3 239/8/3 260/9/3
f 249/10/3 275/11/3 210/12/3
f 259/4/3 224/13/3 276/5/3
f 251/14/4 257/15/4 239/8/4
f 193/16/4 210/12/4 274/17/4
f 226/18/4 273/19/4 224/13/4
f 253/20/5 193/21/5 241/22/5
f 245/23/6 251/14/6 255/7/6
f 247/1/1 234/24/1 233/25/1
f 262/26/1 218/2/1 231/3/1
f 243/6/1 216/27/1 278/28/1
f 256/7/2 277/29/2 262/26/2
f 254/20/3 264/18/3 279/13/3
f 252/14/4 234/15/4 263/8/4
f 211/16/4 280/12/4 216/17/4
f 264/18/4 218/19/4 279/13/4
f 254/20/5 211/21/5 243/22/5
f 247/23/6 252/14/6 256/7/6
f 237/1/1 267/24/1 220/25/1
f 230/6/1 284/27/1 212/28/1
f 227/26/1 283/2/1 268/3/1
f 248/7/2 238/30/2 237/1/2
f 265/4/2 222/29/2 227/26/2
f 246/20/2 212/28/2 281/11/2
f 244/14/3 282/5/3 265/4/3
f 242/10/4 268/31/4 283/19/4
f 246/20/5 204/21/5 230/22/5
f 237/23/6 244/14/6 248/7/6
f 269/26/1 286/29/1 200/32/1
f 240/7/2 270/30/2 223/1/2
f 236/20/2 285/28/2 213/11/2
f 229/4/2 286/29/2 269/26/2
f 240/7/3 272/8/3 235/20/3
f 228/10/3 213/11/3 287/12/3
f 229/4/3 288/13/3 219/5/3
f 208/33/4 288/13/4 271/18/4
f 236/20/5 200/21/5 214/22/5
f 223/23/6 232/14/6 240/7/6
f 197/25/1 201/6/1 195/32/1
f 206/1/2 217/20/2 201/6/2
f 221/7/3 209/10/3 217/20/3
f 215/14/4 195/16/4 209/10/4
f 201/22/5 229/34/5 269/35/5
f 209/10/5 231/36/5 264/37/5
f 197/38/6 263/39/6 234/40/6
f 221/7/6 270/41/6 235/42/6
f 262/43/3 267/44/3 261/45/3
f 265/46/4 270/47/4 266/48/4
f 259/49/1 272/50/1 271/51/1
f 257/52/2 264/53/2 263/54/2
f 196/25/1 198/6/1 194/32/1
f 199/1/2 205/20/2 198/6/2
f 207/7/3 202/10/3 205/20/3
f 203/14/4 194/16/4 202/10/4
f 198/22/5 213/34/5 285/35/5
f 194/21/5 280/37/5 274/55/5
f 196/38/6 279/39/6 218/40/6
f 207/7/6 286/41/6 219/42/6
f 278/43/3 283/44/3 277/45/3
f 281/46/4 286/47/4 282/48/4
f 275/49/1 288/50/1 287/51/1
f 273/52/2 280/53/2 279/54/2
f 341/1/1 369/2/1 354/3/1
f 355/4/2 372/5/2 337/6/2
f 351/7/3 335/8/3 356/9/3
f 345/10/3 371/11/3 306/12/3
f 355/4/3 320/13/3 372/5/3
f 347/14/4 353/15/4 335/8/4
f 289/16/4 306/12/4 370/17/4
f 322/18/4 369/19/4 320/13/4
f 349/20/5 289/21/5 337/22/5
f 341/23/6 347/14/6 351/7/6
f 343/1/1 330/24/1 329/25/1
f 358/26/1 314/2/1 327/3/1
f 339/6/1 312/27/1 374/28/1
f 352/7/2 373/29/2 358/26/2
f 350/20/3 360/18/3 375/13/3
f 348/14/4 330/15/4 359/8/4
f 307/16/4 376/12/4 312/17/4
f 360/18/4 314/19/4 375/13/4
f 350/20/5 307/21/5 339/22/5
f 343/23/6 348/14/6 352/7/6
f 333/1/1 363/24/1 316/25/1
f 326/6/1 380/27/1 308/28/1
f 323/26/1 379/2/1 364/3/1
f 344/7/2 334/30/2 333/1/2
f 361/4/2 318/29/2 323/26/2
f 342/20/2 308/28/2 377/11/2
f 340/14/3 378/5/3 361/4/3
f 338/10/4 364/31/4 379/19/4
f 342/20/5 300/21/5 326/22/5
f 333/23/6 340/14/6 344/7/6
f 365/26/1 382/29/1 296/32/1
f 336/7/2 366/30/2 319/1/2
f 332/20/2 381/28/2 309/11/2
f 325/4/2 382/29/2 365/26/2
f 336/7/3 368/8/3 331/20/3
f 324/10/3 309/11/3 383/12/3
f 325/4/3 384/13/3 315/5/3
f 304/33/4 384/13/4 367/18/4
f 332/20/5 296/21/5 310/22/5
f 319/23/6 328/14/6 336/7/6
f 293/25/1 297/6/1 291/32/1
f 302/1/2 313/20/2 297/6/2
f 317/7/3 305/10/3 313/20/3
f 311/14/4 291/16/4 305/10/4
f 297/22/5 325/34/5 365/35/5
f 305/10/5 327/36/5 360/37/5
f 293/38/6 359/39/6 330/40/6
f 317/7/6 366/41/6 331/42/6
f 358/43/3 363/44/3 357/45/3
f 361/46/4 366/47/4 362/48/4
f 355/49/1 368/50/1 367/51/1
f 353/52/2 360/53/2 359/54/2
f 292/25/1 294/6/1 290/32/1
f 295/1/2 301/20/2 294/6/2
f 303/7/3 298/10/3 301/20/3
f 299/14/4 290/16/4 298/10/4
f 294/22/5 309/34/5 381/35/5
f 290/21/5 376/37/5 370/55/5
f 292/38/6 375/39/6 314/40/6
f 303/7/6 382/41/6 315/42/6
f 374/43/3 379/44/3 373/45/3
f 377/46/4 382/47/4 378/48/4
f 371/49/1 384/50/1 383/51/1
f 369/52/2 376/53/2 375/54/2
f 432/70/13 445/71/13 444/72/13
f 433/73/14 445/74/14 447/75/14
f 432/76/15 444/77/15 449/78/15
f 432/79/16 449/80/16 451/81/16
f 432/82/17 451/83/17 448/84/17
f 433/73/18 447/75/18 454/85/18
f 434/86/19 446/87/19 456/88/19
f 435/89/20 450/90/20 458/91/20
f 436/92/21 452/93/21 460/94/21
f 437/95/22 453/96/22 462/97/22
f 433/73/23 454/85/23 457/98/23
f 434/86/24 456/88/24 459/99/24
f 435/89/25 458/91/25 461/100/25
f 436/92/26 460/94/26 463/101/26
f 437/95/27 462/97/27 455/102/27
f 438/103/28 464/104/28 469/105/28
f 439/106/29 465/107/29 471/108/29
f 440/109/30 466/110/30 472/111/30
f 441/112/31 467/113/31 473/114/31
f 442/115/32 468/116/32 470/117/32
f 470/117/33 473/118/33 443/119/33
f 470/117/34 468/116/34 473/118/34
f 468/116/35 441/112/35 473/118/35
f 473/114/36 472/120/36 443/121/36
f 473/114/37 467/113/37 472/120/37
f 467/113/38 440/109/38 472/120/38
f 472/111/39 471/122/39 443/123/39
f 472/111/40 466/110/40 471/122/40
f 466/110/41 439/124/41 471/122/41
f 471/108/42 469/125/42 443/126/42
f 471/108/43 465/107/43 469/125/43
f 465/107/44 438/103/44 469/125/44
f 469/105/45 470/127/45 443/128/45
f 469/105/46 464/104/46 470/127/46
f 464/104/47 442/115/47 470/127/47
f 455/102/48 468/116/48 442/115/48
f 455/102/49 462/97/49 468/116/49
f 462/97/50 441/112/50 468/116/50
f 463/101/51 467/113/51 441/112/51
f 463/101/52 460/94/52 467/113/52
f 460/94/53 440/109/53 467/113/53
f 461/100/54 466/110/54 440/109/54
f 461/100/55 458/91/55 466/110/55
f 458/91/56 439/124/56 466/110/56
f 459/99/57 465/107/57 439/106/57
f 459/99/58 456/88/58 465/107/58
f 456/88/59 438/103/59 465/107/59
f 457/98/60 464/104/60 438/103/60
f 457/98/61 454/85/61 464/104/61
f 454/85/62 442/115/62 464/104/62
f 462/97/63 463/101/63 441/112/63
f 462/97/64 453/96/64 463/101/64
f 453/96/65 436/92/65 463/101/65
f 460/94/66 461/100/66 440/109/66
f 460/94/67 452/93/67 461/100/67
f 452/93/68 435/89/68 461/100/68
f 458/91/69 459/129/69 439/124/69
f 458/91/70 450/90/70 459/129/70
f 450/90/71 434/130/71 459/129/71
f 456/88/72 457/98/72 438/103/72
f 456/88/73 446/87/73 457/98/73
f 446/87/74 433/73/74 457/98/74
f 454/85/75 455/102/75 442/115/75
f 454/85/76 447/75/76 455/102/76
f 447/75/77 437/95/77 455/102/77
f 448/84/78 453/96/78 437/95/78
f 448/84/79 451/83/79 453/96/79
f 451/83/80 436/92/80 453/96/80
f 451/81/81 452/93/81 436/92/81
f 451/81/82 449/80/82 452/93/82
f 449/80/83 435/89/83 452/93/83
f 449/78/84 450/90/84 435/89/84
f 449/78/85 444/77/85 450/90/85
f 444/77/86 434/130/86 450/90/86
f 447/75/87 448/131/87 437/95/87
f 447/75/88 445/74/88 448/131/88
f 445/74/89 432/132/89 448/131/89
f 444/72/90 446/87/90 434/86/90
f 444/72/91 445/71/91 446/87/91
f 445/71/92 433/73/92 446/87/92
f 953/133/93 494/134/93 482/135/93
f 951/136/94 486/137/94 487/138/94
f 482/135/95 495/139/95 954/140/95
f 478/141/96 487/138/96 488/142/96
f 954/140/97 496/143/97 955/144/97
f 952/145/98 488/142/98 489/146/98
f 956/147/99 496/143/99 497/148/99
f 479/149/100 489/146/100 490/150/100
f 957/151/101 497/148/101 498/152/101
f 479/149/102 491/153/102 480/154/102
f 949/155/103 476/156/103 484/157/103
f 483/158/104 957/151/104 498/152/104
f 480/154/105 492/159/105 481/160/105
f 949/155/106 485/161/106 950/162/106
f 953/133/107 492/159/107 493/163/107
f 950/162/108 486/137/108 477/164/108
f 493/163/109 507/165/109 508/166/109
f 485/161/110 501/167/110 486/137/110
f 493/163/111 509/168/111 494/134/111
f 487/138/112 501/167/112 502/169/112
f 495/139/113 509/168/113 510/170/113
f 487/138/114 503/171/114 488/142/114
f 495/139/115 511/172/115 496/143/115
f 489/146/116 503/171/116 504/173/116
f 497/148/117 511/172/117 512/174/117
f 489/146/118 505/175/118 490/150/118
f 498/152/119 512/174/119 513/176/119
f 491/153/120 505/175/120 506/177/120
f 484/157/121 476/178/121 499/179/121
f 483/180/122 498/152/122 513/176/122
f 491/153/123 507/165/123 492/159/123
f 484/157/124 500/181/124 485/161/124
f 511/172/125 527/182/125 512/174/125
f 505/175/126 519/183/126 520/184/126
f 512/174/127 528/185/127 513/176/127
f 506/177/128 520/184/128 521/186/128
f 499/179/129 476/187/129 514/188/129
f 483/189/130 513/176/130 528/185/130
f 506/177/131 522/190/131 507/165/131
f 500/181/132 514/188/132 515/191/132
f 507/165/133 523/192/133 508/166/133
f 501/167/134 515/191/134 516/193/134
f 508/166/135 524/194/135 509/168/135
f 501/167/136 517/195/136 502/169/136
f 510/170/137 524/194/137 525/196/137
f 502/169/138 518/197/138 503/171/138
f 511/172/139 525/196/139 526/198/139
f 503/171/140 519/183/140 504/173/140
f 515/191/141 531/199/141 516/193/141
f 523/192/142 539/200/142 524/194/142
f 516/193/143 532/14/143 517/195/143
f 525/196/144 539/200/144 540/1/144
f 517/195/145 533/201/145 518/197/145
f 526/198/146 540/1/146 541/202/146
f 519/183/147 533/201/147 534/203/147
f 527/182/148 541/202/148 542/204/148
f 520/184/149 534/203/149 535/205/149
f 528/185/150 542/204/150 543/206/150
f 521/186/151 535/205/151 536/7/151
f 514/188/152 476/207/152 529/208/152
f 483/209/153 528/185/153 543/206/153
f 521/186/154 537/210/154 522/190/154
f 514/188/155 530/58/155 515/191/155
f 522/190/156 538/211/156 523/192/156
f 535/205/157 549/212/157 550/213/157
f 543/206/158 557/214/158 558/215/158
f 536/7/159 550/213/159 551/216/159
f 529/208/160 476/217/160 544/218/160
f 483/219/161 543/206/161 558/215/161
f 536/7/162 552/220/162 537/210/162
f 529/208/163 545/221/163 530/58/163
f 537/210/164 553/222/164 538/211/164
f 530/58/165 546/223/165 531/199/165
f 538/211/166 554/224/166 539/200/166
f 531/199/167 547/225/167 532/14/167
f 539/200/168 555/226/168 540/1/168
f 532/14/169 548/227/169 533/201/169
f 541/202/170 555/226/170 556/228/170
f 533/201/171 549/212/171 534/203/171
f 542/204/172 556/228/172 557/214/172
f 554/224/173 568/229/173 569/230/173
f 546/223/174 562/231/174 547/225/174
f 555/226/175 569/230/175 570/232/175
f 547/225/176 563/233/176 548/227/176
f 556/228/177 570/232/177 571/234/177
f 548/227/178 564/235/178 549/212/178
f 556/228/179 572/236/179 557/214/179
f 549/212/180 565/237/180 550/213/180
f 557/214/181 573/238/181 558/215/181
f 551/216/182 565/237/182 566/239/182
f 544/218/183 476/240/183 559/241/183
f 483/242/184 558/215/184 573/238/184
f 551/216/185 567/243/185 552/220/185
f 545/221/186 559/241/186 560/244/186
f 553/222/187 567/243/187 568/229/187
f 545/221/188 561/245/188 546/223/188
f 572/236/189 588/246/189 573/238/189
f 565/237/190 581/247/190 566/239/190
f 559/241/191 476/248/191 574/249/191
f 483/250/192 573/238/192 588/246/192
f 567/243/193 581/247/193 582/251/193
f 560/244/194 574/249/194 575/252/194
f 568/229/195 582/251/195 583/253/195
f 560/244/196 576/254/196 561/245/196
f 568/229/197 584/255/197 569/230/197
f 562/231/198 576/254/198 577/256/198
f 570/232/199 584/255/199 585/257/199
f 562/231/200 578/258/200 563/233/200
f 570/232/201 586/259/201 571/234/201
f 564/235/202 578/258/202 579/260/202
f 571/234/203 587/261/203 572/236/203
f 565/237/204 579/260/204 580/262/204
f 577/256/205 591/263/205 592/264/205
f 585/257/206 599/265/206 600/266/206
f 577/256/207 593/267/207 578/258/207
f 585/257/208 601/268/208 586/259/208
f 578/258/209 594/269/209 579/260/209
f 586/259/210 602/270/210 587/261/210
f 580/262/211 594/269/211 595/271/211
f 587/261/212 603/272/212 588/246/212
f 580/262/213 596/273/213 581/247/213
f 574/249/214 476/274/214 589/275/214
f 483/276/215 588/246/215 603/272/215
f 581/247/216 597/277/216 582/251/216
f 575/252/217 589/275/217 590/68/217
f 582/251/218 598/278/218 583/253/218
f 575/252/219 591/263/219 576/254/219
f 583/253/220 599/265/220 584/255/220
f 595/271/221 611/279/221 596/273/221
f 589/275/222 476/280/222 604/281/222
f 483/282/223 603/272/223 618/283/223
f 596/273/224 612/284/224 597/277/224
f 590/68/225 604/281/225 605/285/225
f 597/277/226 613/286/226 598/278/226
f 591/263/227 605/285/227 606/287/227
f 598/278/228 614/288/228 599/265/228
f 591/263/229 607/289/229 592/264/229
f 600/266/230 614/288/230 615/290/230
f 592/264/231 608/291/231 593/267/231
f 601/268/232 615/290/232 616/292/232
f 593/267/233 609/293/233 594/269/233
f 601/268/234 617/294/234 602/270/234
f 595/271/235 609/293/235 610/295/235
f 602/270/236 618/283/236 603/272/236
f 615/290/237 629/296/237 630/297/237
f 607/289/238 623/298/238 608/291/238
f 615/290/239 631/299/239 616/292/239
f 608/291/240 624/300/240 609/293/240
f 617/294/241 631/299/241 632/301/241
f 609/293/242 625/302/242 610/295/242
f 617/294/243 633/303/243 618/283/243
f 610/295/244 626/304/244 611/279/244
f 604/281/245 476/305/245 619/306/245
f 483/307/246 618/283/246 633/303/246
f 611/279/247 627/308/247 612/284/247
f 605/285/248 619/306/248 620/66/248
f 612/284/249 628/309/249 613/286/249
f 606/287/250 620/66/250 621/310/250
f 614/288/251 628/309/251 629/296/251
f 606/287/252 622/311/252 607/289/252
f 483/312/253 633/303/253 648/313/253
f 627/308/254 641/314/254 642/315/254
f 619/306/255 635/316/255 620/66/255
f 628/309/256 642/315/256 643/317/256
f 620/66/257 636/318/257 621/310/257
f 628/309/258 644/319/258 629/296/258
f 621/310/259 637/320/259 622/311/259
f 630/297/260 644/319/260 645/321/260
f 622/311/261 638/322/261 623/298/261
f 631/299/262 645/321/262 646/323/262
f 623/298/263 639/324/263 624/300/263
f 632/301/264 646/323/264 647/325/264
f 624/300/265 640/326/265 625/302/265
f 633/303/266 647/325/266 648/313/266
f 625/302/267 641/314/267 626/304/267
f 619/306/268 476/327/268 634/328/268
f 646/323/269 660/6/269 661/329/269
f 639/324/270 653/330/270 654/331/270
f 647/325/271 661/329/271 662/332/271
f 639/324/272 655/333/272 640/326/272
f 647/325/273 663/334/273 648/313/273
f 640/326/274 656/335/274 641/314/274
f 634/328/275 476/336/275 649/337/275
f 483/338/276 648/313/276 663/334/276
f 641/314/277 657/339/277 642/315/277
f 635/316/278 649/337/278 650/67/278
f 642/315/279 658/340/279 643/317/279
f 635/316/280 651/341/280 636/318/280
f 643/317/281 659/342/281 644/319/281
f 636/318/282 652/343/282 637/320/282
f 644/319/283 660/6/283 645/321/283
f 638/322/284 652/343/284 653/330/284
f 650/67/285 664/344/285 665/345/285
f 657/339/286 673/346/286 658/340/286
f 650/67/287 666/347/287 651/341/287
f 659/342/288 673/346/288 674/348/288
f 651/341/289 667/349/289 652/343/289
f 659/342/290 675/350/290 660/6/290
f 653/330/291 667/349/291 668/351/291
f 661/329/292 675/350/292 676/352/292
f 653/330/293 669/353/293 654/331/293
f 662/332/294 676/352/294 677/354/294
f 654/331/295 670/355/295 655/333/295
f 662/332/296 678/356/296 663/334/296
f 655/333/297 671/357/297 656/335/297
f 649/337/298 476/358/298 664/344/298
f 483/359/299 663/334/299 678/356/299
f 657/339/300 671/357/300 672/360/300
f 668/351/301 684/361/301 669/353/301
f 677/354/302 691/362/302 692/363/302
f 670/355/303 684/361/303 685/364/303
f 678/356/304 692/363/304 693/365/304
f 670/355/305 686/366/305 671/357/305
f 664/344/306 476/367/306 679/368/306
f 483/369/307 678/356/307 693/365/307
f 672/360/308 686/366/308 687/370/308
f 664/344/309 680/371/309 665/345/309
f 672/360/310 688/372/310 673/346/310
f 666/347/311 680/371/311 681/373/311
f 673/346/312 689/374/312 674/348/312
f 667/349/313 681/373/313 682/375/313
f 675/350/314 689/374/314 690/376/314
f 667/349/315 683/377/315 668/351/315
f 675/350/316 691/362/316 676/352/316
f 687/370/317 703/378/317 688/372/317
f 680/371/318 696/379/318 681/373/318
f 689/374/319 703/378/319 704/380/319
f 681/373/320 697/381/320 682/375/320
f 689/374/321 705/382/321 690/376/321
f 683/377/322 697/381/322 698/383/322
f 690/376/323 706/384/323 691/362/323
f 683/377/324 699/385/324 684/361/324
f 692/363/325 706/384/325 707/386/325
f 684/361/326 700/387/326 685/364/326
f 692/363/327 708/388/327 693/365/327
f 686/366/328 700/387/328 701/389/328
f 679/368/329 476/390/329 694/391/329
f 483/392/330 693/365/330 708/388/330
f 686/366/331 702/393/331 687/370/331
f 680/371/332 694/391/332 695/394/332
f 707/386/333 721/395/333 722/396/333
f 700/387/334 714/397/334 715/398/334
f 707/386/335 723/399/335 708/388/335
f 701/389/336 715/398/336 716/400/336
f 694/391/337 476/401/337 709/402/337
f 483/403/338 708/388/338 723/399/338
f 701/389/339 717/404/339 702/393/339
f 694/391/340 710/405/340 695/394/340
f 702/393/341 718/406/341 703/378/341
f 696/379/342 710/405/342 711/407/342
f 703/378/343 719/408/343 704/380/343
f 696/379/344 712/409/344 697/381/344
f 705/382/345 719/408/345 720/410/345
f 697/381/346 713/411/346 698/383/346
f 706/384/347 720/410/347 721/395/347
f 699/385/348 713/411/348 714/397/348
f 711/407/349 725/412/349 726/413/349
f 718/406/350 734/414/350 719/408/350
f 712/409/351 726/413/351 727/415/351
f 719/408/352 735/416/352 720/410/352
f 713/411/353 727/415/353 728/417/353
f 720/410/354 736/418/354 721/395/354
f 713/411/355 729/419/355 714/397/355
f 721/395/356 737/420/356 722/396/356
f 715/398/357 729/419/357 730/421/357
f 722/396/358 738/422/358 723/399/358
f 716/400/359 730/421/359 731/423/359
f 709/402/360 476/424/360 724/425/360
f 483/426/361 723/399/361 738/422/361
f 716/400/362 732/427/362 717/404/362
f 710/405/363 724/425/363 725/412/363
f 718/406/364 732/427/364 733/428/364
f 729/419/365 745/429/365 730/421/365
f 738/422/366 752/430/366 753/431/366
f 730/421/367 746/432/367 731/423/367
f 724/425/368 476/433/368 739/434/368
f 483/435/369 738/422/369 753/431/369
f 731/423/370 747/436/370 732/427/370
f 724/425/371 740/437/371 725/412/371
f 732/427/372 748/438/372 733/428/372
f 726/413/373 740/437/373 741/439/373
f 733/428/374 749/440/374 734/414/374
f 727/415/375 741/439/375 742/441/375
f 735/416/376 749/440/376 750/442/376
f 727/415/377 743/443/377 728/417/377
f 735/416/378 751/444/378 736/418/378
f 728/417/379 744/445/379 729/419/379
f 736/418/380 752/430/380 737/420/380
f 748/438/381 764/446/381 749/440/381
f 741/439/382 757/447/382 742/441/382
f 749/440/383 765/448/383 750/442/383
f 743/443/384 757/447/384 758/449/384
f 751/444/385 765/448/385 766/450/385
f 744/445/386 758/449/386 759/451/386
f 752/430/387 766/450/387 767/452/387
f 745/429/388 759/451/388 760/453/388
f 753/431/389 767/452/389 768/454/389
f 745/429/390 761/455/390 746/432/390
f 739/434/391 476/456/391 754/457/391
f 483/458/392 753/431/392 768/454/392
f 747/436/393 761/455/393 762/459/393
f 739/434/394 755/460/394 740/437/394
f 747/436/395 763/461/395 748/438/395
f 740/437/396 756/462/396 741/439/396
f 767/452/397 783/463/397 768/454/397
f 760/453/398 776/464/398 761/455/398
f 754/457/399 476/465/399 769/466/399
f 483/467/400 768/454/400 783/463/400
f 761/455/401 777/468/401 762/459/401
f 755/460/402 769/466/402 770/469/402
f 762/459/403 778/470/403 763/461/403
f 755/460/404 771/471/404 756/462/404
f 763/461/405 779/472/405 764/446/405
f 756/462/406 772/473/406 757/447/406
f 765/448/407 779/472/407 780/474/407
f 757/447/408 773/475/408 758/449/408
f 766/450/409 780/474/409 781/476/409
f 758/449/410 774/477/410 759/451/410
f 766/450/411 782/478/411 767/452/411
f 760/453/412 774/477/412 775/479/412
f 779/472/413 795/480/413 780/474/413
f 773/475/414 787/481/414 788/482/414
f 780/474/415 796/483/415 781/476/415
f 774/477/416 788/482/416 789/484/416
f 782/478/417 796/483/417 797/485/417
f 775/479/418 789/484/418 790/486/418
f 783/463/419 797/485/419 798/487/419
f 775/479/420 791/488/420 776/464/420
f 769/466/421 476/489/421 784/490/421
f 483/491/422 783/463/422 798/487/422
f 777/468/423 791/488/423 792/492/423
f 769/466/424 785/493/424 770/469/424
f 777/468/425 793/494/425 778/470/425
f 770/469/426 786/495/426 771/471/426
f 778/470/427 794/496/427 779/472/427
f 772/473/428 786/495/428 787/481/428
f 784/490/429 476/497/429 799/498/429
f 483/499/430 798/487/430 813/500/430
f 792/492/431 806/501/431 807/502/431
f 785/493/432 799/498/432 800/503/432
f 792/492/433 808/504/433 793/494/433
f 786/495/434 800/503/434 801/505/434
f 793/494/435 809/506/435 794/496/435
f 786/495/436 802/507/436 787/481/436
f 794/496/437 810/508/437 795/480/437
f 788/482/438 802/507/438 803/509/438
f 796/483/439 810/508/439 811/510/439
f 788/482/440 804/511/440 789/484/440
f 796/483/441 812/512/441 797/485/441
f 790/486/442 804/511/442 805/513/442
f 797/485/443 813/500/443 798/487/443
f 790/486/444 806/501/444 791/488/444
f 803/509/445 817/514/445 818/515/445
f 811/510/446 825/516/446 826/517/446
f 804/511/447 818/515/447 819/518/447
f 811/510/448 827/519/448 812/512/448
f 804/511/449 820/520/449 805/513/449
f 813/500/450 827/519/450 828/521/450
f 805/513/451 821/522/451 806/501/451
f 799/498/452 476/523/452 814/524/452
f 483/525/453 813/500/453 828/521/453
f 806/501/454 822/526/454 807/502/454
f 799/498/455 815/527/455 800/503/455
f 807/502/456 823/528/456 808/504/456
f 801/505/457 815/527/457 816/529/457
f 809/506/458 823/528/458 824/530/458
f 801/505/459 817/514/459 802/507/459
f 809/506/460 825/516/460 810/508/460
f 822/526/461 836/531/461 837/532/461
f 828/521/462 842/533/462 843/534/462
f 814/524/463 830/535/463 815/527/463
f 823/528/464 837/532/464 838/536/464
f 483/537/465 828/521/465 843/534/465
f 815/527/466 831/538/466 816/529/466
f 824/530/467 838/536/467 839/539/467
f 817/514/468 831/538/468 832/540/468
f 825/516/469 839/539/469 840/541/469
f 818/515/470 832/540/470 833/542/470
f 825/516/471 841/543/471 826/517/471
f 818/515/472 834/544/472 819/518/472
f 820/520/473 834/544/473 835/545/473
f 820/520/474 836/531/474 821/522/474
f 827/519/475 841/543/475 842/533/475
f 814/524/476 476/546/476 829/547/476
f 839/548/477 853/549/477 854/550/477
f 831/551/478 847/552/478 832/553/478
f 839/548/479 855/554/479 840/555/479
f 833/556/480 847/552/480 848/557/480
f 841/558/481 855/554/481 856/559/481
f 833/556/482 849/560/482 834/561/482
f 841/558/483 857/562/483 842/563/483
f 834/561/484 850/564/484 835/565/484
f 843/566/485 857/562/485 858/567/485
f 835/565/486 851/568/486 836/569/486
f 829/570/487 476/571/487 844/572/487
f 483/573/488 843/566/488 858/567/488
f 836/569/489 852/574/489 837/575/489
f 830/576/490 844/572/490 845/577/490
f 838/578/491 852/574/491 853/549/491
f 831/551/492 845/577/492 846/579/492
f 858/567/493 872/580/493 873/581/493
f 851/568/494 865/582/494 866/583/494
f 844/572/495 476/584/495 859/585/495
f 483/586/496 858/567/496 873/581/496
f 851/568/497 867/587/497 852/574/497
f 844/572/498 860/588/498 845/577/498
f 853/549/499 867/587/499 868/589/499
f 846/579/500 860/588/500 861/590/500
f 853/549/501 869/591/501 854/550/501
f 846/579/502 862/592/502 847/552/502
f 854/550/503 870/593/503 855/554/503
f 848/557/504 862/592/504 863/594/504
f 855/554/505 871/595/505 856/559/505
f 849/560/506 863/594/506 864/596/506
f 856/559/507 872/580/507 857/562/507
f 849/560/508 865/582/508 850/564/508
f 869/591/509 885/597/509 870/593/509
f 863/594/510 877/598/510 878/599/510
f 871/595/511 885/597/511 886/600/511
f 863/594/512 879/601/512 864/596/512
f 871/595/513 887/602/513 872/580/513
f 865/582/514 879/601/514 880/603/514
f 872/580/515 888/604/515 873/581/515
f 865/582/516 881/605/516 866/583/516
f 859/585/517 476/606/517 874/607/517
f 483/608/518 873/581/518 888/604/518
f 867/587/519 881/605/519 882/609/519
f 859/585/520 875/610/520 860/588/520
f 867/587/521 883/611/521 868/589/521
f 860/588/522 876/612/522 861/590/522
f 869/591/523 883/611/523 884/613/523
f 862/592/524 876/612/524 877/598/524
f 874/607/525 476/614/525 889/615/525
f 483/616/526 888/604/526 903/617/526
f 881/605/527 897/618/527 882/609/527
f 874/607/528 890/619/528 875/610/528
f 882/609/529 898/620/529 883/611/529
f 875/610/530 891/621/530 876/612/530
f 883/611/531 899/622/531 884/613/531
f 877/598/532 891/621/532 892/623/532
f 884/613/533 900/624/533 885/597/533
f 877/598/534 893/625/534 878/599/534
f 885/597/535 901/626/535 886/600/535
f 879/601/536 893/625/536 894/627/536
f 887/602/537 901/626/537 902/628/537
f 880/603/538 894/627/538 895/629/538
f 888/604/539 902/628/539 903/617/539
f 881/605/540 895/629/540 896/630/540
f 893/625/541 907/631/541 908/632/541
f 900/624/542 916/633/542 901/626/542
f 894/627/543 908/632/543 909/634/543
f 901/626/544 917/635/544 902/628/544
f 895/629/545 909/634/545 910/636/545
f 902/628/546 918/637/546 903/617/546
f 895/629/547 911/638/547 896/630/547
f 889/615/548 476/639/548 904/640/548
f 483/641/549 903/617/549 918/637/549
f 896/630/550 912/642/550 897/618/550
f 890/619/551 904/640/551 905/643/551
f 897/618/552 913/644/552 898/620/552
f 891/621/553 905/643/553 906/645/553
f 898/620/554 914/646/554 899/622/554
f 892/623/555 906/645/555 907/631/555
f 899/622/556 915/647/556 900/624/556
f 911/638/557 927/648/557 912/642/557
f 904/640/558 920/649/558 905/643/558
f 912/642/559 928/650/559 913/644/559
f 905/643/560 921/651/560 906/645/560
f 914/646/561 928/650/561 929/652/561
f 906/645/562 922/653/562 907/631/562
f 915/647/563 929/652/563 930/654/563
f 907/631/564 923/655/564 908/632/564
f 915/647/565 931/656/565 916/633/565
f 908/632/566 924/657/566 909/634/566
f 917/635/567 931/656/567 932/658/567
f 910/636/568 924/657/568 925/659/568
f 918/637/569 932/658/569 933/660/569
f 910/636/570 926/661/570 911/638/570
f 904/640/571 476/662/571 919/663/571
f 483/664/572 918/637/572 933/660/572
f 930/654/573 946/665/573 931/656/573
f 924/657/574 938/666/574 939/667/574
f 931/656/575 947/668/575 932/658/575
f 924/657/576 940/669/576 925/659/576
f 933/660/577 947/668/577 948/670/577
f 926/661/578 940/669/578 941/671/578
f 919/663/579 476/672/579 934/673/579
f 483/674/580 933/660/580 948/670/580
f 926/661/581 942/675/581 927/648/581
f 919/663/582 935/676/582 920/649/582
f 928/650/583 942/675/583 943/677/583
f 921/651/584 935/676/584 936/678/584
f 928/650/585 944/679/585 929/652/585
f 922/653/586 936/678/586 937/680/586
f 930/654/587 944/679/587 945/681/587
f 922/653/588 938/666/588 923/655/588
f 934/673/589 950/162/589 935/676/589
f 943/677/590 481/160/590 953/133/590
f 935/676/591 477/164/591 936/678/591
f 944/679/592 953/133/592 482/135/592
f 936/678/593 951/136/593 937/680/593
f 945/681/594 482/135/594 954/140/594
f 938/666/595 951/136/595 478/141/595
f 946/665/596 954/140/596 955/144/596
f 938/666/597 952/145/597 939/667/597
f 947/668/598 955/144/598 956/147/598
f 939/667/599 479/149/599 940/669/599
f 948/670/600 956/147/600 957/151/600
f 941/671/601 479/149/601 480/154/601
f 934/673/602 476/682/602 949/155/602
f 483/683/603 948/670/603 957/151/603
f 941/671/604 481/160/604 942/675/604
f 959/164/94 969/138/94 1433/136/94
f 964/135/95 977/139/95 1436/140/95
f 960/141/96 969/138/96 970/142/96
f 1436/140/97 978/143/97 1437/144/97
f 1434/145/98 970/142/98 971/146/98
f 1437/144/99 979/148/99 1438/147/99
f 961/149/100 971/146/100 972/150/100
f 1438/147/101 980/152/101 1439/151/101
f 961/149/605 973/153/605 962/154/605
f 1431/155/103 958/156/103 966/157/103
f 965/158/104 1439/151/104 980/152/104
f 963/160/606 973/153/606 974/159/606
f 1432/162/106 966/157/106 967/161/106
f 963/160/107 975/163/107 1435/133/107
f 1432/162/108 968/137/108 959/164/108
f 1435/133/93 976/134/93 964/135/93
f 968/137/607 982/181/607 983/167/607
f 976/134/608 990/166/608 991/168/608
f 968/137/112 984/169/112 969/138/112
f 976/134/113 992/170/113 977/139/113
f 970/142/114 984/169/114 985/171/114
f 977/139/115 993/172/115 978/143/115
f 970/142/116 986/173/116 971/146/116
f 978/143/117 994/174/117 979/148/117
f 971/146/118 987/175/118 972/150/118
f 980/152/119 994/174/119 995/176/119
f 973/153/609 987/175/609 988/177/609
f 966/157/121 958/178/121 981/179/121
f 965/180/122 980/152/122 995/176/122
f 973/153/610 989/165/610 974/159/610
f 966/157/124 982/181/124 967/161/124
f 975/163/109 989/165/109 990/166/109
f 986/173/126 1002/184/126 987/175/126
f 995/176/127 1009/182/127 1010/185/127
f 988/177/611 1002/184/611 1003/186/611
f 981/179/612 958/187/612 996/188/612
f 965/189/130 995/176/130 1010/185/130
f 988/177/131 1004/190/131 989/165/131
f 982/181/132 996/188/132 997/191/132
f 990/166/133 1004/190/133 1005/192/133
f 983/167/134 997/191/134 998/193/134
f 990/166/135 1006/194/135 991/168/135
f 983/167/136 999/195/136 984/169/136
f 992/170/137 1006/194/137 1007/196/137
f 984/169/138 1000/197/138 985/171/138
f 993/172/139 1007/196/139 1008/198/139
f 985/171/140 1001/183/140 986/173/140
f 993/172/613 1009/182/613 994/174/613
f 1006/194/142 1020/211/142 1021/200/142
f 999/195/143 1013/199/143 1014/14/143
f 1007/196/614 1021/200/614 1022/1/614
f 999/195/145 1015/201/145 1000/197/145
f 1007/196/146 1023/202/146 1008/198/146
f 1001/183/147 1015/201/147 1016/203/147
f 1008/198/148 1024/204/148 1009/182/148
f 1002/184/149 1016/203/149 1017/205/149
f 1010/185/150 1024/204/150 1025/206/150
f 1003/186/151 1017/205/151 1018/7/151
f 996/188/152 958/207/152 1011/208/152
f 965/209/153 1010/185/153 1025/206/153
f 1003/186/154 1019/210/154 1004/190/154
f 996/188/155 1012/58/155 997/191/155
f 1004/190/156 1020/211/156 1005/192/156
f 997/191/141 1013/199/141 998/193/141
f 1025/206/615 1039/214/615 1040/215/615
f 1018/7/616 1032/213/616 1033/216/616
f 1011/208/160 958/217/160 1026/218/160
f 965/219/161 1025/206/161 1040/215/161
f 1018/7/162 1034/220/162 1019/210/162
f 1012/58/617 1026/218/617 1027/221/617
f 1020/211/164 1034/220/164 1035/222/164
f 1012/58/165 1028/223/165 1013/199/165
f 1020/211/166 1036/224/166 1021/200/166
f 1013/199/167 1029/225/167 1014/14/167
f 1021/200/168 1037/226/168 1022/1/168
f 1014/14/169 1030/227/169 1015/201/169
f 1023/202/170 1037/226/170 1038/228/170
f 1016/203/171 1030/227/171 1031/212/171
f 1023/202/172 1039/214/172 1024/204/172
f 1017/205/157 1031/212/157 1032/213/157
f 1029/225/174 1043/245/174 1044/231/174
f 1036/224/175 1052/232/175 1037/226/175
f 1030/227/176 1044/231/176 1045/233/176
f 1037/226/177 1053/234/177 1038/228/177
f 1030/227/178 1046/235/178 1031/212/178
f 1038/228/179 1054/236/179 1039/214/179
f 1032/213/180 1046/235/180 1047/237/180
f 1040/215/618 1054/236/618 1055/238/618
f 1033/216/619 1047/237/619 1048/239/619
f 1026/218/620 958/240/620 1041/241/620
f 965/242/184 1040/215/184 1055/238/184
f 1033/216/621 1049/243/621 1034/220/621
f 1027/221/622 1041/241/622 1042/244/622
f 1034/220/187 1050/229/187 1035/222/187
f 1028/223/188 1042/244/188 1043/245/188
f 1036/224/173 1050/229/173 1051/230/173
f 1048/239/623 1062/262/623 1063/247/623
f 1041/241/191 958/248/191 1056/249/191
f 965/250/624 1055/238/624 1070/246/624
f 1048/239/193 1064/251/193 1049/243/193
f 1041/241/194 1057/252/194 1042/244/194
f 1049/243/195 1065/253/195 1050/229/195
f 1043/245/196 1057/252/196 1058/254/196
f 1050/229/197 1066/255/197 1051/230/197
f 1043/245/198 1059/256/198 1044/231/198
f 1052/232/199 1066/255/199 1067/257/199
f 1045/233/200 1059/256/200 1060/258/200
f 1052/232/201 1068/259/201 1053/234/201
f 1045/233/202 1061/260/202 1046/235/202
f 1053/234/203 1069/261/203 1054/236/203
f 1047/237/204 1061/260/204 1062/262/204
f 1055/238/189 1069/261/189 1070/246/189
f 1066/255/206 1082/266/206 1067/257/206
f 1059/256/207 1075/267/207 1060/258/207
f 1067/257/208 1083/268/208 1068/259/208
f 1060/258/209 1076/269/209 1061/260/209
f 1069/261/210 1083/268/210 1084/270/210
f 1062/262/211 1076/269/211 1077/271/211
f 1070/246/212 1084/270/212 1085/272/212
f 1062/262/625 1078/273/625 1063/247/625
f 1056/249/214 958/274/214 1071/275/214
f 965/276/215 1070/246/215 1085/272/215
f 1063/247/626 1079/277/626 1064/251/626
f 1057/252/627 1071/275/627 1072/68/627
f 1064/251/218 1080/278/218 1065/253/218
f 1057/252/219 1073/263/219 1058/254/219
f 1066/255/220 1080/278/220 1081/265/220
f 1059/256/205 1073/263/205 1074/264/205
f 965/282/223 1085/272/223 1100/283/223
f 1078/273/628 1094/284/628 1079/277/628
f 1072/68/225 1086/281/225 1087/285/225
f 1080/278/226 1094/284/226 1095/286/226
f 1073/263/227 1087/285/227 1088/287/227
f 1080/278/228 1096/288/228 1081/265/228
f 1073/263/229 1089/289/229 1074/264/229
f 1082/266/230 1096/288/230 1097/290/230
f 1074/264/231 1090/291/231 1075/267/231
f 1083/268/629 1097/290/629 1098/292/629
f 1076/269/233 1090/291/233 1091/293/233
f 1083/268/234 1099/294/234 1084/270/234
f 1076/269/235 1092/295/235 1077/271/235
f 1084/270/236 1100/283/236 1085/272/236
f 1077/271/630 1093/279/630 1078/273/630
f 1071/275/222 958/280/222 1086/281/222
f 1098/292/239 1112/297/239 1113/299/239
f 1090/291/240 1106/300/240 1091/293/240
f 1099/294/241 1113/299/241 1114/301/241
f 1092/295/242 1106/300/242 1107/302/242
f 1099/294/631 1115/303/631 1100/283/631
f 1092/295/244 1108/304/244 1093/279/244
f 1086/281/245 958/305/245 1101/306/245
f 965/307/632 1100/283/632 1115/303/632
f 1094/284/633 1108/304/633 1109/308/633
f 1087/285/634 1101/306/634 1102/66/634
f 1094/284/249 1110/309/249 1095/286/249
f 1087/285/250 1103/310/250 1088/287/250
f 1096/288/251 1110/309/251 1111/296/251
f 1088/287/252 1104/311/252 1089/289/252
f 1096/288/237 1112/297/237 1097/290/237
f 1090/291/238 1104/311/238 1105/298/238
f 1101/306/255 1117/316/255 1102/66/255
f 1110/309/256 1124/315/256 1125/317/256
f 1103/310/257 1117/316/257 1118/318/257
f 1111/296/258 1125/317/258 1126/319/258
f 1104/311/259 1118/318/259 1119/320/259
f 1112/297/260 1126/319/260 1127/321/260
f 1104/311/261 1120/322/261 1105/298/261
f 1112/297/262 1128/323/262 1113/299/262
f 1105/298/263 1121/324/263 1106/300/263
f 1113/299/264 1129/325/264 1114/301/264
f 1106/300/265 1122/326/265 1107/302/265
f 1115/303/635 1129/325/635 1130/313/635
f 1107/302/636 1123/314/636 1108/304/636
f 1101/306/268 958/327/268 1116/328/268
f 965/312/253 1115/303/253 1130/313/253
f 1108/304/254 1124/315/254 1109/308/254
f 1120/322/270 1136/331/270 1121/324/270
f 1128/323/271 1144/332/271 1129/325/271
f 1121/324/272 1137/333/272 1122/326/272
f 1130/313/273 1144/332/273 1145/334/273
f 1123/314/274 1137/333/274 1138/335/274
f 1116/328/275 958/336/275 1131/337/275
f 965/338/276 1130/313/276 1145/334/276
f 1124/315/637 1138/335/637 1139/339/637
f 1116/328/278 1132/67/278 1117/316/278
f 1125/317/279 1139/339/279 1140/340/279
f 1118/318/280 1132/67/280 1133/341/280
f 1125/317/281 1141/342/281 1126/319/281
f 1118/318/282 1134/343/282 1119/320/282
f 1127/321/283 1141/342/283 1142/6/283
f 1119/320/284 1135/330/284 1120/322/284
f 1128/323/269 1142/6/269 1143/329/269
f 1140/340/286 1154/360/286 1155/346/286
f 1132/67/287 1148/347/287 1133/341/287
f 1140/340/288 1156/348/288 1141/342/288
f 1133/341/289 1149/349/289 1134/343/289
f 1141/342/290 1157/350/290 1142/6/290
f 1135/330/638 1149/349/638 1150/351/638
f 1142/6/292 1158/352/292 1143/329/292
f 1136/331/293 1150/351/293 1151/353/293
f 1144/332/294 1158/352/294 1159/354/294
f 1136/331/295 1152/355/295 1137/333/295
f 1145/334/296 1159/354/296 1160/356/296
f 1138/335/639 1152/355/639 1153/357/639
f 1131/337/298 958/358/298 1146/344/298
f 965/359/299 1145/334/299 1160/356/299
f 1138/335/640 1154/360/640 1139/339/640
f 1132/67/285 1146/344/285 1147/345/285
f 1158/352/641 1174/363/641 1159/354/641
f 1151/353/303 1167/364/303 1152/355/303
f 1159/354/642 1175/365/642 1160/356/642
f 1153/357/643 1167/364/643 1168/366/643
f 1146/344/306 958/367/306 1161/368/306
f 965/369/307 1160/356/307 1175/365/307
f 1153/357/644 1169/370/644 1154/360/644
f 1146/344/309 1162/371/309 1147/345/309
f 1154/360/310 1170/372/310 1155/346/310
f 1147/345/311 1163/373/311 1148/347/311
f 1156/348/312 1170/372/312 1171/374/312
f 1149/349/313 1163/373/313 1164/375/313
f 1156/348/645 1172/376/645 1157/350/645
f 1150/351/315 1164/375/315 1165/377/315
f 1158/352/316 1172/376/316 1173/362/316
f 1150/351/301 1166/361/301 1151/353/301
f 1163/373/318 1177/394/318 1178/379/318
f 1171/374/319 1185/378/319 1186/380/319
f 1163/373/320 1179/381/320 1164/375/320
f 1172/376/321 1186/380/321 1187/382/321
f 1164/375/322 1180/383/322 1165/377/322
f 1173/362/323 1187/382/323 1188/384/323
f 1165/377/646 1181/385/646 1166/361/646
f 1173/362/325 1189/386/325 1174/363/325
f 1166/361/326 1182/387/326 1167/364/326
f 1175/365/647 1189/386/647 1190/388/647
f 1168/366/328 1182/387/328 1183/389/328
f 1161/368/329 958/390/329 1176/391/329
f 965/392/330 1175/365/330 1190/388/330
f 1169/370/331 1183/389/331 1184/393/331
f 1162/371/648 1176/391/648 1177/394/648
f 1170/372/317 1184/393/317 1185/378/317
f 1181/385/334 1197/398/334 1182/387/334
f 1189/386/649 1205/399/649 1190/388/649
f 1183/389/336 1197/398/336 1198/400/336
f 1176/391/337 958/401/337 1191/402/337
f 965/403/338 1190/388/338 1205/399/338
f 1183/389/650 1199/404/650 1184/393/650
f 1177/394/340 1191/402/340 1192/405/340
f 1185/378/341 1199/404/341 1200/406/341
f 1178/379/342 1192/405/342 1193/407/342
f 1186/380/343 1200/406/343 1201/408/343
f 1179/381/651 1193/407/651 1194/409/651
f 1187/382/345 1201/408/345 1202/410/345
f 1179/381/346 1195/411/346 1180/383/346
f 1188/384/347 1202/410/347 1203/395/347
f 1180/383/348 1196/397/348 1181/385/348
f 1188/384/333 1204/396/333 1189/386/333
f 1200/406/350 1216/414/350 1201/408/350
f 1193/407/351 1209/415/351 1194/409/351
f 1202/410/352 1216/414/352 1217/416/352
f 1194/409/353 1210/417/353 1195/411/353
f 1202/410/354 1218/418/354 1203/395/354
f 1196/397/355 1210/417/355 1211/419/355
f 1204/396/356 1218/418/356 1219/420/356
f 1197/398/357 1211/419/357 1212/421/357
f 1204/396/652 1220/422/652 1205/399/652
f 1198/400/359 1212/421/359 1213/423/359
f 1191/402/360 958/424/360 1206/425/360
f 965/426/361 1205/399/361 1220/422/361
f 1198/400/653 1214/427/653 1199/404/653
f 1191/402/654 1207/412/654 1192/405/654
f 1199/404/364 1215/428/364 1200/406/364
f 1193/407/349 1207/412/349 1208/413/349
f 1219/420/655 1235/431/655 1220/422/655
f 1213/423/656 1227/429/656 1228/432/656
f 1206/425/368 958/433/368 1221/434/368
f 965/435/369 1220/422/369 1235/431/369
f 1213/423/657 1229/436/657 1214/427/657
f 1207/412/371 1221/434/371 1222/437/371
f 1214/427/372 1230/438/372 1215/428/372
f 1207/412/658 1223/439/658 1208/413/658
f 1216/414/374 1230/438/374 1231/440/374
f 1209/415/375 1223/439/375 1224/441/375
f 1216/414/376 1232/442/376 1217/416/376
f 1210/417/377 1224/441/377 1225/443/377
f 1217/416/378 1233/444/378 1218/418/378
f 1210/417/659 1226/445/659 1211/419/659
f 1219/420/380 1233/444/380 1234/430/380
f 1212/421/365 1226/445/365 1227/429/365
f 1231/440/383 1247/448/383 1232/442/383
f 1224/441/384 1240/449/384 1225/443/384
f 1233/444/385 1247/448/385 1248/450/385
f 1225/443/386 1241/451/386 1226/445/386
f 1233/444/660 1249/452/660 1234/430/660
f 1226/445/388 1242/453/388 1227/429/388
f 1235/431/389 1249/452/389 1250/454/389
f 1228/432/661 1242/453/661 1243/455/661
f 1221/434/662 958/456/662 1236/457/662
f 965/458/392 1235/431/392 1250/454/392
f 1228/432/663 1244/459/663 1229/436/663
f 1221/434/664 1237/460/664 1222/437/664
f 1230/438/395 1244/459/395 1245/461/395
f 1222/437/665 1238/462/665 1223/439/665
f 1230/438/381 1246/446/381 1231/440/381
f 1223/439/382 1239/447/382 1224/441/382
f 1236/457/399 958/465/399 1251/466/399
f 965/467/400 1250/454/400 1265/463/400
f 1243/455/401 1259/468/401 1244/459/401
f 1237/460/402 1251/466/402 1252/469/402
f 1245/461/403 1259/468/403 1260/470/403
f 1238/462/404 1252/469/404 1253/471/404
f 1246/446/405 1260/470/405 1261/472/405
f 1239/447/406 1253/471/406 1254/473/406
f 1246/446/666 1262/474/666 1247/448/666
f 1240/449/408 1254/473/408 1255/475/408
f 1247/448/409 1263/476/409 1248/450/409
f 1240/449/410 1256/477/410 1241/451/410
f 1248/450/411 1264/478/411 1249/452/411
f 1241/451/412 1257/479/412 1242/453/412
f 1250/454/397 1264/478/397 1265/463/397
f 1243/455/667 1257/479/667 1258/464/667
f 1255/475/414 1269/481/414 1270/482/414
f 1262/474/415 1278/483/415 1263/476/415
f 1255/475/416 1271/484/416 1256/477/416
f 1263/476/417 1279/485/417 1264/478/417
f 1257/479/418 1271/484/418 1272/486/418
f 1265/463/668 1279/485/668 1280/487/668
f 1257/479/669 1273/488/669 1258/464/669
f 1251/466/421 958/489/421 1266/490/421
f 965/491/422 1265/463/422 1280/487/422
f 1258/464/423 1274/492/423 1259/468/423
f 1251/466/670 1267/493/670 1252/469/670
f 1259/468/425 1275/494/425 1260/470/425
f 1252/469/426 1268/495/426 1253/471/426
f 1261/472/671 1275/494/671 1276/496/671
f 1254/473/428 1268/495/428 1269/481/428
f 1262/474/413 1276/496/413 1277/480/413
f 1273/488/431 1289/502/431 1274/492/431
f 1266/490/432 1282/503/432 1267/493/432
f 1274/492/433 1290/504/433 1275/494/433
f 1268/495/434 1282/503/434 1283/505/434
f 1276/496/435 1290/504/435 1291/506/435
f 1268/495/436 1284/507/436 1269/481/436
f 1276/496/437 1292/508/437 1277/480/437
f 1269/481/438 1285/509/438 1270/482/438
f 1278/483/439 1292/508/439 1293/510/439
f 1270/482/440 1286/511/440 1271/484/440
f 1279/485/441 1293/510/441 1294/512/441
f 1272/486/442 1286/511/442 1287/513/442
f 1279/485/672 1295/500/672 1280/487/672
f 1273/488/673 1287/513/673 1288/501/673
f 1266/490/674 958/497/674 1281/498/674
f 965/499/430 1280/487/430 1295/500/430
f 1293/510/446 1307/516/446 1308/517/446
f 1285/509/447 1301/518/447 1286/511/447
f 1293/510/448 1309/519/448 1294/512/448
f 1286/511/449 1302/520/449 1287/513/449
f 1295/500/450 1309/519/450 1310/521/450
f 1288/501/451 1302/520/451 1303/522/451
f 1281/498/452 958/523/452 1296/524/452
f 965/525/675 1295/500/675 1310/521/675
f 1288/501/454 1304/526/454 1289/502/454
f 1281/498/455 1297/527/455 1282/503/455
f 1290/504/456 1304/526/456 1305/528/456
f 1283/505/676 1297/527/676 1298/529/676
f 1291/506/677 1305/528/677 1306/530/677
f 1283/505/459 1299/514/459 1284/507/459
f 1291/506/460 1307/516/460 1292/508/460
f 1285/509/445 1299/514/445 1300/515/445
f 1296/524/463 1312/535/463 1297/527/463
f 1304/526/464 1320/536/464 1305/528/464
f 1298/529/466 1312/535/466 1313/538/466
f 1306/530/467 1320/536/467 1321/539/467
f 1298/529/468 1314/540/468 1299/514/468
f 1307/516/469 1321/539/469 1322/541/469
f 1299/514/470 1315/542/470 1300/515/470
f 1307/516/678 1323/543/678 1308/517/678
f 1300/515/472 1316/544/472 1301/518/472
f 1308/517/475 1324/533/475 1309/519/475
f 1302/520/473 1316/544/473 1317/545/473
f 1310/521/462 1324/533/462 1325/534/462
f 1302/520/679 1318/531/679 1303/522/679
f 1296/524/476 958/546/476 1311/547/476
f 965/537/465 1310/521/465 1325/534/465
f 1304/526/461 1318/531/461 1319/532/461
f 1315/556/482 1331/560/482 1316/561/482
f 1323/558/483 1339/562/483 1324/563/483
f 1317/565/484 1331/560/484 1332/564/484
f 1325/566/485 1339/562/485 1340/567/485
f 1317/565/680 1333/568/680 1318/569/680
f 1311/570/487 958/571/487 1326/572/487
f 965/573/488 1325/566/488 1340/567/488
f 1319/575/681 1333/568/681 1334/574/681
f 1311/570/490 1327/577/490 1312/576/490
f 1320/578/491 1334/574/491 1335/549/491
f 1313/551/492 1327/577/492 1328/579/492
f 1321/548/477 1335/549/477 1336/550/477
f 1313/551/478 1329/552/478 1314/553/478
f 1321/548/479 1337/554/479 1322/555/479
f 1315/556/480 1329/552/480 1330/557/480
f 1323/558/481 1337/554/481 1338/559/481
f 1335/549/499 1349/587/499 1350/589/499
f 1327/577/500 1343/590/500 1328/579/500
f 1336/550/501 1350/589/501 1351/591/501
f 1328/579/502 1344/592/502 1329/552/502
f 1337/554/503 1351/591/503 1352/593/503
f 1329/552/504 1345/594/504 1330/557/504
f 1337/554/505 1353/595/505 1338/559/505
f 1330/557/682 1346/596/682 1331/560/682
f 1339/562/507 1353/595/507 1354/580/507
f 1331/560/508 1347/582/508 1332/564/508
f 1339/562/493 1355/581/493 1340/567/493
f 1333/568/494 1347/582/494 1348/583/494
f 1326/572/495 958/584/495 1341/585/495
f 965/586/683 1340/567/683 1355/581/683
f 1333/568/684 1349/587/684 1334/574/684
f 1327/577/685 1341/585/685 1342/588/685
f 1353/595/513 1369/602/513 1354/580/513
f 1347/582/514 1361/601/514 1362/603/514
f 1355/581/515 1369/602/515 1370/604/515
f 1347/582/686 1363/605/686 1348/583/686
f 1341/585/517 958/606/517 1356/607/517
f 965/608/518 1355/581/518 1370/604/518
f 1349/587/687 1363/605/687 1364/609/687
f 1341/585/688 1357/610/688 1342/588/688
f 1349/587/521 1365/611/521 1350/589/521
f 1343/590/689 1357/610/689 1358/612/689
f 1351/591/523 1365/611/523 1366/613/523
f 1344/592/524 1358/612/524 1359/598/524
f 1352/593/509 1366/613/509 1367/597/509
f 1344/592/510 1360/599/510 1345/594/510
f 1353/595/511 1367/597/511 1368/600/511
f 1345/594/512 1361/601/512 1346/596/512
f 1365/611/531 1381/622/531 1366/613/531
f 1358/612/532 1374/623/532 1359/598/532
f 1367/597/533 1381/622/533 1382/624/533
f 1359/598/534 1375/625/534 1360/599/534
f 1368/600/535 1382/624/535 1383/626/535
f 1361/601/536 1375/625/536 1376/627/536
f 1368/600/537 1384/628/537 1369/602/537
f 1361/601/538 1377/629/538 1362/603/538
f 1369/602/690 1385/617/690 1370/604/690
f 1363/605/691 1377/629/691 1378/630/691
f 1356/607/525 958/614/525 1371/615/525
f 965/616/526 1370/604/526 1385/617/526
f 1363/605/527 1379/618/527 1364/609/527
f 1357/610/528 1371/615/528 1372/619/528
f 1365/611/529 1379/618/529 1380/620/529
f 1357/610/530 1373/621/530 1358/612/530
f 1385/617/692 1399/635/692 1400/637/692
f 1378/630/693 1392/636/693 1393/638/693
f 1371/615/548 958/639/548 1386/640/548
f 965/641/549 1385/617/549 1400/637/549
f 1378/630/550 1394/642/550 1379/618/550
f 1371/615/694 1387/643/694 1372/619/694
f 1380/620/552 1394/642/552 1395/644/552
f 1372/619/553 1388/645/553 1373/621/553
f 1381/622/554 1395/644/554 1396/646/554
f 1373/621/555 1389/631/555 1374/623/555
f 1382/624/695 1396/646/695 1397/647/695
f 1375/625/696 1389/631/696 1390/632/696
f 1383/626/542 1397/647/542 1398/633/542
f 1375/625/543 1391/634/543 1376/627/543
f 1383/626/544 1399/635/544 1384/628/544
f 1376/627/545 1392/636/545 1377/629/545
f 1389/631/562 1403/651/562 1404/653/562
f 1396/646/563 1412/654/563 1397/647/563
f 1390/632/564 1404/653/564 1405/655/564
f 1397/647/565 1413/656/565 1398/633/565
f 1390/632/566 1406/657/566 1391/634/566
f 1398/633/567 1414/658/567 1399/635/567
f 1392/636/568 1406/657/568 1407/659/568
f 1400/637/569 1414/658/569 1415/660/569
f 1392/636/570 1408/661/570 1393/638/570
f 1386/640/697 958/662/697 1401/663/697
f 965/664/572 1400/637/572 1415/660/572
f 1393/638/698 1409/648/698 1394/642/698
f 1387/643/699 1401/663/699 1402/649/699
f 1394/642/559 1410/650/559 1395/644/559
f 1388/645/700 1402/649/700 1403/651/700
f 1396/646/561 1410/650/561 1411/652/561
f 1408/661/701 1422/669/701 1423/671/701
f 1401/663/579 958/672/579 1416/673/579
f 965/674/580 1415/660/580 1430/670/580
f 1408/661/702 1424/675/702 1409/648/702
f 1402/649/703 1416/673/703 1417/676/703
f 1409/648/583 1425/677/583 1410/650/583
f 1403/651/704 1417/676/704 1418/678/704
f 1410/650/585 1426/679/585 1411/652/585
f 1403/651/586 1419/680/586 1404/653/586
f 1411/652/587 1427/681/587 1412/654/587
f 1405/655/588 1419/680/588 1420/666/588
f 1412/654/573 1428/665/573 1413/656/573
f 1405/655/574 1421/667/574 1406/657/574
f 1414/658/575 1428/665/575 1429/668/575
f 1406/657/576 1422/669/576 1407/659/576
f 1414/658/705 1430/670/705 1415/660/705
f 1427/681/594 964/135/594 1436/140/594
f 1420/666/595 1433/136/595 960/141/595
f 1427/681/596 1437/144/596 1428/665/596
f 1420/666/597 1434/145/597 1421/667/597
f 1429/668/598 1437/144/598 1438/147/598
f 1422/669/599 1434/145/599 961/149/599
f 1429/668/706 1439/151/706 1430/670/706
f 1423/671/601 961/149/601 962/154/601
f 1416/673/602 958/682/602 1431/155/602
f 965/683/603 1430/670/603 1439/151/603
f 1423/671/707 963/160/707 1424/675/707
f 1417/676/708 1431/155/708 1432/162/708
f 1424/675/590 1435/133/590 1425/677/590
f 1418/678/591 1432/162/591 959/164/591
f 1426/679/592 1435/133/592 964/135/592
f 1419/680/593 959/164/593 1433/136/593
f 1915/136/94 1450/137/94 1451/138/94
f 1446/135/95 1459/139/95 1918/140/95
f 1915/136/96 1452/142/96 1442/141/96
f 1919/144/97 1459/139/97 1460/143/97
f 1442/141/98 1453/146/98 1916/145/98
f 1920/147/99 1460/143/99 1461/148/99
f 1443/149/100 1453/146/100 1454/150/100
f 1920/147/101 1462/152/101 1921/151/101
f 1444/154/102 1454/150/102 1455/153/102
f 1913/155/103 1440/156/103 1448/157/103
f 1447/158/104 1921/151/104 1462/152/104
f 1444/154/105 1456/159/105 1445/160/105
f 1913/155/106 1449/161/106 1914/162/106
f 1445/160/107 1457/163/107 1917/133/107
f 1914/162/108 1450/137/108 1441/164/108
f 1917/133/93 1458/134/93 1446/135/93
f 1450/137/607 1464/181/607 1465/167/607
f 1457/163/608 1473/168/608 1458/134/608
f 1450/137/112 1466/169/112 1451/138/112
f 1459/139/709 1473/168/709 1474/170/709
f 1451/138/710 1467/171/710 1452/142/710
f 1460/143/115 1474/170/115 1475/172/115
f 1453/146/711 1467/171/711 1468/173/711
f 1460/143/712 1476/174/712 1461/148/712
f 1454/150/118 1468/173/118 1469/175/118
f 1461/148/713 1477/176/713 1462/152/713
f 1455/153/120 1469/175/120 1470/177/120
f 1448/157/121 1440/178/121 1463/179/121
f 1447/180/122 1462/152/122 1477/176/122
f 1455/153/610 1471/165/610 1456/159/610
f 1449/161/124 1463/179/124 1464/181/124
f 1456/159/109 1472/166/109 1457/163/109
f 1469/175/126 1483/183/126 1484/184/126
f 1477/176/714 1491/182/714 1492/185/714
f 1469/175/715 1485/186/715 1470/177/715
f 1463/179/612 1440/187/612 1478/188/612
f 1447/189/130 1477/176/130 1492/185/130
f 1470/177/131 1486/190/131 1471/165/131
f 1464/181/716 1478/188/716 1479/191/716
f 1471/165/133 1487/192/133 1472/166/133
f 1464/181/717 1480/193/717 1465/167/717
f 1473/168/135 1487/192/135 1488/194/135
f 1466/169/136 1480/193/136 1481/195/136
f 1474/170/718 1488/194/718 1489/196/718
f 1467/171/719 1481/195/719 1482/197/719
f 1474/170/139 1490/198/139 1475/172/139
f 1467/171/140 1483/183/140 1468/173/140
f 1475/172/613 1491/182/613 1476/174/613
f 1488/194/142 1502/211/142 1503/200/142
f 1480/193/143 1496/14/143 1481/195/143
f 1488/194/144 1504/1/144 1489/196/144
f 1482/197/720 1496/14/720 1497/201/720
f 1489/196/146 1505/202/146 1490/198/146
f 1482/197/147 1498/203/147 1483/183/147
f 1491/182/148 1505/202/148 1506/204/148
f 1483/183/149 1499/205/149 1484/184/149
f 1492/185/721 1506/204/721 1507/206/721
f 1484/184/151 1500/7/151 1485/186/151
f 1478/188/152 1440/207/152 1493/208/152
f 1447/209/153 1492/185/153 1507/206/153
f 1486/190/154 1500/7/154 1501/210/154
f 1478/188/722 1494/58/722 1479/191/722
f 1487/192/156 1501/210/156 1502/211/156
f 1480/193/141 1494/58/141 1495/199/141
f 1506/204/158 1522/215/158 1507/206/158
f 1499/205/616 1515/216/616 1500/7/616
f 1493/208/160 1440/217/160 1508/218/160
f 1447/219/161 1507/206/161 1522/215/161
f 1501/210/162 1515/216/162 1516/220/162
f 1494/58/617 1508/218/617 1509/221/617
f 1502/211/164 1516/220/164 1517/222/164
f 1495/199/165 1509/221/165 1510/223/165
f 1502/211/166 1518/224/166 1503/200/166
f 1495/199/167 1511/225/167 1496/14/167
f 1503/200/168 1519/226/168 1504/1/168
f 1497/201/169 1511/225/169 1512/227/169
f 1505/202/170 1519/226/170 1520/228/170
f 1498/203/171 1512/227/171 1513/212/171
f 1505/202/723 1521/214/723 1506/204/723
f 1498/203/157 1514/213/157 1499/205/157
f 1510/223/174 1526/231/174 1511/225/174
f 1519/226/175 1533/230/175 1534/232/175
f 1512/227/176 1526/231/176 1527/233/176
f 1520/228/177 1534/232/177 1535/234/177
f 1512/227/178 1528/235/178 1513/212/178
f 1520/228/179 1536/236/179 1521/214/179
f 1514/213/180 1528/235/180 1529/237/180
f 1522/215/618 1536/236/618 1537/238/618
f 1515/216/619 1529/237/619 1530/239/619
f 1508/218/183 1440/240/183 1523/241/183
f 1447/242/184 1522/215/184 1537/238/184
f 1515/216/185 1531/243/185 1516/220/185
f 1508/218/724 1524/244/724 1509/221/724
f 1516/220/187 1532/229/187 1517/222/187
f 1510/223/188 1524/244/188 1525/245/188
f 1518/224/173 1532/229/173 1533/230/173
f 1529/237/190 1545/247/190 1530/239/190
f 1523/241/191 1440/248/191 1538/249/191
f 1447/250/624 1537/238/624 1552/246/624
f 1530/239/725 1546/251/725 1531/243/725
f 1523/241/194 1539/252/194 1524/244/194
f 1531/243/195 1547/253/195 1532/229/195
f 1524/244/196 1540/254/196 1525/245/196
f 1532/229/197 1548/255/197 1533/230/197
f 1525/245/198 1541/256/198 1526/231/198
f 1533/230/199 1549/257/199 1534/232/199
f 1527/233/200 1541/256/200 1542/258/200
f 1534/232/201 1550/259/201 1535/234/201
f 1527/233/202 1543/260/202 1528/235/202
f 1536/236/726 1550/259/726 1551/261/726
f 1528/235/204 1544/262/204 1529/237/204
f 1536/236/727 1552/246/727 1537/238/727
f 1549/257/206 1563/265/206 1564/266/206
f 1541/256/207 1557/267/207 1542/258/207
f 1549/257/208 1565/268/208 1550/259/208
f 1543/260/209 1557/267/209 1558/269/209
f 1551/261/210 1565/268/210 1566/270/210
f 1543/260/211 1559/271/211 1544/262/211
f 1551/261/212 1567/272/212 1552/246/212
f 1545/247/213 1559/271/213 1560/273/213
f 1538/249/214 1440/274/214 1553/275/214
f 1447/276/215 1552/246/215 1567/272/215
f 1545/247/728 1561/277/728 1546/251/728
f 1539/252/627 1553/275/627 1554/68/627
f 1547/253/218 1561/277/218 1562/278/218
f 1539/252/219 1555/263/219 1540/254/219
f 1547/253/220 1563/265/220 1548/255/220
f 1541/256/205 1555/263/205 1556/264/205
f 1447/282/223 1567/272/223 1582/283/223
f 1560/273/729 1576/284/729 1561/277/729
f 1554/68/225 1568/281/225 1569/285/225
f 1561/277/226 1577/286/226 1562/278/226
f 1555/263/227 1569/285/227 1570/287/227
f 1563/265/228 1577/286/228 1578/288/228
f 1556/264/229 1570/287/229 1571/289/229
f 1563/265/730 1579/290/730 1564/266/730
f 1557/267/231 1571/289/231 1572/291/231
f 1564/266/629 1580/292/629 1565/268/629
f 1558/269/233 1572/291/233 1573/293/233
f 1565/268/234 1581/294/234 1566/270/234
f 1559/271/235 1573/293/235 1574/295/235
f 1566/270/731 1582/283/731 1567/272/731
f 1560/273/630 1574/295/630 1575/279/630
f 1553/275/222 1440/280/222 1568/281/222
f 1580/292/239 1594/297/239 1595/299/239
f 1572/291/732 1588/300/732 1573/293/732
f 1580/292/241 1596/301/241 1581/294/241
f 1574/295/242 1588/300/242 1589/302/242
f 1581/294/631 1597/303/631 1582/283/631
f 1575/279/733 1589/302/733 1590/304/733
f 1568/281/245 1440/305/245 1583/306/245
f 1447/307/246 1582/283/246 1597/303/246
f 1575/279/633 1591/308/633 1576/284/633
f 1569/285/634 1583/306/634 1584/66/634
f 1576/284/249 1592/309/249 1577/286/249
f 1569/285/250 1585/310/250 1570/287/250
f 1578/288/251 1592/309/251 1593/296/251
f 1570/287/252 1586/311/252 1571/289/252
f 1579/290/237 1593/296/237 1594/297/237
f 1572/291/734 1586/311/734 1587/298/734
f 1583/306/255 1599/316/255 1584/66/255
f 1592/309/256 1606/315/256 1607/317/256
f 1585/310/735 1599/316/735 1600/318/735
f 1592/309/258 1608/319/258 1593/296/258
f 1585/310/259 1601/320/259 1586/311/259
f 1593/296/736 1609/321/736 1594/297/736
f 1587/298/261 1601/320/261 1602/322/261
f 1595/299/262 1609/321/262 1610/323/262
f 1587/298/263 1603/324/263 1588/300/263
f 1595/299/264 1611/325/264 1596/301/264
f 1588/300/265 1604/326/265 1589/302/265
f 1596/301/266 1612/313/266 1597/303/266
f 1590/304/737 1604/326/737 1605/314/737
f 1583/306/268 1440/327/268 1598/328/268
f 1447/312/253 1597/303/253 1612/313/253
f 1590/304/254 1606/315/254 1591/308/254
f 1602/322/270 1618/331/270 1603/324/270
f 1611/325/271 1625/329/271 1626/332/271
f 1604/326/272 1618/331/272 1619/333/272
f 1611/325/738 1627/334/738 1612/313/738
f 1604/326/739 1620/335/739 1605/314/739
f 1598/328/275 1440/336/275 1613/337/275
f 1447/338/276 1612/313/276 1627/334/276
f 1606/315/277 1620/335/277 1621/339/277
f 1598/328/278 1614/67/278 1599/316/278
f 1606/315/279 1622/340/279 1607/317/279
f 1599/316/280 1615/341/280 1600/318/280
f 1608/319/281 1622/340/281 1623/342/281
f 1601/320/282 1615/341/282 1616/343/282
f 1608/319/283 1624/6/283 1609/321/283
f 1602/322/740 1616/343/740 1617/330/740
f 1609/321/269 1625/329/269 1610/323/269
f 1621/339/286 1637/346/286 1622/340/286
f 1614/67/287 1630/347/287 1615/341/287
f 1622/340/741 1638/348/741 1623/342/741
f 1616/343/289 1630/347/289 1631/349/289
f 1624/6/290 1638/348/290 1639/350/290
f 1616/343/291 1632/351/291 1617/330/291
f 1624/6/292 1640/352/292 1625/329/292
f 1618/331/293 1632/351/293 1633/353/293
f 1626/332/294 1640/352/294 1641/354/294
f 1619/333/295 1633/353/295 1634/355/295
f 1627/334/742 1641/354/742 1642/356/742
f 1620/335/297 1634/355/297 1635/357/297
f 1613/337/298 1440/358/298 1628/344/298
f 1447/359/299 1627/334/299 1642/356/299
f 1620/335/640 1636/360/640 1621/339/640
f 1613/337/285 1629/345/285 1614/67/285
f 1641/354/641 1655/362/641 1656/363/641
f 1633/353/303 1649/364/303 1634/355/303
f 1642/356/304 1656/363/304 1657/365/304
f 1635/357/743 1649/364/743 1650/366/743
f 1628/344/306 1440/367/306 1643/368/306
f 1447/369/307 1642/356/307 1657/365/307
f 1635/357/744 1651/370/744 1636/360/744
f 1629/345/745 1643/368/745 1644/371/745
f 1637/346/310 1651/370/310 1652/372/310
f 1629/345/746 1645/373/746 1630/347/746
f 1638/348/312 1652/372/312 1653/374/312
f 1630/347/313 1646/375/313 1631/349/313
f 1638/348/645 1654/376/645 1639/350/645
f 1632/351/747 1646/375/747 1647/377/747
f 1640/352/316 1654/376/316 1655/362/316
f 1632/351/301 1648/361/301 1633/353/301
f 1645/373/748 1659/394/748 1660/379/748
f 1653/374/319 1667/378/319 1668/380/319
f 1646/375/320 1660/379/320 1661/381/320
f 1653/374/321 1669/382/321 1654/376/321
f 1647/377/322 1661/381/322 1662/383/322
f 1654/376/323 1670/384/323 1655/362/323
f 1647/377/324 1663/385/324 1648/361/324
f 1655/362/749 1671/386/749 1656/363/749
f 1649/364/326 1663/385/326 1664/387/326
f 1657/365/750 1671/386/750 1672/388/750
f 1650/366/328 1664/387/328 1665/389/328
f 1643/368/329 1440/390/329 1658/391/329
f 1447/392/330 1657/365/330 1672/388/330
f 1650/366/751 1666/393/751 1651/370/751
f 1643/368/752 1659/394/752 1644/371/752
f 1651/370/317 1667/378/317 1652/372/317
f 1664/387/334 1678/397/334 1679/398/334
f 1671/386/649 1687/399/649 1672/388/649
f 1665/389/753 1679/398/753 1680/400/753
f 1658/391/337 1440/401/337 1673/402/337
f 1447/403/338 1672/388/338 1687/399/338
f 1665/389/339 1681/404/339 1666/393/339
f 1658/391/340 1674/405/340 1659/394/340
f 1666/393/341 1682/406/341 1667/378/341
f 1660/379/342 1674/405/342 1675/407/342
f 1667/378/343 1683/408/343 1668/380/343
f 1660/379/344 1676/409/344 1661/381/344
f 1668/380/345 1684/410/345 1669/382/345
f 1662/383/346 1676/409/346 1677/411/346
f 1670/384/754 1684/410/754 1685/395/754
f 1663/385/348 1677/411/348 1678/397/348
f 1670/384/333 1686/396/333 1671/386/333
f 1683/408/350 1697/428/350 1698/414/350
f 1676/409/351 1690/413/351 1691/415/351
f 1684/410/352 1698/414/352 1699/416/352
f 1676/409/353 1692/417/353 1677/411/353
f 1684/410/755 1700/418/755 1685/395/755
f 1677/411/355 1693/419/355 1678/397/355
f 1685/395/356 1701/420/356 1686/396/356
f 1678/397/357 1694/421/357 1679/398/357
f 1686/396/652 1702/422/652 1687/399/652
f 1680/400/359 1694/421/359 1695/423/359
f 1673/402/360 1440/424/360 1688/425/360
f 1447/426/361 1687/399/361 1702/422/361
f 1680/400/653 1696/427/653 1681/404/653
f 1674/405/363 1688/425/363 1689/412/363
f 1681/404/364 1697/428/364 1682/406/364
f 1675/407/349 1689/412/349 1690/413/349
f 1702/422/655 1716/430/655 1717/431/655
f 1695/423/656 1709/429/656 1710/432/656
f 1688/425/368 1440/433/368 1703/434/368
f 1447/435/369 1702/422/369 1717/431/369
f 1695/423/657 1711/436/657 1696/427/657
f 1689/412/756 1703/434/756 1704/437/756
f 1697/428/372 1711/436/372 1712/438/372
f 1690/413/658 1704/437/658 1705/439/658
f 1697/428/374 1713/440/374 1698/414/374
f 1690/413/375 1706/441/375 1691/415/375
f 1699/416/376 1713/440/376 1714/442/376
f 1691/415/377 1707/443/377 1692/417/377
f 1700/418/378 1714/442/378 1715/444/378
f 1693/419/379 1707/443/379 1708/445/379
f 1700/418/380 1716/430/380 1701/420/380
f 1693/419/365 1709/429/365 1694/421/365
f 1714/442/757 1728/446/757 1729/448/757
f 1706/441/384 1722/449/384 1707/443/384
f 1714/442/385 1730/450/385 1715/444/385
f 1707/443/386 1723/451/386 1708/445/386
f 1715/444/387 1731/452/387 1716/430/387
f 1709/429/388 1723/451/388 1724/453/388
f 1716/430/758 1732/454/758 1717/431/758
f 1710/432/759 1724/453/759 1725/455/759
f 1703/434/662 1440/456/662 1718/457/662
f 1447/458/392 1717/431/392 1732/454/392
f 1710/432/760 1726/459/760 1711/436/760
f 1704/437/761 1718/457/761 1719/460/761
f 1711/436/395 1727/461/395 1712/438/395
f 1704/437/665 1720/462/665 1705/439/665
f 1713/440/762 1727/461/762 1728/446/762
f 1706/441/382 1720/462/382 1721/447/382
f 1718/457/399 1440/465/399 1733/466/399
f 1447/467/400 1732/454/400 1747/463/400
f 1725/455/763 1741/468/763 1726/459/763
f 1719/460/402 1733/466/402 1734/469/402
f 1726/459/403 1742/470/403 1727/461/403
f 1720/462/404 1734/469/404 1735/471/404
f 1728/446/405 1742/470/405 1743/472/405
f 1721/447/406 1735/471/406 1736/473/406
f 1729/448/407 1743/472/407 1744/474/407
f 1722/449/408 1736/473/408 1737/475/408
f 1729/448/409 1745/476/409 1730/450/409
f 1722/449/410 1738/477/410 1723/451/410
f 1730/450/764 1746/478/764 1731/452/764
f 1724/453/412 1738/477/412 1739/479/412
f 1731/452/765 1747/463/765 1732/454/765
f 1725/455/667 1739/479/667 1740/464/667
f 1736/473/766 1752/482/766 1737/475/766
f 1744/474/415 1760/483/415 1745/476/415
f 1738/477/416 1752/482/416 1753/484/416
f 1745/476/417 1761/485/417 1746/478/417
f 1738/477/418 1754/486/418 1739/479/418
f 1747/463/668 1761/485/668 1762/487/668
f 1739/479/669 1755/488/669 1740/464/669
f 1733/466/421 1440/489/421 1748/490/421
f 1447/491/422 1747/463/422 1762/487/422
f 1741/468/767 1755/488/767 1756/492/767
f 1734/469/424 1748/490/424 1749/493/424
f 1741/468/425 1757/494/425 1742/470/425
f 1735/471/426 1749/493/426 1750/495/426
f 1742/470/427 1758/496/427 1743/472/427
f 1736/473/428 1750/495/428 1751/481/428
f 1744/474/413 1758/496/413 1759/480/413
f 1756/492/768 1770/501/768 1771/502/768
f 1749/493/432 1763/498/432 1764/503/432
f 1756/492/433 1772/504/433 1757/494/433
f 1749/493/434 1765/505/434 1750/495/434
f 1757/494/435 1773/506/435 1758/496/435
f 1751/481/436 1765/505/436 1766/507/436
f 1758/496/437 1774/508/437 1759/480/437
f 1751/481/769 1767/509/769 1752/482/769
f 1759/480/439 1775/510/439 1760/483/439
f 1753/484/440 1767/509/440 1768/511/440
f 1761/485/441 1775/510/441 1776/512/441
f 1754/486/442 1768/511/442 1769/513/442
f 1762/487/672 1776/512/672 1777/500/672
f 1754/486/770 1770/501/770 1755/488/770
f 1748/490/674 1440/497/674 1763/498/674
f 1447/499/430 1762/487/430 1777/500/430
f 1774/508/446 1790/517/446 1775/510/446
f 1767/509/447 1783/518/447 1768/511/447
f 1775/510/448 1791/519/448 1776/512/448
f 1768/511/449 1784/520/449 1769/513/449
f 1777/500/450 1791/519/450 1792/521/450
f 1770/501/451 1784/520/451 1785/522/451
f 1763/498/452 1440/523/452 1778/524/452
f 1447/525/453 1777/500/453 1792/521/453
f 1770/501/454 1786/526/454 1771/502/454
f 1763/498/771 1779/527/771 1764/503/771
f 1772/504/456 1786/526/456 1787/528/456
f 1765/505/457 1779/527/457 1780/529/457
f 1773/506/677 1787/528/677 1788/530/677
f 1765/505/459 1781/514/459 1766/507/459
f 1773/506/460 1789/516/460 1774/508/460
f 1766/507/445 1782/515/445 1767/509/445
f 1779/527/772 1793/547/772 1794/535/772
f 1786/526/464 1802/536/464 1787/528/464
f 1779/527/466 1795/538/466 1780/529/466
f 1787/528/467 1803/539/467 1788/530/467
f 1780/529/468 1796/540/468 1781/514/468
f 1788/530/469 1804/541/469 1789/516/469
f 1781/514/470 1797/542/470 1782/515/470
f 1789/516/678 1805/543/678 1790/517/678
f 1783/518/472 1797/542/472 1798/544/472
f 1790/517/475 1806/533/475 1791/519/475
f 1784/520/473 1798/544/473 1799/545/473
f 1791/519/462 1807/534/462 1792/521/462
f 1784/520/679 1800/531/679 1785/522/679
f 1778/524/476 1440/546/476 1793/547/476
f 1447/537/465 1792/521/465 1807/534/465
f 1785/522/773 1801/532/773 1786/526/773
f 1797/556/482 1813/560/482 1798/561/482
f 1806/563/483 1820/559/483 1821/562/483
f 1799/565/484 1813/560/484 1814/564/484
f 1807/566/485 1821/562/485 1822/567/485
f 1799/565/680 1815/568/680 1800/569/680
f 1793/570/487 1440/571/487 1808/572/487
f 1447/573/488 1807/566/488 1822/567/488
f 1801/575/681 1815/568/681 1816/574/681
f 1793/570/490 1809/577/490 1794/576/490
f 1801/575/491 1817/549/491 1802/578/491
f 1795/551/492 1809/577/492 1810/579/492
f 1803/548/477 1817/549/477 1818/550/477
f 1795/551/478 1811/552/478 1796/553/478
f 1803/548/774 1819/554/774 1804/555/774
f 1796/553/480 1812/557/480 1797/556/480
f 1805/558/481 1819/554/481 1820/559/481
f 1817/549/499 1831/587/499 1832/589/499
f 1809/577/775 1825/590/775 1810/579/775
f 1817/549/776 1833/591/776 1818/550/776
f 1810/579/502 1826/592/502 1811/552/502
f 1819/554/503 1833/591/503 1834/593/503
f 1811/552/504 1827/594/504 1812/557/504
f 1820/559/505 1834/593/505 1835/595/505
f 1813/560/777 1827/594/777 1828/596/777
f 1821/562/507 1835/595/507 1836/580/507
f 1813/560/508 1829/582/508 1814/564/508
f 1821/562/493 1837/581/493 1822/567/493
f 1814/564/494 1830/583/494 1815/568/494
f 1808/572/495 1440/584/495 1823/585/495
f 1447/586/683 1822/567/683 1837/581/683
f 1816/574/684 1830/583/684 1831/587/684
f 1808/572/498 1824/588/498 1809/577/498
f 1836/580/513 1850/600/513 1851/602/513
f 1828/596/514 1844/603/514 1829/582/514
f 1837/581/778 1851/602/778 1852/604/778
f 1829/582/779 1845/605/779 1830/583/779
f 1823/585/517 1440/606/517 1838/607/517
f 1447/608/518 1837/581/518 1852/604/518
f 1830/583/780 1846/609/780 1831/587/780
f 1824/588/688 1838/607/688 1839/610/688
f 1831/587/521 1847/611/521 1832/589/521
f 1824/588/689 1840/612/689 1825/590/689
f 1833/591/523 1847/611/523 1848/613/523
f 1825/590/524 1841/598/524 1826/592/524
f 1833/591/781 1849/597/781 1834/593/781
f 1827/594/510 1841/598/510 1842/599/510
f 1835/595/511 1849/597/511 1850/600/511
f 1827/594/512 1843/601/512 1828/596/512
f 1848/613/531 1862/620/531 1863/622/531
f 1840/612/532 1856/623/532 1841/598/532
f 1848/613/533 1864/624/533 1849/597/533
f 1842/599/782 1856/623/782 1857/625/782
f 1850/600/535 1864/624/535 1865/626/535
f 1842/599/536 1858/627/536 1843/601/536
f 1851/602/783 1865/626/783 1866/628/783
f 1844/603/538 1858/627/538 1859/629/538
f 1851/602/690 1867/617/690 1852/604/690
f 1844/603/540 1860/630/540 1845/605/540
f 1838/607/784 1440/614/784 1853/615/784
f 1447/616/526 1852/604/526 1867/617/526
f 1845/605/527 1861/618/527 1846/609/527
f 1838/607/785 1854/619/785 1839/610/785
f 1846/609/529 1862/620/529 1847/611/529
f 1839/610/530 1855/621/530 1840/612/530
f 1867/617/786 1881/635/786 1882/637/786
f 1859/629/547 1875/638/547 1860/630/547
f 1853/615/548 1440/639/548 1868/640/548
f 1447/641/549 1867/617/549 1882/637/549
f 1860/630/787 1876/642/787 1861/618/787
f 1853/615/694 1869/643/694 1854/619/694
f 1861/618/552 1877/644/552 1862/620/552
f 1854/619/553 1870/645/553 1855/621/553
f 1863/622/554 1877/644/554 1878/646/554
f 1856/623/555 1870/645/555 1871/631/555
f 1864/624/556 1878/646/556 1879/647/556
f 1856/623/788 1872/632/788 1857/625/788
f 1864/624/542 1880/633/542 1865/626/542
f 1857/625/543 1873/634/543 1858/627/543
f 1866/628/544 1880/633/544 1881/635/544
f 1858/627/545 1874/636/545 1859/629/545
f 1870/645/562 1886/653/562 1871/631/562
f 1879/647/563 1893/652/563 1894/654/563
f 1871/631/564 1887/655/564 1872/632/564
f 1880/633/565 1894/654/565 1895/656/565
f 1872/632/566 1888/657/566 1873/634/566
f 1881/635/567 1895/656/567 1896/658/567
f 1873/634/568 1889/659/568 1874/636/568
f 1882/637/789 1896/658/789 1897/660/789
f 1875/638/790 1889/659/790 1890/661/790
f 1868/640/697 1440/662/697 1883/663/697
f 1447/664/572 1882/637/572 1897/660/572
f 1875/638/791 1891/648/791 1876/642/791
f 1869/643/792 1883/663/792 1884/649/792
f 1876/642/559 1892/650/559 1877/644/559
f 1870/645/700 1884/649/700 1885/651/700
f 1878/646/561 1892/650/561 1893/652/561
f 1890/661/578 1904/669/578 1905/671/578
f 1883/663/579 1440/672/579 1898/673/579
f 1447/674/580 1897/660/580 1912/670/580
f 1890/661/702 1906/675/702 1891/648/702
f 1883/663/703 1899/676/703 1884/649/703
f 1891/648/583 1907/677/583 1892/650/583
f 1884/649/584 1900/678/584 1885/651/584
f 1892/650/793 1908/679/793 1893/652/793
f 1886/653/586 1900/678/586 1901/680/586
f 1894/654/587 1908/679/587 1909/681/587
f 1886/653/588 1902/666/588 1887/655/588
f 1894/654/573 1910/665/573 1895/656/573
f 1888/657/574 1902/666/574 1903/667/574
f 1896/658/575 1910/665/575 1911/668/575
f 1889/659/576 1903/667/576 1904/669/576
f 1897/660/794 1911/668/794 1912/670/794
f 1908/679/594 1918/140/594 1909/681/594
f 1902/666/595 1915/136/595 1442/141/595
f 1909/681/596 1919/144/596 1910/665/596
f 1903/667/597 1442/141/597 1916/145/597
f 1910/665/598 1920/147/598 1911/668/598
f 1903/667/599 1443/149/599 1904/669/599
f 1911/668/706 1921/151/706 1912/670/706
f 1905/671/795 1443/149/795 1444/154/795
f 1898/673/602 1440/682/602 1913/155/602
f 1447/683/603 1912/670/603 1921/151/603
f 1905/671/707 1445/160/707 1906/675/707
f 1898/673/589 1914/162/589 1899/676/589
f 1907/677/590 1445/160/590 1917/133/590
f 1900/678/591 1914/162/591 1441/164/591
f 1907/677/592 1446/135/592 1908/679/592
f 1901/680/796 1441/164/796 1915/136/796
f 2242/569/829 2245/686/829 2244/685/829
f 2244/685/830 2247/688/830 2246/687/830
f 2246/687/831 2249/690/831 2248/689/831
f 2248/689/832 2251/691/832 2250/23/832
f 2250/23/833 2253/693/833 2252/692/833
f 2252/692/834 2255/695/834 2254/694/834
f 2254/694/835 2257/697/835 2256/696/835
f 2256/696/836 2259/698/836 2258/154/836
f 2259/698/837 2260/153/837 2258/154/837
f 2261/699/838 2262/177/838 2260/153/838
f 2263/700/839 2264/186/839 2262/177/839
f 2265/701/840 2266/7/840 2264/186/840
f 2267/33/841 2268/216/841 2266/7/841
f 2269/702/842 2270/239/842 2268/216/842
f 2271/703/843 2272/247/843 2270/239/843
f 2273/704/844 2274/705/844 2272/247/844
f 2275/59/845 2276/706/845 2274/705/845
f 2277/707/846 2278/708/846 2276/706/846
f 2279/65/847 2280/709/847 2278/708/847
f 2281/710/848 2282/20/848 2280/709/848
f 2283/16/849 2284/711/849 2282/20/849
f 2285/712/850 2286/713/850 2284/711/850
f 2287/714/851 2288/715/851 2286/713/851
f 2289/716/852 2290/717/852 2288/715/852
f 2290/717/853 2293/720/853 2292/719/853
f 2292/719/854 2295/722/854 2294/721/854
f 2294/721/855 2297/724/855 2296/723/855
f 2296/723/856 2299/725/856 2298/22/856
f 2298/22/857 2301/727/857 2300/726/857
f 2300/726/858 2303/732/858 2302/728/858
f 2279/729/859 2263/730/859 2247/731/859
f 2302/728/860 2305/734/860 2304/733/860
f 2304/733/861 2243/738/861 2242/531/861
f 2272/735/862 2288/736/862 2304/737/862
f 2306/569/829 2309/686/829 2308/685/829
f 2308/685/830 2311/688/830 2310/687/830
f 2310/687/831 2313/690/831 2312/689/831
f 2312/689/832 2315/691/832 2314/23/832
f 2314/23/833 2317/693/833 2316/692/833
f 2316/692/834 2319/695/834 2318/694/834
f 2318/694/835 2321/697/835 2320/696/835
f 2320/696/836 2323/698/836 2322/154/836
f 2323/698/837 2324/153/837 2322/154/837
f 2325/699/838 2326/177/838 2324/153/838
f 2327/700/839 2328/186/839 2326/177/839
f 2329/701/840 2330/7/840 2328/186/840
f 2331/33/841 2332/216/841 2330/7/841
f 2333/702/842 2334/239/842 2332/216/842
f 2335/703/843 2336/247/843 2334/239/843
f 2337/704/863 2338/705/863 2336/247/863
f 2339/59/845 2340/706/845 2338/705/845
f 2341/707/846 2342/708/846 2340/706/846
f 2343/65/847 2344/709/847 2342/708/847
f 2345/710/848 2346/20/848 2344/709/848
f 2347/16/849 2348/711/849 2346/20/849
f 2349/712/850 2350/713/850 2348/711/850
f 2351/714/851 2352/715/851 2350/713/851
f 2353/716/852 2354/717/852 2352/715/852
f 2354/717/853 2357/720/853 2356/719/853
f 2356/719/854 2359/722/854 2358/721/854
f 2358/721/855 2361/724/855 2360/723/855
f 2360/723/856 2363/725/856 2362/22/856
f 2362/22/857 2365/727/857 2364/726/857
f 2364/726/858 2367/732/858 2366/728/858
f 2343/729/859 2327/730/859 2311/731/859
f 2366/728/860 2369/734/860 2368/733/860
f 2368/733/861 2307/738/861 2306/531/861
f 2336/735/862 2352/736/862 2368/737/862
f 2370/32/4 2373/1/4 2372/6/4
f 2373/1/864 2376/20/864 2372/6/864
f 2377/7/2 2374/10/2 2376/20/2
f 2375/14/865 2370/16/865 2374/10/865
f 2376/20/866 2370/21/866 2372/22/866
f 2377/7/867 2371/38/867 2375/14/867
f 2378/32/4 2381/1/4 2380/6/4
f 2381/1/864 2384/20/864 2380/6/864
f 2385/7/2 2382/10/2 2384/20/2
f 2383/14/865 2378/16/865 2382/10/865
f 2384/20/866 2378/21/866 2380/22/866
f 2381/23/867 2383/14/867 2385/7/867
f 2386/32/1 2389/1/1 2388/6/1
f 2389/1/868 2392/20/868 2388/6/868
f 2393/7/3 2390/10/3 2392/20/3
f 2391/14/869 2386/16/869 2390/10/869
f 2392/20/870 2386/21/870 2388/22/870
f 2389/23/871 2391/14/871 2393/7/871
f 2394/32/1 2397/1/1 2396/6/1
f 2397/1/868 2400/20/868 2396/6/868
f 2401/7/3 2398/10/3 2400/20/3
f 2399/14/869 2394/16/869 2398/10/869
f 2400/20/870 2394/21/870 2396/22/870
f 2397/23/871 2399/14/871 2401/7/871
f 2402/32/3 2405/1/3 2404/6/3
f 2405/1/872 2408/20/872 2404/6/872
f 2409/7/1 2406/10/1 2408/20/1
f 2407/14/873 2402/16/873 2406/10/873
f 2408/20/874 2402/21/874 2404/22/874
f 2405/23/875 2407/14/875 2409/7/875
f 2410/32/3 2413/1/3 2412/6/3
f 2413/1/872 2416/20/872 2412/6/872
f 2417/7/1 2414/10/1 2416/20/1
f 2414/10/873 2411/33/873 2410/16/873
f 2416/20/874 2410/21/874 2412/22/874
f 2413/23/875 2415/14/875 2417/7/875
f 2418/32/2 2421/1/2 2420/6/2
f 2421/1/876 2424/20/876 2420/6/876
f 2425/7/4 2422/10/4 2424/20/4
f 2423/14/877 2418/16/877 2422/10/877
f 2424/20/878 2418/21/878 2420/22/878
f 2421/23/879 2423/14/879 2425/7/879
f 2426/32/2 2429/1/2 2428/6/2
f 2429/1/876 2432/20/876 2428/6/876
f 2433/7/4 2430/10/4 2432/20/4
f 2431/14/877 2426/16/877 2430/10/877
f 2432/20/878 2426/21/878 2428/22/878
f 2429/23/879 2431/14/879 2433/7/879
f 65/24/1 33/25/1 53/1/1
f 53/1/1 49/6/1 1/32/1
f 53/1/1 1/32/1 82/27/1
f 66/3/1 65/24/1 53/1/1
f 53/1/1 82/27/1 81/2/1
f 49/6/2 53/1/2 63/7/2
f 49/6/2 63/7/2 68/9/2
f 83/11/2 61/20/2 49/6/2
f 84/5/2 83/11/2 49/6/2
f 49/6/2 68/9/2 67/4/2
f 63/7/3 59/14/3 47/8/3
f 57/10/3 61/20/3 83/11/3
f 67/4/3 34/18/3 32/13/3
f 59/14/4 33/33/4 65/15/4
f 1/16/4 57/10/4 18/12/4
f 34/18/4 66/31/4 81/19/4
f 61/20/5 57/10/5 1/21/5
f 53/23/6 33/38/6 59/14/6
f 55/1/1 69/30/1 42/24/1
f 70/26/1 85/29/1 26/2/1
f 51/6/1 19/32/1 24/27/1
f 69/30/2 55/1/2 64/7/2
f 64/7/2 62/20/2 51/6/2
f 64/7/2 51/6/2 86/28/2
f 70/26/2 69/30/2 64/7/2
f 64/7/2 86/28/2 85/29/2
f 88/12/3 58/10/3 62/20/3
f 62/20/3 64/7/3 60/14/3
f 62/20/3 60/14/3 71/8/3
f 87/13/3 88/12/3 62/20/3
f 62/20/3 71/8/3 72/18/3
f 60/14/4 41/33/4 42/15/4
f 19/16/4 58/10/4 88/12/4
f 72/18/4 39/31/4 26/19/4
f 62/20/5 58/10/5 19/21/5
f 55/23/6 41/38/6 60/14/6
f 45/1/1 46/30/1 75/24/1
f 38/6/1 12/32/1 92/27/1
f 35/26/1 30/29/1 91/2/1
f 56/7/2 74/9/2 46/30/2
f 73/4/2 90/5/2 30/29/2
f 54/20/2 38/6/2 20/28/2
f 74/9/3 56/7/3 52/14/3
f 52/14/3 50/10/3 54/20/3
f 52/14/3 54/20/3 89/11/3
f 73/4/3 74/9/3 52/14/3
f 52/14/3 89/11/3 90/5/3
f 92/17/4 12/16/4 50/10/4
f 50/10/4 52/14/4 28/33/4
f 50/10/4 28/33/4 75/15/4
f 91/19/4 92/17/4 50/10/4
f 50/10/4 75/15/4 76/31/4
f 54/20/5 50/10/5 12/21/5
f 45/23/6 28/38/6 52/14/6
f 8/32/1 16/25/1 31/1/1
f 8/32/1 31/1/1 78/30/1
f 93/28/1 22/6/1 8/32/1
f 94/29/1 93/28/1 8/32/1
f 8/32/1 78/30/1 77/26/1
f 48/7/2 43/9/2 78/30/2
f 44/20/2 22/6/2 93/28/2
f 37/4/2 27/5/2 94/29/2
f 48/7/3 40/14/3 80/8/3
f 36/10/3 44/20/3 21/11/3
f 37/4/3 79/18/3 96/13/3
f 80/8/4 40/14/4 16/33/4
f 16/33/4 8/16/4 36/10/4
f 16/33/4 36/10/4 95/12/4
f 79/18/4 80/8/4 16/33/4
f 16/33/4 95/12/4 96/13/4
f 44/20/5 36/10/5 8/21/5
f 31/23/6 16/38/6 40/14/6
f 5/25/1 14/1/1 9/6/1
f 14/1/2 29/7/2 25/20/2
f 29/7/3 23/14/3 17/10/3
f 23/14/4 5/33/4 3/16/4
f 70/739/5 39/36/5 3/21/5
f 25/20/5 17/10/5 34/740/5
f 25/20/5 34/740/5 67/741/5
f 70/739/5 3/21/5 9/22/5
f 76/742/5 70/739/5 9/22/5
f 25/20/5 67/741/5 79/743/5
f 25/20/5 79/743/5 37/34/5
f 35/744/5 76/742/5 9/22/5
f 73/745/5 35/744/5 9/22/5
f 9/22/5 25/20/5 37/34/5
f 77/35/5 73/745/5 9/22/5
f 66/55/5 34/740/5 17/10/5
f 17/10/5 3/21/5 39/36/5
f 72/37/5 66/55/5 17/10/5
f 75/746/6 46/747/6 14/23/6
f 5/38/6 23/14/6 47/748/6
f 5/38/6 47/748/6 65/749/6
f 75/746/6 14/23/6 5/38/6
f 69/750/6 75/746/6 5/38/6
f 5/38/6 65/749/6 71/39/6
f 42/40/6 69/750/6 5/38/6
f 68/751/6 47/748/6 23/14/6
f 29/7/6 14/23/6 46/747/6
f 29/7/6 46/747/6 74/752/6
f 68/751/6 23/14/6 29/7/6
f 80/753/6 68/751/6 29/7/6
f 29/7/6 74/752/6 78/41/6
f 43/42/6 80/753/6 29/7/6
f 70/43/3 76/754/3 75/44/3
f 73/46/4 77/755/4 78/47/4
f 67/49/1 68/756/1 80/50/1
f 65/52/2 66/757/2 72/53/2
f 4/25/1 7/1/1 6/6/1
f 7/1/2 15/7/2 13/20/2
f 15/7/3 11/14/3 10/10/3
f 11/14/4 4/33/4 2/16/4
f 24/36/5 2/21/5 6/22/5
f 13/20/5 10/10/5 18/740/5
f 13/20/5 18/740/5 83/741/5
f 86/739/5 24/36/5 6/22/5
f 92/742/5 86/739/5 6/22/5
f 13/20/5 83/741/5 95/743/5
f 13/20/5 95/743/5 21/34/5
f 20/744/5 92/742/5 6/22/5
f 89/745/5 20/744/5 6/22/5
f 6/22/5 13/20/5 21/34/5
f 93/35/5 89/745/5 6/22/5
f 18/740/5 10/10/5 2/21/5
f 2/21/5 24/36/5 88/37/5
f 82/55/5 18/740/5 2/21/5
f 30/747/6 7/23/6 4/38/6
f 4/38/6 11/14/6 32/748/6
f 4/38/6 32/748/6 81/749/6
f 91/746/6 30/747/6 4/38/6
f 85/750/6 91/746/6 4/38/6
f 4/38/6 81/749/6 87/39/6
f 26/40/6 85/750/6 4/38/6
f 84/751/6 32/748/6 11/14/6
f 15/7/6 7/23/6 30/747/6
f 15/7/6 30/747/6 90/752/6
f 84/751/6 11/14/6 15/7/6
f 96/753/6 84/751/6 15/7/6
f 15/7/6 90/752/6 94/41/6
f 27/42/6 96/753/6 15/7/6
f 86/43/3 92/754/3 91/44/3
f 89/46/4 93/755/4 94/47/4
f 83/49/1 84/756/1 96/50/1
f 81/52/2 82/757/2 88/53/2
f 161/24/1 129/25/1 149/1/1
f 149/1/1 145/6/1 97/32/1
f 149/1/1 97/32/1 178/27/1
f 162/3/1 161/24/1 149/1/1
f 149/1/1 178/27/1 177/2/1
f 145/6/2 149/1/2 159/7/2
f 145/6/2 159/7/2 164/9/2
f 179/11/2 157/20/2 145/6/2
f 180/5/2 179/11/2 145/6/2
f 145/6/2 164/9/2 163/4/2
f 159/7/3 155/14/3 143/8/3
f 153/10/3 157/20/3 179/11/3
f 163/4/3 130/18/3 128/13/3
f 155/14/4 129/33/4 161/15/4
f 97/16/4 153/10/4 114/12/4
f 130/18/4 162/31/4 177/19/4
f 157/20/5 153/10/5 97/21/5
f 149/23/6 129/38/6 155/14/6
f 151/1/1 165/30/1 138/24/1
f 166/26/1 181/29/1 122/2/1
f 147/6/1 115/32/1 120/27/1
f 165/30/2 151/1/2 160/7/2
f 160/7/2 158/20/2 147/6/2
f 160/7/2 147/6/2 182/28/2
f 166/26/2 165/30/2 160/7/2
f 160/7/2 182/28/2 181/29/2
f 184/12/3 154/10/3 158/20/3
f 158/20/3 160/7/3 156/14/3
f 158/20/3 156/14/3 167/8/3
f 183/13/3 184/12/3 158/20/3
f 158/20/3 167/8/3 168/18/3
f 156/14/4 137/33/4 138/15/4
f 115/16/4 154/10/4 184/12/4
f 168/18/4 135/31/4 122/19/4
f 158/20/5 154/10/5 115/21/5
f 151/23/6 137/38/6 156/14/6
f 141/1/1 142/30/1 171/24/1
f 134/6/1 108/32/1 188/27/1
f 131/26/1 126/29/1 187/2/1
f 152/7/2 170/9/2 142/30/2
f 169/4/2 186/5/2 126/29/2
f 150/20/2 134/6/2 116/28/2
f 170/9/3 152/7/3 148/14/3
f 148/14/3 146/10/3 150/20/3
f 148/14/3 150/20/3 185/11/3
f 169/4/3 170/9/3 148/14/3
f 148/14/3 185/11/3 186/5/3
f 188/17/4 108/16/4 146/10/4
f 146/10/4 148/14/4 124/33/4
f 146/10/4 124/33/4 171/15/4
f 187/19/4 188/17/4 146/10/4
f 146/10/4 171/15/4 172/31/4
f 150/20/5 146/10/5 108/21/5
f 141/23/6 124/38/6 148/14/6
f 104/32/1 112/25/1 127/1/1
f 104/32/1 127/1/1 174/30/1
f 189/28/1 118/6/1 104/32/1
f 190/29/1 189/28/1 104/32/1
f 104/32/1 174/30/1 173/26/1
f 144/7/2 139/9/2 174/30/2
f 140/20/2 118/6/2 189/28/2
f 133/4/2 123/5/2 190/29/2
f 144/7/3 136/14/3 176/8/3
f 132/10/3 140/20/3 117/11/3
f 133/4/3 175/18/3 192/13/3
f 176/8/4 136/14/4 112/33/4
f 112/33/4 104/16/4 132/10/4
f 112/33/4 132/10/4 191/12/4
f 175/18/4 176/8/4 112/33/4
f 112/33/4 191/12/4 192/13/4
f 140/20/5 132/10/5 104/21/5
f 127/23/6 112/38/6 136/14/6
f 101/25/1 110/1/1 105/6/1
f 110/1/2 125/7/2 121/20/2
f 125/7/3 119/14/3 113/10/3
f 119/14/4 101/33/4 99/16/4
f 166/739/5 135/36/5 99/21/5
f 121/20/5 113/10/5 130/740/5
f 121/20/5 130/740/5 163/741/5
f 166/739/5 99/21/5 105/22/5
f 172/742/5 166/739/5 105/22/5
f 121/20/5 163/741/5 175/743/5
f 121/20/5 175/743/5 133/34/5
f 131/744/5 172/742/5 105/22/5
f 169/745/5 131/744/5 105/22/5
f 105/22/5 121/20/5 133/34/5
f 173/35/5 169/745/5 105/22/5
f 162/55/5 130/740/5 113/10/5
f 113/10/5 99/21/5 135/36/5
f 168/37/5 162/55/5 113/10/5
f 171/746/6 142/747/6 110/23/6
f 101/38/6 119/14/6 143/748/6
f 101/38/6 143/748/6 161/749/6
f 171/746/6 110/23/6 101/38/6
f 165/750/6 171/746/6 101/38/6
f 101/38/6 161/749/6 167/39/6
f 138/40/6 165/750/6 101/38/6
f 164/751/6 143/748/6 119/14/6
f 125/7/6 110/23/6 142/747/6
f 125/7/6 142/747/6 170/752/6
f 164/751/6 119/14/6 125/7/6
f 176/753/6 164/751/6 125/7/6
f 125/7/6 170/752/6 174/41/6
f 139/42/6 176/753/6 125/7/6
f 166/43/3 172/754/3 171/44/3
f 169/46/4 173/755/4 174/47/4
f 163/49/1 164/756/1 176/50/1
f 161/52/2 162/757/2 168/53/2
f 100/25/1 103/1/1 102/6/1
f 103/1/2 111/7/2 109/20/2
f 111/7/3 107/14/3 106/10/3
f 107/14/4 100/33/4 98/16/4
f 120/36/5 98/21/5 102/22/5
f 109/20/5 106/10/5 114/740/5
f 109/20/5 114/740/5 179/741/5
f 182/739/5 120/36/5 102/22/5
f 188/742/5 182/739/5 102/22/5
f 109/20/5 179/741/5 191/743/5
f 109/20/5 191/743/5 117/34/5
f 116/744/5 188/742/5 102/22/5
f 185/745/5 116/744/5 102/22/5
f 102/22/5 109/20/5 117/34/5
f 189/35/5 185/745/5 102/22/5
f 114/740/5 106/10/5 98/21/5
f 98/21/5 120/36/5 184/37/5
f 178/55/5 114/740/5 98/21/5
f 126/747/6 103/23/6 100/38/6
f 100/38/6 107/14/6 128/748/6
f 100/38/6 128/748/6 177/749/6
f 187/746/6 126/747/6 100/38/6
f 181/750/6 187/746/6 100/38/6
f 100/38/6 177/749/6 183/39/6
f 122/40/6 181/750/6 100/38/6
f 180/751/6 128/748/6 107/14/6
f 111/7/6 103/23/6 126/747/6
f 111/7/6 126/747/6 186/752/6
f 180/751/6 107/14/6 111/7/6
f 192/753/6 180/751/6 111/7/6
f 111/7/6 186/752/6 190/41/6
f 123/42/6 192/753/6 111/7/6
f 182/43/3 188/754/3 187/44/3
f 185/46/4 189/755/4 190/47/4
f 179/49/1 180/756/1 192/50/1
f 177/52/2 178/757/2 184/53/2
f 257/24/1 225/25/1 245/1/1
f 245/1/1 241/6/1 193/32/1
f 245/1/1 193/32/1 274/27/1
f 258/3/1 257/24/1 245/1/1
f 245/1/1 274/27/1 273/2/1
f 241/6/2 245/1/2 255/7/2
f 241/6/2 255/7/2 260/9/2
f 275/11/2 253/20/2 241/6/2
f 276/5/2 275/11/2 241/6/2
f 241/6/2 260/9/2 259/4/2
f 255/7/3 251/14/3 239/8/3
f 249/10/3 253/20/3 275/11/3
f 259/4/3 226/18/3 224/13/3
f 251/14/4 225/33/4 257/15/4
f 193/16/4 249/10/4 210/12/4
f 226/18/4 258/31/4 273/19/4
f 253/20/5 249/10/5 193/21/5
f 245/23/6 225/38/6 251/14/6
f 247/1/1 261/30/1 234/24/1
f 262/26/1 277/29/1 218/2/1
f 243/6/1 211/32/1 216/27/1
f 261/30/2 247/1/2 256/7/2
f 256/7/2 254/20/2 243/6/2
f 256/7/2 243/6/2 278/28/2
f 262/26/2 261/30/2 256/7/2
f 256/7/2 278/28/2 277/29/2
f 280/12/3 250/10/3 254/20/3
f 254/20/3 256/7/3 252/14/3
f 254/20/3 252/14/3 263/8/3
f 279/13/3 280/12/3 254/20/3
f 254/20/3 263/8/3 264/18/3
f 252/14/4 233/33/4 234/15/4
f 211/16/4 250/10/4 280/12/4
f 264/18/4 231/31/4 218/19/4
f 254/20/5 250/10/5 211/21/5
f 247/23/6 233/38/6 252/14/6
f 237/1/1 238/30/1 267/24/1
f 230/6/1 204/32/1 284/27/1
f 227/26/1 222/29/1 283/2/1
f 248/7/2 266/9/2 238/30/2
f 265/4/2 282/5/2 222/29/2
f 246/20/2 230/6/2 212/28/2
f 266/9/3 248/7/3 244/14/3
f 244/14/3 242/10/3 246/20/3
f 244/14/3 246/20/3 281/11/3
f 265/4/3 266/9/3 244/14/3
f 244/14/3 281/11/3 282/5/3
f 284/17/4 204/16/4 242/10/4
f 242/10/4 244/14/4 220/33/4
f 242/10/4 220/33/4 267/15/4
f 283/19/4 284/17/4 242/10/4
f 242/10/4 267/15/4 268/31/4
f 246/20/5 242/10/5 204/21/5
f 237/23/6 220/38/6 244/14/6
f 200/32/1 208/25/1 223/1/1
f 200/32/1 223/1/1 270/30/1
f 285/28/1 214/6/1 200/32/1
f 286/29/1 285/28/1 200/32/1
f 200/32/1 270/30/1 269/26/1
f 240/7/2 235/9/2 270/30/2
f 236/20/2 214/6/2 285/28/2
f 229/4/2 219/5/2 286/29/2
f 240/7/3 232/14/3 272/8/3
f 228/10/3 236/20/3 213/11/3
f 229/4/3 271/18/3 288/13/3
f 272/8/4 232/14/4 208/33/4
f 208/33/4 200/16/4 228/10/4
f 208/33/4 228/10/4 287/12/4
f 271/18/4 272/8/4 208/33/4
f 208/33/4 287/12/4 288/13/4
f 236/20/5 228/10/5 200/21/5
f 223/23/6 208/38/6 232/14/6
f 197/25/1 206/1/1 201/6/1
f 206/1/2 221/7/2 217/20/2
f 221/7/3 215/14/3 209/10/3
f 215/14/4 197/33/4 195/16/4
f 262/739/5 231/36/5 195/21/5
f 217/20/5 209/10/5 226/740/5
f 217/20/5 226/740/5 259/741/5
f 262/739/5 195/21/5 201/22/5
f 268/742/5 262/739/5 201/22/5
f 217/20/5 259/741/5 271/743/5
f 217/20/5 271/743/5 229/34/5
f 227/744/5 268/742/5 201/22/5
f 265/745/5 227/744/5 201/22/5
f 201/22/5 217/20/5 229/34/5
f 269/35/5 265/745/5 201/22/5
f 258/55/5 226/740/5 209/10/5
f 209/10/5 195/21/5 231/36/5
f 264/37/5 258/55/5 209/10/5
f 267/746/6 238/747/6 206/23/6
f 197/38/6 215/14/6 239/748/6
f 197/38/6 239/748/6 257/749/6
f 267/746/6 206/23/6 197/38/6
f 261/750/6 267/746/6 197/38/6
f 197/38/6 257/749/6 263/39/6
f 234/40/6 261/750/6 197/38/6
f 260/751/6 239/748/6 215/14/6
f 221/7/6 206/23/6 238/747/6
f 221/7/6 238/747/6 266/752/6
f 260/751/6 215/14/6 221/7/6
f 272/753/6 260/751/6 221/7/6
f 221/7/6 266/752/6 270/41/6
f 235/42/6 272/753/6 221/7/6
f 262/43/3 268/754/3 267/44/3
f 265/46/4 269/755/4 270/47/4
f 259/49/1 260/756/1 272/50/1
f 257/52/2 258/757/2 264/53/2
f 196/25/1 199/1/1 198/6/1
f 199/1/2 207/7/2 205/20/2
f 207/7/3 203/14/3 202/10/3
f 203/14/4 196/33/4 194/16/4
f 216/36/5 194/21/5 198/22/5
f 205/20/5 202/10/5 210/740/5
f 205/20/5 210/740/5 275/741/5
f 278/739/5 216/36/5 198/22/5
f 284/742/5 278/739/5 198/22/5
f 205/20/5 275/741/5 287/743/5
f 205/20/5 287/743/5 213/34/5
f 212/744/5 284/742/5 198/22/5
f 281/745/5 212/744/5 198/22/5
f 198/22/5 205/20/5 213/34/5
f 285/35/5 281/745/5 198/22/5
f 210/740/5 202/10/5 194/21/5
f 194/21/5 216/36/5 280/37/5
f 274/55/5 210/740/5 194/21/5
f 222/747/6 199/23/6 196/38/6
f 196/38/6 203/14/6 224/748/6
f 196/38/6 224/748/6 273/749/6
f 283/746/6 222/747/6 196/38/6
f 277/750/6 283/746/6 196/38/6
f 196/38/6 273/749/6 279/39/6
f 218/40/6 277/750/6 196/38/6
f 276/751/6 224/748/6 203/14/6
f 207/7/6 199/23/6 222/747/6
f 207/7/6 222/747/6 282/752/6
f 276/751/6 203/14/6 207/7/6
f 288/753/6 276/751/6 207/7/6
f 207/7/6 282/752/6 286/41/6
f 219/42/6 288/753/6 207/7/6
f 278/43/3 284/754/3 283/44/3
f 281/46/4 285/755/4 286/47/4
f 275/49/1 276/756/1 288/50/1
f 273/52/2 274/757/2 280/53/2
f 353/24/1 321/25/1 341/1/1
f 341/1/1 337/6/1 289/32/1
f 341/1/1 289/32/1 370/27/1
f 354/3/1 353/24/1 341/1/1
f 341/1/1 370/27/1 369/2/1
f 337/6/2 341/1/2 351/7/2
f 337/6/2 351/7/2 356/9/2
f 371/11/2 349/20/2 337/6/2
f 372/5/2 371/11/2 337/6/2
f 337/6/2 356/9/2 355/4/2
f 351/7/3 347/14/3 335/8/3
f 345/10/3 349/20/3 371/11/3
f 355/4/3 322/18/3 320/13/3
f 347/14/4 321/33/4 353/15/4
f 289/16/4 345/10/4 306/12/4
f 322/18/4 354/31/4 369/19/4
f 349/20/5 345/10/5 289/21/5
f 341/23/6 321/38/6 347/14/6
f 343/1/1 357/30/1 330/24/1
f 358/26/1 373/29/1 314/2/1
f 339/6/1 307/32/1 312/27/1
f 357/30/2 343/1/2 352/7/2
f 352/7/2 350/20/2 339/6/2
f 352/7/2 339/6/2 374/28/2
f 358/26/2 357/30/2 352/7/2
f 352/7/2 374/28/2 373/29/2
f 376/12/3 346/10/3 350/20/3
f 350/20/3 352/7/3 348/14/3
f 350/20/3 348/14/3 359/8/3
f 375/13/3 376/12/3 350/20/3
f 350/20/3 359/8/3 360/18/3
f 348/14/4 329/33/4 330/15/4
f 307/16/4 346/10/4 376/12/4
f 360/18/4 327/31/4 314/19/4
f 350/20/5 346/10/5 307/21/5
f 343/23/6 329/38/6 348/14/6
f 333/1/1 334/30/1 363/24/1
f 326/6/1 300/32/1 380/27/1
f 323/26/1 318/29/1 379/2/1
f 344/7/2 362/9/2 334/30/2
f 361/4/2 378/5/2 318/29/2
f 342/20/2 326/6/2 308/28/2
f 362/9/3 344/7/3 340/14/3
f 340/14/3 338/10/3 342/20/3
f 340/14/3 342/20/3 377/11/3
f 361/4/3 362/9/3 340/14/3
f 340/14/3 377/11/3 378/5/3
f 380/17/4 300/16/4 338/10/4
f 338/10/4 340/14/4 316/33/4
f 338/10/4 316/33/4 363/15/4
f 379/19/4 380/17/4 338/10/4
f 338/10/4 363/15/4 364/31/4
f 342/20/5 338/10/5 300/21/5
f 333/23/6 316/38/6 340/14/6
f 296/32/1 304/25/1 319/1/1
f 296/32/1 319/1/1 366/30/1
f 381/28/1 310/6/1 296/32/1
f 382/29/1 381/28/1 296/32/1
f 296/32/1 366/30/1 365/26/1
f 336/7/2 331/9/2 366/30/2
f 332/20/2 310/6/2 381/28/2
f 325/4/2 315/5/2 382/29/2
f 336/7/3 328/14/3 368/8/3
f 324/10/3 332/20/3 309/11/3
f 325/4/3 367/18/3 384/13/3
f 368/8/4 328/14/4 304/33/4
f 304/33/4 296/16/4 324/10/4
f 304/33/4 324/10/4 383/12/4
f 367/18/4 368/8/4 304/33/4
f 304/33/4 383/12/4 384/13/4
f 332/20/5 324/10/5 296/21/5
f 319/23/6 304/38/6 328/14/6
f 293/25/1 302/1/1 297/6/1
f 302/1/2 317/7/2 313/20/2
f 317/7/3 311/14/3 305/10/3
f 311/14/4 293/33/4 291/16/4
f 358/739/5 327/36/5 291/21/5
f 313/20/5 305/10/5 322/740/5
f 313/20/5 322/740/5 355/741/5
f 358/739/5 291/21/5 297/22/5
f 364/742/5 358/739/5 297/22/5
f 313/20/5 355/741/5 367/743/5
f 313/20/5 367/743/5 325/34/5
f 323/744/5 364/742/5 297/22/5
f 361/745/5 323/744/5 297/22/5
f 297/22/5 313/20/5 325/34/5
f 365/35/5 361/745/5 297/22/5
f 354/55/5 322/740/5 305/10/5
f 305/10/5 291/21/5 327/36/5
f 360/37/5 354/55/5 305/10/5
f 363/746/6 334/747/6 302/23/6
f 293/38/6 311/14/6 335/748/6
f 293/38/6 335/748/6 353/749/6
f 363/746/6 302/23/6 293/38/6
f 357/750/6 363/746/6 293/38/6
f 293/38/6 353/749/6 359/39/6
f 330/40/6 357/750/6 293/38/6
f 356/751/6 335/748/6 311/14/6
f 317/7/6 302/23/6 334/747/6
f 317/7/6 334/747/6 362/752/6
f 356/751/6 311/14/6 317/7/6
f 368/753/6 356/751/6 317/7/6
f 317/7/6 362/752/6 366/41/6
f 331/42/6 368/753/6 317/7/6
f 358/43/3 364/754/3 363/44/3
f 361/46/4 365/755/4 366/47/4
f 355/49/1 356/756/1 368/50/1
f 353/52/2 354/757/2 360/53/2
f 292/25/1 295/1/1 294/6/1
f 295/1/2 303/7/2 301/20/2
f 303/7/3 299/14/3 298/10/3
f 299/14/4 292/33/4 290/16/4
f 312/36/5 290/21/5 294/22/5
f 301/20/5 298/10/5 306/740/5
f 301/20/5 306/740/5 371/741/5
f 374/739/5 312/36/5 294/22/5
f 380/742/5 374/739/5 294/22/5
f 301/20/5 371/741/5 383/743/5
f 301/20/5 383/743/5 309/34/5
f 308/744/5 380/742/5 294/22/5
f 377/745/5 308/744/5 294/22/5
f 294/22/5 301/20/5 309/34/5
f 381/35/5 377/745/5 294/22/5
f 306/740/5 298/10/5 290/21/5
f 290/21/5 312/36/5 376/37/5
f 370/55/5 306/740/5 290/21/5
f 318/747/6 295/23/6 292/38/6
f 292/38/6 299/14/6 320/748/6
f 292/38/6 320/748/6 369/749/6
f 379/746/6 318/747/6 292/38/6
f 373/750/6 379/746/6 292/38/6
f 292/38/6 369/749/6 375/39/6
f 314/40/6 373/750/6 292/38/6
f 372/751/6 320/748/6 299/14/6
f 303/7/6 295/23/6 318/747/6
f 303/7/6 318/747/6 378/752/6
f 372/751/6 299/14/6 303/7/6
f 384/753/6 372/751/6 303/7/6
f 303/7/6 378/752/6 382/41/6
f 315/42/6 384/753/6 303/7/6
f 374/43/3 380/754/3 379/44/3
f 377/46/4 381/755/4 382/47/4
f 371/49/1 372/756/1 384/50/1
f 369/52/2 370/757/2 376/53/2
f 953/133/93 493/163/93 494/134/93
f 951/136/94 477/164/94 486/137/94
f 482/135/95 494/134/95 495/139/95
f 478/141/96 951/136/96 487/138/96
f 954/140/97 495/139/97 496/143/97
f 952/145/98 478/141/98 488/142/98
f 956/147/99 955/144/99 496/143/99
f 479/149/100 952/145/100 489/146/100
f 957/151/880 956/147/880 497/148/880
f 479/149/605 490/150/605 491/153/605
f 480/154/105 491/153/105 492/159/105
f 949/155/881 484/157/881 485/161/881
f 953/133/107 481/160/107 492/159/107
f 950/162/108 485/161/108 486/137/108
f 493/163/109 492/159/109 507/165/109
f 485/161/607 500/181/607 501/167/607
f 493/163/111 508/166/111 509/168/111
f 487/138/112 486/137/112 501/167/112
f 495/139/113 494/134/113 509/168/113
f 487/138/114 502/169/114 503/171/114
f 495/139/115 510/170/115 511/172/115
f 489/146/116 488/142/116 503/171/116
f 497/148/712 496/143/712 511/172/712
f 489/146/118 504/173/118 505/175/118
f 498/152/882 497/148/882 512/174/882
f 491/153/120 490/150/120 505/175/120
f 491/153/123 506/177/123 507/165/123
f 484/157/124 499/179/124 500/181/124
f 511/172/613 526/198/613 527/182/613
f 505/175/126 504/173/126 519/183/126
f 512/174/883 527/182/883 528/185/883
f 506/177/715 505/175/715 520/184/715
f 506/177/884 521/186/884 522/190/884
f 500/181/716 499/179/716 514/188/716
f 507/165/133 522/190/133 523/192/133
f 501/167/717 500/181/717 515/191/717
f 508/166/135 523/192/135 524/194/135
f 501/167/136 516/193/136 517/195/136
f 510/170/137 509/168/137 524/194/137
f 502/169/138 517/195/138 518/197/138
f 511/172/139 510/170/139 525/196/139
f 503/171/140 518/197/140 519/183/140
f 515/191/141 530/58/141 531/199/141
f 523/192/142 538/211/142 539/200/142
f 516/193/143 531/199/143 532/14/143
f 525/196/144 524/194/144 539/200/144
f 517/195/145 532/14/145 533/201/145
f 526/198/146 525/196/146 540/1/146
f 519/183/147 518/197/147 533/201/147
f 527/182/148 526/198/148 541/202/148
f 520/184/149 519/183/149 534/203/149
f 528/185/885 527/182/885 542/204/885
f 521/186/886 520/184/886 535/205/886
f 521/186/887 536/7/887 537/210/887
f 514/188/722 529/208/722 530/58/722
f 522/190/156 537/210/156 538/211/156
f 535/205/157 534/203/157 549/212/157
f 543/206/158 542/204/158 557/214/158
f 536/7/159 535/205/159 550/213/159
f 536/7/162 551/216/162 552/220/162
f 529/208/617 544/218/617 545/221/617
f 537/210/164 552/220/164 553/222/164
f 530/58/165 545/221/165 546/223/165
f 538/211/166 553/222/166 554/224/166
f 531/199/167 546/223/167 547/225/167
f 539/200/168 554/224/168 555/226/168
f 532/14/169 547/225/169 548/227/169
f 541/202/170 540/1/170 555/226/170
f 533/201/171 548/227/171 549/212/171
f 542/204/172 541/202/172 556/228/172
f 554/224/173 553/222/173 568/229/173
f 546/223/174 561/245/174 562/231/174
f 555/226/175 554/224/175 569/230/175
f 547/225/176 562/231/176 563/233/176
f 556/228/177 555/226/177 570/232/177
f 548/227/178 563/233/178 564/235/178
f 556/228/888 571/234/888 572/236/888
f 549/212/180 564/235/180 565/237/180
f 557/214/618 572/236/618 573/238/618
f 551/216/889 550/213/889 565/237/889
f 551/216/185 566/239/185 567/243/185
f 545/221/890 544/218/890 559/241/890
f 553/222/187 552/220/187 567/243/187
f 545/221/188 560/244/188 561/245/188
f 572/236/189 587/261/189 588/246/189
f 565/237/190 580/262/190 581/247/190
f 567/243/193 566/239/193 581/247/193
f 560/244/891 559/241/891 574/249/891
f 568/229/195 567/243/195 582/251/195
f 560/244/196 575/252/196 576/254/196
f 568/229/197 583/253/197 584/255/197
f 562/231/198 561/245/198 576/254/198
f 570/232/199 569/230/199 584/255/199
f 562/231/200 577/256/200 578/258/200
f 570/232/201 585/257/201 586/259/201
f 564/235/202 563/233/202 578/258/202
f 571/234/203 586/259/203 587/261/203
f 565/237/204 564/235/204 579/260/204
f 577/256/205 576/254/205 591/263/205
f 585/257/206 584/255/206 599/265/206
f 577/256/207 592/264/207 593/267/207
f 585/257/208 600/266/208 601/268/208
f 578/258/209 593/267/209 594/269/209
f 586/259/210 601/268/210 602/270/210
f 580/262/211 579/260/211 594/269/211
f 587/261/892 602/270/892 603/272/892
f 580/262/893 595/271/893 596/273/893
f 581/247/728 596/273/728 597/277/728
f 575/252/627 574/249/627 589/275/627
f 582/251/218 597/277/218 598/278/218
f 575/252/219 590/68/219 591/263/219
f 583/253/220 598/278/220 599/265/220
f 595/271/630 610/295/630 611/279/630
f 596/273/628 611/279/628 612/284/628
f 590/68/894 589/275/894 604/281/894
f 597/277/226 612/284/226 613/286/226
f 591/263/227 590/68/227 605/285/227
f 598/278/228 613/286/228 614/288/228
f 591/263/229 606/287/229 607/289/229
f 600/266/230 599/265/230 614/288/230
f 592/264/231 607/289/231 608/291/231
f 601/268/629 600/266/629 615/290/629
f 593/267/233 608/291/233 609/293/233
f 601/268/234 616/292/234 617/294/234
f 595/271/235 594/269/235 609/293/235
f 602/270/895 617/294/895 618/283/895
f 615/290/237 614/288/237 629/296/237
f 607/289/238 622/311/238 623/298/238
f 615/290/239 630/297/239 631/299/239
f 608/291/240 623/298/240 624/300/240
f 617/294/241 616/292/241 631/299/241
f 609/293/242 624/300/242 625/302/242
f 617/294/631 632/301/631 633/303/631
f 610/295/733 625/302/733 626/304/733
f 611/279/633 626/304/633 627/308/633
f 605/285/248 604/281/248 619/306/248
f 612/284/249 627/308/249 628/309/249
f 606/287/250 605/285/250 620/66/250
f 614/288/896 613/286/896 628/309/896
f 606/287/252 621/310/252 622/311/252
f 627/308/254 626/304/254 641/314/254
f 619/306/897 634/328/897 635/316/897
f 628/309/256 627/308/256 642/315/256
f 620/66/735 635/316/735 636/318/735
f 628/309/258 643/317/258 644/319/258
f 621/310/259 636/318/259 637/320/259
f 630/297/260 629/296/260 644/319/260
f 622/311/261 637/320/261 638/322/261
f 631/299/262 630/297/262 645/321/262
f 623/298/263 638/322/263 639/324/263
f 632/301/898 631/299/898 646/323/898
f 624/300/265 639/324/265 640/326/265
f 633/303/635 632/301/635 647/325/635
f 625/302/899 640/326/899 641/314/899
f 646/323/269 645/321/269 660/6/269
f 639/324/270 638/322/270 653/330/270
f 647/325/271 646/323/271 661/329/271
f 639/324/272 654/331/272 655/333/272
f 647/325/273 662/332/273 663/334/273
f 640/326/739 655/333/739 656/335/739
f 641/314/637 656/335/637 657/339/637
f 635/316/278 634/328/278 649/337/278
f 642/315/279 657/339/279 658/340/279
f 635/316/280 650/67/280 651/341/280
f 643/317/281 658/340/281 659/342/281
f 636/318/282 651/341/282 652/343/282
f 644/319/283 659/342/283 660/6/283
f 638/322/284 637/320/284 652/343/284
f 650/67/900 649/337/900 664/344/900
f 657/339/286 672/360/286 673/346/286
f 650/67/287 665/345/287 666/347/287
f 659/342/288 658/340/288 673/346/288
f 651/341/289 666/347/289 667/349/289
f 659/342/290 674/348/290 675/350/290
f 653/330/291 652/343/291 667/349/291
f 661/329/292 660/6/292 675/350/292
f 653/330/293 668/351/293 669/353/293
f 662/332/294 661/329/294 676/352/294
f 654/331/295 669/353/295 670/355/295
f 662/332/742 677/354/742 678/356/742
f 655/333/297 670/355/297 671/357/297
f 657/339/300 656/335/300 671/357/300
f 668/351/301 683/377/301 684/361/301
f 677/354/641 676/352/641 691/362/641
f 670/355/303 669/353/303 684/361/303
f 678/356/304 677/354/304 692/363/304
f 670/355/643 685/364/643 686/366/643
f 672/360/901 671/357/901 686/366/901
f 664/344/309 679/368/309 680/371/309
f 672/360/310 687/370/310 688/372/310
f 666/347/311 665/345/311 680/371/311
f 673/346/312 688/372/312 689/374/312
f 667/349/313 666/347/313 681/373/313
f 675/350/314 674/348/314 689/374/314
f 667/349/315 682/375/315 683/377/315
f 675/350/316 690/376/316 691/362/316
f 687/370/317 702/393/317 703/378/317
f 680/371/318 695/394/318 696/379/318
f 689/374/902 688/372/902 703/378/902
f 681/373/320 696/379/320 697/381/320
f 689/374/321 704/380/321 705/382/321
f 683/377/322 682/375/322 697/381/322
f 690/376/323 705/382/323 706/384/323
f 683/377/646 698/383/646 699/385/646
f 692/363/749 691/362/749 706/384/749
f 684/361/326 699/385/326 700/387/326
f 692/363/327 707/386/327 708/388/327
f 686/366/328 685/364/328 700/387/328
f 686/366/331 701/389/331 702/393/331
f 680/371/332 679/368/332 694/391/332
f 707/386/333 706/384/333 721/395/333
f 700/387/334 699/385/334 714/397/334
f 707/386/649 722/396/649 723/399/649
f 701/389/903 700/387/903 715/398/903
f 701/389/904 716/400/904 717/404/904
f 694/391/905 709/402/905 710/405/905
f 702/393/341 717/404/341 718/406/341
f 696/379/342 695/394/342 710/405/342
f 703/378/343 718/406/343 719/408/343
f 696/379/344 711/407/344 712/409/344
f 705/382/345 704/380/345 719/408/345
f 697/381/346 712/409/346 713/411/346
f 706/384/347 705/382/347 720/410/347
f 699/385/348 698/383/348 713/411/348
f 711/407/349 710/405/349 725/412/349
f 718/406/350 733/428/350 734/414/350
f 712/409/351 711/407/351 726/413/351
f 719/408/352 734/414/352 735/416/352
f 713/411/353 712/409/353 727/415/353
f 720/410/354 735/416/354 736/418/354
f 713/411/355 728/417/355 729/419/355
f 721/395/356 736/418/356 737/420/356
f 715/398/357 714/397/357 729/419/357
f 722/396/652 737/420/652 738/422/652
f 716/400/906 715/398/906 730/421/906
f 716/400/907 731/423/907 732/427/907
f 710/405/654 709/402/654 724/425/654
f 718/406/364 717/404/364 732/427/364
f 729/419/365 744/445/365 745/429/365
f 738/422/655 737/420/655 752/430/655
f 730/421/656 745/429/656 746/432/656
f 731/423/657 746/432/657 747/436/657
f 724/425/371 739/434/371 740/437/371
f 732/427/372 747/436/372 748/438/372
f 726/413/373 725/412/373 740/437/373
f 733/428/908 748/438/908 749/440/908
f 727/415/375 726/413/375 741/439/375
f 735/416/376 734/414/376 749/440/376
f 727/415/377 742/441/377 743/443/377
f 735/416/378 750/442/378 751/444/378
f 728/417/659 743/443/659 744/445/659
f 736/418/909 751/444/909 752/430/909
f 748/438/381 763/461/381 764/446/381
f 741/439/382 756/462/382 757/447/382
f 749/440/383 764/446/383 765/448/383
f 743/443/384 742/441/384 757/447/384
f 751/444/385 750/442/385 765/448/385
f 744/445/386 743/443/386 758/449/386
f 752/430/387 751/444/387 766/450/387
f 745/429/388 744/445/388 759/451/388
f 753/431/758 752/430/758 767/452/758
f 745/429/661 760/453/661 761/455/661
f 747/436/760 746/432/760 761/455/760
f 739/434/761 754/457/761 755/460/761
f 747/436/395 762/459/395 763/461/395
f 740/437/396 755/460/396 756/462/396
f 767/452/765 782/478/765 783/463/765
f 760/453/667 775/479/667 776/464/667
f 761/455/763 776/464/763 777/468/763
f 755/460/910 754/457/910 769/466/910
f 762/459/403 777/468/403 778/470/403
f 755/460/404 770/469/404 771/471/404
f 763/461/405 778/470/405 779/472/405
f 756/462/406 771/471/406 772/473/406
f 765/448/407 764/446/407 779/472/407
f 757/447/408 772/473/408 773/475/408
f 766/450/409 765/448/409 780/474/409
f 758/449/410 773/475/410 774/477/410
f 766/450/411 781/476/411 782/478/411
f 760/453/412 759/451/412 774/477/412
f 779/472/413 794/496/413 795/480/413
f 773/475/766 772/473/766 787/481/766
f 780/474/415 795/480/415 796/483/415
f 774/477/416 773/475/416 788/482/416
f 782/478/417 781/476/417 796/483/417
f 775/479/418 774/477/418 789/484/418
f 783/463/419 782/478/419 797/485/419
f 775/479/669 790/486/669 791/488/669
f 777/468/767 776/464/767 791/488/767
f 769/466/424 784/490/424 785/493/424
f 777/468/425 792/492/425 793/494/425
f 770/469/426 785/493/426 786/495/426
f 778/470/427 793/494/427 794/496/427
f 772/473/428 771/471/428 786/495/428
f 792/492/911 791/488/911 806/501/911
f 785/493/912 784/490/912 799/498/912
f 792/492/433 807/502/433 808/504/433
f 786/495/434 785/493/434 800/503/434
f 793/494/435 808/504/435 809/506/435
f 786/495/436 801/505/436 802/507/436
f 794/496/437 809/506/437 810/508/437
f 788/482/438 787/481/438 802/507/438
f 796/483/439 795/480/439 810/508/439
f 788/482/440 803/509/440 804/511/440
f 796/483/441 811/510/441 812/512/441
f 790/486/442 789/484/442 804/511/442
f 797/485/672 812/512/672 813/500/672
f 790/486/913 805/513/913 806/501/913
f 803/509/445 802/507/445 817/514/445
f 811/510/446 810/508/446 825/516/446
f 804/511/447 803/509/447 818/515/447
f 811/510/448 826/517/448 827/519/448
f 804/511/449 819/518/449 820/520/449
f 813/500/914 812/512/914 827/519/914
f 805/513/915 820/520/915 821/522/915
f 806/501/916 821/522/916 822/526/916
f 799/498/771 814/524/771 815/527/771
f 807/502/456 822/526/456 823/528/456
f 801/505/457 800/503/457 815/527/457
f 809/506/677 808/504/677 823/528/677
f 801/505/459 816/529/459 817/514/459
f 809/506/460 824/530/460 825/516/460
f 822/526/773 821/522/773 836/531/773
f 828/521/917 827/519/917 842/533/917
f 814/524/918 829/547/918 830/535/918
f 823/528/464 822/526/464 837/532/464
f 815/527/466 830/535/466 831/538/466
f 824/530/467 823/528/467 838/536/467
f 817/514/468 816/529/468 831/538/468
f 825/516/469 824/530/469 839/539/469
f 818/515/470 817/514/470 832/540/470
f 825/516/678 840/541/678 841/543/678
f 818/515/472 833/542/472 834/544/472
f 820/520/473 819/518/473 834/544/473
f 820/520/679 835/545/679 836/531/679
f 827/519/475 826/517/475 841/543/475
f 839/548/477 838/578/477 853/549/477
f 831/551/478 846/579/478 847/552/478
f 839/548/479 854/550/479 855/554/479
f 833/556/480 832/553/480 847/552/480
f 841/558/481 840/555/481 855/554/481
f 833/556/482 848/557/482 849/560/482
f 841/558/483 856/559/483 857/562/483
f 834/561/484 849/560/484 850/564/484
f 843/566/919 842/563/919 857/562/919
f 835/565/680 850/564/680 851/568/680
f 836/569/681 851/568/681 852/574/681
f 830/576/920 829/570/920 844/572/920
f 838/578/491 837/575/491 852/574/491
f 831/551/492 830/576/492 845/577/492
f 858/567/921 857/562/921 872/580/921
f 851/568/922 850/564/922 865/582/922
f 851/568/684 866/583/684 867/587/684
f 844/572/685 859/585/685 860/588/685
f 853/549/499 852/574/499 867/587/499
f 846/579/500 845/577/500 860/588/500
f 853/549/501 868/589/501 869/591/501
f 846/579/502 861/590/502 862/592/502
f 854/550/503 869/591/503 870/593/503
f 848/557/504 847/552/504 862/592/504
f 855/554/505 870/593/505 871/595/505
f 849/560/506 848/557/506 863/594/506
f 856/559/507 871/595/507 872/580/507
f 849/560/508 864/596/508 865/582/508
f 869/591/509 884/613/509 885/597/509
f 863/594/510 862/592/510 877/598/510
f 871/595/511 870/593/511 885/597/511
f 863/594/512 878/599/512 879/601/512
f 871/595/923 886/600/923 887/602/923
f 865/582/514 864/596/514 879/601/514
f 872/580/924 887/602/924 888/604/924
f 865/582/925 880/603/925 881/605/925
f 867/587/687 866/583/687 881/605/687
f 859/585/926 874/607/926 875/610/926
f 867/587/521 882/609/521 883/611/521
f 860/588/689 875/610/689 876/612/689
f 869/591/523 868/589/523 883/611/523
f 862/592/524 861/590/524 876/612/524
f 881/605/527 896/630/527 897/618/527
f 874/607/785 889/615/785 890/619/785
f 882/609/529 897/618/529 898/620/529
f 875/610/927 890/619/927 891/621/927
f 883/611/531 898/620/531 899/622/531
f 877/598/532 876/612/532 891/621/532
f 884/613/533 899/622/533 900/624/533
f 877/598/534 892/623/534 893/625/534
f 885/597/535 900/624/535 901/626/535
f 879/601/536 878/599/536 893/625/536
f 887/602/537 886/600/537 901/626/537
f 880/603/538 879/601/538 894/627/538
f 888/604/539 887/602/539 902/628/539
f 881/605/540 880/603/540 895/629/540
f 893/625/541 892/623/541 907/631/541
f 900/624/542 915/647/542 916/633/542
f 894/627/543 893/625/543 908/632/543
f 901/626/544 916/633/544 917/635/544
f 895/629/545 894/627/545 909/634/545
f 902/628/692 917/635/692 918/637/692
f 895/629/693 910/636/693 911/638/693
f 896/630/550 911/638/550 912/642/550
f 890/619/694 889/615/694 904/640/694
f 897/618/552 912/642/552 913/644/552
f 891/621/553 890/619/553 905/643/553
f 898/620/554 913/644/554 914/646/554
f 892/623/555 891/621/555 906/645/555
f 899/622/556 914/646/556 915/647/556
f 911/638/791 926/661/791 927/648/791
f 904/640/558 919/663/558 920/649/558
f 912/642/559 927/648/559 928/650/559
f 905/643/560 920/649/560 921/651/560
f 914/646/561 913/644/561 928/650/561
f 906/645/562 921/651/562 922/653/562
f 915/647/563 914/646/563 929/652/563
f 907/631/564 922/653/564 923/655/564
f 915/647/565 930/654/565 931/656/565
f 908/632/566 923/655/566 924/657/566
f 917/635/928 916/633/928 931/656/928
f 910/636/568 909/634/568 924/657/568
f 918/637/789 917/635/789 932/658/789
f 910/636/929 925/659/929 926/661/929
f 930/654/573 945/681/573 946/665/573
f 924/657/574 923/655/574 938/666/574
f 931/656/575 946/665/575 947/668/575
f 924/657/576 939/667/576 940/669/576
f 933/660/705 932/658/705 947/668/705
f 926/661/701 925/659/701 940/669/701
f 926/661/702 941/671/702 942/675/702
f 919/663/582 934/673/582 935/676/582
f 928/650/583 927/648/583 942/675/583
f 921/651/704 920/649/704 935/676/704
f 928/650/793 943/677/793 944/679/793
f 922/653/586 921/651/586 936/678/586
f 930/654/587 929/652/587 944/679/587
f 922/653/588 937/680/588 938/666/588
f 934/673/708 949/155/708 950/162/708
f 943/677/590 942/675/590 481/160/590
f 935/676/591 950/162/591 477/164/591
f 944/679/592 943/677/592 953/133/592
f 936/678/593 477/164/593 951/136/593
f 945/681/594 944/679/594 482/135/594
f 938/666/595 937/680/595 951/136/595
f 946/665/596 945/681/596 954/140/596
f 938/666/597 478/141/597 952/145/597
f 947/668/598 946/665/598 955/144/598
f 939/667/599 952/145/599 479/149/599
f 948/670/600 947/668/600 956/147/600
f 941/671/601 940/669/601 479/149/601
f 941/671/604 480/154/604 481/160/604
f 959/164/94 968/137/94 969/138/94
f 964/135/95 976/134/95 977/139/95
f 960/141/96 1433/136/96 969/138/96
f 1436/140/97 977/139/97 978/143/97
f 1434/145/98 960/141/98 970/142/98
f 1437/144/99 978/143/99 979/148/99
f 961/149/100 1434/145/100 971/146/100
f 1438/147/101 979/148/101 980/152/101
f 961/149/930 972/150/930 973/153/930
f 963/160/105 962/154/105 973/153/105
f 1432/162/931 1431/155/931 966/157/931
f 963/160/107 974/159/107 975/163/107
f 1432/162/108 967/161/108 968/137/108
f 1435/133/93 975/163/93 976/134/93
f 968/137/110 967/161/110 982/181/110
f 976/134/111 975/163/111 990/166/111
f 968/137/112 983/167/112 984/169/112
f 976/134/113 991/168/113 992/170/113
f 970/142/114 969/138/114 984/169/114
f 977/139/115 992/170/115 993/172/115
f 970/142/711 985/171/711 986/173/711
f 978/143/712 993/172/712 994/174/712
f 971/146/118 986/173/118 987/175/118
f 980/152/882 979/148/882 994/174/882
f 973/153/609 972/150/609 987/175/609
f 973/153/610 988/177/610 989/165/610
f 966/157/932 981/179/932 982/181/932
f 975/163/109 974/159/109 989/165/109
f 986/173/126 1001/183/126 1002/184/126
f 995/176/883 994/174/883 1009/182/883
f 988/177/715 987/175/715 1002/184/715
f 988/177/933 1003/186/933 1004/190/933
f 982/181/716 981/179/716 996/188/716
f 990/166/133 989/165/133 1004/190/133
f 983/167/717 982/181/717 997/191/717
f 990/166/135 1005/192/135 1006/194/135
f 983/167/136 998/193/136 999/195/136
f 992/170/137 991/168/137 1006/194/137
f 984/169/138 999/195/138 1000/197/138
f 993/172/139 992/170/139 1007/196/139
f 985/171/140 1000/197/140 1001/183/140
f 993/172/613 1008/198/613 1009/182/613
f 1006/194/142 1005/192/142 1020/211/142
f 999/195/143 998/193/143 1013/199/143
f 1007/196/144 1006/194/144 1021/200/144
f 999/195/934 1014/14/934 1015/201/934
f 1007/196/146 1022/1/146 1023/202/146
f 1001/183/147 1000/197/147 1015/201/147
f 1008/198/148 1023/202/148 1024/204/148
f 1002/184/149 1001/183/149 1016/203/149
f 1010/185/150 1009/182/150 1024/204/150
f 1003/186/886 1002/184/886 1017/205/886
f 1003/186/887 1018/7/887 1019/210/887
f 996/188/722 1011/208/722 1012/58/722
f 1004/190/156 1019/210/156 1020/211/156
f 997/191/141 1012/58/141 1013/199/141
f 1025/206/158 1024/204/158 1039/214/158
f 1018/7/159 1017/205/159 1032/213/159
f 1018/7/935 1033/216/935 1034/220/935
f 1012/58/163 1011/208/163 1026/218/163
f 1020/211/164 1019/210/164 1034/220/164
f 1012/58/165 1027/221/165 1028/223/165
f 1020/211/166 1035/222/166 1036/224/166
f 1013/199/167 1028/223/167 1029/225/167
f 1021/200/168 1036/224/168 1037/226/168
f 1014/14/169 1029/225/169 1030/227/169
f 1023/202/170 1022/1/170 1037/226/170
f 1016/203/171 1015/201/171 1030/227/171
f 1023/202/172 1038/228/172 1039/214/172
f 1017/205/157 1016/203/157 1031/212/157
f 1029/225/174 1028/223/174 1043/245/174
f 1036/224/936 1051/230/936 1052/232/936
f 1030/227/937 1029/225/937 1044/231/937
f 1037/226/177 1052/232/177 1053/234/177
f 1030/227/178 1045/233/178 1046/235/178
f 1038/228/888 1053/234/888 1054/236/888
f 1032/213/180 1031/212/180 1046/235/180
f 1040/215/618 1039/214/618 1054/236/618
f 1033/216/938 1032/213/938 1047/237/938
f 1033/216/939 1048/239/939 1049/243/939
f 1027/221/940 1026/218/940 1041/241/940
f 1034/220/187 1049/243/187 1050/229/187
f 1028/223/941 1027/221/941 1042/244/941
f 1036/224/173 1035/222/173 1050/229/173
f 1048/239/190 1047/237/190 1062/262/190
f 1048/239/725 1063/247/725 1064/251/725
f 1041/241/194 1056/249/194 1057/252/194
f 1049/243/195 1064/251/195 1065/253/195
f 1043/245/196 1042/244/196 1057/252/196
f 1050/229/942 1065/253/942 1066/255/942
f 1043/245/198 1058/254/198 1059/256/198
f 1052/232/199 1051/230/199 1066/255/199
f 1045/233/200 1044/231/200 1059/256/200
f 1052/232/201 1067/257/201 1068/259/201
f 1045/233/943 1060/258/943 1061/260/943
f 1053/234/203 1068/259/203 1069/261/203
f 1047/237/204 1046/235/204 1061/260/204
f 1055/238/727 1054/236/727 1069/261/727
f 1066/255/206 1081/265/206 1082/266/206
f 1059/256/207 1074/264/207 1075/267/207
f 1067/257/208 1082/266/208 1083/268/208
f 1060/258/209 1075/267/209 1076/269/209
f 1069/261/210 1068/259/210 1083/268/210
f 1062/262/211 1061/260/211 1076/269/211
f 1070/246/212 1069/261/212 1084/270/212
f 1062/262/944 1077/271/944 1078/273/944
f 1063/247/728 1078/273/728 1079/277/728
f 1057/252/627 1056/249/627 1071/275/627
f 1064/251/218 1079/277/218 1080/278/218
f 1057/252/219 1072/68/219 1073/263/219
f 1066/255/220 1065/253/220 1080/278/220
f 1059/256/205 1058/254/205 1073/263/205
f 1078/273/628 1093/279/628 1094/284/628
f 1072/68/225 1071/275/225 1086/281/225
f 1080/278/226 1079/277/226 1094/284/226
f 1073/263/227 1072/68/227 1087/285/227
f 1080/278/228 1095/286/228 1096/288/228
f 1073/263/229 1088/287/229 1089/289/229
f 1082/266/230 1081/265/230 1096/288/230
f 1074/264/231 1089/289/231 1090/291/231
f 1083/268/629 1082/266/629 1097/290/629
f 1076/269/233 1075/267/233 1090/291/233
f 1083/268/234 1098/292/234 1099/294/234
f 1076/269/235 1091/293/235 1092/295/235
f 1084/270/895 1099/294/895 1100/283/895
f 1077/271/630 1092/295/630 1093/279/630
f 1098/292/239 1097/290/239 1112/297/239
f 1090/291/240 1105/298/240 1106/300/240
f 1099/294/241 1098/292/241 1113/299/241
f 1092/295/242 1091/293/242 1106/300/242
f 1099/294/243 1114/301/243 1115/303/243
f 1092/295/244 1107/302/244 1108/304/244
f 1094/284/633 1093/279/633 1108/304/633
f 1087/285/248 1086/281/248 1101/306/248
f 1094/284/249 1109/308/249 1110/309/249
f 1087/285/250 1102/66/250 1103/310/250
f 1096/288/251 1095/286/251 1110/309/251
f 1088/287/252 1103/310/252 1104/311/252
f 1096/288/237 1111/296/237 1112/297/237
f 1090/291/238 1089/289/238 1104/311/238
f 1101/306/945 1116/328/945 1117/316/945
f 1110/309/256 1109/308/256 1124/315/256
f 1103/310/735 1102/66/735 1117/316/735
f 1111/296/258 1110/309/258 1125/317/258
f 1104/311/259 1103/310/259 1118/318/259
f 1112/297/260 1111/296/260 1126/319/260
f 1104/311/261 1119/320/261 1120/322/261
f 1112/297/262 1127/321/262 1128/323/262
f 1105/298/263 1120/322/263 1121/324/263
f 1113/299/898 1128/323/898 1129/325/898
f 1106/300/265 1121/324/265 1122/326/265
f 1115/303/266 1114/301/266 1129/325/266
f 1107/302/737 1122/326/737 1123/314/737
f 1108/304/946 1123/314/946 1124/315/946
f 1120/322/270 1135/330/270 1136/331/270
f 1128/323/271 1143/329/271 1144/332/271
f 1121/324/272 1136/331/272 1137/333/272
f 1130/313/738 1129/325/738 1144/332/738
f 1123/314/739 1122/326/739 1137/333/739
f 1124/315/277 1123/314/277 1138/335/277
f 1116/328/947 1131/337/947 1132/67/947
f 1125/317/279 1124/315/279 1139/339/279
f 1118/318/280 1117/316/280 1132/67/280
f 1125/317/281 1140/340/281 1141/342/281
f 1118/318/282 1133/341/282 1134/343/282
f 1127/321/283 1126/319/283 1141/342/283
f 1119/320/284 1134/343/284 1135/330/284
f 1128/323/269 1127/321/269 1142/6/269
f 1140/340/286 1139/339/286 1154/360/286
f 1132/67/287 1147/345/287 1148/347/287
f 1140/340/288 1155/346/288 1156/348/288
f 1133/341/289 1148/347/289 1149/349/289
f 1141/342/948 1156/348/948 1157/350/948
f 1135/330/291 1134/343/291 1149/349/291
f 1142/6/292 1157/350/292 1158/352/292
f 1136/331/293 1135/330/293 1150/351/293
f 1144/332/294 1143/329/294 1158/352/294
f 1136/331/295 1151/353/295 1152/355/295
f 1145/334/742 1144/332/742 1159/354/742
f 1138/335/639 1137/333/639 1152/355/639
f 1138/335/640 1153/357/640 1154/360/640
f 1132/67/285 1131/337/285 1146/344/285
f 1158/352/641 1173/362/641 1174/363/641
f 1151/353/303 1166/361/303 1167/364/303
f 1159/354/304 1174/363/304 1175/365/304
f 1153/357/643 1152/355/643 1167/364/643
f 1153/357/644 1168/366/644 1169/370/644
f 1146/344/949 1161/368/949 1162/371/949
f 1154/360/310 1169/370/310 1170/372/310
f 1147/345/746 1162/371/746 1163/373/746
f 1156/348/312 1155/346/312 1170/372/312
f 1149/349/313 1148/347/313 1163/373/313
f 1156/348/314 1171/374/314 1172/376/314
f 1150/351/747 1149/349/747 1164/375/747
f 1158/352/316 1157/350/316 1172/376/316
f 1150/351/301 1165/377/301 1166/361/301
f 1163/373/748 1162/371/748 1177/394/748
f 1171/374/319 1170/372/319 1185/378/319
f 1163/373/320 1178/379/320 1179/381/320
f 1172/376/321 1171/374/321 1186/380/321
f 1164/375/322 1179/381/322 1180/383/322
f 1173/362/323 1172/376/323 1187/382/323
f 1165/377/646 1180/383/646 1181/385/646
f 1173/362/749 1188/384/749 1189/386/749
f 1166/361/326 1181/385/326 1182/387/326
f 1175/365/647 1174/363/647 1189/386/647
f 1168/366/328 1167/364/328 1182/387/328
f 1169/370/751 1168/366/751 1183/389/751
f 1162/371/332 1161/368/332 1176/391/332
f 1170/372/317 1169/370/317 1184/393/317
f 1181/385/334 1196/397/334 1197/398/334
f 1189/386/649 1204/396/649 1205/399/649
f 1183/389/753 1182/387/753 1197/398/753
f 1183/389/904 1198/400/904 1199/404/904
f 1177/394/340 1176/391/340 1191/402/340
f 1185/378/341 1184/393/341 1199/404/341
f 1178/379/342 1177/394/342 1192/405/342
f 1186/380/343 1185/378/343 1200/406/343
f 1179/381/950 1178/379/950 1193/407/950
f 1187/382/345 1186/380/345 1201/408/345
f 1179/381/346 1194/409/346 1195/411/346
f 1188/384/347 1187/382/347 1202/410/347
f 1180/383/348 1195/411/348 1196/397/348
f 1188/384/333 1203/395/333 1204/396/333
f 1200/406/350 1215/428/350 1216/414/350
f 1193/407/351 1208/413/351 1209/415/351
f 1202/410/352 1201/408/352 1216/414/352
f 1194/409/353 1209/415/353 1210/417/353
f 1202/410/354 1217/416/354 1218/418/354
f 1196/397/355 1195/411/355 1210/417/355
f 1204/396/356 1203/395/356 1218/418/356
f 1197/398/357 1196/397/357 1211/419/357
f 1204/396/652 1219/420/652 1220/422/652
f 1198/400/951 1197/398/951 1212/421/951
f 1198/400/907 1213/423/907 1214/427/907
f 1191/402/363 1206/425/363 1207/412/363
f 1199/404/364 1214/427/364 1215/428/364
f 1193/407/349 1192/405/349 1207/412/349
f 1219/420/655 1234/430/655 1235/431/655
f 1213/423/367 1212/421/367 1227/429/367
f 1213/423/370 1228/432/370 1229/436/370
f 1207/412/756 1206/425/756 1221/434/756
f 1214/427/372 1229/436/372 1230/438/372
f 1207/412/658 1222/437/658 1223/439/658
f 1216/414/374 1215/428/374 1230/438/374
f 1209/415/375 1208/413/375 1223/439/375
f 1216/414/376 1231/440/376 1232/442/376
f 1210/417/377 1209/415/377 1224/441/377
f 1217/416/378 1232/442/378 1233/444/378
f 1210/417/659 1225/443/659 1226/445/659
f 1219/420/909 1218/418/909 1233/444/909
f 1212/421/365 1211/419/365 1226/445/365
f 1231/440/757 1246/446/757 1247/448/757
f 1224/441/952 1239/447/952 1240/449/952
f 1233/444/385 1232/442/385 1247/448/385
f 1225/443/386 1240/449/386 1241/451/386
f 1233/444/660 1248/450/660 1249/452/660
f 1226/445/388 1241/451/388 1242/453/388
f 1235/431/758 1234/430/758 1249/452/758
f 1228/432/661 1227/429/661 1242/453/661
f 1228/432/663 1243/455/663 1244/459/663
f 1221/434/394 1236/457/394 1237/460/394
f 1230/438/395 1229/436/395 1244/459/395
f 1222/437/665 1237/460/665 1238/462/665
f 1230/438/381 1245/461/381 1246/446/381
f 1223/439/382 1238/462/382 1239/447/382
f 1243/455/401 1258/464/401 1259/468/401
f 1237/460/402 1236/457/402 1251/466/402
f 1245/461/403 1244/459/403 1259/468/403
f 1238/462/404 1237/460/404 1252/469/404
f 1246/446/405 1245/461/405 1260/470/405
f 1239/447/406 1238/462/406 1253/471/406
f 1246/446/407 1261/472/407 1262/474/407
f 1240/449/408 1239/447/408 1254/473/408
f 1247/448/409 1262/474/409 1263/476/409
f 1240/449/410 1255/475/410 1256/477/410
f 1248/450/411 1263/476/411 1264/478/411
f 1241/451/412 1256/477/412 1257/479/412
f 1250/454/397 1249/452/397 1264/478/397
f 1243/455/667 1242/453/667 1257/479/667
f 1255/475/414 1254/473/414 1269/481/414
f 1262/474/415 1277/480/415 1278/483/415
f 1255/475/953 1270/482/953 1271/484/953
f 1263/476/417 1278/483/417 1279/485/417
f 1257/479/418 1256/477/418 1271/484/418
f 1265/463/419 1264/478/419 1279/485/419
f 1257/479/420 1272/486/420 1273/488/420
f 1258/464/423 1273/488/423 1274/492/423
f 1251/466/424 1266/490/424 1267/493/424
f 1259/468/425 1274/492/425 1275/494/425
f 1252/469/426 1267/493/426 1268/495/426
f 1261/472/427 1260/470/427 1275/494/427
f 1254/473/428 1253/471/428 1268/495/428
f 1262/474/413 1261/472/413 1276/496/413
f 1273/488/954 1288/501/954 1289/502/954
f 1266/490/955 1281/498/955 1282/503/955
f 1274/492/433 1289/502/433 1290/504/433
f 1268/495/956 1267/493/956 1282/503/956
f 1276/496/435 1275/494/435 1290/504/435
f 1268/495/436 1283/505/436 1284/507/436
f 1276/496/437 1291/506/437 1292/508/437
f 1269/481/438 1284/507/438 1285/509/438
f 1278/483/439 1277/480/439 1292/508/439
f 1270/482/440 1285/509/440 1286/511/440
f 1279/485/957 1278/483/957 1293/510/957
f 1272/486/442 1271/484/442 1286/511/442
f 1279/485/958 1294/512/958 1295/500/958
f 1273/488/444 1272/486/444 1287/513/444
f 1293/510/446 1292/508/446 1307/516/446
f 1285/509/959 1300/515/959 1301/518/959
f 1293/510/960 1308/517/960 1309/519/960
f 1286/511/449 1301/518/449 1302/520/449
f 1295/500/914 1294/512/914 1309/519/914
f 1288/501/451 1287/513/451 1302/520/451
f 1288/501/454 1303/522/454 1304/526/454
f 1281/498/455 1296/524/455 1297/527/455
f 1290/504/456 1289/502/456 1304/526/456
f 1283/505/676 1282/503/676 1297/527/676
f 1291/506/458 1290/504/458 1305/528/458
f 1283/505/459 1298/529/459 1299/514/459
f 1291/506/460 1306/530/460 1307/516/460
f 1285/509/445 1284/507/445 1299/514/445
f 1296/524/918 1311/547/918 1312/535/918
f 1304/526/464 1319/532/464 1320/536/464
f 1298/529/466 1297/527/466 1312/535/466
f 1306/530/467 1305/528/467 1320/536/467
f 1298/529/468 1313/538/468 1314/540/468
f 1307/516/469 1306/530/469 1321/539/469
f 1299/514/470 1314/540/470 1315/542/470
f 1307/516/678 1322/541/678 1323/543/678
f 1300/515/472 1315/542/472 1316/544/472
f 1308/517/475 1323/543/475 1324/533/475
f 1302/520/473 1301/518/473 1316/544/473
f 1310/521/917 1309/519/917 1324/533/917
f 1302/520/679 1317/545/679 1318/531/679
f 1304/526/461 1303/522/461 1318/531/461
f 1315/556/482 1330/557/482 1331/560/482
f 1323/558/483 1338/559/483 1339/562/483
f 1317/565/484 1316/561/484 1331/560/484
f 1325/566/485 1324/563/485 1339/562/485
f 1317/565/486 1332/564/486 1333/568/486
f 1319/575/489 1318/569/489 1333/568/489
f 1311/570/490 1326/572/490 1327/577/490
f 1320/578/491 1319/575/491 1334/574/491
f 1313/551/492 1312/576/492 1327/577/492
f 1321/548/477 1320/578/477 1335/549/477
f 1313/551/478 1328/579/478 1329/552/478
f 1321/548/479 1336/550/479 1337/554/479
f 1315/556/480 1314/553/480 1329/552/480
f 1323/558/481 1322/555/481 1337/554/481
f 1335/549/499 1334/574/499 1349/587/499
f 1327/577/500 1342/588/500 1343/590/500
f 1336/550/776 1335/549/776 1350/589/776
f 1328/579/502 1343/590/502 1344/592/502
f 1337/554/503 1336/550/503 1351/591/503
f 1329/552/504 1344/592/504 1345/594/504
f 1337/554/505 1352/593/505 1353/595/505
f 1330/557/506 1345/594/506 1346/596/506
f 1339/562/507 1338/559/507 1353/595/507
f 1331/560/508 1346/596/508 1347/582/508
f 1339/562/493 1354/580/493 1355/581/493
f 1333/568/494 1332/564/494 1347/582/494
f 1333/568/684 1348/583/684 1349/587/684
f 1327/577/498 1326/572/498 1341/585/498
f 1353/595/923 1368/600/923 1369/602/923
f 1347/582/514 1346/596/514 1361/601/514
f 1355/581/961 1354/580/961 1369/602/961
f 1347/582/516 1362/603/516 1363/605/516
f 1349/587/780 1348/583/780 1363/605/780
f 1341/585/926 1356/607/926 1357/610/926
f 1349/587/521 1364/609/521 1365/611/521
f 1343/590/522 1342/588/522 1357/610/522
f 1351/591/523 1350/589/523 1365/611/523
f 1344/592/524 1343/590/524 1358/612/524
f 1352/593/509 1351/591/509 1366/613/509
f 1344/592/962 1359/598/962 1360/599/962
f 1353/595/511 1352/593/511 1367/597/511
f 1345/594/512 1360/599/512 1361/601/512
f 1365/611/531 1380/620/531 1381/622/531
f 1358/612/532 1373/621/532 1374/623/532
f 1367/597/533 1366/613/533 1381/622/533
f 1359/598/534 1374/623/534 1375/625/534
f 1368/600/535 1367/597/535 1382/624/535
f 1361/601/536 1360/599/536 1375/625/536
f 1368/600/537 1383/626/537 1384/628/537
f 1361/601/538 1376/627/538 1377/629/538
f 1369/602/539 1384/628/539 1385/617/539
f 1363/605/540 1362/603/540 1377/629/540
f 1363/605/963 1378/630/963 1379/618/963
f 1357/610/785 1356/607/785 1371/615/785
f 1365/611/529 1364/609/529 1379/618/529
f 1357/610/530 1372/619/530 1373/621/530
f 1385/617/546 1384/628/546 1399/635/546
f 1378/630/693 1377/629/693 1392/636/693
f 1378/630/550 1393/638/550 1394/642/550
f 1371/615/551 1386/640/551 1387/643/551
f 1380/620/552 1379/618/552 1394/642/552
f 1372/619/553 1387/643/553 1388/645/553
f 1381/622/554 1380/620/554 1395/644/554
f 1373/621/555 1388/645/555 1389/631/555
f 1382/624/556 1381/622/556 1396/646/556
f 1375/625/541 1374/623/541 1389/631/541
f 1383/626/542 1382/624/542 1397/647/542
f 1375/625/543 1390/632/543 1391/634/543
f 1383/626/544 1398/633/544 1399/635/544
f 1376/627/545 1391/634/545 1392/636/545
f 1389/631/562 1388/645/562 1403/651/562
f 1396/646/563 1411/652/563 1412/654/563
f 1390/632/564 1389/631/564 1404/653/564
f 1397/647/565 1412/654/565 1413/656/565
f 1390/632/566 1405/655/566 1406/657/566
f 1398/633/928 1413/656/928 1414/658/928
f 1392/636/568 1391/634/568 1406/657/568
f 1400/637/569 1399/635/569 1414/658/569
f 1392/636/570 1407/659/570 1408/661/570
f 1393/638/698 1408/661/698 1409/648/698
f 1387/643/699 1386/640/699 1401/663/699
f 1394/642/559 1409/648/559 1410/650/559
f 1388/645/700 1387/643/700 1402/649/700
f 1396/646/561 1395/644/561 1410/650/561
f 1408/661/578 1407/659/578 1422/669/578
f 1408/661/581 1423/671/581 1424/675/581
f 1402/649/964 1401/663/964 1416/673/964
f 1409/648/583 1424/675/583 1425/677/583
f 1403/651/584 1402/649/584 1417/676/584
f 1410/650/585 1425/677/585 1426/679/585
f 1403/651/586 1418/678/586 1419/680/586
f 1411/652/587 1426/679/587 1427/681/587
f 1405/655/588 1404/653/588 1419/680/588
f 1412/654/573 1427/681/573 1428/665/573
f 1405/655/574 1420/666/574 1421/667/574
f 1414/658/575 1413/656/575 1428/665/575
f 1406/657/576 1421/667/576 1422/669/576
f 1414/658/577 1429/668/577 1430/670/577
f 1427/681/594 1426/679/594 964/135/594
f 1420/666/595 1419/680/595 1433/136/595
f 1427/681/596 1436/140/596 1437/144/596
f 1420/666/597 960/141/597 1434/145/597
f 1429/668/598 1428/665/598 1437/144/598
f 1422/669/599 1421/667/599 1434/145/599
f 1429/668/600 1438/147/600 1439/151/600
f 1423/671/965 1422/669/965 961/149/965
f 1423/671/604 962/154/604 963/160/604
f 1417/676/589 1416/673/589 1431/155/589
f 1424/675/590 963/160/590 1435/133/590
f 1418/678/591 1417/676/591 1432/162/591
f 1426/679/592 1425/677/592 1435/133/592
f 1419/680/593 1418/678/593 959/164/593
f 1915/136/966 1441/164/966 1450/137/966
f 1446/135/95 1458/134/95 1459/139/95
f 1915/136/967 1451/138/967 1452/142/967
f 1919/144/968 1918/140/968 1459/139/968
f 1442/141/98 1452/142/98 1453/146/98
f 1920/147/99 1919/144/99 1460/143/99
f 1443/149/100 1916/145/100 1453/146/100
f 1920/147/880 1461/148/880 1462/152/880
f 1444/154/969 1443/149/969 1454/150/969
f 1444/154/970 1455/153/970 1456/159/970
f 1913/155/106 1448/157/106 1449/161/106
f 1445/160/107 1456/159/107 1457/163/107
f 1914/162/108 1449/161/108 1450/137/108
f 1917/133/93 1457/163/93 1458/134/93
f 1450/137/110 1449/161/110 1464/181/110
f 1457/163/608 1472/166/608 1473/168/608
f 1450/137/112 1465/167/112 1466/169/112
f 1459/139/709 1458/134/709 1473/168/709
f 1451/138/114 1466/169/114 1467/171/114
f 1460/143/115 1459/139/115 1474/170/115
f 1453/146/711 1452/142/711 1467/171/711
f 1460/143/117 1475/172/117 1476/174/117
f 1454/150/118 1453/146/118 1468/173/118
f 1461/148/119 1476/174/119 1477/176/119
f 1455/153/609 1454/150/609 1469/175/609
f 1455/153/123 1470/177/123 1471/165/123
f 1449/161/124 1448/157/124 1463/179/124
f 1456/159/109 1471/165/109 1472/166/109
f 1469/175/126 1468/173/126 1483/183/126
f 1477/176/883 1476/174/883 1491/182/883
f 1469/175/128 1484/184/128 1485/186/128
f 1470/177/884 1485/186/884 1486/190/884
f 1464/181/716 1463/179/716 1478/188/716
f 1471/165/133 1486/190/133 1487/192/133
f 1464/181/134 1479/191/134 1480/193/134
f 1473/168/135 1472/166/135 1487/192/135
f 1466/169/136 1465/167/136 1480/193/136
f 1474/170/718 1473/168/718 1488/194/718
f 1467/171/138 1466/169/138 1481/195/138
f 1474/170/139 1489/196/139 1490/198/139
f 1467/171/140 1482/197/140 1483/183/140
f 1475/172/613 1490/198/613 1491/182/613
f 1488/194/142 1487/192/142 1502/211/142
f 1480/193/143 1495/199/143 1496/14/143
f 1488/194/144 1503/200/144 1504/1/144
f 1482/197/145 1481/195/145 1496/14/145
f 1489/196/146 1504/1/146 1505/202/146
f 1482/197/147 1497/201/147 1498/203/147
f 1491/182/971 1490/198/971 1505/202/971
f 1483/183/149 1498/203/149 1499/205/149
f 1492/185/150 1491/182/150 1506/204/150
f 1484/184/886 1499/205/886 1500/7/886
f 1486/190/887 1485/186/887 1500/7/887
f 1478/188/722 1493/208/722 1494/58/722
f 1487/192/156 1486/190/156 1501/210/156
f 1480/193/141 1479/191/141 1494/58/141
f 1506/204/615 1521/214/615 1522/215/615
f 1499/205/159 1514/213/159 1515/216/159
f 1501/210/935 1500/7/935 1515/216/935
f 1494/58/163 1493/208/163 1508/218/163
f 1502/211/164 1501/210/164 1516/220/164
f 1495/199/972 1494/58/972 1509/221/972
f 1502/211/166 1517/222/166 1518/224/166
f 1495/199/167 1510/223/167 1511/225/167
f 1503/200/168 1518/224/168 1519/226/168
f 1497/201/169 1496/14/169 1511/225/169
f 1505/202/170 1504/1/170 1519/226/170
f 1498/203/171 1497/201/171 1512/227/171
f 1505/202/172 1520/228/172 1521/214/172
f 1498/203/157 1513/212/157 1514/213/157
f 1510/223/174 1525/245/174 1526/231/174
f 1519/226/175 1518/224/175 1533/230/175
f 1512/227/176 1511/225/176 1526/231/176
f 1520/228/177 1519/226/177 1534/232/177
f 1512/227/178 1527/233/178 1528/235/178
f 1520/228/888 1535/234/888 1536/236/888
f 1514/213/180 1513/212/180 1528/235/180
f 1522/215/973 1521/214/973 1536/236/973
f 1515/216/182 1514/213/182 1529/237/182
f 1515/216/939 1530/239/939 1531/243/939
f 1508/218/940 1523/241/940 1524/244/940
f 1516/220/187 1531/243/187 1532/229/187
f 1510/223/941 1509/221/941 1524/244/941
f 1518/224/173 1517/222/173 1532/229/173
f 1529/237/623 1544/262/623 1545/247/623
f 1530/239/725 1545/247/725 1546/251/725
f 1523/241/891 1538/249/891 1539/252/891
f 1531/243/195 1546/251/195 1547/253/195
f 1524/244/974 1539/252/974 1540/254/974
f 1532/229/942 1547/253/942 1548/255/942
f 1525/245/198 1540/254/198 1541/256/198
f 1533/230/199 1548/255/199 1549/257/199
f 1527/233/200 1526/231/200 1541/256/200
f 1534/232/201 1549/257/201 1550/259/201
f 1527/233/943 1542/258/943 1543/260/943
f 1536/236/203 1535/234/203 1550/259/203
f 1528/235/204 1543/260/204 1544/262/204
f 1536/236/189 1551/261/189 1552/246/189
f 1549/257/206 1548/255/206 1563/265/206
f 1541/256/207 1556/264/207 1557/267/207
f 1549/257/208 1564/266/208 1565/268/208
f 1543/260/209 1542/258/209 1557/267/209
f 1551/261/210 1550/259/210 1565/268/210
f 1543/260/211 1558/269/211 1559/271/211
f 1551/261/212 1566/270/212 1567/272/212
f 1545/247/213 1544/262/213 1559/271/213
f 1545/247/728 1560/273/728 1561/277/728
f 1539/252/627 1538/249/627 1553/275/627
f 1547/253/218 1546/251/218 1561/277/218
f 1539/252/219 1554/68/219 1555/263/219
f 1547/253/220 1562/278/220 1563/265/220
f 1541/256/205 1540/254/205 1555/263/205
f 1560/273/628 1575/279/628 1576/284/628
f 1554/68/975 1553/275/975 1568/281/975
f 1561/277/226 1576/284/226 1577/286/226
f 1555/263/227 1554/68/227 1569/285/227
f 1563/265/228 1562/278/228 1577/286/228
f 1556/264/229 1555/263/229 1570/287/229
f 1563/265/230 1578/288/230 1579/290/230
f 1557/267/231 1556/264/231 1571/289/231
f 1564/266/629 1579/290/629 1580/292/629
f 1558/269/233 1557/267/233 1572/291/233
f 1565/268/234 1580/292/234 1581/294/234
f 1559/271/235 1558/269/235 1573/293/235
f 1566/270/895 1581/294/895 1582/283/895
f 1560/273/976 1559/271/976 1574/295/976
f 1580/292/239 1579/290/239 1594/297/239
f 1572/291/240 1587/298/240 1588/300/240
f 1580/292/241 1595/299/241 1596/301/241
f 1574/295/242 1573/293/242 1588/300/242
f 1581/294/243 1596/301/243 1597/303/243
f 1575/279/244 1574/295/244 1589/302/244
f 1575/279/247 1590/304/247 1591/308/247
f 1569/285/248 1568/281/248 1583/306/248
f 1576/284/249 1591/308/249 1592/309/249
f 1569/285/250 1584/66/250 1585/310/250
f 1578/288/896 1577/286/896 1592/309/896
f 1570/287/252 1585/310/252 1586/311/252
f 1579/290/237 1578/288/237 1593/296/237
f 1572/291/238 1571/289/238 1586/311/238
f 1583/306/255 1598/328/255 1599/316/255
f 1592/309/256 1591/308/256 1606/315/256
f 1585/310/735 1584/66/735 1599/316/735
f 1592/309/258 1607/317/258 1608/319/258
f 1585/310/259 1600/318/259 1601/320/259
f 1593/296/260 1608/319/260 1609/321/260
f 1587/298/977 1586/311/977 1601/320/977
f 1595/299/262 1594/297/262 1609/321/262
f 1587/298/263 1602/322/263 1603/324/263
f 1595/299/264 1610/323/264 1611/325/264
f 1588/300/265 1603/324/265 1604/326/265
f 1596/301/635 1611/325/635 1612/313/635
f 1590/304/899 1589/302/899 1604/326/899
f 1590/304/946 1605/314/946 1606/315/946
f 1602/322/270 1617/330/270 1618/331/270
f 1611/325/271 1610/323/271 1625/329/271
f 1604/326/272 1603/324/272 1618/331/272
f 1611/325/738 1626/332/738 1627/334/738
f 1604/326/274 1619/333/274 1620/335/274
f 1606/315/637 1605/314/637 1620/335/637
f 1598/328/947 1613/337/947 1614/67/947
f 1606/315/279 1621/339/279 1622/340/279
f 1599/316/280 1614/67/280 1615/341/280
f 1608/319/281 1607/317/281 1622/340/281
f 1601/320/282 1600/318/282 1615/341/282
f 1608/319/978 1623/342/978 1624/6/978
f 1602/322/284 1601/320/284 1616/343/284
f 1609/321/269 1624/6/269 1625/329/269
f 1621/339/286 1636/360/286 1637/346/286
f 1614/67/287 1629/345/287 1630/347/287
f 1622/340/288 1637/346/288 1638/348/288
f 1616/343/289 1615/341/289 1630/347/289
f 1624/6/290 1623/342/290 1638/348/290
f 1616/343/291 1631/349/291 1632/351/291
f 1624/6/292 1639/350/292 1640/352/292
f 1618/331/979 1617/330/979 1632/351/979
f 1626/332/294 1625/329/294 1640/352/294
f 1619/333/295 1618/331/295 1633/353/295
f 1627/334/296 1626/332/296 1641/354/296
f 1620/335/639 1619/333/639 1634/355/639
f 1620/335/300 1635/357/300 1636/360/300
f 1613/337/285 1628/344/285 1629/345/285
f 1641/354/302 1640/352/302 1655/362/302
f 1633/353/303 1648/361/303 1649/364/303
f 1642/356/642 1641/354/642 1656/363/642
f 1635/357/743 1634/355/743 1649/364/743
f 1635/357/744 1650/366/744 1651/370/744
f 1629/345/980 1628/344/980 1643/368/980
f 1637/346/310 1636/360/310 1651/370/310
f 1629/345/746 1644/371/746 1645/373/746
f 1638/348/312 1637/346/312 1652/372/312
f 1630/347/313 1645/373/313 1646/375/313
f 1638/348/645 1653/374/645 1654/376/645
f 1632/351/747 1631/349/747 1646/375/747
f 1640/352/316 1639/350/316 1654/376/316
f 1632/351/301 1647/377/301 1648/361/301
f 1645/373/748 1644/371/748 1659/394/748
f 1653/374/902 1652/372/902 1667/378/902
f 1646/375/320 1645/373/320 1660/379/320
f 1653/374/321 1668/380/321 1669/382/321
f 1647/377/322 1646/375/322 1661/381/322
f 1654/376/323 1669/382/323 1670/384/323
f 1647/377/646 1662/383/646 1663/385/646
f 1655/362/749 1670/384/749 1671/386/749
f 1649/364/326 1648/361/326 1663/385/326
f 1657/365/647 1656/363/647 1671/386/647
f 1650/366/981 1649/364/981 1664/387/981
f 1650/366/331 1665/389/331 1666/393/331
f 1643/368/648 1658/391/648 1659/394/648
f 1651/370/317 1666/393/317 1667/378/317
f 1664/387/334 1663/385/334 1678/397/334
f 1671/386/649 1686/396/649 1687/399/649
f 1665/389/903 1664/387/903 1679/398/903
f 1665/389/650 1680/400/650 1681/404/650
f 1658/391/340 1673/402/340 1674/405/340
f 1666/393/341 1681/404/341 1682/406/341
f 1660/379/342 1659/394/342 1674/405/342
f 1667/378/343 1682/406/343 1683/408/343
f 1660/379/950 1675/407/950 1676/409/950
f 1668/380/345 1683/408/345 1684/410/345
f 1662/383/346 1661/381/346 1676/409/346
f 1670/384/347 1669/382/347 1684/410/347
f 1663/385/348 1662/383/348 1677/411/348
f 1670/384/333 1685/395/333 1686/396/333
f 1683/408/350 1682/406/350 1697/428/350
f 1676/409/982 1675/407/982 1690/413/982
f 1684/410/352 1683/408/352 1698/414/352
f 1676/409/353 1691/415/353 1692/417/353
f 1684/410/354 1699/416/354 1700/418/354
f 1677/411/983 1692/417/983 1693/419/983
f 1685/395/356 1700/418/356 1701/420/356
f 1678/397/357 1693/419/357 1694/421/357
f 1686/396/652 1701/420/652 1702/422/652
f 1680/400/951 1679/398/951 1694/421/951
f 1680/400/362 1695/423/362 1696/427/362
f 1674/405/363 1673/402/363 1688/425/363
f 1681/404/364 1696/427/364 1697/428/364
f 1675/407/349 1674/405/349 1689/412/349
f 1702/422/366 1701/420/366 1716/430/366
f 1695/423/367 1694/421/367 1709/429/367
f 1695/423/370 1710/432/370 1711/436/370
f 1689/412/371 1688/425/371 1703/434/371
f 1697/428/372 1696/427/372 1711/436/372
f 1690/413/373 1689/412/373 1704/437/373
f 1697/428/908 1712/438/908 1713/440/908
f 1690/413/375 1705/439/375 1706/441/375
f 1699/416/376 1698/414/376 1713/440/376
f 1691/415/377 1706/441/377 1707/443/377
f 1700/418/378 1699/416/378 1714/442/378
f 1693/419/659 1692/417/659 1707/443/659
f 1700/418/909 1715/444/909 1716/430/909
f 1693/419/365 1708/445/365 1709/429/365
f 1714/442/383 1713/440/383 1728/446/383
f 1706/441/952 1721/447/952 1722/449/952
f 1714/442/385 1729/448/385 1730/450/385
f 1707/443/984 1722/449/984 1723/451/984
f 1715/444/387 1730/450/387 1731/452/387
f 1709/429/388 1708/445/388 1723/451/388
f 1716/430/389 1731/452/389 1732/454/389
f 1710/432/390 1709/429/390 1724/453/390
f 1710/432/393 1725/455/393 1726/459/393
f 1704/437/761 1703/434/761 1718/457/761
f 1711/436/395 1726/459/395 1727/461/395
f 1704/437/396 1719/460/396 1720/462/396
f 1713/440/381 1712/438/381 1727/461/381
f 1706/441/382 1705/439/382 1720/462/382
f 1725/455/401 1740/464/401 1741/468/401
f 1719/460/402 1718/457/402 1733/466/402
f 1726/459/403 1741/468/403 1742/470/403
f 1720/462/985 1719/460/985 1734/469/985
f 1728/446/405 1727/461/405 1742/470/405
f 1721/447/406 1720/462/406 1735/471/406
f 1729/448/407 1728/446/407 1743/472/407
f 1722/449/408 1721/447/408 1736/473/408
f 1729/448/409 1744/474/409 1745/476/409
f 1722/449/410 1737/475/410 1738/477/410
f 1730/450/411 1745/476/411 1746/478/411
f 1724/453/412 1723/451/412 1738/477/412
f 1731/452/765 1746/478/765 1747/463/765
f 1725/455/398 1724/453/398 1739/479/398
f 1736/473/414 1751/481/414 1752/482/414
f 1744/474/415 1759/480/415 1760/483/415
f 1738/477/416 1737/475/416 1752/482/416
f 1745/476/417 1760/483/417 1761/485/417
f 1738/477/418 1753/484/418 1754/486/418
f 1747/463/668 1746/478/668 1761/485/668
f 1739/479/420 1754/486/420 1755/488/420
f 1741/468/423 1740/464/423 1755/488/423
f 1734/469/670 1733/466/670 1748/490/670
f 1741/468/425 1756/492/425 1757/494/425
f 1735/471/426 1734/469/426 1749/493/426
f 1742/470/427 1757/494/427 1758/496/427
f 1736/473/428 1735/471/428 1750/495/428
f 1744/474/986 1743/472/986 1758/496/986
f 1756/492/954 1755/488/954 1770/501/954
f 1749/493/987 1748/490/987 1763/498/987
f 1756/492/433 1771/502/433 1772/504/433
f 1749/493/434 1764/503/434 1765/505/434
f 1757/494/435 1772/504/435 1773/506/435
f 1751/481/436 1750/495/436 1765/505/436
f 1758/496/437 1773/506/437 1774/508/437
f 1751/481/988 1766/507/988 1767/509/988
f 1759/480/439 1774/508/439 1775/510/439
f 1753/484/440 1752/482/440 1767/509/440
f 1761/485/957 1760/483/957 1775/510/957
f 1754/486/442 1753/484/442 1768/511/442
f 1762/487/989 1761/485/989 1776/512/989
f 1754/486/770 1769/513/770 1770/501/770
f 1774/508/446 1789/516/446 1790/517/446
f 1767/509/959 1782/515/959 1783/518/959
f 1775/510/448 1790/517/448 1791/519/448
f 1768/511/449 1783/518/449 1784/520/449
f 1777/500/450 1776/512/450 1791/519/450
f 1770/501/451 1769/513/451 1784/520/451
f 1770/501/454 1785/522/454 1786/526/454
f 1763/498/455 1778/524/455 1779/527/455
f 1772/504/456 1771/502/456 1786/526/456
f 1765/505/676 1764/503/676 1779/527/676
f 1773/506/458 1772/504/458 1787/528/458
f 1765/505/459 1780/529/459 1781/514/459
f 1773/506/460 1788/530/460 1789/516/460
f 1766/507/445 1781/514/445 1782/515/445
f 1779/527/463 1778/524/463 1793/547/463
f 1786/526/464 1801/532/464 1802/536/464
f 1779/527/466 1794/535/466 1795/538/466
f 1787/528/467 1802/536/467 1803/539/467
f 1780/529/468 1795/538/468 1796/540/468
f 1788/530/469 1803/539/469 1804/541/469
f 1781/514/470 1796/540/470 1797/542/470
f 1789/516/678 1804/541/678 1805/543/678
f 1783/518/472 1782/515/472 1797/542/472
f 1790/517/475 1805/543/475 1806/533/475
f 1784/520/473 1783/518/473 1798/544/473
f 1791/519/990 1806/533/990 1807/534/990
f 1784/520/474 1799/545/474 1800/531/474
f 1785/522/461 1800/531/461 1801/532/461
f 1797/556/482 1812/557/482 1813/560/482
f 1806/563/483 1805/558/483 1820/559/483
f 1799/565/484 1798/561/484 1813/560/484
f 1807/566/485 1806/563/485 1821/562/485
f 1799/565/486 1814/564/486 1815/568/486
f 1801/575/489 1800/569/489 1815/568/489
f 1793/570/490 1808/572/490 1809/577/490
f 1801/575/491 1816/574/491 1817/549/491
f 1795/551/492 1794/576/492 1809/577/492
f 1803/548/477 1802/578/477 1817/549/477
f 1795/551/478 1810/579/478 1811/552/478
f 1803/548/479 1818/550/479 1819/554/479
f 1796/553/480 1811/552/480 1812/557/480
f 1805/558/481 1804/555/481 1819/554/481
f 1817/549/499 1816/574/499 1831/587/499
f 1809/577/500 1824/588/500 1825/590/500
f 1817/549/991 1832/589/991 1833/591/991
f 1810/579/502 1825/590/502 1826/592/502
f 1819/554/503 1818/550/503 1833/591/503
f 1811/552/504 1826/592/504 1827/594/504
f 1820/559/505 1819/554/505 1834/593/505
f 1813/560/682 1812/557/682 1827/594/682
f 1821/562/992 1820/559/992 1835/595/992
f 1813/560/508 1828/596/508 1829/582/508
f 1821/562/493 1836/580/493 1837/581/493
f 1814/564/494 1829/582/494 1830/583/494
f 1816/574/497 1815/568/497 1830/583/497
f 1808/572/685 1823/585/685 1824/588/685
f 1836/580/923 1835/595/923 1850/600/923
f 1828/596/514 1843/601/514 1844/603/514
f 1837/581/993 1836/580/993 1851/602/993
f 1829/582/686 1844/603/686 1845/605/686
f 1830/583/994 1845/605/994 1846/609/994
f 1824/588/926 1823/585/926 1838/607/926
f 1831/587/521 1846/609/521 1847/611/521
f 1824/588/522 1839/610/522 1840/612/522
f 1833/591/523 1832/589/523 1847/611/523
f 1825/590/524 1840/612/524 1841/598/524
f 1833/591/509 1848/613/509 1849/597/509
f 1827/594/995 1826/592/995 1841/598/995
f 1835/595/511 1834/593/511 1849/597/511
f 1827/594/512 1842/599/512 1843/601/512
f 1848/613/531 1847/611/531 1862/620/531
f 1840/612/532 1855/621/532 1856/623/532
f 1848/613/533 1863/622/533 1864/624/533
f 1842/599/534 1841/598/534 1856/623/534
f 1850/600/535 1849/597/535 1864/624/535
f 1842/599/536 1857/625/536 1858/627/536
f 1851/602/537 1850/600/537 1865/626/537
f 1844/603/538 1843/601/538 1858/627/538
f 1851/602/539 1866/628/539 1867/617/539
f 1844/603/691 1859/629/691 1860/630/691
f 1845/605/963 1860/630/963 1861/618/963
f 1838/607/528 1853/615/528 1854/619/528
f 1846/609/529 1861/618/529 1862/620/529
f 1839/610/927 1854/619/927 1855/621/927
f 1867/617/546 1866/628/546 1881/635/546
f 1859/629/693 1874/636/693 1875/638/693
f 1860/630/550 1875/638/550 1876/642/550
f 1853/615/996 1868/640/996 1869/643/996
f 1861/618/552 1876/642/552 1877/644/552
f 1854/619/553 1869/643/553 1870/645/553
f 1863/622/554 1862/620/554 1877/644/554
f 1856/623/555 1855/621/555 1870/645/555
f 1864/624/556 1863/622/556 1878/646/556
f 1856/623/541 1871/631/541 1872/632/541
f 1864/624/542 1879/647/542 1880/633/542
f 1857/625/543 1872/632/543 1873/634/543
f 1866/628/544 1865/626/544 1880/633/544
f 1858/627/545 1873/634/545 1874/636/545
f 1870/645/562 1885/651/562 1886/653/562
f 1879/647/563 1878/646/563 1893/652/563
f 1871/631/564 1886/653/564 1887/655/564
f 1880/633/565 1879/647/565 1894/654/565
f 1872/632/566 1887/655/566 1888/657/566
f 1881/635/567 1880/633/567 1895/656/567
f 1873/634/568 1888/657/568 1889/659/568
f 1882/637/997 1881/635/997 1896/658/997
f 1875/638/929 1874/636/929 1889/659/929
f 1875/638/998 1890/661/998 1891/648/998
f 1869/643/999 1868/640/999 1883/663/999
f 1876/642/559 1891/648/559 1892/650/559
f 1870/645/560 1869/643/560 1884/649/560
f 1878/646/561 1877/644/561 1892/650/561
f 1890/661/578 1889/659/578 1904/669/578
f 1890/661/702 1905/671/702 1906/675/702
f 1883/663/703 1898/673/703 1899/676/703
f 1891/648/583 1906/675/583 1907/677/583
f 1884/649/704 1899/676/704 1900/678/704
f 1892/650/585 1907/677/585 1908/679/585
f 1886/653/586 1885/651/586 1900/678/586
f 1894/654/587 1893/652/587 1908/679/587
f 1886/653/588 1901/680/588 1902/666/588
f 1894/654/573 1909/681/573 1910/665/573
f 1888/657/1000 1887/655/1000 1902/666/1000
f 1896/658/575 1895/656/575 1910/665/575
f 1889/659/576 1888/657/576 1903/667/576
f 1897/660/577 1896/658/577 1911/668/577
f 1908/679/594 1446/135/594 1918/140/594
f 1902/666/595 1901/680/595 1915/136/595
f 1909/681/1001 1918/140/1001 1919/144/1001
f 1903/667/597 1902/666/597 1442/141/597
f 1910/665/598 1919/144/598 1920/147/598
f 1903/667/599 1916/145/599 1443/149/599
f 1911/668/706 1920/147/706 1921/151/706
f 1905/671/965 1904/669/965 1443/149/965
f 1905/671/1002 1444/154/1002 1445/160/1002
f 1898/673/589 1913/155/589 1914/162/589
f 1907/677/590 1906/675/590 1445/160/590
f 1900/678/591 1899/676/591 1914/162/591
f 1907/677/592 1917/133/592 1446/135/592
f 1901/680/593 1900/678/593 1441/164/593
f 2242/569/829 2243/684/829 2245/686/829
f 2244/685/830 2245/686/830 2247/688/830
f 2246/687/831 2247/688/831 2249/690/831
f 2248/689/832 2249/690/832 2251/691/832
f 2250/23/833 2251/691/833 2253/693/833
f 2252/692/834 2253/693/834 2255/695/834
f 2254/694/835 2255/695/835 2257/697/835
f 2256/696/836 2257/697/836 2259/698/836
f 2259/698/837 2261/699/837 2260/153/837
f 2261/699/838 2263/700/838 2262/177/838
f 2263/700/839 2265/701/839 2264/186/839
f 2265/701/840 2267/33/840 2266/7/840
f 2267/33/841 2269/702/841 2268/216/841
f 2269/702/842 2271/703/842 2270/239/842
f 2271/703/843 2273/704/843 2272/247/843
f 2273/704/844 2275/59/844 2274/705/844
f 2275/59/845 2277/707/845 2276/706/845
f 2277/707/846 2279/65/846 2278/708/846
f 2279/65/847 2281/710/847 2280/709/847
f 2281/710/848 2283/16/848 2282/20/848
f 2283/16/849 2285/712/849 2284/711/849
f 2285/712/850 2287/714/850 2286/713/850
f 2287/714/851 2289/716/851 2288/715/851
f 2289/716/852 2291/718/852 2290/717/852
f 2290/717/853 2291/718/853 2293/720/853
f 2292/719/854 2293/720/854 2295/722/854
f 2294/721/855 2295/722/855 2297/724/855
f 2296/723/856 2297/724/856 2299/725/856
f 2298/22/857 2299/725/857 2301/727/857
f 2300/726/858 2301/727/858 2303/732/858
f 2247/731/859 2245/759/859 2243/760/859
f 2243/760/859 2305/761/859 2303/762/859
f 2303/762/859 2301/763/859 2299/764/859
f 2299/764/859 2297/765/859 2295/766/859
f 2295/766/859 2293/767/859 2291/768/859
f 2291/768/859 2289/769/859 2287/770/859
f 2287/770/859 2285/771/859 2283/772/859
f 2283/772/859 2281/773/859 2279/729/859
f 2279/729/859 2277/774/859 2275/775/859
f 2275/775/859 2273/776/859 2271/777/859
f 2271/777/859 2269/778/859 2267/779/859
f 2267/779/859 2265/780/859 2263/730/859
f 2263/730/859 2261/781/859 2259/782/859
f 2259/782/859 2257/783/859 2255/784/859
f 2255/784/859 2253/785/859 2251/786/859
f 2251/786/859 2249/787/859 2247/731/859
f 2247/731/859 2243/760/859 2303/762/859
f 2303/762/859 2299/764/859 2295/766/859
f 2295/766/859 2291/768/859 2287/770/859
f 2287/770/859 2283/772/859 2279/729/859
f 2279/729/859 2275/775/859 2271/777/859
f 2271/777/859 2267/779/859 2263/730/859
f 2263/730/859 2259/782/859 2255/784/859
f 2255/784/859 2251/786/859 2247/731/859
f 2247/731/859 2303/762/859 2295/766/859
f 2295/766/859 2287/770/859 2279/729/859
f 2279/729/859 2271/777/859 2263/730/859
f 2263/730/859 2255/784/859 2247/731/859
f 2247/731/859 2295/766/859 2279/729/859
f 2302/728/860 2303/732/860 2305/734/860
f 2304/733/861 2305/734/861 2243/738/861
f 2304/737/862 2242/788/862 2244/789/862
f 2244/789/862 2246/790/862 2248/791/862
f 2248/791/862 2250/792/862 2252/793/862
f 2252/793/862 2254/794/862 2256/795/862
f 2256/795/862 2258/796/862 2260/797/862
f 2260/797/862 2262/798/862 2264/799/862
f 2264/799/862 2266/800/862 2268/801/862
f 2268/801/862 2270/802/862 2272/735/862
f 2272/735/862 2274/803/862 2276/804/862
f 2276/804/862 2278/805/862 2280/806/862
f 2280/806/862 2282/807/862 2284/808/862
f 2284/808/862 2286/809/862 2288/736/862
f 2288/736/862 2290/810/862 2292/811/862
f 2292/811/862 2294/812/862 2296/813/862
f 2296/813/862 2298/814/862 2300/815/862
f 2300/815/862 2302/816/862 2304/737/862
f 2304/737/862 2244/789/862 2248/791/862
f 2248/791/862 2252/793/862 2256/795/862
f 2256/795/862 2260/797/862 2264/799/862
f 2264/799/862 2268/801/862 2272/735/862
f 2272/735/862 2276/804/862 2280/806/862
f 2280/806/862 2284/808/862 2288/736/862
f 2288/736/862 2292/811/862 2296/813/862
f 2296/813/862 2300/815/862 2304/737/862
f 2304/737/862 2248/791/862 2256/795/862
f 2256/795/862 2264/799/862 2272/735/862
f 2272/735/862 2280/806/862 2288/736/862
f 2288/736/862 2296/813/862 2304/737/862
f 2304/737/862 2256/795/862 2272/735/862
f 2306/569/829 2307/684/829 2309/686/829
f 2308/685/830 2309/686/830 2311/688/830
f 2310/687/831 2311/688/831 2313/690/831
f 2312/689/832 2313/690/832 2315/691/832
f 2314/23/833 2315/691/833 2317/693/833
f 2316/692/834 2317/693/834 2319/695/834
f 2318/694/835 2319/695/835 2321/697/835
f 2320/696/836 2321/697/836 2323/698/836
f 2323/698/837 2325/699/837 2324/153/837
f 2325/699/838 2327/700/838 2326/177/838
f 2327/700/839 2329/701/839 2328/186/839
f 2329/701/840 2331/33/840 2330/7/840
f 2331/33/841 2333/702/841 2332/216/841
f 2333/702/842 2335/703/842 2334/239/842
f 2335/703/843 2337/704/843 2336/247/843
f 2337/704/844 2339/59/844 2338/705/844
f 2339/59/845 2341/707/845 2340/706/845
f 2341/707/846 2343/65/846 2342/708/846
f 2343/65/847 2345/710/847 2344/709/847
f 2345/710/848 2347/16/848 2346/20/848
f 2347/16/849 2349/712/849 2348/711/849
f 2349/712/850 2351/714/850 2350/713/850
f 2351/714/851 2353/716/851 2352/715/851
f 2353/716/852 2355/718/852 2354/717/852
f 2354/717/853 2355/718/853 2357/720/853
f 2356/719/854 2357/720/854 2359/722/854
f 2358/721/855 2359/722/855 2361/724/855
f 2360/723/856 2361/724/856 2363/725/856
f 2362/22/857 2363/725/857 2365/727/857
f 2364/726/858 2365/727/858 2367/732/858
f 2311/731/859 2309/759/859 2307/760/859
f 2307/760/859 2369/761/859 2367/762/859
f 2367/762/859 2365/763/859 2363/764/859
f 2363/764/859 2361/765/859 2359/766/859
f 2359/766/859 2357/767/859 2355/768/859
f 2355/768/859 2353/769/859 2351/770/859
f 2351/770/1003 2349/771/1003 2347/772/1003
f 2347/772/1003 2345/773/1003 2343/729/1003
f 2343/729/859 2341/774/859 2339/775/859
f 2339/775/859 2337/776/859 2335/777/859
f 2335/777/1003 2333/778/1003 2331/779/1003
f 2331/779/859 2329/780/859 2327/730/859
f 2327/730/859 2325/781/859 2323/782/859
f 2323/782/859 2321/783/859 2319/784/859
f 2319/784/859 2317/785/859 2315/786/859
f 2315/786/859 2313/787/859 2311/731/859
f 2311/731/859 2307/760/859 2367/762/859
f 2367/762/859 2363/764/859 2359/766/859
f 2359/766/859 2355/768/859 2351/770/859
f 2351/770/859 2347/772/859 2343/729/859
f 2343/729/859 2339/775/859 2335/777/859
f 2335/777/859 2331/779/859 2327/730/859
f 2327/730/859 2323/782/859 2319/784/859
f 2319/784/859 2315/786/859 2311/731/859
f 2311/731/859 2367/762/859 2359/766/859
f 2359/766/859 2351/770/859 2343/729/859
f 2343/729/859 2335/777/859 2327/730/859
f 2327/730/859 2319/784/859 2311/731/859
f 2311/731/859 2359/766/859 2343/729/859
f 2366/728/860 2367/732/860 2369/734/860
f 2368/733/861 2369/734/861 2307/738/861
f 2368/737/862 2306/788/862 2308/789/862
f 2308/789/1004 2310/790/1004 2312/791/1004
f 2312/791/1004 2314/792/1004 2316/793/1004
f 2316/793/862 2318/794/862 2320/795/862
f 2320/795/862 2322/796/862 2324/797/862
f 2324/797/862 2326/798/862 2328/799/862
f 2328/799/862 2330/800/862 2332/801/862
f 2332/801/1004 2334/802/1004 2336/735/1004
f 2336/735/1004 2338/803/1004 2340/804/1004
f 2340/804/1004 2342/805/1004 2344/806/1004
f 2344/806/862 2346/807/862 2348/808/862
f 2348/808/862 2350/809/862 2352/736/862
f 2352/736/862 2354/810/862 2356/811/862
f 2356/811/862 2358/812/862 2360/813/862
f 2360/813/1004 2362/814/1004 2364/815/1004
f 2364/815/1004 2366/816/1004 2368/737/1004
f 2368/737/862 2308/789/862 2312/791/862
f 2312/791/862 2316/793/862 2320/795/862
f 2320/795/862 2324/797/862 2328/799/862
f 2328/799/862 2332/801/862 2336/735/862
f 2336/735/862 2340/804/862 2344/806/862
f 2344/806/862 2348/808/862 2352/736/862
f 2352/736/862 2356/811/862 2360/813/862
f 2360/813/862 2364/815/862 2368/737/862
f 2368/737/862 2312/791/862 2320/795/862
f 2320/795/862 2328/799/862 2336/735/862
f 2336/735/862 2344/806/862 2352/736/862
f 2352/736/862 2360/813/862 2368/737/862
f 2368/737/862 2320/795/862 2336/735/862
f 2370/32/4 2371/25/4 2373/1/4
f 2373/1/864 2377/7/864 2376/20/864
f 2377/7/2 2375/14/2 2374/10/2
f 2375/14/865 2371/33/865 2370/16/865
f 2376/20/866 2374/10/866 2370/21/866
f 2377/7/867 2373/23/867 2371/38/867
f 2378/32/4 2379/25/4 2381/1/4
f 2381/1/864 2385/7/864 2384/20/864
f 2385/7/2 2383/14/2 2382/10/2
f 2383/14/865 2379/33/865 2378/16/865
f 2384/20/866 2382/10/866 2378/21/866
f 2381/23/867 2379/38/867 2383/14/867
f 2386/32/1 2387/25/1 2389/1/1
f 2389/1/868 2393/7/868 2392/20/868
f 2393/7/3 2391/14/3 2390/10/3
f 2391/14/869 2387/33/869 2386/16/869
f 2392/20/870 2390/10/870 2386/21/870
f 2389/23/871 2387/38/871 2391/14/871
f 2394/32/1 2395/25/1 2397/1/1
f 2397/1/868 2401/7/868 2400/20/868
f 2401/7/3 2399/14/3 2398/10/3
f 2399/14/869 2395/33/869 2394/16/869
f 2400/20/870 2398/10/870 2394/21/870
f 2397/23/871 2395/38/871 2399/14/871
f 2402/32/3 2403/25/3 2405/1/3
f 2405/1/872 2409/7/872 2408/20/872
f 2409/7/1 2407/14/1 2406/10/1
f 2407/14/873 2403/33/873 2402/16/873
f 2408/20/874 2406/10/874 2402/21/874
f 2405/23/875 2403/38/875 2407/14/875
f 2410/32/3 2411/25/3 2413/1/3
f 2413/1/872 2417/7/872 2416/20/872
f 2417/7/1 2415/14/1 2414/10/1
f 2414/10/873 2415/14/873 2411/33/873
f 2416/20/874 2414/10/874 2410/21/874
f 2413/23/875 2411/38/875 2415/14/875
f 2418/32/2 2419/25/2 2421/1/2
f 2421/1/876 2425/7/876 2424/20/876
f 2425/7/4 2423/14/4 2422/10/4
f 2423/14/877 2419/33/877 2418/16/877
f 2424/20/878 2422/10/878 2418/21/878
f 2421/23/879 2419/38/879 2423/14/879
f 2426/32/2 2427/25/2 2429/1/2
f 2429/1/876 2433/7/876 2432/20/876
f 2433/7/4 2431/14/4 2430/10/4
f 2431/14/877 2427/33/877 2426/16/877
f 2432/20/878 2430/10/878 2426/21/878
f 2429/23/879 2427/38/879 2431/14/879
usemtl マテリアル
f 388/23/6 396/63/6 390/14/6
f 406/64/6 409/66/6 405/66/6
f 420/66/6 421/66/6 419/66/6
f 421/66/6 422/66/6 419/66/6
f 422/66/6 423/66/6 419/66/6
f 423/66/6 420/66/6 419/66/6
f 429/64/6 474/64/6 428/64/6
f 390/14/6 392/7/6 388/23/6
f 388/23/6 386/38/6 396/63/6
f 406/64/6 410/64/6 409/66/6
f 429/64/6 475/64/6 474/64/6
