# Blender 5.1.2
# www.blender.org
mtllib Interceptor_THAAD.mtl
o THAADミサイル
v 0.000000 0.292870 -2.901299
v 0.000000 0.195012 2.123226
v 0.056420 0.287243 -2.901299
v 0.037301 0.191265 2.123226
v 0.110672 0.270577 -2.901299
v 0.073169 0.180168 2.123226
v 0.160671 0.243512 -2.901299
v 0.106225 0.162147 2.123226
v 0.204495 0.207090 -2.901299
v 0.135199 0.137894 2.123226
v 0.240460 0.162710 -2.901299
v 0.158977 0.108343 2.123226
v 0.267185 0.112076 -2.901299
v 0.176646 0.074628 2.123226
v 0.283642 0.057136 -2.901299
v 0.187526 0.038045 2.123226
v 0.289199 0.000000 -2.901299
v 0.191200 0.000000 2.123226
v 0.283642 -0.057136 -2.901299
v 0.187526 -0.038045 2.123226
v 0.267185 -0.112076 -2.901299
v 0.176646 -0.074628 2.123226
v 0.240460 -0.162710 -2.901299
v 0.158977 -0.108343 2.123226
v 0.204495 -0.207090 -2.901299
v 0.135199 -0.137894 2.123226
v 0.160671 -0.243512 -2.901299
v 0.106225 -0.162147 2.123226
v 0.110672 -0.270577 -2.901299
v 0.073169 -0.180168 2.123226
v 0.056420 -0.287243 -2.901299
v 0.037301 -0.191265 2.123226
v 0.000000 -0.292870 -2.901299
v 0.000000 -0.195012 2.123226
v -0.056420 -0.287243 -2.901299
v -0.037301 -0.191265 2.123226
v -0.110672 -0.270577 -2.901299
v -0.073169 -0.180168 2.123226
v -0.160671 -0.243512 -2.901299
v -0.106225 -0.162147 2.123226
v -0.204495 -0.207090 -2.901299
v -0.135199 -0.137894 2.123226
v -0.240460 -0.162710 -2.901299
v -0.158977 -0.108343 2.123226
v -0.267185 -0.112076 -2.901299
v -0.176646 -0.074628 2.123226
v -0.283642 -0.057136 -2.901299
v -0.187526 -0.038045 2.123226
v -0.289199 0.000000 -2.901299
v -0.191200 0.000000 2.123226
v -0.283642 0.057136 -2.901299
v -0.187526 0.038045 2.123226
v -0.267185 0.112076 -2.901299
v -0.176646 0.074628 2.123226
v -0.240460 0.162710 -2.901299
v -0.158977 0.108343 2.123226
v -0.204495 0.207090 -2.901299
v -0.135199 0.137894 2.123226
v -0.160671 0.243512 -2.901299
v -0.106225 0.162147 2.123226
v -0.110672 0.270577 -2.901299
v -0.073169 0.180168 2.123226
v -0.056420 0.287243 -2.901299
v -0.037301 0.191265 2.123226
v 0.018651 0.193138 2.123226
v 0.055235 0.185716 2.123226
v 0.089697 0.171157 2.123226
v 0.120712 0.150020 2.123226
v 0.147088 0.123119 2.123226
v 0.167812 0.091485 2.123226
v 0.182086 0.056336 2.123226
v 0.189363 0.019022 2.123226
v 0.189363 -0.019022 2.123226
v 0.182086 -0.056336 2.123226
v 0.167812 -0.091485 2.123226
v 0.147088 -0.123119 2.123226
v 0.120712 -0.150020 2.123226
v 0.089697 -0.171157 2.123226
v 0.055235 -0.185716 2.123226
v 0.018651 -0.193138 2.123226
v -0.018651 -0.193138 2.123226
v -0.055235 -0.185716 2.123226
v -0.089697 -0.171157 2.123226
v -0.120712 -0.150020 2.123226
v -0.147088 -0.123119 2.123226
v -0.167812 -0.091485 2.123226
v -0.182086 -0.056336 2.123226
v -0.189363 -0.019022 2.123226
v -0.189363 0.019022 2.123226
v -0.182086 0.056336 2.123226
v -0.167812 0.091485 2.123226
v -0.147088 0.123119 2.123226
v -0.120712 0.150020 2.123226
v -0.089697 0.171157 2.123226
v -0.055235 0.185716 2.123226
v -0.018651 0.193138 2.123226
v 0.000000 -0.000000 3.463398
v 0.039162 0.201556 1.419657
v -0.039162 0.201556 1.419657
v 0.076819 -0.189862 1.419656
v -0.166907 0.114172 1.419656
v 0.185457 -0.078643 1.419656
v -0.196881 -0.040092 1.419656
v 0.185457 0.078643 1.419656
v -0.111524 -0.170871 1.419656
v 0.076819 0.189862 1.419657
v 0.039162 -0.201556 1.419656
v -0.141943 0.145314 1.419656
v 0.166907 -0.114172 1.419656
v -0.200738 -0.000000 1.419656
v 0.196881 0.040092 1.419656
v -0.141943 -0.145314 1.419656
v 0.111524 0.170871 1.419657
v 0.000000 0.205505 1.419656
v 0.000000 -0.205505 1.419656
v -0.111524 0.170871 1.419657
v 0.141943 -0.145314 1.419656
v -0.196881 0.040092 1.419656
v 0.200738 -0.000000 1.419656
v -0.166907 -0.114172 1.419656
v 0.141943 0.145314 1.419656
v -0.039162 -0.201556 1.419656
v -0.076819 0.189862 1.419657
v 0.111524 -0.170871 1.419656
v -0.185457 0.078643 1.419656
v 0.196881 -0.040092 1.419656
v -0.185457 -0.078643 1.419656
v 0.166907 0.114172 1.419656
v -0.076819 -0.189862 1.419656
v 0.050723 0.255004 0.427803
v 0.000000 0.260000 0.427804
v -0.050723 0.255004 0.427803
v 0.099498 -0.240209 0.427803
v -0.216182 0.144448 0.427803
v 0.240209 -0.099498 0.427803
v -0.255004 -0.050723 0.427803
v 0.240209 0.099498 0.427803
v -0.144448 -0.216182 0.427803
v 0.099498 0.240209 0.427803
v 0.050723 -0.255004 0.427803
v -0.183848 0.183848 0.427803
v 0.216182 -0.144448 0.427803
v -0.260000 0.000000 0.427803
v 0.255004 0.050723 0.427803
v -0.183848 -0.183848 0.427803
v 0.144448 0.216182 0.427803
v 0.000000 -0.260000 0.427803
v -0.144448 0.216182 0.427803
v 0.183848 -0.183848 0.427803
v -0.255004 0.050723 0.427803
v 0.260000 0.000000 0.427803
v -0.216182 -0.144448 0.427803
v 0.183848 0.183848 0.427803
v -0.050723 -0.255004 0.427803
v -0.099498 0.240209 0.427803
v 0.144448 -0.216182 0.427803
v -0.240209 0.099498 0.427803
v 0.255004 -0.050723 0.427803
v -0.240209 -0.099498 0.427803
v 0.216182 0.144448 0.427803
v -0.099498 -0.240209 0.427803
v 0.050723 0.255004 -2.736884
v -0.050723 0.255004 -2.736884
v 0.099498 -0.240209 -2.736884
v -0.216182 0.144448 -2.736884
v 0.240209 -0.099498 -2.736884
v -0.255004 -0.050723 -2.736884
v 0.240209 0.099498 -2.736884
v -0.144448 -0.216182 -2.736884
v 0.099498 0.240209 -2.736884
v 0.050723 -0.255004 -2.736884
v -0.183848 0.183848 -2.736884
v 0.216182 -0.144448 -2.736884
v -0.260000 0.000000 -2.736884
v 0.255004 0.050723 -2.736884
v -0.183848 -0.183848 -2.736884
v 0.144448 0.216182 -2.736884
v 0.000000 -0.260000 -2.736884
v -0.144448 0.216182 -2.736884
v 0.183848 -0.183848 -2.736884
v -0.255004 0.050723 -2.736884
v 0.260000 0.000000 -2.736884
v -0.216182 -0.144448 -2.736884
v 0.183848 0.183848 -2.736884
v -0.050723 -0.255004 -2.736884
v -0.099498 0.240209 -2.736884
v 0.144448 -0.216182 -2.736884
v 0.000000 0.260000 -2.736884
v -0.240209 0.099498 -2.736884
v 0.255004 -0.050723 -2.736884
v -0.240209 -0.099498 -2.736884
v 0.216182 0.144448 -2.736884
v -0.099498 -0.240209 -2.736884
v 0.000000 0.279724 0.923730
v 0.094171 0.180366 1.419657
v -0.176182 -0.096408 1.419656
v 0.126733 0.158093 1.419656
v -0.191169 -0.059368 1.419656
v 0.154425 0.129743 1.419656
v -0.198809 -0.020046 1.419656
v 0.176182 0.096408 1.419656
v -0.198809 0.020046 1.419656
v 0.191169 0.059368 1.419656
v -0.191169 0.059368 1.419656
v 0.198809 0.020046 1.419656
v -0.176182 0.096408 1.419656
v 0.198809 -0.020046 1.419656
v -0.154425 0.129743 1.419656
v 0.191169 -0.059368 1.419656
v -0.126733 0.158093 1.419656
v 0.176182 -0.096408 1.419656
v -0.094171 0.180366 1.419657
v 0.154425 -0.129743 1.419656
v -0.057990 0.195709 1.419657
v 0.126733 -0.158093 1.419656
v -0.019581 0.203531 1.419656
v 0.094171 -0.180366 1.419656
v 0.057990 -0.195709 1.419656
v 0.019581 -0.203531 1.419656
v -0.019581 -0.203531 1.419656
v -0.057990 -0.195709 1.419656
v -0.094171 -0.180366 1.419656
v 0.019581 0.203531 1.419656
v -0.126733 -0.158093 1.419656
v 0.057990 0.195709 1.419657
v -0.154425 -0.129743 1.419656
v 0.044943 0.228280 0.923730
v -0.044943 0.228280 0.923730
v 0.088158 -0.215035 0.923730
v -0.191545 0.129310 0.923730
v 0.212833 -0.089071 0.923730
v -0.225942 -0.045408 0.923730
v 0.212833 0.089071 0.923730
v -0.127986 -0.193527 0.923730
v 0.088158 0.215035 0.923730
v 0.044943 -0.228280 0.923730
v -0.162895 0.164581 0.923730
v 0.191545 -0.129310 0.923730
v -0.281755 -0.000000 0.923730
v 0.225942 0.045408 0.923730
v -0.162895 -0.164581 0.923730
v 0.127986 0.193527 0.923730
v 0.000000 -0.281686 0.923730
v -0.127986 0.193527 0.923730
v 0.162895 -0.164581 0.923730
v -0.225942 0.045408 0.923730
v 0.283161 -0.000000 0.923730
v -0.191545 -0.129310 0.923730
v 0.162895 0.164581 0.923730
v -0.044943 -0.228280 0.923730
v -0.088158 0.215035 0.923730
v 0.127986 -0.193527 0.923730
v -0.212833 0.089071 0.923730
v 0.225942 -0.045408 0.923730
v -0.212833 -0.089071 0.923730
v 0.191545 0.129310 0.923730
v -0.088158 -0.215035 0.923730
v 0.121973 0.228195 0.427803
v -0.228195 -0.121973 0.427803
v 0.164148 0.200015 0.427803
v -0.247606 -0.075111 0.427803
v 0.200015 0.164148 0.427803
v -0.257502 -0.025362 0.427803
v 0.228195 0.121973 0.427803
v -0.257502 0.025362 0.427803
v 0.247606 0.075111 0.427803
v -0.247606 0.075111 0.427803
v 0.257502 0.025362 0.427803
v -0.228195 0.121973 0.427803
v 0.257502 -0.025362 0.427803
v -0.200015 0.164148 0.427803
v 0.247606 -0.075111 0.427803
v -0.164148 0.200015 0.427803
v 0.228195 -0.121973 0.427803
v -0.121973 0.228195 0.427803
v 0.200015 -0.164148 0.427803
v -0.075111 0.247606 0.427803
v 0.164148 -0.200015 0.427803
v -0.025362 0.257502 0.427804
v 0.121973 -0.228195 0.427803
v 0.075111 -0.247606 0.427803
v 0.025362 -0.257502 0.427803
v -0.025362 -0.257502 0.427803
v -0.075111 -0.247606 0.427803
v -0.121973 -0.228195 0.427803
v 0.025362 0.257502 0.427804
v -0.164148 -0.200015 0.427803
v 0.075111 0.247606 0.427803
v -0.200015 -0.164148 0.427803
v -0.177220 -0.146946 0.923730
v 0.066551 0.221658 0.923730
v -0.145441 -0.179054 0.923730
v 0.022471 0.230516 0.923730
v -0.108072 -0.204281 0.923730
v -0.066551 -0.221658 0.923730
v -0.022471 -0.230516 0.923730
v 0.022471 -0.230516 0.923730
v 0.066551 -0.221658 0.923730
v 0.108072 -0.204281 0.923730
v -0.022471 0.230516 0.923730
v 0.145441 -0.179054 0.923730
v -0.066551 0.221658 0.923730
v 0.177220 -0.146946 0.923730
v -0.108072 0.204281 0.923730
v 0.202189 -0.109190 0.923730
v -0.145441 0.179054 0.923730
v 0.219388 -0.067239 0.923730
v -0.177220 0.146946 0.923730
v 0.228156 -0.022704 0.923730
v -0.202189 0.109190 0.923730
v 0.228156 0.022704 0.923730
v -0.219388 0.067239 0.923730
v 0.219388 0.067239 0.923730
v -0.228156 0.022704 0.923730
v 0.202189 0.109190 0.923730
v -0.228156 -0.022704 0.923730
v 0.177220 0.146946 0.923730
v -0.219388 -0.067239 0.923730
v 0.145441 0.179054 0.923730
v -0.202189 -0.109190 0.923730
v 0.108072 0.204281 0.923730
v 0.000000 0.228940 1.171693
v 0.102848 0.175619 1.419657
v -0.171545 -0.105290 1.419656
v 0.134338 0.151703 1.419656
v -0.188313 -0.069006 1.419656
v 0.160666 0.121958 1.419656
v -0.197845 -0.030069 1.419656
v 0.180820 0.087526 1.419656
v -0.197845 0.030069 1.419656
v 0.194025 0.049730 1.419656
v -0.188313 0.069006 1.419656
v 0.199773 0.010023 1.419656
v -0.171545 0.105290 1.419656
v 0.199773 -0.010023 1.419656
v -0.148184 0.137529 1.419656
v 0.194025 -0.049730 1.419656
v -0.119129 0.164482 1.419656
v 0.180820 -0.087526 1.419656
v -0.085495 0.185114 1.419657
v 0.160666 -0.121958 1.419656
v -0.048576 0.198633 1.419657
v 0.134338 -0.151703 1.419656
v -0.009790 0.204518 1.419656
v 0.102848 -0.175619 1.419656
v 0.067405 -0.192785 1.419656
v 0.029371 -0.202543 1.419656
v -0.009790 -0.204518 1.419656
v -0.048576 -0.198633 1.419656
v -0.085495 -0.185114 1.419656
v 0.029371 0.202543 1.419656
v -0.119129 -0.164482 1.419656
v 0.067405 0.192785 1.419657
v -0.148184 -0.137529 1.419656
v 0.047833 0.241642 0.675766
v -0.047833 0.241642 0.675766
v 0.093828 -0.227622 0.675766
v -0.203863 0.136879 0.675766
v 0.226521 -0.094284 0.675766
v -0.240473 -0.048066 0.675766
v 0.226521 0.094284 0.675766
v -0.136217 -0.204854 0.675766
v 0.093828 0.227622 0.675766
v 0.047833 -0.241642 0.675766
v -0.173372 0.174214 0.675766
v 0.203863 -0.136879 0.675766
v -0.266033 -0.000000 0.675766
v 0.240473 0.048066 0.675766
v -0.173372 -0.174214 0.675766
v 0.136217 0.204854 0.675766
v 0.000000 -0.261093 0.675766
v -0.136217 0.204854 0.675766
v 0.173372 -0.174214 0.675766
v -0.240473 0.048066 0.675766
v 0.266212 -0.000000 0.675766
v -0.203863 -0.136879 0.675766
v 0.173372 0.174214 0.675766
v -0.047833 -0.241642 0.675766
v -0.093828 0.227622 0.675766
v 0.136217 -0.204854 0.675766
v -0.226521 0.094284 0.675766
v 0.240473 -0.048066 0.675766
v -0.226521 -0.094284 0.675766
v 0.203863 0.136879 0.675766
v -0.093828 -0.227622 0.675766
v 0.133211 0.222189 0.427803
v -0.222189 -0.133211 0.427803
v 0.173998 0.191931 0.427803
v -0.243908 -0.087304 0.427803
v 0.208099 0.154298 0.427803
v -0.256253 -0.038043 0.427803
v 0.234202 0.110735 0.427803
v -0.256253 0.038043 0.427803
v 0.251305 0.062917 0.427803
v -0.243908 0.087304 0.427803
v 0.258751 0.012681 0.427803
v -0.222189 0.133211 0.427803
v 0.258751 -0.012681 0.427803
v -0.191931 0.173998 0.427803
v 0.251305 -0.062917 0.427803
v -0.154298 0.208099 0.427803
v 0.234202 -0.110735 0.427803
v -0.110735 0.234202 0.427803
v 0.208099 -0.154298 0.427803
v -0.062917 0.251305 0.427803
v 0.173998 -0.191931 0.427803
v -0.012681 0.258751 0.427804
v 0.133211 -0.222189 0.427803
v 0.087304 -0.243908 0.427803
v 0.038043 -0.256253 0.427803
v -0.012681 -0.258751 0.427803
v -0.062917 -0.251305 0.427803
v -0.110735 -0.234202 0.427803
v 0.038043 0.256253 0.427803
v -0.154298 -0.208099 0.427803
v 0.087304 0.243908 0.427803
v -0.191931 -0.173998 0.427803
v 0.000000 0.264036 0.675767
v 0.085495 0.185114 1.419657
v -0.180820 -0.087526 1.419656
v 0.119129 0.164482 1.419656
v -0.194025 -0.049730 1.419656
v 0.148184 0.137529 1.419656
v -0.199773 -0.010023 1.419656
v 0.171545 0.105290 1.419656
v -0.199773 0.010023 1.419656
v 0.188313 0.069006 1.419656
v -0.194025 0.049730 1.419656
v 0.197845 0.030069 1.419656
v -0.180820 0.087526 1.419656
v 0.197845 -0.030069 1.419656
v -0.160666 0.121958 1.419656
v 0.188313 -0.069006 1.419656
v -0.134338 0.151703 1.419656
v 0.171545 -0.105290 1.419656
v -0.102848 0.175619 1.419657
v 0.148184 -0.137529 1.419656
v -0.067405 0.192785 1.419657
v 0.119129 -0.164482 1.419656
v -0.029371 0.202543 1.419656
v 0.085495 -0.185114 1.419656
v 0.048576 -0.198633 1.419656
v 0.009790 -0.204518 1.419656
v -0.029371 -0.202543 1.419656
v -0.067405 -0.192785 1.419656
v -0.102848 -0.175619 1.419656
v 0.009790 0.204518 1.419656
v -0.134338 -0.151703 1.419656
v 0.048576 0.198633 1.419657
v -0.160666 -0.121958 1.419656
v 0.042052 0.214918 1.171693
v -0.042052 0.214918 1.171693
v 0.082489 -0.202449 1.171693
v -0.179226 0.121741 1.171693
v 0.199145 -0.083857 1.171693
v -0.211411 -0.042750 1.171693
v 0.199145 0.083857 1.171693
v -0.119755 -0.182199 1.171693
v 0.082489 0.202449 1.171693
v 0.042052 -0.214918 1.171693
v -0.152419 0.154947 1.171693
v 0.179226 -0.121741 1.171693
v -0.226591 -0.000000 1.171693
v 0.211411 0.042750 1.171693
v -0.152419 -0.154947 1.171693
v 0.119755 0.182199 1.171693
v 0.000000 -0.233846 1.171693
v -0.119755 0.182199 1.171693
v 0.152419 -0.154947 1.171693
v -0.211411 0.042750 1.171693
v 0.227817 -0.000000 1.171693
v -0.179226 -0.121741 1.171693
v 0.152419 0.154947 1.171693
v -0.042052 -0.214918 1.171693
v -0.082489 0.202449 1.171693
v 0.119755 -0.182199 1.171693
v -0.199145 0.083857 1.171693
v 0.211411 -0.042750 1.171693
v -0.199145 -0.083857 1.171693
v 0.179226 0.121741 1.171693
v -0.082489 -0.202449 1.171693
v 0.110735 0.234202 0.427803
v -0.234202 -0.110735 0.427803
v 0.154298 0.208099 0.427803
v -0.251305 -0.062917 0.427803
v 0.191931 0.173998 0.427803
v -0.258751 -0.012681 0.427803
v 0.222189 0.133211 0.427803
v -0.258751 0.012681 0.427803
v 0.243908 0.087304 0.427803
v -0.251305 0.062917 0.427803
v 0.256253 0.038043 0.427803
v -0.234202 0.110735 0.427803
v 0.256253 -0.038043 0.427803
v -0.208099 0.154298 0.427803
v 0.243908 -0.087304 0.427803
v -0.173998 0.191931 0.427803
v 0.222189 -0.133211 0.427803
v -0.133211 0.222189 0.427803
v 0.191931 -0.173998 0.427803
v -0.087304 0.243908 0.427803
v 0.154298 -0.208099 0.427803
v -0.038043 0.256253 0.427803
v 0.110735 -0.234202 0.427803
v 0.062917 -0.251305 0.427803
v 0.012681 -0.258751 0.427803
v -0.038043 -0.256253 0.427803
v -0.087304 -0.243908 0.427803
v -0.133211 -0.222189 0.427803
v 0.012681 0.258751 0.427804
v -0.173998 -0.191931 0.427803
v 0.062917 0.251305 0.427803
v -0.208099 -0.154298 0.427803
v -0.165823 -0.138344 1.171693
v -0.188617 -0.155547 0.675766
v -0.184382 -0.138128 0.923730
v -0.170058 -0.155763 0.923730
v 0.062270 0.208683 1.171693
v 0.070831 0.234632 0.675766
v 0.077354 0.218347 0.923730
v 0.055747 0.224969 0.923730
v -0.136087 -0.168573 1.171693
v -0.154794 -0.189534 0.675766
v -0.154168 -0.171817 0.923730
v -0.136713 -0.186290 0.923730
v 0.021026 0.217023 1.171693
v 0.023917 0.244009 0.675767
v 0.033707 0.229398 0.923730
v 0.011236 0.231634 0.923730
v -0.101122 -0.192324 1.171693
v -0.115023 -0.216238 0.675766
v -0.118029 -0.198904 0.923730
v -0.098115 -0.209658 0.923730
v -0.062270 -0.208683 1.171693
v -0.070831 -0.234632 0.675766
v -0.077354 -0.218347 0.923730
v -0.055747 -0.224969 0.923730
v -0.021026 -0.217023 1.171693
v -0.023917 -0.244009 0.675766
v -0.033707 -0.229398 0.923730
v -0.011236 -0.231634 0.923730
v 0.021026 -0.217023 1.171693
v 0.023917 -0.244009 0.675766
v 0.011236 -0.231634 0.923730
v 0.033707 -0.229398 0.923730
v 0.062270 -0.208683 1.171693
v 0.070831 -0.234632 0.675766
v 0.055747 -0.224969 0.923730
v 0.077354 -0.218347 0.923730
v 0.101122 -0.192324 1.171693
v 0.115023 -0.216238 0.675766
v 0.098115 -0.209658 0.923730
v 0.118029 -0.198904 0.923730
v -0.021026 0.217023 1.171693
v -0.023917 0.244009 0.675767
v -0.011236 0.231634 0.923730
v -0.033707 0.229398 0.923730
v 0.136087 -0.168573 1.171693
v 0.154794 -0.189534 0.675766
v 0.136713 -0.186290 0.923730
v 0.154168 -0.171817 0.923730
v -0.062270 0.208683 1.171693
v -0.070831 0.234632 0.675766
v -0.055747 0.224969 0.923730
v -0.077354 0.218347 0.923730
v 0.165823 -0.138344 1.171693
v 0.188617 -0.155547 0.675766
v 0.170058 -0.155763 0.923730
v 0.184382 -0.138128 0.923730
v -0.101122 0.192324 1.171693
v -0.115023 0.216238 0.675766
v -0.098115 0.209658 0.923730
v -0.118029 0.198904 0.923730
v 0.189186 -0.102799 1.171693
v 0.215192 -0.115582 0.675766
v 0.196867 -0.119250 0.923730
v 0.207511 -0.099130 0.923730
v -0.136087 0.168573 1.171693
v -0.154794 0.189534 0.675766
v -0.136713 0.186290 0.923730
v -0.154168 0.171817 0.923730
v 0.205278 -0.063303 1.171693
v 0.233497 -0.071175 0.675766
v 0.216110 -0.078155 0.923730
v 0.222665 -0.056323 0.923730
v -0.165823 0.138344 1.171693
v -0.188617 0.155547 0.675766
v -0.170058 0.155763 0.923730
v -0.184382 0.138128 0.923730
v 0.213482 -0.021375 1.171693
v 0.242829 -0.024033 0.675766
v 0.227049 -0.034056 0.923730
v 0.229262 -0.011352 0.923730
v -0.189186 0.102799 1.171693
v -0.215192 0.115582 0.675766
v -0.196867 0.119250 0.923730
v -0.207511 0.099130 0.923730
v 0.213482 0.021375 1.171693
v 0.242829 0.024033 0.675766
v 0.229262 0.011352 0.923730
v 0.227049 0.034056 0.923730
v -0.205278 0.063303 1.171693
v -0.233497 0.071175 0.675766
v -0.216110 0.078155 0.923730
v -0.222665 0.056323 0.923730
v 0.205278 0.063303 1.171693
v 0.233497 0.071175 0.675766
v 0.222665 0.056323 0.923730
v 0.216110 0.078155 0.923730
v -0.213482 0.021375 1.171693
v -0.242829 0.024033 0.675766
v -0.227049 0.034056 0.923730
v -0.229262 0.011352 0.923730
v 0.189186 0.102799 1.171693
v 0.215192 0.115582 0.675766
v 0.207511 0.099130 0.923730
v 0.196867 0.119250 0.923730
v -0.213482 -0.021375 1.171693
v -0.242829 -0.024033 0.675766
v -0.229262 -0.011352 0.923730
v -0.227049 -0.034056 0.923730
v 0.165823 0.138344 1.171693
v 0.188617 0.155547 0.675766
v 0.184382 0.138128 0.923730
v 0.170058 0.155763 0.923730
v -0.205278 -0.063303 1.171693
v -0.233497 -0.071175 0.675766
v -0.222665 -0.056323 0.923730
v -0.216110 -0.078155 0.923730
v 0.136087 0.168573 1.171693
v 0.154794 0.189534 0.675766
v 0.154168 0.171817 0.923730
v 0.136713 0.186290 0.923730
v -0.189186 -0.102799 1.171693
v -0.215192 -0.115582 0.675766
v -0.207511 -0.099130 0.923730
v -0.196867 -0.119250 0.923730
v 0.101122 0.192324 1.171693
v 0.115023 0.216238 0.675766
v 0.118029 0.198904 0.923730
v 0.098115 0.209658 0.923730
v 0.104425 0.221930 0.675766
v 0.125620 0.210546 0.675766
v 0.110438 0.187261 1.171693
v -0.209528 -0.126231 0.675766
v -0.220856 -0.104933 0.675766
v -0.194165 -0.093328 1.171693
v 0.145506 0.197194 0.675766
v 0.164083 0.181874 0.675766
v 0.144253 0.161760 1.171693
v -0.230009 -0.082729 0.675766
v -0.236985 -0.059620 0.675766
v -0.208345 -0.053027 1.171693
v 0.180995 0.164881 0.675766
v 0.196240 0.146213 0.675766
v 0.172524 0.130043 1.171693
v -0.241651 -0.036049 0.675766
v -0.244007 -0.012016 0.675766
v -0.214518 -0.010687 1.171693
v 0.209528 0.126231 0.675766
v 0.220856 0.104933 0.675766
v 0.194165 0.093328 1.171693
v -0.244007 0.012016 0.675766
v -0.241651 0.036049 0.675766
v -0.212447 0.032062 1.171693
v 0.230009 0.082729 0.675766
v 0.236985 0.059620 0.675766
v 0.208345 0.053027 1.171693
v -0.236985 0.059620 0.675766
v -0.230009 0.082729 0.675766
v -0.202212 0.073580 1.171693
v 0.241651 0.036049 0.675766
v 0.244007 0.012016 0.675766
v 0.214518 0.010687 1.171693
v -0.220856 0.104933 0.675766
v -0.209528 0.126231 0.675766
v -0.184206 0.112270 1.171693
v 0.244007 -0.012016 0.675766
v 0.241651 -0.036049 0.675766
v 0.212447 -0.032062 1.171693
v -0.196240 0.146213 0.675766
v -0.180995 0.164881 0.675766
v -0.159121 0.146646 1.171693
v 0.236985 -0.059620 0.675766
v 0.230009 -0.082729 0.675766
v 0.202212 -0.073580 1.171693
v -0.164083 0.181874 0.675766
v -0.145506 0.197194 0.675766
v -0.127921 0.175386 1.171693
v 0.220856 -0.104933 0.675766
v 0.209528 -0.126231 0.675766
v 0.184206 -0.112270 1.171693
v -0.125620 0.210546 0.675766
v -0.104425 0.221930 0.675766
v -0.091805 0.197386 1.171693
v 0.196240 -0.146213 0.675766
v 0.180995 -0.164881 0.675766
v 0.159121 -0.146646 1.171693
v -0.082329 0.231127 0.675766
v -0.059332 0.238137 0.675766
v -0.052161 0.211801 1.171693
v 0.164083 -0.181874 0.675766
v 0.145506 -0.197194 0.675766
v 0.127921 -0.175386 1.171693
v -0.035875 0.242826 0.675767
v -0.011958 0.245193 0.675767
v -0.010513 0.218076 1.171693
v 0.125620 -0.210546 0.675766
v 0.104425 -0.221930 0.675766
v 0.091805 -0.197386 1.171693
v 0.082329 -0.231127 0.675766
v 0.059332 -0.238137 0.675766
v 0.052161 -0.211801 1.171693
v 0.035875 -0.242826 0.675766
v 0.011958 -0.245193 0.675766
v 0.010513 -0.218076 1.171693
v -0.011958 -0.245193 0.675766
v -0.035875 -0.242826 0.675766
v -0.031539 -0.215971 1.171693
v -0.059332 -0.238137 0.675766
v -0.082329 -0.231127 0.675766
v -0.072380 -0.205566 1.171693
v -0.104425 -0.221930 0.675766
v -0.125620 -0.210546 0.675766
v -0.110438 -0.187261 1.171693
v 0.011958 0.245193 0.675767
v 0.035875 0.242826 0.675767
v 0.031539 0.215971 1.171693
v -0.145506 -0.197194 0.675766
v -0.164083 -0.181874 0.675766
v -0.144253 -0.161760 1.171693
v 0.059332 0.238137 0.675766
v 0.082329 0.231127 0.675766
v 0.072380 0.205566 1.171693
v -0.180995 -0.164881 0.675766
v -0.196240 -0.146213 0.675766
v -0.172524 -0.130043 1.171693
v -0.159121 -0.146646 1.171693
v 0.052161 0.211801 1.171693
v -0.127921 -0.175386 1.171693
v 0.010513 0.218076 1.171693
v -0.091805 -0.197386 1.171693
v -0.052161 -0.211801 1.171693
v -0.010513 -0.218076 1.171693
v 0.031539 -0.215971 1.171693
v 0.072380 -0.205566 1.171693
v 0.110438 -0.187261 1.171693
v -0.031539 0.215971 1.171693
v 0.144253 -0.161760 1.171693
v -0.072380 0.205566 1.171693
v 0.172524 -0.130043 1.171693
v -0.110438 0.187261 1.171693
v 0.194165 -0.093328 1.171693
v -0.144253 0.161760 1.171693
v 0.208345 -0.053027 1.171693
v -0.172524 0.130043 1.171693
v 0.214518 -0.010687 1.171693
v -0.194165 0.093328 1.171693
v 0.212447 0.032062 1.171693
v -0.208345 0.053027 1.171693
v 0.202212 0.073580 1.171693
v -0.214518 0.010687 1.171693
v 0.184206 0.112270 1.171693
v -0.212447 -0.032062 1.171693
v 0.159121 0.146646 1.171693
v -0.202212 -0.073580 1.171693
v 0.127921 0.175386 1.171693
v -0.184206 -0.112270 1.171693
v 0.091805 0.197386 1.171693
v 0.000000 0.301880 0.799749
v -0.303894 -0.000000 0.799748
v 0.000000 -0.301390 0.799748
v 0.304687 -0.000000 0.799748
v -0.074943 -0.093138 2.788544
v 0.113046 0.034976 2.788544
v 0.000000 0.121071 2.788544
v -0.065949 -0.100667 2.788544
v 0.109669 0.046332 2.788544
v -0.011579 0.119908 2.788544
v -0.055687 -0.106261 2.788544
v 0.104184 0.056798 2.788544
v -0.023158 0.118744 2.788544
v -0.045426 -0.111855 2.788544
v 0.098699 0.067263 2.788544
v -0.034292 0.115300 2.788544
v -0.034292 -0.115300 2.788544
v 0.091318 0.076437 2.788544
v -0.045426 0.111855 2.788544
v -0.023158 -0.118745 2.788544
v 0.083937 0.085610 2.788544
v -0.055687 0.106261 2.788544
v -0.011579 -0.119908 2.788544
v 0.074943 0.093138 2.788544
v -0.065949 0.100667 2.788544
v 0.000000 -0.121071 2.788544
v 0.065949 0.100667 2.788544
v -0.074943 0.093138 2.788544
v 0.011579 -0.119908 2.788544
v 0.055687 0.106261 2.788544
v -0.083937 0.085610 2.788544
v 0.023158 -0.118745 2.788544
v 0.045426 0.111855 2.788544
v -0.091318 0.076437 2.788544
v 0.034292 -0.115300 2.788544
v 0.034292 0.115300 2.788544
v -0.098699 0.067263 2.788544
v 0.045426 -0.111855 2.788544
v -0.104184 0.056798 2.788544
v 0.055687 -0.106261 2.788544
v -0.109669 0.046332 2.788544
v 0.065949 -0.100667 2.788544
v -0.113046 0.034976 2.788544
v 0.074943 -0.093138 2.788544
v -0.116424 0.023620 2.788544
v 0.083937 -0.085610 2.788544
v -0.117564 0.011810 2.788544
v 0.091318 -0.076437 2.788544
v -0.118704 -0.000000 2.788544
v 0.098699 -0.067263 2.788544
v -0.117564 -0.011810 2.788544
v 0.104184 -0.056798 2.788544
v -0.116424 -0.023620 2.788544
v 0.109669 -0.046332 2.788544
v -0.113046 -0.034976 2.788544
v 0.113046 -0.034976 2.788544
v -0.109669 -0.046332 2.788544
v 0.116424 -0.023620 2.788544
v -0.104184 -0.056798 2.788544
v 0.117564 -0.011810 2.788544
v -0.098699 -0.067263 2.788544
v 0.118704 -0.000000 2.788544
v -0.091318 -0.076437 2.788544
v 0.117564 0.011810 2.788544
v 0.023158 0.118745 2.788544
v -0.083937 -0.085610 2.788544
v 0.116424 0.023620 2.788544
v 0.011579 0.119908 2.788544
v -0.043773 -0.054395 3.097625
v 0.065938 0.020407 3.098222
v 0.000000 0.070559 3.098623
v -0.038523 -0.058797 3.097591
v 0.063960 0.027027 3.098275
v -0.006748 0.069882 3.098617
v -0.032531 -0.062068 3.097565
v -0.006765 -0.070051 3.097501
v 0.060755 0.033127 3.098324
v -0.013496 0.069205 3.098612
v -0.026538 -0.065340 3.097538
v 0.057550 0.039226 3.098372
v -0.019985 0.067200 3.098596
v -0.020034 -0.067355 3.097522
v 0.053241 0.044570 3.098415
v -0.026475 0.065195 3.098580
v -0.013530 -0.069370 3.097506
v 0.048932 0.049914 3.098458
v -0.032457 0.061939 3.098554
v 0.013496 0.069205 3.098612
v 0.043686 0.054298 3.098493
v -0.038440 0.058682 3.098528
v 0.000000 -0.070731 3.097496
v 0.038440 0.058682 3.098528
v -0.043686 0.054298 3.098493
v 0.006765 -0.070051 3.097501
v 0.032457 0.061939 3.098554
v -0.048932 0.049914 3.098458
v 0.013530 -0.069370 3.097506
v 0.026475 0.065195 3.098580
v -0.053241 0.044570 3.098415
v 0.020034 -0.067355 3.097522
v 0.019985 0.067200 3.098596
v -0.057550 0.039226 3.098373
v 0.026538 -0.065340 3.097538
v -0.060755 0.033127 3.098324
v 0.032531 -0.062068 3.097565
v -0.063960 0.027027 3.098275
v 0.038523 -0.058797 3.097591
v -0.065938 0.020407 3.098222
v 0.043773 -0.054395 3.097625
v -0.067916 0.013785 3.098170
v 0.049022 -0.049994 3.097661
v -0.068590 0.006896 3.098114
v 0.053328 -0.044632 3.097704
v -0.069264 0.000006 3.098060
v 0.057633 -0.039271 3.097746
v -0.068608 -0.006886 3.098005
v 0.060829 -0.033156 3.097795
v -0.067951 -0.013780 3.097950
v 0.064024 -0.027042 3.097844
v -0.065987 -0.020410 3.097897
v 0.065987 -0.020410 3.097897
v -0.064024 -0.027042 3.097844
v 0.067951 -0.013780 3.097950
v -0.060829 -0.033156 3.097795
v 0.068608 -0.006886 3.098005
v -0.057633 -0.039271 3.097746
v 0.069264 0.000006 3.098060
v -0.053328 -0.044632 3.097704
v 0.068590 0.006896 3.098114
v -0.049022 -0.049994 3.097661
v 0.067916 0.013785 3.098170
v 0.006748 0.069882 3.098617
v -0.021943 -0.027271 3.293371
v 0.033100 0.010241 3.293371
v 0.000000 0.035449 3.293371
v -0.019310 -0.029475 3.293371
v 0.032111 0.013566 3.293371
v -0.003390 0.035109 3.293371
v -0.016305 -0.031113 3.293371
v 0.030505 0.016630 3.293371
v -0.006781 0.034768 3.293371
v -0.013301 -0.032751 3.293371
v 0.028899 0.019695 3.293371
v -0.010041 0.033760 3.293371
v -0.010041 -0.033759 3.293371
v 0.026738 0.022380 3.293371
v -0.013301 0.032751 3.293371
v -0.006781 -0.034768 3.293371
v 0.024576 0.025066 3.293371
v -0.016305 0.031113 3.293371
v -0.003390 -0.035109 3.293371
v 0.021943 0.027271 3.293371
v -0.019310 0.029475 3.293371
v 0.000000 -0.035449 3.293371
v 0.019310 0.029475 3.293371
v -0.021943 0.027271 3.293371
v 0.003390 -0.035109 3.293371
v 0.016305 0.031113 3.293371
v -0.024576 0.025066 3.293371
v 0.006781 -0.034768 3.293370
v 0.013301 0.032751 3.293371
v -0.026738 0.022381 3.293371
v 0.010041 -0.033759 3.293371
v 0.010041 0.033760 3.293371
v -0.028899 0.019695 3.293371
v 0.013301 -0.032751 3.293371
v -0.030505 0.016630 3.293371
v 0.016305 -0.031113 3.293371
v -0.032111 0.013566 3.293371
v 0.019310 -0.029475 3.293371
v -0.033100 0.010241 3.293371
v 0.021943 -0.027271 3.293371
v -0.034089 0.006916 3.293371
v 0.024577 -0.025066 3.293371
v -0.034422 0.003458 3.293371
v 0.026738 -0.022381 3.293371
v -0.034756 -0.000000 3.293371
v 0.028899 -0.019695 3.293371
v 0.006781 0.034768 3.293371
v -0.034422 -0.003458 3.293371
v 0.030505 -0.016630 3.293371
v -0.034089 -0.006916 3.293371
v 0.032111 -0.013566 3.293371
v -0.033100 -0.010241 3.293371
v 0.033100 -0.010241 3.293371
v -0.032111 -0.013566 3.293371
v 0.034089 -0.006916 3.293371
v -0.030505 -0.016630 3.293371
v 0.034422 -0.003458 3.293371
v -0.028899 -0.019695 3.293371
v 0.034756 -0.000000 3.293371
v -0.026738 -0.022380 3.293371
v 0.034422 0.003458 3.293371
v -0.024576 -0.025066 3.293371
v 0.034089 0.006916 3.293371
v 0.003390 0.035109 3.293371
v 0.031741 0.162755 2.455885
v 0.154944 0.047939 2.455885
v 0.150315 0.063504 2.455885
v 0.142798 0.077849 2.455885
v 0.135280 0.092193 2.455885
v 0.125163 0.104767 2.455885
v 0.115046 0.117340 2.455885
v 0.102719 0.127658 2.455885
v 0.090391 0.137977 2.455885
v 0.015871 -0.164349 2.455885
v 0.076327 0.145644 2.455885
v 0.031741 -0.162755 2.455885
v 0.062263 0.153312 2.455885
v 0.047002 -0.158033 2.455885
v 0.047002 0.158033 2.455885
v 0.062263 -0.153312 2.455885
v 0.076327 -0.145644 2.455885
v 0.090391 -0.137977 2.455885
v 0.102719 -0.127658 2.455885
v 0.115046 -0.117340 2.455885
v 0.125163 -0.104767 2.455885
v 0.135280 -0.092193 2.455885
v 0.142798 -0.077849 2.455885
v 0.150315 -0.063504 2.455885
v 0.154944 -0.047939 2.455885
v 0.159574 -0.032374 2.455885
v 0.161137 -0.016187 2.455885
v 0.162700 -0.000000 2.455885
v 0.161137 0.016187 2.455885
v 0.159574 0.032374 2.455885
v 0.015871 0.164349 2.455885
v 0.000000 -0.165944 2.455885
v -0.015871 -0.164349 2.455885
v -0.031741 -0.162755 2.455885
v -0.047002 -0.158033 2.455885
v -0.062263 -0.153312 2.455885
v -0.076327 -0.145644 2.455885
v -0.090391 -0.137977 2.455885
v -0.102719 -0.127658 2.455885
v -0.115046 -0.117340 2.455885
v -0.125163 -0.104767 2.455885
v -0.135280 -0.092193 2.455885
v -0.142798 -0.077849 2.455885
v -0.150315 -0.063504 2.455885
v -0.154944 -0.047939 2.455885
v -0.159574 -0.032374 2.455885
v -0.161137 -0.016187 2.455885
v -0.162700 -0.000000 2.455885
v -0.161137 0.016187 2.455885
v -0.159574 0.032374 2.455885
v -0.154944 0.047939 2.455885
v -0.150315 0.063504 2.455885
v -0.142798 0.077849 2.455885
v -0.135280 0.092193 2.455885
v -0.125163 0.104767 2.455885
v -0.115046 0.117340 2.455885
v -0.102719 0.127658 2.455885
v -0.090391 0.137977 2.455885
v -0.076327 0.145644 2.455885
v -0.062263 0.153312 2.455885
v -0.047002 0.158033 2.455885
v -0.031741 0.162755 2.455885
v -0.015871 0.164349 2.455885
v 0.000000 0.165944 2.455885
vn 0.0973 0.9759 0.1951
vn 0.2881 0.9378 0.1939
vn 0.4672 0.8632 0.1912
vn 0.6278 0.7554 0.1875
vn 0.7637 0.6189 0.1834
vn 0.8700 0.4592 0.1795
vn 0.9429 0.2825 0.1763
vn 0.9800 0.0953 0.1744
vn 0.9800 -0.0953 0.1744
vn 0.9429 -0.2825 0.1763
vn 0.8700 -0.4592 0.1795
vn 0.7637 -0.6189 0.1834
vn 0.6278 -0.7554 0.1875
vn 0.4672 -0.8632 0.1912
vn 0.2881 -0.9378 0.1939
vn 0.0973 -0.9759 0.1951
vn -0.0973 -0.9759 0.1951
vn -0.2881 -0.9378 0.1939
vn -0.4672 -0.8632 0.1912
vn -0.6278 -0.7554 0.1875
vn -0.7637 -0.6189 0.1834
vn -0.8700 -0.4592 0.1795
vn -0.9429 -0.2825 0.1763
vn -0.9800 -0.0953 0.1744
vn -0.9800 0.0953 0.1744
vn -0.9429 0.2825 0.1763
vn -0.8700 0.4592 0.1795
vn -0.7637 0.6189 0.1834
vn -0.6278 0.7554 0.1875
vn -0.4672 0.8632 0.1912
vn -0.2881 0.9378 0.1939
vn -0.0973 0.9759 0.1951
vn -0.0000 -0.0000 -1.0000
vn 0.0991 0.9862 0.1330
vn 0.0991 -0.9861 0.1330
vn 0.2930 -0.9469 0.1328
vn 0.4744 -0.8703 0.1325
vn 0.6362 -0.7601 0.1320
vn 0.7723 -0.6215 0.1315
vn 0.8781 -0.4602 0.1310
vn 0.9503 -0.2826 0.1307
vn 0.9869 -0.0953 0.1305
vn 0.9869 0.0953 0.1305
vn 0.9503 0.2826 0.1307
vn 0.8781 0.4602 0.1310
vn 0.7723 0.6215 0.1315
vn 0.6362 0.7601 0.1320
vn 0.4744 0.8703 0.1325
vn 0.2930 0.9469 0.1328
vn 0.4786 0.8779 0.0146
vn -0.8864 -0.4628 0.0138
vn 0.6432 0.7656 0.0143
vn -0.9587 -0.2841 0.0136
vn 0.7790 0.6268 0.0141
vn -0.9953 -0.0961 0.0135
vn 0.8864 0.4628 0.0138
vn -0.9953 0.0961 0.0135
vn 0.9584 0.2850 0.0136
vn -0.9587 0.2841 0.0136
vn 0.9953 0.0961 0.0135
vn -0.8864 0.4628 0.0138
vn 0.9953 -0.0961 0.0135
vn -0.7790 0.6268 0.0140
vn 0.9584 -0.2850 0.0136
vn -0.6432 0.7656 0.0143
vn 0.8864 -0.4628 0.0138
vn -0.4800 0.8772 0.0145
vn 0.7790 -0.6268 0.0140
vn -0.2965 0.9549 0.0147
vn 0.6432 -0.7656 0.0143
vn -0.0999 0.9949 0.0148
vn 0.4786 -0.8779 0.0145
vn 0.2965 -0.9549 0.0147
vn 0.0999 -0.9949 0.0148
vn -0.0999 -0.9949 0.0148
vn -0.2955 -0.9552 0.0147
vn -0.4800 -0.8772 0.0145
vn 0.0999 0.9949 0.0148
vn -0.6432 -0.7656 0.0143
vn 0.2965 0.9549 0.0147
vn -0.7790 -0.6268 0.0140
vn 0.4793 0.8759 0.0555
vn -0.8849 -0.4620 0.0582
vn 0.6422 0.7644 0.0564
vn -0.9571 -0.2836 0.0589
vn 0.7790 0.6244 0.0573
vn -0.9937 -0.0956 0.0593
vn 0.8849 0.4620 0.0582
vn -0.9936 0.0956 0.0593
vn 0.9571 0.2836 0.0589
vn -0.9571 0.2836 0.0590
vn 0.9937 0.0956 0.0593
vn -0.8849 0.4620 0.0584
vn 0.9936 -0.0956 0.0593
vn -0.7789 0.6244 0.0576
vn 0.9571 -0.2836 0.0590
vn -0.6422 0.7644 0.0567
vn 0.8849 -0.4620 0.0584
vn -0.4793 0.8759 0.0558
vn 0.7789 -0.6244 0.0576
vn -0.2961 0.9536 0.0551
vn 0.6422 -0.7644 0.0567
vn -0.1002 0.9935 0.0547
vn 0.4793 -0.8759 0.0558
vn 0.2961 -0.9536 0.0551
vn 0.1002 -0.9935 0.0547
vn -0.1002 -0.9935 0.0546
vn -0.2961 -0.9536 0.0549
vn -0.4793 -0.8759 0.0555
vn 0.1002 0.9935 0.0546
vn -0.6422 -0.7644 0.0564
vn 0.2961 0.9536 0.0549
vn -0.7790 -0.6244 0.0573
vn 0.4714 0.8819 -0.0000
vn -0.8819 -0.4714 -0.0000
vn 0.6344 0.7730 -0.0000
vn -0.9569 -0.2903 -0.0000
vn 0.7730 0.6344 -0.0000
vn -0.9952 -0.0980 -0.0000
vn 0.8819 0.4714 -0.0000
vn -0.9952 0.0980 -0.0000
vn 0.9569 0.2903 -0.0000
vn -0.9569 0.2903 -0.0000
vn 0.9952 0.0980 -0.0000
vn -0.8819 0.4714 -0.0000
vn 0.9952 -0.0980 -0.0000
vn -0.7730 0.6344 -0.0000
vn 0.9569 -0.2903 -0.0000
vn -0.6344 0.7730 -0.0000
vn 0.8819 -0.4714 -0.0000
vn -0.4714 0.8819 -0.0000
vn 0.7730 -0.6344 -0.0000
vn -0.2903 0.9569 -0.0000
vn 0.6344 -0.7730 -0.0000
vn -0.0980 0.9952 -0.0000
vn 0.4714 -0.8819 -0.0000
vn 0.2903 -0.9569 -0.0000
vn 0.0980 -0.9952 -0.0000
vn -0.0980 -0.9952 -0.0000
vn -0.2903 -0.9569 -0.0000
vn -0.4714 -0.8819 -0.0000
vn 0.0980 0.9952 -0.0000
vn -0.6344 -0.7730 -0.0000
vn 0.2903 0.9569 -0.0000
vn -0.7730 -0.6344 -0.0000
vn -0.7768 -0.6271 0.0576
vn -0.7732 -0.6315 0.0576
vn -0.7749 -0.6294 0.0573
vn 0.2942 0.9541 0.0551
vn 0.2911 0.9551 0.0551
vn 0.2926 0.9547 0.0549
vn -0.6396 -0.7666 0.0567
vn -0.6352 -0.7703 0.0566
vn -0.6373 -0.7686 0.0564
vn 0.0995 0.9935 0.0547
vn 0.0983 0.9936 0.0547
vn 0.9737 0.2275 -0.0144
vn -0.4767 -0.8773 0.0558
vn -0.4724 -0.8796 0.0558
vn -0.4744 -0.8785 0.0556
vn -0.2942 -0.9541 0.0551
vn -0.2911 -0.9551 0.0551
vn -0.2926 -0.9547 0.0549
vn -0.0995 -0.9935 0.0547
vn -0.0983 -0.9937 0.0547
vn -0.9756 -0.2190 -0.0182
vn 0.0995 -0.9935 0.0546
vn 0.0983 -0.9937 0.0546
vn 0.0989 -0.9936 0.0547
vn 0.2942 -0.9542 0.0549
vn 0.2911 -0.9551 0.0549
vn 0.2926 -0.9547 0.0551
vn 0.4793 -0.8759 0.0555
vn 0.4744 -0.8785 0.0556
vn 0.4744 -0.8785 0.0558
vn -0.0995 0.9935 0.0546
vn -0.0983 0.9937 0.0546
vn -0.0989 0.9936 0.0547
vn 0.6422 -0.7644 0.0564
vn 0.6373 -0.7686 0.0564
vn 0.6373 -0.7686 0.0567
vn -0.2942 0.9542 0.0549
vn -0.2911 0.9551 0.0549
vn -0.2926 0.9547 0.0551
vn 0.7790 -0.6244 0.0573
vn 0.7749 -0.6295 0.0573
vn 0.7749 -0.6294 0.0576
vn -0.4793 0.8759 0.0555
vn -0.4744 0.8785 0.0556
vn -0.4744 0.8785 0.0558
vn 0.8849 -0.4620 0.0582
vn 0.8824 -0.4668 0.0582
vn 0.8824 -0.4668 0.0584
vn -0.6422 0.7644 0.0564
vn -0.6373 0.7686 0.0564
vn -0.6373 0.7686 0.0567
vn 0.9566 -0.2854 0.0589
vn 0.9557 -0.2885 0.0589
vn 0.9561 -0.2871 0.0590
vn -0.7790 0.6244 0.0573
vn -0.7749 0.6295 0.0573
vn -0.7749 0.6294 0.0576
vn 0.9936 -0.0963 0.0593
vn 0.9935 -0.0974 0.0593
vn 0.2061 -0.9784 -0.0141
vn -0.8849 0.4620 0.0582
vn -0.8824 0.4668 0.0582
vn -0.8824 0.4668 0.0584
vn 0.9936 0.0963 0.0593
vn 0.9935 0.0974 0.0593
vn 0.9935 0.0969 0.0593
vn -0.9566 0.2854 0.0589
vn -0.9557 0.2885 0.0589
vn -0.9561 0.2871 0.0590
vn 0.9566 0.2854 0.0590
vn 0.9557 0.2885 0.0590
vn 0.9561 0.2871 0.0589
vn -0.9936 0.0963 0.0593
vn -0.9935 0.0974 0.0593
vn -0.2114 0.9773 -0.0134
vn 0.8836 0.4646 0.0584
vn 0.8814 0.4688 0.0584
vn 0.8824 0.4668 0.0582
vn -0.9936 -0.0963 0.0593
vn -0.9935 -0.0974 0.0593
vn -0.9935 -0.0969 0.0593
vn 0.7768 0.6271 0.0576
vn 0.7732 0.6315 0.0576
vn 0.7749 0.6294 0.0573
vn -0.9566 -0.2854 0.0590
vn -0.9557 -0.2885 0.0590
vn -0.9561 -0.2871 0.0589
vn 0.6396 0.7666 0.0567
vn 0.6352 0.7703 0.0566
vn 0.6373 0.7686 0.0564
vn -0.8836 -0.4646 0.0584
vn -0.8814 -0.4688 0.0584
vn -0.8824 -0.4668 0.0582
vn 0.4767 0.8773 0.0558
vn 0.4724 0.8796 0.0558
vn 0.4744 0.8785 0.0556
vn 0.4724 0.8796 0.0557
vn 0.4707 0.8806 0.0557
vn 0.4724 0.8796 0.0556
vn 0.4724 0.8796 0.0559
vn 0.4707 0.8805 0.0558
vn 0.4767 0.8773 0.0559
vn 0.4744 0.8785 0.0559
vn 0.4744 0.8785 0.0558
vn -0.8814 -0.4688 0.0583
vn -0.8804 -0.4706 0.0583
vn -0.8814 -0.4688 0.0582
vn -0.8814 -0.4688 0.0585
vn -0.8804 -0.4706 0.0585
vn -0.8804 -0.4706 0.0584
vn -0.8836 -0.4646 0.0585
vn -0.8824 -0.4668 0.0585
vn -0.8824 -0.4668 0.0584
vn 0.6352 0.7703 0.0565
vn 0.6334 0.7718 0.0565
vn 0.6352 0.7703 0.0564
vn 0.6352 0.7703 0.0568
vn 0.6334 0.7718 0.0567
vn 0.6334 0.7718 0.0566
vn 0.6396 0.7666 0.0568
vn 0.6373 0.7686 0.0568
vn 0.6373 0.7686 0.0567
vn -0.9561 -0.2871 0.0590
vn -0.9557 -0.2885 0.0589
vn -0.9557 -0.2885 0.0591
vn -0.9553 -0.2898 0.0591
vn -0.9553 -0.2898 0.0590
vn -0.9566 -0.2854 0.0591
vn -0.9561 -0.2871 0.0591
vn 0.7732 0.6315 0.0574
vn 0.7717 0.6333 0.0574
vn 0.7732 0.6315 0.0573
vn 0.7732 0.6315 0.0577
vn 0.7717 0.6333 0.0577
vn 0.7717 0.6333 0.0576
vn 0.7768 0.6271 0.0577
vn 0.7749 0.6294 0.0577
vn 0.7749 0.6294 0.0576
vn -0.1449 -0.9891 0.0259
vn -0.9949 -0.0980 -0.0242
vn -0.9934 -0.0978 0.0593
vn -0.6613 -0.7470 0.0689
vn -0.2111 -0.9763 0.0470
vn 0.8814 0.4688 0.0583
vn 0.8804 0.4706 0.0583
vn 0.8814 0.4688 0.0582
vn 0.8814 0.4688 0.0585
vn 0.8804 0.4706 0.0585
vn 0.8804 0.4706 0.0584
vn 0.8836 0.4646 0.0585
vn 0.8824 0.4668 0.0585
vn 0.8824 0.4668 0.0584
vn -0.9935 0.0969 0.0593
vn -0.4787 0.8774 0.0308
vn -0.9934 0.0978 0.0593
vn 0.9561 0.2871 0.0590
vn 0.9557 0.2885 0.0589
vn 0.9557 0.2885 0.0591
vn 0.9553 0.2898 0.0591
vn 0.9553 0.2898 0.0590
vn 0.9566 0.2854 0.0591
vn 0.9561 0.2871 0.0591
vn -0.9557 0.2885 0.0590
vn -0.9557 0.2885 0.0588
vn -0.9553 0.2898 0.0588
vn -0.9553 0.2898 0.0589
vn -0.9566 0.2854 0.0588
vn -0.9561 0.2871 0.0588
vn -0.9561 0.2871 0.0589
vn 0.1446 0.9892 0.0251
vn 0.9949 0.0980 -0.0249
vn 0.9934 0.0978 0.0593
vn 0.6249 0.7777 0.0682
vn 0.2059 0.9775 0.0460
vn -0.8824 0.4668 0.0583
vn -0.8814 0.4688 0.0583
vn -0.8814 0.4688 0.0584
vn -0.8814 0.4688 0.0581
vn -0.8804 0.4706 0.0581
vn -0.8814 0.4688 0.0582
vn -0.8836 0.4646 0.0581
vn -0.8824 0.4668 0.0581
vn -0.8836 0.4646 0.0582
vn 0.9935 -0.0969 0.0593
vn 0.4757 -0.8791 0.0306
vn 0.9934 -0.0978 0.0593
vn -0.7749 0.6294 0.0575
vn -0.7732 0.6315 0.0574
vn -0.7732 0.6315 0.0576
vn -0.7732 0.6315 0.0572
vn -0.7717 0.6334 0.0572
vn -0.7732 0.6315 0.0573
vn -0.7768 0.6271 0.0572
vn -0.7749 0.6295 0.0572
vn -0.7768 0.6271 0.0573
vn 0.9557 -0.2885 0.0590
vn 0.9557 -0.2885 0.0588
vn 0.9553 -0.2898 0.0588
vn 0.9553 -0.2898 0.0589
vn 0.9566 -0.2854 0.0588
vn 0.9561 -0.2871 0.0588
vn 0.9561 -0.2871 0.0589
vn -0.6373 0.7686 0.0565
vn -0.6352 0.7703 0.0565
vn -0.6352 0.7703 0.0566
vn -0.6352 0.7703 0.0563
vn -0.6334 0.7718 0.0563
vn -0.6352 0.7703 0.0564
vn -0.6396 0.7666 0.0563
vn -0.6373 0.7686 0.0563
vn -0.6396 0.7666 0.0564
vn 0.8824 -0.4668 0.0583
vn 0.8814 -0.4688 0.0583
vn 0.8814 -0.4688 0.0584
vn 0.8814 -0.4688 0.0581
vn 0.8804 -0.4706 0.0581
vn 0.8814 -0.4688 0.0582
vn 0.8836 -0.4646 0.0581
vn 0.8824 -0.4668 0.0581
vn 0.8836 -0.4646 0.0582
vn -0.4744 0.8785 0.0557
vn -0.4724 0.8796 0.0557
vn -0.4724 0.8796 0.0558
vn -0.4724 0.8796 0.0555
vn -0.4707 0.8806 0.0555
vn -0.4724 0.8796 0.0556
vn -0.4767 0.8773 0.0554
vn -0.4744 0.8785 0.0554
vn -0.4767 0.8773 0.0555
vn 0.7749 -0.6294 0.0575
vn 0.7732 -0.6315 0.0574
vn 0.7732 -0.6315 0.0576
vn 0.7732 -0.6315 0.0572
vn 0.7717 -0.6334 0.0572
vn 0.7732 -0.6315 0.0573
vn 0.7768 -0.6271 0.0572
vn 0.7749 -0.6295 0.0572
vn 0.7768 -0.6271 0.0573
vn -0.2926 0.9547 0.0550
vn -0.2911 0.9551 0.0550
vn -0.2911 0.9551 0.0551
vn -0.2898 0.9555 0.0549
vn -0.2942 0.9542 0.0548
vn -0.2926 0.9547 0.0549
vn 0.6373 -0.7686 0.0565
vn 0.6352 -0.7703 0.0565
vn 0.6352 -0.7703 0.0566
vn 0.6352 -0.7703 0.0563
vn 0.6334 -0.7718 0.0563
vn 0.6352 -0.7703 0.0564
vn 0.6396 -0.7666 0.0563
vn 0.6373 -0.7686 0.0563
vn 0.6396 -0.7666 0.0564
vn -0.0989 0.9936 0.0546
vn -0.0983 0.9936 0.0547
vn -0.9883 0.1499 0.0268
vn -0.0980 0.9951 -0.0162
vn -0.0979 0.9937 0.0546
vn -0.7171 0.6939 0.0656
vn -0.9727 0.2273 0.0465
vn 0.4744 -0.8785 0.0557
vn 0.4724 -0.8796 0.0557
vn 0.4724 -0.8796 0.0558
vn 0.4724 -0.8796 0.0555
vn 0.4707 -0.8806 0.0555
vn 0.4724 -0.8796 0.0556
vn 0.4767 -0.8773 0.0554
vn 0.4744 -0.8785 0.0554
vn 0.4767 -0.8773 0.0555
vn 0.2926 -0.9547 0.0550
vn 0.2911 -0.9551 0.0550
vn 0.2911 -0.9551 0.0551
vn 0.2898 -0.9555 0.0549
vn 0.2942 -0.9542 0.0548
vn 0.2926 -0.9547 0.0549
vn 0.0989 -0.9936 0.0546
vn 0.0983 -0.9937 0.0547
vn 0.9875 -0.1556 0.0247
vn 0.0980 -0.9952 -0.0044
vn 0.0979 -0.9937 0.0546
vn 0.8304 -0.5536 0.0633
vn 0.9748 -0.2188 0.0422
vn -0.0989 -0.9936 0.0546
vn -0.0983 -0.9937 0.0546
vn -0.7987 -0.6007 0.0352
vn -0.0983 -0.9936 0.0547
vn -0.0979 -0.9937 0.0547
vn -0.0989 -0.9936 0.0547
vn -0.2926 -0.9547 0.0550
vn -0.2911 -0.9551 0.0550
vn -0.2911 -0.9551 0.0549
vn -0.2898 -0.9555 0.0551
vn -0.2942 -0.9541 0.0552
vn -0.2926 -0.9546 0.0551
vn -0.2926 -0.9547 0.0551
vn -0.4724 -0.8796 0.0557
vn -0.4707 -0.8806 0.0557
vn -0.4724 -0.8796 0.0556
vn -0.4724 -0.8796 0.0559
vn -0.4707 -0.8805 0.0558
vn -0.4767 -0.8773 0.0559
vn -0.4744 -0.8785 0.0559
vn -0.4744 -0.8785 0.0558
vn 0.0989 0.9936 0.0546
vn 0.0983 0.9937 0.0546
vn 0.8439 0.5355 0.0317
vn 0.0979 0.9937 0.0547
vn 0.0989 0.9936 0.0547
vn -0.6352 -0.7703 0.0565
vn -0.6334 -0.7718 0.0565
vn -0.6352 -0.7703 0.0564
vn -0.6352 -0.7703 0.0568
vn -0.6334 -0.7718 0.0567
vn -0.6334 -0.7718 0.0566
vn -0.6396 -0.7666 0.0568
vn -0.6373 -0.7686 0.0568
vn -0.6373 -0.7686 0.0567
vn 0.2926 0.9547 0.0550
vn 0.2911 0.9551 0.0550
vn 0.2911 0.9551 0.0549
vn 0.2898 0.9555 0.0551
vn 0.2942 0.9541 0.0552
vn 0.2926 0.9546 0.0551
vn 0.2926 0.9547 0.0551
vn -0.7732 -0.6315 0.0574
vn -0.7717 -0.6333 0.0574
vn -0.7732 -0.6315 0.0573
vn -0.7732 -0.6315 0.0577
vn -0.7717 -0.6333 0.0577
vn -0.7717 -0.6333 0.0576
vn -0.7768 -0.6271 0.0577
vn -0.7749 -0.6294 0.0577
vn -0.7749 -0.6294 0.0576
vn -0.7768 -0.6271 0.0575
vn -0.7749 -0.6294 0.0575
vn -0.7768 -0.6271 0.0573
vn 0.2961 0.9536 0.0550
vn 0.2942 0.9541 0.0550
vn 0.2942 0.9542 0.0549
vn -0.6396 -0.7666 0.0565
vn -0.6373 -0.7686 0.0565
vn -0.6396 -0.7666 0.0564
vn 0.0995 0.9935 0.0546
vn 0.7180 0.6949 0.0401
vn -0.4767 -0.8773 0.0557
vn -0.4744 -0.8785 0.0557
vn -0.4767 -0.8773 0.0555
vn -0.2961 -0.9536 0.0550
vn -0.2942 -0.9541 0.0550
vn -0.2942 -0.9542 0.0549
vn -0.0995 -0.9935 0.0546
vn -0.8316 -0.5544 0.0327
vn 0.1002 -0.9935 0.0546
vn 0.0995 -0.9935 0.0547
vn 0.2961 -0.9536 0.0550
vn 0.2942 -0.9541 0.0550
vn 0.2942 -0.9541 0.0551
vn 0.4793 -0.8759 0.0557
vn 0.4767 -0.8773 0.0557
vn 0.4767 -0.8773 0.0558
vn -0.1002 0.9935 0.0546
vn -0.0995 0.9935 0.0547
vn 0.6422 -0.7644 0.0565
vn 0.6396 -0.7666 0.0565
vn 0.6396 -0.7666 0.0567
vn -0.2961 0.9536 0.0550
vn -0.2942 0.9541 0.0550
vn -0.2942 0.9541 0.0551
vn 0.7790 -0.6244 0.0575
vn 0.7768 -0.6271 0.0575
vn 0.7768 -0.6271 0.0576
vn -0.4793 0.8759 0.0557
vn -0.4767 0.8773 0.0557
vn -0.4767 0.8773 0.0558
vn 0.8849 -0.4620 0.0583
vn 0.8836 -0.4646 0.0583
vn 0.8836 -0.4646 0.0584
vn -0.6422 0.7644 0.0565
vn -0.6396 0.7666 0.0565
vn -0.6396 0.7666 0.0567
vn 0.9566 -0.2854 0.0590
vn -0.7790 0.6244 0.0575
vn -0.7768 0.6271 0.0575
vn -0.7768 0.6271 0.0576
vn 0.9937 -0.0956 0.0593
vn 0.6259 -0.7789 0.0393
vn -0.8849 0.4620 0.0583
vn -0.8836 0.4646 0.0583
vn -0.8836 0.4646 0.0584
vn -0.9566 0.2854 0.0590
vn 0.9571 0.2836 0.0590
vn 0.9566 0.2854 0.0589
vn -0.9937 0.0956 0.0593
vn -0.6623 0.7481 0.0414
vn 0.8836 0.4646 0.0583
vn 0.8824 0.4668 0.0583
vn 0.8836 0.4646 0.0582
vn 0.7768 0.6271 0.0575
vn 0.7749 0.6294 0.0575
vn 0.7768 0.6271 0.0573
vn -0.9571 -0.2836 0.0590
vn -0.9566 -0.2854 0.0589
vn 0.6396 0.7666 0.0565
vn 0.6373 0.7686 0.0565
vn 0.6396 0.7666 0.0564
vn -0.8836 -0.4646 0.0583
vn -0.8824 -0.4668 0.0583
vn -0.8836 -0.4646 0.0582
vn 0.4767 0.8773 0.0557
vn 0.4744 0.8785 0.0557
vn 0.4767 0.8773 0.0555
vn 0.0987 0.9822 0.1600
vn 0.4725 -0.8668 0.1594
vn -0.7693 0.6190 0.1582
vn -0.6337 0.7571 0.1588
vn -0.4725 -0.8668 0.1594
vn 0.6337 -0.7571 0.1588
vn -0.2918 -0.9430 0.1598
vn 0.7693 -0.6190 0.1582
vn -0.8747 0.4584 0.1576
vn 0.8747 -0.4584 0.1577
vn -0.0987 -0.9822 0.1600
vn 0.9466 -0.2815 0.1572
vn -0.9466 0.2815 0.1572
vn 0.9466 -0.2815 0.1573
vn 0.9830 -0.0949 0.1570
vn -0.9830 0.0949 0.1570
vn 0.9830 0.0949 0.1570
vn -0.9830 -0.0949 0.1570
vn 0.9466 0.2815 0.1572
vn 0.8747 0.4584 0.1576
vn 0.6337 0.7571 0.1588
vn 0.7693 0.6190 0.1582
vn -0.9466 -0.2815 0.1572
vn -0.0987 0.9822 0.1600
vn 0.4725 0.8668 0.1593
vn -0.2918 0.9430 0.1598
vn 0.2918 0.9430 0.1598
vn -0.8747 -0.4584 0.1577
vn 0.2918 0.9431 0.1598
vn -0.2918 0.9431 0.1598
vn -0.7693 -0.6190 0.1582
vn -0.4725 0.8668 0.1593
vn -0.6337 -0.7571 0.1588
vn 0.0987 -0.9822 0.1600
vn 0.0986 -0.9822 0.1600
vn 0.2918 -0.9430 0.1598
vn 0.9440 -0.2808 0.1734
vn -0.6320 0.7549 0.1752
vn -0.0984 -0.9794 0.1764
vn 0.0984 -0.9794 0.1764
vn 0.9803 -0.0948 0.1732
vn -0.6319 -0.7550 0.1751
vn -0.9440 0.2808 0.1735
vn 0.2909 -0.9404 0.1762
vn 0.9803 -0.0947 0.1732
vn 0.0984 0.9794 0.1766
vn -0.9803 0.0945 0.1732
vn 0.2910 -0.9404 0.1762
vn 0.9803 0.0945 0.1732
vn -0.9803 0.0947 0.1732
vn 0.9803 0.0947 0.1732
vn -0.9803 -0.0948 0.1732
vn 0.9440 0.2806 0.1735
vn -0.9803 -0.0947 0.1732
vn 0.9440 0.2808 0.1735
vn 0.8723 0.4570 0.1739
vn 0.8722 0.4571 0.1739
vn 0.6319 0.7550 0.1752
vn 0.7672 0.6172 0.1745
vn 0.4711 -0.8644 0.1757
vn 0.7671 0.6173 0.1745
vn -0.7672 0.6172 0.1745
vn 0.6320 0.7549 0.1752
vn -0.6319 0.7550 0.1752
vn -0.9439 -0.2809 0.1734
vn 0.4712 -0.8643 0.1757
vn -0.0984 0.9794 0.1766
vn -0.4712 -0.8643 0.1757
vn 0.4713 0.8643 0.1758
vn 0.6319 -0.7550 0.1751
vn -0.9440 -0.2808 0.1734
vn -0.7671 0.6173 0.1745
vn 0.4712 0.8643 0.1758
vn -0.2910 0.9403 0.1763
vn -0.2909 -0.9404 0.1762
vn 0.2910 0.9403 0.1763
vn 0.7671 -0.6174 0.1744
vn -0.8722 -0.4572 0.1739
vn -0.8723 0.4570 0.1739
vn 0.2910 0.9404 0.1763
vn 0.7672 -0.6173 0.1744
vn -0.8722 -0.4571 0.1739
vn 0.8722 -0.4572 0.1739
vn -0.2909 0.9404 0.1763
vn -0.8722 0.4571 0.1739
vn -0.7671 -0.6174 0.1745
vn -0.4712 -0.8644 0.1757
vn -0.4713 0.8643 0.1758
vn 0.8722 -0.4571 0.1739
vn -0.7672 -0.6173 0.1744
vn -0.4712 0.8643 0.1758
vn 0.9439 -0.2809 0.1734
vn -0.9440 0.2806 0.1735
vn 0.4688 -0.8598 0.2023
vn -0.0979 0.9742 0.2031
vn -0.4687 -0.8599 0.2023
vn 0.4688 0.8598 0.2023
vn 0.6287 -0.7511 0.2016
vn -0.9392 -0.2793 0.1997
vn -0.7632 0.6141 0.2009
vn 0.9392 -0.2793 0.1997
vn 0.4687 0.8599 0.2023
vn -0.6287 0.7511 0.2016
vn -0.0979 -0.9743 0.2031
vn -0.2894 0.9355 0.2028
vn 0.0979 -0.9743 0.2031
vn -0.2894 -0.9355 0.2028
vn 0.9754 -0.0942 0.1994
vn 0.2895 0.9355 0.2028
vn -0.6287 -0.7511 0.2016
vn 0.7632 -0.6141 0.2009
vn -0.9392 0.2793 0.1997
vn -0.8678 -0.4548 0.2002
vn 0.2894 -0.9355 0.2028
vn -0.8678 0.4548 0.2002
vn 0.2894 0.9355 0.2028
vn 0.0979 0.9743 0.2031
vn -0.9754 0.0942 0.1994
vn -0.0979 0.9743 0.2031
vn 0.9754 0.0942 0.1994
vn 0.8678 -0.4548 0.2002
vn -0.2895 0.9355 0.2028
vn -0.9754 -0.0942 0.1994
vn 0.9392 0.2793 0.1997
vn -0.7632 -0.6141 0.2009
vn -0.4688 -0.8598 0.2023
vn -0.4687 0.8599 0.2023
vn 0.8678 0.4548 0.2002
vn 0.6287 0.7511 0.2016
vn 0.0979 0.9742 0.2031
vn -0.4688 0.8598 0.2023
vn 0.7632 0.6141 0.2009
vn 0.4687 -0.8599 0.2023
vn 0.0996 -0.9913 0.0866
vn -0.0996 -0.9913 0.0866
vn -0.2945 -0.9517 0.0865
vn -0.4769 -0.8747 0.0863
vn -0.6395 -0.7640 0.0859
vn -0.7762 -0.6246 0.0856
vn -0.8825 -0.4625 0.0853
vn -0.9550 -0.2840 0.0851
vn -0.9918 -0.0958 0.0850
vn -0.9918 0.0958 0.0850
vn -0.9550 0.2840 0.0851
vn -0.8825 0.4625 0.0853
vn -0.7762 0.6246 0.0856
vn -0.6395 0.7640 0.0859
vn -0.4769 0.8747 0.0863
vn -0.2945 0.9517 0.0865
vn -0.0996 0.9913 0.0866
vn 0.0996 0.9913 0.0866
vn 0.0991 0.9861 0.1330
vn -0.0991 0.9861 0.1330
vn -0.2929 0.9469 0.1328
vn -0.2930 0.9469 0.1328
vn -0.4744 0.8703 0.1325
vn -0.6362 0.7601 0.1320
vn -0.7723 0.6215 0.1315
vn -0.8781 0.4602 0.1310
vn -0.9503 0.2826 0.1307
vn -0.9869 0.0953 0.1305
vn -0.9869 -0.0953 0.1305
vn -0.9503 -0.2826 0.1307
vn -0.8781 -0.4602 0.1310
vn -0.7723 -0.6214 0.1315
vn -0.7723 -0.6215 0.1315
vn -0.6362 -0.7601 0.1320
vn -0.4744 -0.8703 0.1325
vn -0.2929 -0.9469 0.1328
vn -0.2930 -0.9469 0.1328
vn -0.0991 -0.9861 0.1330
vn 0.0991 -0.9862 0.1330
vn 0.2945 0.9517 0.0865
vn 0.4769 0.8747 0.0863
vn 0.6395 0.7640 0.0859
vn 0.7762 0.6246 0.0856
vn 0.8825 0.4625 0.0853
vn 0.9550 0.2840 0.0851
vn 0.9918 0.0958 0.0850
vn 0.9918 -0.0958 0.0850
vn 0.9550 -0.2840 0.0851
vn 0.8825 -0.4625 0.0853
vn 0.7762 -0.6246 0.0856
vn 0.6395 -0.7640 0.0859
vn 0.4769 -0.8747 0.0863
vn 0.2945 -0.9517 0.0865
vn 0.0961 0.9761 0.1947
vn 0.2848 0.9390 0.1928
vn 0.4628 0.8659 0.1896
vn 0.6234 0.7596 0.1857
vn 0.7602 0.6239 0.1815
vn 0.8679 0.4639 0.1779
vn 0.9421 0.2858 0.1753
vn 0.9800 0.0965 0.1740
vn 0.9800 -0.0965 0.1740
vn 0.9421 -0.2858 0.1753
vn 0.8679 -0.4639 0.1779
vn 0.7602 -0.6239 0.1815
vn 0.6234 -0.7596 0.1857
vn 0.4628 -0.8659 0.1896
vn 0.2848 -0.9390 0.1928
vn 0.0961 -0.9761 0.1947
vn -0.0961 -0.9761 0.1947
vn -0.2848 -0.9390 0.1928
vn -0.4628 -0.8659 0.1896
vn -0.6234 -0.7596 0.1857
vn -0.7602 -0.6239 0.1815
vn -0.8679 -0.4639 0.1779
vn -0.9421 -0.2858 0.1753
vn -0.9800 -0.0965 0.1740
vn -0.9800 0.0965 0.1740
vn -0.9421 0.2858 0.1753
vn -0.8679 0.4639 0.1779
vn -0.7602 0.6239 0.1815
vn -0.6234 0.7596 0.1857
vn -0.4628 0.8659 0.1896
vn -0.2848 0.9390 0.1928
vn -0.0961 0.9761 0.1947
vn 0.0001 -0.0000 -1.0000
vn -0.0001 -0.0000 -1.0000
vn 0.2929 -0.9469 0.1328
vn 0.4800 0.8772 0.0145
vn 0.4800 0.8772 0.0146
vn -0.8864 -0.4628 0.0137
vn -0.0000 -0.0000 1.0000
vn -0.8857 -0.4641 0.0138
vn 0.6432 0.7656 0.0142
vn -0.9332 0.3494 0.0842
vn 0.6418 0.7667 0.0143
vn 0.9999 -0.0000 -0.0113
vn -0.9584 -0.2851 0.0136
vn -0.9584 -0.2850 0.0136
vn 0.7802 0.6254 0.0140
vn 1.0000 -0.0000 -0.0000
vn 0.7802 0.6254 0.0141
vn -0.9953 -0.0958 0.0135
vn 0.8864 0.4628 0.0137
vn 0.8857 0.4641 0.0138
vn -0.9953 0.0958 0.0135
vn 0.9587 0.2841 0.0136
vn -0.9999 -0.0000 -0.0113
vn -0.9584 0.2850 0.0136
vn -0.9584 0.2851 0.0136
vn 0.9953 0.0958 0.0135
vn -0.8864 0.4628 0.0137
vn -0.8857 0.4641 0.0138
vn 0.9953 -0.0958 0.0135
vn -0.7802 0.6254 0.0141
vn -0.9959 -0.0000 -0.0899
vn -0.7802 0.6254 0.0140
vn 0.9587 -0.2841 0.0136
vn -0.6418 0.7667 0.0142
vn -0.6418 0.7667 0.0143
vn 0.8857 -0.4641 0.0137
vn 0.8857 -0.4641 0.0138
vn -0.4800 0.8772 0.0146
vn -0.4786 0.8779 0.0146
vn -0.4786 0.8779 0.0145
vn 0.7802 -0.6254 0.0141
vn 0.7802 -0.6254 0.0140
vn -0.2965 0.9549 0.0148
vn 0.9406 -0.0000 -0.3396
vn -0.2955 0.9552 0.0147
vn 0.6418 -0.7667 0.0142
vn 0.6418 -0.7667 0.0143
vn -0.1003 0.9948 0.0148
vn -0.0000 1.0000 -0.0000
vn 0.3271 -0.0000 -0.9450
vn 0.4800 -0.8772 0.0146
vn 0.4800 -0.8772 0.0145
vn 0.2965 -0.9549 0.0148
vn 0.2955 -0.9552 0.0147
vn 0.1003 -0.9948 0.0148
vn -1.0000 -0.0000 -0.0000
vn -0.1003 -0.9948 0.0148
vn -0.2965 -0.9549 0.0147
vn -0.2965 -0.9549 0.0148
vn -0.4800 -0.8772 0.0146
vn -0.4786 -0.8779 0.0145
vn -0.4786 -0.8779 0.0146
vn 0.1003 0.9948 0.0148
vn -0.6432 -0.7656 0.0142
vn -0.6418 -0.7667 0.0143
vn -0.9406 -0.0000 -0.3396
vn 0.2965 0.9549 0.0148
vn 0.2955 0.9552 0.0147
vn -0.7802 -0.6254 0.0140
vn -0.7802 -0.6254 0.0141
vn 0.4767 0.8773 0.0554
vn -0.8836 -0.4646 0.0581
vn 0.6396 0.7666 0.0563
vn -0.9566 -0.2854 0.0588
vn 0.7768 0.6271 0.0572
vn 0.8836 0.4646 0.0581
vn -0.6613 0.7470 0.0689
vn 0.9566 0.2854 0.0588
vn -0.9566 0.2854 0.0591
vn -0.8836 0.4646 0.0585
vn 0.6249 -0.7777 0.0682
vn -0.7768 0.6271 0.0577
vn 0.9566 -0.2854 0.0591
vn -0.6396 0.7666 0.0568
vn 0.8836 -0.4646 0.0585
vn -0.4767 0.8773 0.0559
vn 0.7768 -0.6271 0.0577
vn -0.2942 0.9541 0.0552
vn 0.6396 -0.7666 0.0568
vn 0.4767 -0.8773 0.0559
vn 0.2942 -0.9541 0.0552
vn -0.8304 -0.5536 0.0633
vn -0.2942 -0.9542 0.0548
vn -0.4767 -0.8773 0.0554
vn 0.7171 0.6939 0.0656
vn -0.6396 -0.7666 0.0563
vn 0.2942 0.9542 0.0548
vn -0.7768 -0.6271 0.0572
vn -0.0000 0.8656 0.5007
vn -0.7790 -0.6244 0.0575
vn -0.7732 -0.6315 0.0572
vn -0.6422 -0.7644 0.0565
vn -0.6352 -0.7703 0.0563
vn -0.4793 -0.8759 0.0557
vn -0.4724 -0.8796 0.0555
vn 0.0983 -0.9936 0.0547
vn 0.4724 -0.8796 0.0559
vn 0.6352 -0.7703 0.0568
vn 0.7732 -0.6315 0.0577
vn -0.4724 0.8796 0.0559
vn 0.8814 -0.4688 0.0585
vn -0.6352 0.7703 0.0568
vn 0.9557 -0.2885 0.0591
vn -0.7732 0.6315 0.0577
vn -0.0000 -1.0000 -0.0000
vn -0.8814 0.4688 0.0585
vn -0.9557 0.2885 0.0591
vn 0.9557 0.2885 0.0588
vn 0.8849 0.4620 0.0583
vn 0.8814 0.4688 0.0581
vn 0.7790 0.6244 0.0575
vn 0.7732 0.6315 0.0572
vn -0.9557 -0.2885 0.0588
vn 0.6422 0.7644 0.0565
vn 0.6352 0.7703 0.0563
vn -0.8849 -0.4620 0.0583
vn -0.8814 -0.4688 0.0581
vn 0.4793 0.8759 0.0557
vn 0.4724 0.8796 0.0555
vn 0.4707 0.8806 0.0555
vn 0.4793 0.8759 0.0558
vn -0.8804 -0.4706 0.0581
vn -0.8849 -0.4620 0.0584
vn 0.6334 0.7718 0.0563
vn 0.6422 0.7644 0.0567
vn -0.9553 -0.2898 0.0589
vn -0.9553 -0.2898 0.0588
vn 0.7749 0.6295 0.0573
vn 0.7717 0.6334 0.0572
vn 0.7789 0.6244 0.0576
vn -0.4739 -0.8686 -0.1447
vn -0.2113 -0.9773 0.0152
vn -0.4787 -0.8774 0.0308
vn -0.9936 -0.0956 0.0593
vn -0.6623 -0.7481 0.0414
vn 0.8804 0.4706 0.0581
vn 0.8849 0.4620 0.0584
vn -0.9949 0.0980 -0.0242
vn 0.9553 0.2898 0.0589
vn 0.9553 0.2898 0.0588
vn -0.9553 0.2898 0.0590
vn -0.9553 0.2898 0.0591
vn -0.9571 0.2836 0.0589
vn 0.4708 0.8700 -0.1461
vn 0.2061 0.9784 0.0149
vn 0.4757 0.8791 0.0306
vn 0.9936 0.0956 0.0593
vn 0.6259 0.7789 0.0393
vn -0.8804 0.4706 0.0584
vn -0.8804 0.4706 0.0585
vn -0.8804 0.4706 0.0583
vn 0.9949 -0.0980 -0.0249
vn -0.7717 0.6333 0.0576
vn -0.7717 0.6333 0.0577
vn -0.7749 0.6294 0.0573
vn -0.7717 0.6333 0.0574
vn 0.9553 -0.2898 0.0590
vn 0.9553 -0.2898 0.0591
vn 0.9571 -0.2836 0.0589
vn -0.6334 0.7718 0.0566
vn -0.6334 0.7718 0.0567
vn -0.6334 0.7718 0.0565
vn 0.8804 -0.4706 0.0584
vn 0.8804 -0.4706 0.0585
vn 0.8804 -0.4706 0.0583
vn -0.4707 0.8805 0.0558
vn -0.4707 0.8806 0.0557
vn 0.7717 -0.6333 0.0576
vn 0.7717 -0.6333 0.0577
vn 0.7749 -0.6294 0.0573
vn 0.7717 -0.6333 0.0574
vn -0.2898 0.9555 0.0551
vn -0.2961 0.9536 0.0549
vn 0.6334 -0.7718 0.0566
vn 0.6334 -0.7718 0.0567
vn 0.6334 -0.7718 0.0565
vn -0.0979 0.9937 0.0547
vn -0.8333 0.5288 -0.1614
vn -0.9737 0.2275 0.0153
vn -0.8439 0.5355 0.0317
vn -0.7180 0.6949 0.0401
vn 0.4707 -0.8805 0.0558
vn 0.4707 -0.8806 0.0557
vn 0.2898 -0.9555 0.0551
vn 0.2961 -0.9536 0.0549
vn 0.0979 -0.9937 0.0547
vn 0.7844 -0.5899 -0.1917
vn 0.9756 -0.2190 0.0148
vn 0.7987 -0.6007 0.0352
vn 0.8316 -0.5544 0.0327
vn -0.0979 -0.9937 0.0546
vn -0.0980 -0.9952 -0.0044
vn -0.1002 -0.9935 0.0547
vn -0.2898 -0.9555 0.0549
vn -0.2961 -0.9536 0.0551
vn -0.4707 -0.8806 0.0555
vn -0.4793 -0.8759 0.0558
vn 0.0979 0.9937 0.0546
vn 0.0980 0.9951 -0.0162
vn 0.1002 0.9935 0.0547
vn -0.6334 -0.7718 0.0563
vn -0.6422 -0.7644 0.0567
vn 0.2898 0.9555 0.0549
vn 0.2961 0.9536 0.0551
vn -0.7749 -0.6295 0.0573
vn -0.7717 -0.6334 0.0572
vn -0.7789 -0.6244 0.0576
vn -0.7749 -0.6295 0.0572
vn -0.6373 -0.7686 0.0563
vn 0.9727 0.2273 0.0465
vn -0.4744 -0.8785 0.0554
vn -0.9748 -0.2188 0.0422
vn 0.2926 -0.9546 0.0551
vn 0.4744 -0.8785 0.0559
vn 0.6373 -0.7686 0.0568
vn -0.2926 0.9546 0.0551
vn 0.7749 -0.6294 0.0577
vn -0.4744 0.8785 0.0559
vn 0.8824 -0.4668 0.0585
vn -0.6373 0.7686 0.0568
vn 0.9561 -0.2871 0.0591
vn -0.7749 0.6294 0.0577
vn 0.2059 -0.9775 0.0460
vn -0.8824 0.4668 0.0585
vn -0.9561 0.2871 0.0591
vn 0.9561 0.2871 0.0588
vn -0.2111 0.9763 0.0470
vn 0.8824 0.4668 0.0581
vn 0.7749 0.6295 0.0572
vn -0.9561 -0.2871 0.0588
vn 0.6373 0.7686 0.0563
vn -0.8824 -0.4668 0.0581
vn 0.4744 0.8785 0.0554
vn 0.4712 -0.8644 0.1757
vn -0.2910 0.9404 0.1763
vn -0.2910 -0.9404 0.1762
vn 0.2909 0.9404 0.1763
vn 0.7671 -0.6174 0.1745
vn -0.7672 -0.6173 0.1745
vn -0.7671 -0.6174 0.1744
vn -0.0991 -0.9862 0.1330
s 0
usemtl マテリアル.002
f 419//50 6//50 8//50
f 420//51 324//51 86//51
f 197//52 113//52 68//52
f 422//53 326//53 87//53
f 423//54 10//54 12//54
f 328//55 48//55 50//55
f 201//56 128//56 70//56
f 426//57 50//57 52//57
f 427//58 14//58 16//58
f 332//59 428//59 90//59
f 429//60 16//60 18//60
f 334//61 430//61 91//61
f 335//62 18//62 20//62
f 432//63 56//63 58//63
f 337//64 20//64 22//64
f 210//65 108//65 93//65
f 211//66 102//66 75//66
f 340//67 436//67 94//67
f 341//68 24//68 26//68
f 342//69 438//69 95//69
f 215//70 117//70 77//70
f 216//71 64//71 2//71
f 345//72 28//72 30//72
f 442//73 346//73 79//73
f 347//74 32//74 34//74
f 220//75 34//75 36//75
f 349//76 36//76 38//76
f 446//77 350//77 83//77
f 223//78 2//78 4//78
f 448//79 352//79 84//79
f 353//80 449//80 66//80
f 226//81 42//81 44//81
f 762//89 110//89 426//89
f 760//91 118//91 428//91
f 758//93 125//93 430//93
f 757//94 119//94 335//94
f 756//95 101//95 432//95
f 755//96 126//96 337//96
f 754//97 108//97 434//97
f 753//98 102//98 339//98
f 752//99 116//99 436//99
f 751//100 109//100 341//100
f 750//101 123//101 438//101
f 749//102 117//102 343//102
f 748//103 99//103 440//103
f 747//104 124//104 345//104
f 746//105 100//105 346//105
f 745//106 107//106 347//106
f 744//107 115//107 348//107
f 741//110 114//110 447//110
f 170//114 258//114 386//114
f 183//115 259//115 483//115
f 177//116 260//116 388//116
f 191//117 261//117 485//117
f 184//118 262//118 390//118
f 167//119 263//119 487//119
f 192//120 264//120 392//120
f 174//121 265//121 393//121
f 168//122 266//122 394//122
f 181//123 267//123 395//123
f 175//124 268//124 396//124
f 189//125 269//125 397//125
f 182//126 270//126 494//126
f 165//127 271//127 399//127
f 190//128 272//128 496//128
f 172//129 273//129 148//129
f 166//130 274//130 498//130
f 179//131 275//131 403//131
f 173//132 276//132 500//132
f 186//133 277//133 405//133
f 180//134 278//134 502//134
f 163//135 279//135 131//135
f 187//136 280//136 504//136
f 164//137 281//137 505//137
f 171//138 282//138 506//138
f 178//139 283//139 507//139
f 185//140 284//140 508//140
f 193//141 285//141 509//141
f 188//142 286//142 414//142
f 169//143 287//143 511//143
f 162//144 288//144 416//144
f 176//145 289//145 513//145
f 418//157 194//157 529//157
f 371//166 243//166 541//166
f 542//167 443//167 716//167
f 543//168 544//168 715//168
f 714//169 236//169 545//169
f 546//170 442//170 713//170
f 547//171 548//171 712//171
f 711//172 229//172 549//172
f 710//173 217//173 441//173
f 709//174 299//174 552//174
f 708//175 252//175 553//175
f 554//176 344//176 707//176
f 555//177 556//177 706//177
f 705//178 228//178 557//178
f 704//179 215//179 439//179
f 703//180 301//180 560//180
f 702//181 245//181 561//181
f 562//182 342//182 701//182
f 563//183 564//183 700//183
f 699//184 251//184 565//184
f 698//185 213//185 437//185
f 697//186 303//186 568//186
f 696//187 238//187 569//187
f 695//188 212//188 340//188
f 694//189 304//189 572//189
f 693//190 244//190 573//190
f 692//191 211//191 435//191
f 691//192 305//192 576//192
f 690//193 231//193 577//193
f 689//194 210//194 338//194
f 688//195 306//195 580//195
f 687//196 237//196 581//196
f 582//197 433//197 686//197
f 583//198 584//198 685//198
f 684//199 254//199 585//199
f 683//200 208//200 336//200
f 682//201 308//201 588//201
f 681//202 230//202 589//202
f 590//203 431//203 680//203
f 591//204 592//204 679//204
f 375//205 247//205 593//205
f 677//206 206//206 334//206
f 676//207 310//207 596//207
f 675//208 253//208 597//208
f 602//212 332//212 671//212
f 603//213 604//213 670//213
f 669//214 246//214 605//214
f 610//218 330//218 665//218
f 611//219 612//219 664//219
f 367//220 239//220 613//220
f 658//284 239//284 771//284
f 487//285 367//285 143//285
f 659//287 110//287 463//287
f 620//288 463//288 239//288
f 611//298 613//298 314//298
f 265//219 663//219 611//219
f 489//299 367//299 663//299
f 664//219 246//219 374//219
f 393//300 374//300 150//300
f 265//300 664//300 393//300
f 665//218 118//218 470//218
f 612//298 470//298 246//298
f 314//298 665//298 612//298
f 603//214 605//214 312//214
f 267//308 669//308 603//308
f 491//308 374//308 669//308
f 670//309 253//309 381//309
f 395//310 381//310 157//310
f 267//311 670//311 395//311
f 671//312 125//312 477//312
f 604//313 477//313 253//313
f 312//314 671//314 604//314
f 673//315 247//315 773//315
f 396//316 375//316 151//316
f 674//318 119//318 471//318
f 600//319 471//319 247//319
f 595//320 597//320 310//320
f 269//321 675//321 595//321
f 493//322 381//322 675//322
f 676//323 230//323 358//323
f 397//324 358//324 134//324
f 397//325 595//325 676//325
f 677//326 101//326 454//326
f 596//327 454//327 230//327
f 596//328 594//328 677//328
f 591//329 593//329 309//329
f 270//204 678//204 591//204
f 398//330 375//330 678//330
f 679//204 254//204 382//204
f 494//331 382//331 158//331
f 270//331 679//331 494//331
f 680//203 126//203 478//203
f 592//329 478//329 254//329
f 309//329 680//329 592//329
f 587//332 589//332 308//332
f 271//333 681//333 587//333
f 495//334 358//334 681//334
f 682//335 237//335 365//335
f 399//336 365//336 141//336
f 399//337 587//337 682//337
f 683//338 108//338 461//338
f 588//339 461//339 237//339
f 588//340 586//340 683//340
f 583//199 585//199 307//199
f 272//341 684//341 583//341
f 400//341 382//341 684//341
f 685//342 231//342 359//342
f 496//343 359//343 135//343
f 272//344 685//344 496//344
f 686//345 102//345 455//345
f 584//346 455//346 231//346
f 307//347 686//347 584//347
f 579//348 581//348 306//348
f 273//349 687//349 579//349
f 497//350 365//350 687//350
f 688//351 244//351 372//351
f 401//352 372//352 148//352
f 401//353 579//353 688//353
f 689//354 116//354 468//354
f 580//355 468//355 244//355
f 580//356 578//356 689//356
f 575//357 577//357 305//357
f 274//358 690//358 575//358
f 402//359 359//359 690//359
f 691//360 238//360 366//360
f 498//361 366//361 142//361
f 498//362 575//362 691//362
f 692//363 109//363 462//363
f 576//364 462//364 238//364
f 576//365 574//365 692//365
f 571//366 573//366 304//366
f 275//367 693//367 571//367
f 499//368 372//368 693//368
f 694//369 251//369 379//369
f 403//370 379//370 155//370
f 403//371 571//371 694//371
f 695//372 123//372 475//372
f 572//373 475//373 251//373
f 572//374 570//374 695//374
f 567//375 569//375 303//375
f 276//376 696//376 567//376
f 404//377 366//377 696//377
f 697//378 245//378 373//378
f 500//379 373//379 149//379
f 500//380 567//380 697//380
f 698//381 117//381 469//381
f 568//382 469//382 245//382
f 568//383 566//383 698//383
f 563//384 565//384 302//384
f 277//385 699//385 563//385
f 501//386 379//386 699//386
f 700//183 228//183 356//183
f 405//387 356//387 132//387
f 277//387 700//387 405//387
f 701//388 99//388 452//388
f 564//389 452//389 228//389
f 302//389 701//389 564//389
f 559//390 561//390 301//390
f 278//391 702//391 559//391
f 406//392 373//392 702//392
f 703//393 252//393 380//393
f 502//394 380//394 156//394
f 502//395 559//395 703//395
f 704//396 124//396 476//396
f 560//397 476//397 252//397
f 560//398 558//398 704//398
f 555//399 557//399 300//399
f 279//177 705//177 555//177
f 503//400 356//400 705//400
f 706//401 194//401 770//401
f 407//402 418//402 131//402
f 279//403 706//403 407//403
f 707//404 114//404 322//404
f 556//405 322//405 194//405
f 300//399 707//399 556//399
f 551//406 553//406 299//406
f 280//407 708//407 551//407
f 408//408 380//408 708//408
f 709//409 229//409 357//409
f 504//410 357//410 133//410
f 504//411 551//411 709//411
f 710//412 100//412 453//412
f 552//413 453//413 229//413
f 552//414 550//414 710//414
f 547//415 549//415 298//415
f 281//416 711//416 547//416
f 409//417 357//417 711//417
f 712//171 236//171 364//171
f 505//418 364//418 140//418
f 281//418 712//418 505//418
f 713//419 107//419 460//419
f 548//420 460//420 236//420
f 298//420 713//420 548//420
f 543//421 545//421 297//421
f 282//168 714//168 543//168
f 410//422 364//422 714//422
f 715//423 243//423 772//423
f 506//424 371//424 147//424
f 282//425 715//425 506//425
f 716//426 115//426 467//426
f 544//427 467//427 243//427
f 297//421 716//421 544//421
f 411//430 371//430 717//430
f 510//451 418//451 726//451
f 529//489 322//489 741//489
f 541//497 467//497 744//497
f 542//498 347//498 219//498
f 297//167 745//167 542//167
f 545//499 460//499 745//499
f 546//500 346//500 218//500
f 298//501 746//501 546//501
f 549//502 453//502 746//502
f 550//503 345//503 217//503
f 299//504 747//504 550//504
f 553//505 476//505 747//505
f 554//506 440//506 216//506
f 300//176 748//176 554//176
f 557//507 452//507 748//507
f 558//508 343//508 215//508
f 301//509 749//509 558//509
f 561//510 469//510 749//510
f 562//511 438//511 214//511
f 302//512 750//512 562//512
f 565//513 475//513 750//513
f 566//514 341//514 213//514
f 303//515 751//515 566//515
f 569//516 462//516 751//516
f 570//517 436//517 212//517
f 304//518 752//518 570//518
f 573//519 468//519 752//519
f 574//520 339//520 211//520
f 305//521 753//521 574//521
f 577//522 455//522 753//522
f 578//523 434//523 210//523
f 306//524 754//524 578//524
f 581//525 461//525 754//525
f 582//96 337//96 209//96
f 307//526 755//526 582//526
f 585//526 478//526 755//526
f 586//527 432//527 208//527
f 308//528 756//528 586//528
f 589//529 454//529 756//529
f 590//530 335//530 207//530
f 309//203 757//203 590//203
f 593//531 471//531 757//531
f 594//532 430//532 206//532
f 310//533 758//533 594//533
f 597//534 477//534 758//534
f 602//91 428//91 204//91
f 312//535 760//535 602//535
f 605//535 470//535 760//535
f 610//538 426//538 202//538
f 314//218 762//218 610//218
f 613//539 463//539 762//539
f 997//690 80//690 975//690
f 997//691 81//691 34//691
f 999//691 81//691 998//691
f 999//692 82//692 36//692
f 1001//692 82//692 1000//692
f 1001//693 83//693 38//693
f 1003//693 83//693 1002//693
f 1003//694 84//694 40//694
f 1005//694 84//694 1004//694
f 1005//695 85//695 42//695
f 1007//695 85//695 1006//695
f 1007//696 86//696 44//696
f 1009//696 86//696 1008//696
f 1009//697 87//697 46//697
f 1011//697 87//697 1010//697
f 1011//698 88//698 48//698
f 1013//698 88//698 1012//698
f 1013//699 89//699 50//699
f 1015//699 89//699 1014//699
f 1015//700 90//700 52//700
f 1017//700 90//700 1016//700
f 1017//701 91//701 54//701
f 1019//701 91//701 1018//701
f 1019//702 92//702 56//702
f 1021//702 92//702 1020//702
f 1021//703 93//703 58//703
f 1023//703 93//703 1022//703
f 1023//704 94//704 60//704
f 1025//704 94//704 1024//704
f 1025//705 95//705 62//705
f 1027//705 95//705 1026//705
f 1027//706 96//706 64//706
f 1029//706 96//706 1028//706
f 1029//707 65//707 2//707
f 66//729 966//729 980//729
f 66//729 978//729 6//729
f 67//730 978//730 976//730
f 67//730 974//730 8//730
f 68//731 974//731 973//731
f 68//731 972//731 10//731
f 69//732 972//732 971//732
f 69//732 970//732 12//732
f 70//733 970//733 969//733
f 70//733 968//733 14//733
f 71//734 968//734 967//734
f 71//734 995//734 16//734
f 72//735 995//735 994//735
f 72//735 993//735 18//735
f 73//736 993//736 992//736
f 73//736 991//736 20//736
f 74//737 991//737 990//737
f 74//737 989//737 22//737
f 75//738 989//738 988//738
f 75//738 987//738 24//738
f 76//739 987//739 986//739
f 76//739 985//739 26//739
f 77//740 985//740 984//740
f 77//740 983//740 28//740
f 78//741 983//741 982//741
f 78//741 981//741 30//741
f 79//742 981//742 979//742
f 79//742 977//742 32//742
f 80//690 977//690 975//690
f 65//707 966//707 4//707
f 8//778 113//778 323//778
f 8//778 323//778 195//778
f 6//33 67//33 8//33
f 419//779 106//779 6//779
f 8//778 195//778 419//778
f 46//780 127//780 420//780
f 420//781 196//781 324//781
f 324//51 120//51 44//51
f 86//782 46//782 420//782
f 324//782 44//782 86//782
f 10//783 121//783 325//783
f 197//784 421//784 113//784
f 10//783 325//783 197//783
f 113//785 8//785 68//785
f 68//785 10//785 197//785
f 48//53 103//53 422//53
f 422//786 198//786 326//786
f 326//53 127//53 46//53
f 87//787 48//787 422//787
f 326//788 46//788 87//788
f 12//789 128//789 327//789
f 12//789 327//789 199//789
f 10//790 69//790 12//790
f 423//791 121//791 10//791
f 12//789 199//789 423//789
f 50//792 110//792 424//792
f 424//781 200//781 328//781
f 328//792 103//792 48//792
f 48//33 88//33 50//33
f 50//792 424//792 328//792
f 14//793 104//793 329//793
f 201//781 425//781 128//781
f 14//793 329//793 201//793
f 128//794 12//794 70//794
f 70//794 14//794 201//794
f 52//795 118//795 330//795
f 330//781 202//781 426//781
f 426//795 110//795 50//795
f 50//33 89//33 52//33
f 52//795 330//795 426//795
f 16//796 111//796 331//796
f 331//797 203//797 427//797
f 427//796 104//796 14//796
f 14//33 71//33 16//33
f 16//796 331//796 427//796
f 54//59 125//59 332//59
f 332//786 204//786 428//786
f 428//59 118//59 52//59
f 90//798 54//798 332//798
f 428//799 52//799 90//799
f 18//800 119//800 333//800
f 333//781 205//781 429//781
f 429//800 111//800 16//800
f 16//781 72//781 18//781
f 18//800 333//800 429//800
f 56//61 101//61 334//61
f 334//781 206//781 430//781
f 430//801 125//801 54//801
f 91//802 56//802 334//802
f 430//802 54//802 91//802
f 20//803 126//803 431//803
f 431//781 207//781 335//781
f 335//803 119//803 18//803
f 18//781 73//781 20//781
f 20//803 431//803 335//803
f 58//804 108//804 336//804
f 58//804 336//804 208//804
f 56//805 92//805 58//805
f 432//806 101//806 56//806
f 58//804 208//804 432//804
f 22//807 102//807 433//807
f 433//797 209//797 337//797
f 337//807 126//807 20//807
f 20//33 74//33 22//33
f 22//807 433//807 337//807
f 60//65 116//65 338//65
f 210//781 434//781 108//781
f 60//65 338//65 210//65
f 108//808 58//808 93//808
f 93//809 60//809 210//809
f 24//66 109//66 435//66
f 211//781 339//781 102//781
f 24//66 435//66 211//66
f 102//810 22//810 75//810
f 75//811 24//811 211//811
f 62//812 123//812 340//812
f 340//781 212//781 436//781
f 436//67 116//67 60//67
f 94//813 62//813 340//813
f 436//814 60//814 94//814
f 26//815 117//815 437//815
f 26//815 437//815 213//815
f 24//790 76//790 26//790
f 341//816 109//816 24//816
f 26//815 213//815 341//815
f 64//817 99//817 342//817
f 342//818 214//818 438//818
f 438//69 123//69 62//69
f 95//819 64//819 342//819
f 438//819 62//819 95//819
f 28//70 124//70 439//70
f 215//781 343//781 117//781
f 28//70 439//70 215//70
f 117//820 26//820 77//820
f 77//821 28//821 215//821
f 2//822 114//822 344//822
f 216//823 440//823 99//823
f 2//822 344//822 216//822
f 64//824 96//824 2//824
f 216//822 99//822 64//822
f 30//825 100//825 441//825
f 441//781 217//781 345//781
f 345//826 124//826 28//826
f 28//33 78//33 30//33
f 30//825 441//825 345//825
f 32//827 107//827 442//827
f 442//33 218//33 346//33
f 346//73 100//73 30//73
f 79//828 32//828 442//828
f 346//828 30//828 79//828
f 34//829 115//829 443//829
f 34//829 443//829 219//829
f 32//830 80//830 34//830
f 347//829 107//829 32//829
f 34//829 219//829 347//829
f 36//831 122//831 444//831
f 220//781 348//781 115//781
f 36//831 444//831 220//831
f 34//824 81//824 36//824
f 220//831 115//831 34//831
f 38//832 129//832 445//832
f 38//832 445//832 221//832
f 36//781 82//781 38//781
f 349//833 122//833 36//833
f 38//832 221//832 349//832
f 40//77 105//77 446//77
f 446//781 222//781 350//781
f 350//834 129//834 38//834
f 83//835 40//835 446//835
f 350//836 38//836 83//836
f 4//837 98//837 351//837
f 223//781 447//781 114//781
f 4//837 351//837 223//837
f 2//830 65//830 4//830
f 223//837 114//837 2//837
f 42//838 112//838 448//838
f 448//33 224//33 352//33
f 352//79 105//79 40//79
f 84//839 42//839 448//839
f 352//839 40//839 84//839
f 6//80 106//80 353//80
f 353//840 225//840 449//840
f 449//841 98//841 4//841
f 66//842 6//842 353//842
f 449//842 4//842 66//842
f 44//843 120//843 450//843
f 226//33 354//33 112//33
f 44//843 450//843 226//843
f 42//805 85//805 44//805
f 226//844 112//844 42//844
f 762//851 463//851 110//851
f 760//853 470//853 118//853
f 758//854 477//854 125//854
f 757//855 471//855 119//855
f 756//856 454//856 101//856
f 755//857 478//857 126//857
f 754//858 461//858 108//858
f 753//859 455//859 102//859
f 752//860 468//860 116//860
f 751//861 462//861 109//861
f 750//862 475//862 123//862
f 749//863 469//863 117//863
f 748//507 452//507 99//507
f 747//864 476//864 124//864
f 746//865 453//865 100//865
f 745//499 460//499 107//499
f 744//866 467//866 115//866
f 741//869 322//869 114//869
f 146//114 177//114 170//114
f 170//114 139//114 482//114
f 170//114 482//114 258//114
f 386//114 146//114 170//114
f 159//115 191//115 183//115
f 183//115 152//115 387//115
f 183//115 387//115 259//115
f 483//115 159//115 183//115
f 153//116 184//116 177//116
f 177//116 146//116 484//116
f 177//116 484//116 260//116
f 388//116 153//116 177//116
f 136//117 167//117 191//117
f 191//117 159//117 389//117
f 191//117 389//117 261//117
f 485//117 136//117 191//117
f 160//118 192//118 184//118
f 184//118 153//118 486//118
f 184//118 486//118 262//118
f 390//118 160//118 184//118
f 143//119 174//119 167//119
f 167//119 136//119 391//119
f 167//119 391//119 263//119
f 487//119 143//119 167//119
f 137//120 168//120 192//120
f 192//120 160//120 488//120
f 192//120 488//120 264//120
f 392//120 137//120 192//120
f 150//121 181//121 174//121
f 174//121 143//121 489//121
f 174//121 489//121 265//121
f 393//121 150//121 174//121
f 144//122 175//122 168//122
f 168//122 137//122 490//122
f 168//122 490//122 266//122
f 394//122 144//122 168//122
f 157//123 189//123 181//123
f 181//123 150//123 491//123
f 181//123 491//123 267//123
f 395//123 157//123 181//123
f 151//124 182//124 175//124
f 175//124 144//124 492//124
f 175//124 492//124 268//124
f 396//124 151//124 175//124
f 134//125 165//125 189//125
f 189//125 157//125 493//125
f 189//125 493//125 269//125
f 397//125 134//125 189//125
f 158//126 190//126 182//126
f 182//126 151//126 398//126
f 182//126 398//126 270//126
f 494//126 158//126 182//126
f 141//127 172//127 165//127
f 165//127 134//127 495//127
f 165//127 495//127 271//127
f 399//127 141//127 165//127
f 135//128 166//128 190//128
f 190//128 158//128 400//128
f 190//128 400//128 272//128
f 496//128 135//128 190//128
f 148//129 179//129 172//129
f 172//129 141//129 497//129
f 273//823 401//823 148//823
f 172//129 497//129 273//129
f 142//130 173//130 166//130
f 166//130 135//130 402//130
f 166//130 402//130 274//130
f 498//130 142//130 166//130
f 155//131 186//131 179//131
f 179//131 148//131 499//131
f 179//131 499//131 275//131
f 403//131 155//131 179//131
f 149//132 180//132 173//132
f 173//132 142//132 404//132
f 173//132 404//132 276//132
f 500//132 149//132 173//132
f 132//133 163//133 186//133
f 186//133 155//133 501//133
f 186//133 501//133 277//133
f 405//133 132//133 186//133
f 156//134 187//134 180//134
f 180//134 149//134 406//134
f 180//134 406//134 278//134
f 502//134 156//134 180//134
f 131//135 188//135 163//135
f 163//135 132//135 503//135
f 279//873 407//873 131//873
f 163//135 503//135 279//135
f 133//136 164//136 187//136
f 187//136 156//136 408//136
f 187//136 408//136 280//136
f 504//136 133//136 187//136
f 140//137 171//137 164//137
f 164//137 133//137 409//137
f 164//137 409//137 281//137
f 505//137 140//137 164//137
f 147//138 178//138 171//138
f 171//138 140//138 410//138
f 171//138 410//138 282//138
f 506//138 147//138 171//138
f 154//139 185//139 178//139
f 178//139 147//139 411//139
f 178//139 411//139 283//139
f 507//139 154//139 178//139
f 161//140 193//140 185//140
f 185//140 154//140 412//140
f 185//140 412//140 284//140
f 508//140 161//140 185//140
f 138//141 169//141 193//141
f 193//141 161//141 413//141
f 193//141 413//141 285//141
f 509//141 138//141 193//141
f 130//142 162//142 188//142
f 188//142 131//142 510//142
f 188//142 510//142 286//142
f 414//142 130//142 188//142
f 145//143 176//143 169//143
f 169//143 138//143 415//143
f 169//143 415//143 287//143
f 511//143 145//143 169//143
f 139//144 170//144 162//144
f 162//144 130//144 512//144
f 162//144 512//144 288//144
f 416//144 139//144 162//144
f 152//145 183//145 176//145
f 176//145 145//145 417//145
f 176//145 417//145 289//145
f 513//145 152//145 176//145
f 529//451 726//451 418//451
f 418//790 770//790 194//790
f 541//430 717//430 371//430
f 371//830 772//830 243//830
f 542//498 219//498 443//498
f 543//421 297//421 544//421
f 714//880 364//880 236//880
f 546//500 218//500 442//500
f 547//415 298//415 548//415
f 711//417 357//417 229//417
f 710//504 550//504 217//504
f 709//407 551//407 299//407
f 708//881 380//881 252//881
f 554//506 216//506 344//506
f 555//399 300//399 556//399
f 705//400 356//400 228//400
f 704//509 558//509 215//509
f 703//391 559//391 301//391
f 702//882 373//882 245//882
f 562//511 214//511 342//511
f 563//384 302//384 564//384
f 699//386 379//386 251//386
f 698//515 566//515 213//515
f 697//376 567//376 303//376
f 696//883 366//883 238//883
f 695//518 570//518 212//518
f 694//367 571//367 304//367
f 693//884 372//884 244//884
f 692//521 574//521 211//521
f 691//358 575//358 305//358
f 690//885 359//885 231//885
f 689//524 578//524 210//524
f 688//349 579//349 306//349
f 687//886 365//886 237//886
f 582//96 209//96 433//96
f 583//199 307//199 584//199
f 684//887 382//887 254//887
f 683//528 586//528 208//528
f 682//333 587//333 308//333
f 681//888 358//888 230//888
f 590//530 207//530 431//530
f 591//329 309//329 592//329
f 593//330 678//330 375//330
f 375//889 773//889 247//889
f 677//533 594//533 206//533
f 676//321 595//321 310//321
f 675//890 381//890 253//890
f 602//91 204//91 332//91
f 603//214 312//214 604//214
f 669//891 374//891 246//891
f 610//538 202//538 330//538
f 611//298 314//298 612//298
f 613//299 663//299 367//299
f 367//823 771//823 239//823
f 771//915 367//915 658//915
f 658//916 620//916 239//916
f 487//917 658//917 367//917
f 659//918 424//918 110//918
f 620//919 659//919 463//919
f 611//219 663//219 613//219
f 265//300 489//300 663//300
f 489//922 143//922 367//922
f 664//298 612//298 246//298
f 393//219 664//219 374//219
f 265//219 611//219 664//219
f 665//538 330//538 118//538
f 612//218 665//218 470//218
f 314//218 610//218 665//218
f 603//308 669//308 605//308
f 267//925 491//925 669//925
f 491//926 150//926 374//926
f 670//314 604//314 253//314
f 395//213 670//213 381//213
f 267//308 603//308 670//308
f 671//927 332//927 125//927
f 604//212 671//212 477//212
f 312//535 602//535 671//535
f 773//928 375//928 673//928
f 673//929 600//929 247//929
f 396//930 673//930 375//930
f 674//931 333//931 119//931
f 600//932 674//932 471//932
f 595//322 675//322 597//322
f 269//933 493//933 675//933
f 493//934 157//934 381//934
f 676//207 596//207 230//207
f 397//325 676//325 358//325
f 397//935 269//935 595//935
f 677//206 334//206 101//206
f 596//328 677//328 454//328
f 596//320 310//320 594//320
f 591//204 678//204 593//204
f 270//331 398//331 678//331
f 398//936 151//936 375//936
f 679//329 592//329 254//329
f 494//204 679//204 382//204
f 270//204 591//204 679//204
f 680//530 431//530 126//530
f 592//203 680//203 478//203
f 309//203 590//203 680//203
f 587//334 681//334 589//334
f 271//937 495//937 681//937
f 495//938 134//938 358//938
f 682//939 588//939 237//939
f 399//337 682//337 365//337
f 399//940 271//940 587//940
f 683//200 336//200 108//200
f 588//340 683//340 461//340
f 588//332 308//332 586//332
f 583//341 684//341 585//341
f 272//941 400//941 684//941
f 400//942 158//942 382//942
f 685//347 584//347 231//347
f 496//198 685//198 359//198
f 272//341 583//341 685//341
f 686//943 433//943 102//943
f 584//197 686//197 455//197
f 307//526 582//526 686//526
f 579//350 687//350 581//350
f 273//944 497//944 687//944
f 497//945 141//945 365//945
f 688//195 580//195 244//195
f 401//353 688//353 372//353
f 401//946 273//946 579//946
f 689//194 338//194 116//194
f 580//356 689//356 468//356
f 580//348 306//348 578//348
f 575//359 690//359 577//359
f 274//947 402//947 690//947
f 402//948 135//948 359//948
f 691//192 576//192 238//192
f 498//362 691//362 366//362
f 498//949 274//949 575//949
f 692//191 435//191 109//191
f 576//365 692//365 462//365
f 576//357 305//357 574//357
f 571//368 693//368 573//368
f 275//950 499//950 693//950
f 499//950 148//950 372//950
f 694//189 572//189 251//189
f 403//371 694//371 379//371
f 403//951 275//951 571//951
f 695//188 340//188 123//188
f 572//374 695//374 475//374
f 572//366 304//366 570//366
f 567//377 696//377 569//377
f 276//952 404//952 696//952
f 404//953 142//953 366//953
f 697//954 568//954 245//954
f 500//380 697//380 373//380
f 500//955 276//955 567//955
f 698//185 437//185 117//185
f 568//383 698//383 469//383
f 568//375 303//375 566//375
f 563//386 699//386 565//386
f 277//956 501//956 699//956
f 501//956 155//956 379//956
f 700//389 564//389 228//389
f 405//183 700//183 356//183
f 277//385 563//385 700//385
f 701//957 342//957 99//957
f 564//182 701//182 452//182
f 302//512 562//512 701//512
f 559//392 702//392 561//392
f 278//958 406//958 702//958
f 406//959 149//959 373//959
f 703//180 560//180 252//180
f 502//395 703//395 380//395
f 502//960 278//960 559//960
f 704//179 439//179 124//179
f 560//398 704//398 476//398
f 560//390 301//390 558//390
f 555//400 705//400 557//400
f 279//961 503//961 705//961
f 503//961 132//961 356//961
f 770//962 418//962 706//962
f 706//963 556//963 194//963
f 407//964 706//964 418//964
f 279//177 555//177 706//177
f 707//506 344//506 114//506
f 556//965 707//965 322//965
f 300//176 554//176 707//176
f 551//408 708//408 553//408
f 280//966 408//966 708//966
f 408//966 156//966 380//966
f 709//174 552//174 229//174
f 504//411 709//411 357//411
f 504//967 280//967 551//967
f 710//173 441//173 100//173
f 552//414 710//414 453//414
f 552//406 299//406 550//406
f 547//417 711//417 549//417
f 281//968 409//968 711//968
f 409//968 133//968 357//968
f 712//420 548//420 236//420
f 505//171 712//171 364//171
f 281//416 547//416 712//416
f 713//969 442//969 107//969
f 548//170 713//170 460//170
f 298//501 546//501 713//501
f 543//422 714//422 545//422
f 282//970 410//970 714//970
f 410//970 140//970 364//970
f 772//971 371//971 715//971
f 715//972 544//972 243//972
f 506//973 715//973 371//973
f 282//168 543//168 715//168
f 716//498 443//498 115//498
f 544//974 716//974 467//974
f 297//167 542//167 716//167
f 411//976 147//976 371//976
f 510//983 131//983 418//983
f 529//994 194//994 322//994
f 541//996 243//996 467//996
f 542//499 745//499 347//499
f 297//169 545//169 745//169
f 545//169 236//169 460//169
f 546//502 746//502 346//502
f 298//172 549//172 746//172
f 549//997 229//997 453//997
f 550//505 747//505 345//505
f 299//175 553//175 747//175
f 553//998 252//998 476//998
f 554//507 748//507 440//507
f 300//178 557//178 748//178
f 557//178 228//178 452//178
f 558//510 749//510 343//510
f 301//181 561//181 749//181
f 561//999 245//999 469//999
f 562//513 750//513 438//513
f 302//184 565//184 750//184
f 565//1000 251//1000 475//1000
f 566//516 751//516 341//516
f 303//187 569//187 751//187
f 569//1001 238//1001 462//1001
f 570//519 752//519 436//519
f 304//190 573//190 752//190
f 573//1002 244//1002 468//1002
f 574//522 753//522 339//522
f 305//193 577//193 753//193
f 577//1003 231//1003 455//1003
f 578//525 754//525 434//525
f 306//196 581//196 754//196
f 581//1004 237//1004 461//1004
f 582//526 755//526 337//526
f 307//199 585//199 755//199
f 585//1005 254//1005 478//1005
f 586//529 756//529 432//529
f 308//202 589//202 756//202
f 589//1006 230//1006 454//1006
f 590//203 757//203 335//203
f 309//329 593//329 757//329
f 593//1007 247//1007 471//1007
f 594//534 758//534 430//534
f 310//208 597//208 758//208
f 597//1008 253//1008 477//1008
f 602//535 760//535 428//535
f 312//214 605//214 760//214
f 605//1009 246//1009 470//1009
f 610//218 762//218 426//218
f 314//298 613//298 762//298
f 613//1011 239//1011 463//1011
f 997//690 34//690 80//690
f 997//691 998//691 81//691
f 999//691 36//691 81//691
f 999//692 1000//692 82//692
f 1001//692 38//692 82//692
f 1001//693 1002//693 83//693
f 1003//693 40//693 83//693
f 1003//694 1004//694 84//694
f 1005//694 42//694 84//694
f 1005//695 1006//695 85//695
f 1007//695 44//695 85//695
f 1007//696 1008//696 86//696
f 1009//696 46//696 86//696
f 1009//697 1010//697 87//697
f 1011//697 48//697 87//697
f 1011//698 1012//698 88//698
f 1013//698 50//698 88//698
f 1013//699 1014//699 89//699
f 1015//699 52//699 89//699
f 1015//700 1016//700 90//700
f 1017//700 54//700 90//700
f 1017//701 1018//701 91//701
f 1019//701 56//701 91//701
f 1019//702 1020//702 92//702
f 1021//702 58//702 92//702
f 1021//703 1022//703 93//703
f 1023//703 60//703 93//703
f 1023//704 1024//704 94//704
f 1025//704 62//704 94//704
f 1025//705 1026//705 95//705
f 1027//705 64//705 95//705
f 1027//706 1028//706 96//706
f 1029//706 2//706 96//706
f 1029//707 996//707 65//707
f 66//729 4//729 966//729
f 66//729 980//729 978//729
f 67//730 6//730 978//730
f 67//730 976//730 974//730
f 68//731 8//731 974//731
f 68//731 973//731 972//731
f 69//732 10//732 972//732
f 69//732 971//732 970//732
f 70//733 12//733 970//733
f 70//733 969//733 968//733
f 71//734 14//734 968//734
f 71//734 967//734 995//734
f 72//735 16//735 995//735
f 72//735 994//735 993//735
f 73//736 18//736 993//736
f 73//736 992//736 991//736
f 74//737 20//737 991//737
f 74//737 990//737 989//737
f 75//738 22//738 989//738
f 75//738 988//738 987//738
f 76//739 24//739 987//739
f 76//739 986//739 985//739
f 77//740 26//740 985//740
f 77//740 984//740 983//740
f 78//741 28//741 983//741
f 78//741 982//741 981//741
f 79//742 30//742 981//742
f 79//742 979//742 977//742
f 80//690 32//690 977//690
f 65//707 996//707 966//707
usemtl マテリアル.003
f 769//82 106//82 419//82
f 768//83 120//83 324//83
f 767//84 113//84 421//84
f 766//85 127//85 326//85
f 765//86 121//86 423//86
f 764//87 103//87 328//87
f 763//88 128//88 425//88
f 761//90 104//90 427//90
f 759//92 111//92 429//92
f 743//108 122//108 349//108
f 742//109 129//109 350//109
f 740//111 105//111 352//111
f 739//112 98//112 449//112
f 738//113 112//113 354//113
f 514//146 450//146 737//146
f 515//147 516//147 736//147
f 735//148 241//148 517//148
f 518//149 353//149 734//149
f 519//150 520//150 733//150
f 732//151 227//151 521//151
f 522//152 448//152 731//152
f 523//153 524//153 730//153
f 729//154 234//154 525//154
f 526//155 351//155 728//155
f 527//156 528//156 727//156
f 530//158 446//158 725//158
f 531//159 532//159 724//159
f 723//160 257//160 533//160
f 534//161 445//161 722//161
f 535//162 536//162 721//162
f 720//163 250//163 537//163
f 538//164 444//164 719//164
f 539//165 540//165 718//165
f 598//209 333//209 674//209
f 599//210 600//210 673//210
f 672//211 240//211 601//211
f 606//215 331//215 668//215
f 607//216 608//216 667//216
f 666//217 233//217 609//217
f 614//221 329//221 662//221
f 615//222 616//222 661//222
f 660//223 256//223 617//223
f 618//224 424//224 659//224
f 619//225 620//225 658//225
f 657//226 232//226 621//226
f 622//227 327//227 656//227
f 623//228 624//228 655//228
f 654//229 249//229 625//229
f 626//230 422//230 653//230
f 627//231 628//231 652//231
f 651//232 255//232 629//232
f 630//233 325//233 650//233
f 631//234 632//234 649//234
f 648//235 242//235 633//235
f 634//236 420//236 647//236
f 635//237 636//237 646//237
f 645//238 248//238 637//238
f 638//239 323//239 644//239
f 639//240 640//240 643//240
f 642//241 235//241 641//241
f 642//242 321//242 639//242
f 482//243 639//243 258//243
f 482//244 363//244 642//244
f 643//245 242//245 370//245
f 386//246 370//246 146//246
f 258//246 643//246 386//246
f 644//247 113//247 466//247
f 640//248 466//248 242//248
f 321//249 644//249 640//249
f 645//250 320//250 635//250
f 387//251 635//251 259//251
f 387//252 376//252 645//252
f 646//253 255//253 383//253
f 483//254 383//254 159//254
f 259//255 646//255 483//255
f 647//256 127//256 479//256
f 636//257 479//257 255//257
f 320//258 647//258 636//258
f 648//259 319//259 631//259
f 484//260 631//260 260//260
f 484//261 370//261 648//261
f 649//262 249//262 377//262
f 388//263 377//263 153//263
f 260//264 649//264 388//264
f 650//265 121//265 473//265
f 632//266 473//266 249//266
f 319//267 650//267 632//267
f 627//268 629//268 318//268
f 261//231 651//231 627//231
f 389//269 383//269 651//269
f 652//270 232//270 360//270
f 485//271 360//271 136//271
f 261//272 652//272 485//272
f 653//273 103//273 456//273
f 628//274 456//274 232//274
f 318//268 653//268 628//268
f 654//275 317//275 623//275
f 486//276 623//276 262//276
f 486//277 377//277 654//277
f 655//278 256//278 384//278
f 390//279 384//279 160//279
f 262//280 655//280 390//280
f 656//281 128//281 480//281
f 624//282 480//282 256//282
f 317//283 656//283 624//283
f 619//226 621//226 316//226
f 263//225 657//225 619//225
f 391//225 360//225 657//225
f 263//286 658//286 487//286
f 316//226 659//226 620//226
f 660//289 315//289 615//289
f 488//290 615//290 264//290
f 488//291 384//291 660//291
f 661//292 233//292 361//292
f 392//293 361//293 137//293
f 264//294 661//294 392//294
f 662//295 104//295 457//295
f 616//296 457//296 233//296
f 315//297 662//297 616//297
f 607//301 609//301 313//301
f 266//216 666//216 607//216
f 490//302 361//302 666//302
f 667//303 240//303 368//303
f 394//304 368//304 144//304
f 266//305 667//305 394//305
f 668//306 111//306 464//306
f 608//307 464//307 240//307
f 313//301 668//301 608//301
f 599//211 601//211 311//211
f 268//210 672//210 599//210
f 492//210 368//210 672//210
f 268//317 673//317 396//317
f 311//211 674//211 600//211
f 539//428 541//428 296//428
f 283//429 717//429 539//429
f 718//431 250//431 378//431
f 507//432 378//432 154//432
f 283//432 718//432 507//432
f 719//164 122//164 474//164
f 540//433 474//433 250//433
f 296//433 719//433 540//433
f 535//434 537//434 295//434
f 284//435 720//435 535//435
f 412//436 378//436 720//436
f 721//162 257//162 385//162
f 508//437 385//437 161//437
f 284//437 721//437 508//437
f 722//438 129//438 481//438
f 536//439 481//439 257//439
f 295//440 722//440 536//440
f 723//441 294//441 531//441
f 413//442 531//442 285//442
f 413//443 385//443 723//443
f 724//444 234//444 362//444
f 509//445 362//445 138//445
f 285//445 724//445 509//445
f 725//446 105//446 458//446
f 532//447 458//447 234//447
f 294//448 725//448 532//448
f 527//449 529//449 293//449
f 286//450 726//450 527//450
f 727//156 227//156 355//156
f 414//452 355//452 130//452
f 286//452 727//452 414//452
f 728//155 98//155 451//155
f 528//453 451//453 227//453
f 293//453 728//453 528//453
f 729//454 292//454 523//454
f 415//455 523//455 287//455
f 415//456 362//456 729//456
f 730//457 241//457 369//457
f 511//458 369//458 145//458
f 287//459 730//459 511//459
f 731//460 112//460 465//460
f 524//461 465//461 241//461
f 292//462 731//462 524//462
f 519//463 521//463 291//463
f 288//464 732//464 519//464
f 512//465 355//465 732//465
f 733//150 235//150 363//150
f 416//466 363//466 139//466
f 288//466 733//466 416//466
f 734//467 106//467 459//467
f 520//468 459//468 235//468
f 291//469 734//469 520//469
f 735//470 290//470 515//470
f 417//471 515//471 289//471
f 417//472 369//472 735//472
f 736//473 248//473 376//473
f 513//474 376//474 152//474
f 289//475 736//475 513//475
f 737//476 120//476 472//476
f 516//477 472//477 248//477
f 290//478 737//478 516//478
f 738//479 226//479 514//479
f 517//480 514//480 290//480
f 517//481 465//481 738//481
f 518//482 449//482 225//482
f 291//483 739//483 518//483
f 521//484 451//484 739//484
f 740//485 224//485 522//485
f 525//486 522//486 292//486
f 525//487 458//487 740//487
f 526//110 447//110 223//110
f 293//488 741//488 526//488
f 742//490 222//490 530//490
f 533//491 530//491 294//491
f 533//492 481//492 742//492
f 534//493 349//493 221//493
f 295//494 743//494 534//494
f 537//495 474//495 743//495
f 538//107 348//107 220//107
f 296//496 744//496 538//496
f 598//92 429//92 205//92
f 311//209 759//209 598//209
f 601//209 464//209 759//209
f 606//536 427//536 203//536
f 313//215 761//215 606//215
f 609//537 457//537 761//537
f 763//540 201//540 614//540
f 617//541 614//541 315//541
f 617//542 480//542 763//542
f 618//87 328//87 200//87
f 316//224 764//224 618//224
f 621//224 456//224 764//224
f 765//543 199//543 622//543
f 625//544 622//544 317//544
f 625//545 473//545 765//545
f 626//546 326//546 198//546
f 318//230 766//230 626//230
f 629//547 479//547 766//547
f 767//548 197//548 630//548
f 633//549 630//549 319//549
f 633//550 466//550 767//550
f 768//551 196//551 634//551
f 637//552 634//552 320//552
f 637//553 472//553 768//553
f 769//554 195//554 638//554
f 641//555 638//555 321//555
f 641//556 459//556 769//556
f 769//845 459//845 106//845
f 768//846 472//846 120//846
f 767//847 466//847 113//847
f 766//848 479//848 127//848
f 765//849 473//849 121//849
f 764//224 456//224 103//224
f 763//850 480//850 128//850
f 761//852 457//852 104//852
f 759//209 464//209 111//209
f 743//867 474//867 122//867
f 742//868 481//868 129//868
f 740//870 458//870 105//870
f 739//871 451//871 98//871
f 738//872 465//872 112//872
f 514//874 226//874 450//874
f 515//480 290//480 516//480
f 735//875 369//875 241//875
f 518//482 225//482 353//482
f 519//463 291//463 520//463
f 732//465 355//465 227//465
f 522//876 224//876 448//876
f 523//486 292//486 524//486
f 729//877 362//877 234//877
f 526//110 223//110 351//110
f 527//449 293//449 528//449
f 530//878 222//878 446//878
f 531//491 294//491 532//491
f 723//879 385//879 257//879
f 534//493 221//493 445//493
f 535//434 295//434 536//434
f 720//436 378//436 250//436
f 538//107 220//107 444//107
f 539//428 296//428 540//428
f 598//92 205//92 333//92
f 599//211 311//211 600//211
f 672//210 368//210 240//210
f 606//536 203//536 331//536
f 607//301 313//301 608//301
f 666//892 361//892 233//892
f 614//893 201//893 329//893
f 615//541 315//541 616//541
f 660//894 384//894 256//894
f 618//87 200//87 424//87
f 619//226 316//226 620//226
f 657//225 360//225 232//225
f 622//895 199//895 327//895
f 623//544 317//544 624//544
f 654//896 377//896 249//896
f 626//546 198//546 422//546
f 627//268 318//268 628//268
f 651//897 383//897 255//897
f 630//898 197//898 325//898
f 631//549 319//549 632//549
f 648//899 370//899 242//899
f 634//900 196//900 420//900
f 635//552 320//552 636//552
f 645//901 376//901 248//901
f 638//902 195//902 323//902
f 639//555 321//555 640//555
f 642//903 363//903 235//903
f 642//241 641//241 321//241
f 482//244 642//244 639//244
f 482//904 139//904 363//904
f 643//249 640//249 242//249
f 386//240 643//240 370//240
f 258//242 639//242 643//242
f 644//905 323//905 113//905
f 640//239 644//239 466//239
f 321//554 638//554 644//554
f 645//238 637//238 320//238
f 387//252 645//252 635//252
f 387//906 152//906 376//906
f 646//258 636//258 255//258
f 483//237 646//237 383//237
f 259//250 635//250 646//250
f 647//907 420//907 127//907
f 636//236 647//236 479//236
f 320//551 634//551 647//551
f 648//235 633//235 319//235
f 484//261 648//261 631//261
f 484//908 146//908 370//908
f 649//267 632//267 249//267
f 388//234 649//234 377//234
f 260//259 631//259 649//259
f 650//909 325//909 121//909
f 632//233 650//233 473//233
f 319//548 630//548 650//548
f 627//269 651//269 629//269
f 261//910 389//910 651//910
f 389//911 159//911 383//911
f 652//268 628//268 232//268
f 485//231 652//231 360//231
f 261//231 627//231 652//231
f 653//546 422//546 103//546
f 628//230 653//230 456//230
f 318//230 626//230 653//230
f 654//912 625//912 317//912
f 486//277 654//277 623//277
f 486//913 153//913 377//913
f 655//283 624//283 256//283
f 390//228 655//228 384//228
f 262//275 623//275 655//275
f 656//914 327//914 128//914
f 624//227 656//227 480//227
f 317//543 622//543 656//543
f 619//225 657//225 621//225
f 263//286 391//286 657//286
f 391//286 136//286 360//286
f 263//225 619//225 658//225
f 316//224 618//224 659//224
f 660//223 617//223 315//223
f 488//291 660//291 615//291
f 488//920 160//920 384//920
f 661//297 616//297 233//297
f 392//222 661//222 361//222
f 264//289 615//289 661//289
f 662//921 329//921 104//921
f 616//221 662//221 457//221
f 315//540 614//540 662//540
f 607//302 666//302 609//302
f 266//923 490//923 666//923
f 490//924 137//924 361//924
f 667//301 608//301 240//301
f 394//216 667//216 368//216
f 266//216 607//216 667//216
f 668//536 331//536 111//536
f 608//215 668//215 464//215
f 313//215 606//215 668//215
f 599//210 672//210 601//210
f 268//317 492//317 672//317
f 492//317 144//317 368//317
f 268//210 599//210 673//210
f 311//209 598//209 674//209
f 539//429 717//429 541//429
f 283//975 411//975 717//975
f 718//433 540//433 250//433
f 507//165 718//165 378//165
f 283//429 539//429 718//429
f 719//977 444//977 122//977
f 540//164 719//164 474//164
f 296//496 538//496 719//496
f 535//436 720//436 537//436
f 284//978 412//978 720//978
f 412//978 154//978 378//978
f 721//440 536//440 257//440
f 508//162 721//162 385//162
f 284//435 535//435 721//435
f 722//979 445//979 129//979
f 536//161 722//161 481//161
f 295//494 534//494 722//494
f 723//160 533//160 294//160
f 413//443 723//443 531//443
f 413//980 161//980 385//980
f 724//448 532//448 234//448
f 509//159 724//159 362//159
f 285//441 531//441 724//441
f 725//981 446//981 105//981
f 532//158 725//158 458//158
f 294//490 530//490 725//490
f 527//450 726//450 529//450
f 286//982 510//982 726//982
f 727//453 528//453 227//453
f 414//156 727//156 355//156
f 286//450 527//450 727//450
f 728//984 351//984 98//984
f 528//155 728//155 451//155
f 293//488 526//488 728//488
f 729//154 525//154 292//154
f 415//456 729//456 523//456
f 415//985 138//985 362//985
f 730//462 524//462 241//462
f 511//153 730//153 369//153
f 287//454 523//454 730//454
f 731//986 448//986 112//986
f 524//152 731//152 465//152
f 292//485 522//485 731//485
f 519//465 732//465 521//465
f 288//987 512//987 732//987
f 512//987 130//987 355//987
f 733//469 520//469 235//469
f 416//150 733//150 363//150
f 288//464 519//464 733//464
f 734//988 353//988 106//988
f 520//149 734//149 459//149
f 291//483 518//483 734//483
f 735//989 517//989 290//989
f 417//472 735//472 515//472
f 417//990 145//990 369//990
f 736//478 516//478 248//478
f 513//147 736//147 376//147
f 289//470 515//470 736//470
f 737//991 450//991 120//991
f 516//146 737//146 472//146
f 290//479 514//479 737//479
f 738//113 354//113 226//113
f 517//481 738//481 514//481
f 517//992 241//992 465//992
f 518//484 739//484 449//484
f 291//151 521//151 739//151
f 521//151 227//151 451//151
f 740//111 352//111 224//111
f 525//487 740//487 522//487
f 525//993 234//993 458//993
f 526//488 741//488 447//488
f 293//449 529//449 741//449
f 742//109 350//109 222//109
f 533//492 742//492 530//492
f 533//995 257//995 481//995
f 534//495 743//495 349//495
f 295//163 537//163 743//163
f 537//163 250//163 474//163
f 538//496 744//496 348//496
f 296//428 541//428 744//428
f 598//209 759//209 429//209
f 311//211 601//211 759//211
f 601//211 240//211 464//211
f 606//537 761//537 427//537
f 313//217 609//217 761//217
f 609//1010 233//1010 457//1010
f 763//88 425//88 201//88
f 617//542 763//542 614//542
f 617//1012 256//1012 480//1012
f 618//224 764//224 328//224
f 316//226 621//226 764//226
f 621//226 232//226 456//226
f 765//86 423//86 199//86
f 625//545 765//545 622//545
f 625//1013 249//1013 473//1013
f 626//547 766//547 326//547
f 318//232 629//232 766//232
f 629//1014 255//1014 479//1014
f 767//84 421//84 197//84
f 633//550 767//550 630//550
f 633//1015 242//1015 466//1015
f 768//83 324//83 196//83
f 637//553 768//553 634//553
f 637//1016 248//1016 472//1016
f 769//82 419//82 195//82
f 641//556 769//556 638//556
f 641//1017 235//1017 459//1017
usemtl マテリアル.004
f 188//1 3//1 1//1
f 162//2 5//2 3//2
f 170//3 7//3 5//3
f 177//4 9//4 7//4
f 184//5 11//5 9//5
f 192//6 13//6 11//6
f 168//7 15//7 13//7
f 175//8 17//8 15//8
f 17//9 190//9 19//9
f 19//10 166//10 21//10
f 21//11 173//11 23//11
f 23//12 180//12 25//12
f 25//13 187//13 27//13
f 27//14 164//14 29//14
f 29//15 171//15 31//15
f 31//16 178//16 33//16
f 178//17 35//17 33//17
f 185//18 37//18 35//18
f 193//19 39//19 37//19
f 169//20 41//20 39//20
f 176//21 43//21 41//21
f 183//22 45//22 43//22
f 191//23 47//23 45//23
f 167//24 49//24 47//24
f 49//25 181//25 51//25
f 51//26 189//26 53//26
f 53//27 165//27 55//27
f 55//28 172//28 57//28
f 57//29 179//29 59//29
f 59//30 186//30 61//30
f 61//31 163//31 63//31
f 63//32 188//32 1//32
f 31//33 47//33 63//33
f 996//34 834//34 966//34
f 975//35 801//35 798//35
f 979//36 801//36 977//36
f 979//36 807//36 804//36
f 982//37 807//37 981//37
f 982//37 811//37 809//37
f 984//38 811//38 983//38
f 984//38 815//38 813//38
f 986//39 815//39 985//39
f 986//39 819//39 817//39
f 988//40 819//40 987//40
f 988//40 823//40 821//40
f 990//41 823//41 989//41
f 990//41 827//41 825//41
f 992//42 827//42 991//42
f 992//42 831//42 829//42
f 994//43 831//43 993//43
f 994//43 836//43 833//43
f 967//44 836//44 995//44
f 967//44 778//44 775//44
f 969//45 778//45 968//45
f 969//45 784//45 781//45
f 971//46 784//46 970//46
f 971//46 790//46 787//46
f 973//47 790//47 972//47
f 973//47 796//47 793//47
f 976//48 796//48 974//48
f 976//48 802//48 799//48
f 980//49 802//49 978//49
f 980//49 834//49 805//49
f 837//557 840//557 901//557
f 809//558 872//558 807//558
f 803//559 865//559 800//559
f 797//560 865//560 862//560
f 809//558 876//558 874//558
f 780//561 848//561 844//561
f 813//562 876//562 811//562
f 803//559 871//559 868//559
f 813//562 880//562 878//562
f 786//563 848//563 783//563
f 817//564 880//564 815//564
f 808//565 871//565 806//565
f 817//564 884//564 882//564
f 786//563 854//563 851//563
f 821//566 884//566 819//566
f 808//565 875//565 873//565
f 780//561 841//561 777//561
f 821//566 888//566 886//566
f 792//567 854//567 789//567
f 825//568 888//568 823//568
f 812//569 875//569 810//569
f 825//570 892//570 890//570
f 792//567 860//567 845//567
f 829//571 892//571 827//571
f 812//569 879//569 877//569
f 829//571 896//571 894//571
f 816//572 879//572 814//572
f 833//573 896//573 831//573
f 816//572 883//572 881//572
f 833//573 900//573 898//573
f 820//574 883//574 818//574
f 775//575 900//575 836//575
f 820//574 887//574 885//574
f 775//575 842//575 839//575
f 781//576 842//576 778//576
f 781//576 849//576 846//576
f 793//577 861//577 858//577
f 787//578 849//578 784//578
f 787//578 855//578 852//578
f 793//577 855//577 790//577
f 824//579 887//579 822//579
f 779//580 840//580 776//580
f 799//581 861//581 796//581
f 824//579 891//579 889//579
f 799//581 867//581 864//581
f 785//582 847//582 782//582
f 805//583 867//583 802//583
f 828//584 891//584 826//584
f 805//585 857//585 870//585
f 779//580 847//580 843//580
f 828//584 895//584 893//584
f 785//586 853//586 850//586
f 832//587 895//587 830//587
f 791//588 853//588 788//588
f 832//587 899//587 897//587
f 791//588 859//588 856//588
f 774//589 899//589 835//589
f 798//590 860//590 795//590
f 797//560 859//560 794//560
f 798//591 866//591 863//591
f 774//589 841//589 838//589
f 804//592 866//592 801//592
f 837//557 857//557 834//557
f 804//592 872//592 869//592
f 890//593 956//593 954//593
f 862//594 922//594 859//594
f 845//595 923//595 920//595
f 863//596 929//596 926//596
f 894//597 956//597 892//597
f 838//598 905//598 902//598
f 877//599 942//599 940//599
f 869//600 929//600 866//600
f 894//601 960//601 958//601
f 901//602 948//602 857//602
f 881//603 942//603 879//603
f 869//604 935//604 932//604
f 898//605 960//605 896//605
f 881//606 946//606 944//606
f 898//607 964//607 962//607
f 885//608 946//608 883//608
f 839//609 964//609 900//609
f 885//610 951//610 949//610
f 839//611 906//611 903//611
f 846//612 906//612 842//612
f 846//613 912//613 909//613
f 858//614 924//614 921//614
f 901//602 904//602 965//602
f 852//615 912//615 849//615
f 874//616 935//616 872//616
f 852//617 918//617 915//617
f 868//618 928//618 865//618
f 858//619 918//619 855//619
f 862//620 928//620 925//620
f 889//621 951//621 887//621
f 874//622 939//622 937//622
f 843//623 904//623 840//623
f 844//624 911//624 908//624
f 864//625 924//625 861//625
f 878//626 939//626 876//626
f 889//627 955//627 953//627
f 868//628 934//628 931//628
f 864//629 930//629 927//629
f 878//626 943//626 941//626
f 850//630 910//630 847//630
f 851//631 911//631 848//631
f 870//632 930//632 867//632
f 882//633 943//633 880//633
f 893//634 955//634 891//634
f 873//635 934//635 871//635
f 870//636 948//636 933//636
f 882//637 947//637 945//637
f 843//623 910//623 907//623
f 851//631 917//631 914//631
f 893//638 959//638 957//638
f 886//639 947//639 884//639
f 850//640 916//640 913//640
f 873//641 938//641 936//641
f 897//642 959//642 895//642
f 844//643 905//643 841//643
f 856//644 916//644 853//644
f 886//645 952//645 950//645
f 897//646 963//646 961//646
f 845//595 917//595 854//595
f 856//647 922//647 919//647
f 890//648 952//648 888//648
f 838//598 963//598 899//598
f 877//649 938//649 875//649
f 863//596 923//596 860//596
f 937//650 939//650 97//650
f 904//651 907//651 97//651
f 908//652 911//652 97//652
f 924//653 927//653 97//653
f 939//654 941//654 97//654
f 953//655 955//655 97//655
f 931//656 934//656 97//656
f 954//657 956//657 97//657
f 927//658 930//658 97//658
f 922//659 925//659 97//659
f 941//654 943//654 97//654
f 920//660 923//660 97//660
f 910//661 913//661 97//661
f 926//662 929//662 97//662
f 911//663 914//663 97//663
f 956//664 958//664 97//664
f 930//665 933//665 97//665
f 902//666 905//666 97//666
f 943//667 945//667 97//667
f 940//668 942//668 97//668
f 955//669 957//669 97//669
f 929//670 932//670 97//670
f 934//671 936//671 97//671
f 958//664 960//664 97//664
f 933//672 948//672 97//672
f 948//673 965//673 97//673
f 945//667 947//667 97//667
f 942//674 944//674 97//674
f 907//675 910//675 97//675
f 932//670 935//670 97//670
f 914//663 917//663 97//663
f 960//676 962//676 97//676
f 957//669 959//669 97//669
f 944//674 946//674 97//674
f 947//677 950//677 97//677
f 962//676 964//676 97//676
f 913//678 916//678 97//678
f 946//679 949//679 97//679
f 936//671 938//671 97//671
f 964//680 903//680 97//680
f 959//681 961//681 97//681
f 949//679 951//679 97//679
f 905//682 908//682 97//682
f 903//680 906//680 97//680
f 916//683 919//683 97//683
f 906//684 909//684 97//684
f 950//677 952//677 97//677
f 909//684 912//684 97//684
f 961//681 963//681 97//681
f 921//685 924//685 97//685
f 917//660 920//660 97//660
f 965//686 904//686 97//686
f 919//687 922//687 97//687
f 912//688 915//688 97//688
f 952//657 954//657 97//657
f 935//689 937//689 97//689
f 963//666 902//666 97//666
f 915//688 918//688 97//688
f 938//668 940//668 97//668
f 928//656 931//656 97//656
f 923//662 926//662 97//662
f 918//685 921//685 97//685
f 925//659 928//659 97//659
f 951//655 953//655 97//655
f 776//708 996//708 1029//708
f 776//709 1028//709 779//709
f 782//709 1028//709 1027//709
f 782//710 1026//710 785//710
f 788//711 1026//711 1025//711
f 788//712 1024//712 791//712
f 794//712 1024//712 1023//712
f 794//713 1022//713 797//713
f 800//713 1022//713 1021//713
f 800//714 1020//714 803//714
f 806//714 1020//714 1019//714
f 806//715 1018//715 808//715
f 810//715 1018//715 1017//715
f 810//716 1016//716 812//716
f 814//716 1016//716 1015//716
f 814//717 1014//717 816//717
f 818//717 1014//717 1013//717
f 818//718 1012//718 820//718
f 822//718 1012//718 1011//718
f 822//719 1010//719 824//719
f 826//719 1010//719 1009//719
f 826//720 1008//720 828//720
f 830//720 1008//720 1007//720
f 830//721 1006//721 832//721
f 835//722 1006//722 1005//722
f 835//723 1004//723 774//723
f 777//723 1004//723 1003//723
f 777//724 1002//724 780//724
f 783//724 1002//724 1001//724
f 783//725 1000//725 786//725
f 789//726 1000//726 999//726
f 789//727 998//727 792//727
f 795//727 998//727 997//727
f 795//728 975//728 798//728
f 188//743 162//743 3//743
f 162//744 170//744 5//744
f 170//745 177//745 7//745
f 177//746 184//746 9//746
f 184//747 192//747 11//747
f 192//748 168//748 13//748
f 168//749 175//749 15//749
f 175//750 182//750 17//750
f 17//751 182//751 190//751
f 19//752 190//752 166//752
f 21//753 166//753 173//753
f 23//754 173//754 180//754
f 25//755 180//755 187//755
f 27//756 187//756 164//756
f 29//757 164//757 171//757
f 31//758 171//758 178//758
f 178//759 185//759 35//759
f 185//760 193//760 37//760
f 193//761 169//761 39//761
f 169//762 176//762 41//762
f 176//763 183//763 43//763
f 183//764 191//764 45//764
f 191//765 167//765 47//765
f 167//766 174//766 49//766
f 49//767 174//767 181//767
f 51//768 181//768 189//768
f 53//769 189//769 165//769
f 55//770 165//770 172//770
f 57//771 172//771 179//771
f 59//772 179//772 186//772
f 61//773 186//773 163//773
f 63//774 163//774 188//774
f 63//33 1//33 3//33
f 3//33 5//33 7//33
f 7//33 9//33 11//33
f 11//775 13//775 15//775
f 15//33 17//33 19//33
f 19//775 21//775 23//775
f 23//33 25//33 27//33
f 27//33 29//33 31//33
f 31//33 33//33 35//33
f 35//33 37//33 39//33
f 39//33 41//33 43//33
f 43//776 45//776 47//776
f 47//33 49//33 51//33
f 51//776 53//776 55//776
f 55//33 57//33 59//33
f 59//33 61//33 63//33
f 63//33 3//33 7//33
f 7//33 11//33 15//33
f 15//33 19//33 23//33
f 23//33 27//33 31//33
f 31//33 35//33 39//33
f 39//33 43//33 47//33
f 47//33 51//33 55//33
f 55//33 59//33 63//33
f 63//33 7//33 15//33
f 15//33 23//33 31//33
f 31//33 39//33 47//33
f 47//33 55//33 63//33
f 63//33 15//33 31//33
f 996//708 837//708 834//708
f 975//35 977//35 801//35
f 979//777 804//777 801//777
f 979//36 981//36 807//36
f 982//37 809//37 807//37
f 982//37 983//37 811//37
f 984//38 813//38 811//38
f 984//38 985//38 815//38
f 986//39 817//39 815//39
f 986//39 987//39 819//39
f 988//40 821//40 819//40
f 988//40 989//40 823//40
f 990//41 825//41 823//41
f 990//41 991//41 827//41
f 992//42 829//42 827//42
f 992//42 993//42 831//42
f 994//43 833//43 831//43
f 994//43 995//43 836//43
f 967//44 775//44 836//44
f 967//44 968//44 778//44
f 969//45 781//45 778//45
f 969//45 970//45 784//45
f 971//46 787//46 784//46
f 971//46 972//46 790//46
f 973//47 793//47 790//47
f 973//47 974//47 796//47
f 976//48 799//48 796//48
f 976//48 978//48 802//48
f 980//49 805//49 802//49
f 980//49 966//49 834//49
f 837//557 776//557 840//557
f 809//558 874//558 872//558
f 803//559 868//559 865//559
f 797//560 800//560 865//560
f 809//558 811//558 876//558
f 780//561 783//561 848//561
f 813//562 878//562 876//562
f 803//559 806//559 871//559
f 813//562 815//562 880//562
f 786//563 851//563 848//563
f 817//564 882//564 880//564
f 808//565 873//565 871//565
f 817//564 819//564 884//564
f 786//563 789//563 854//563
f 821//566 886//566 884//566
f 808//565 810//565 875//565
f 780//561 844//561 841//561
f 821//566 823//566 888//566
f 792//567 845//567 854//567
f 825//568 890//568 888//568
f 812//569 877//569 875//569
f 825//568 827//568 892//568
f 792//567 795//567 860//567
f 829//571 894//571 892//571
f 812//569 814//569 879//569
f 829//571 831//571 896//571
f 816//572 881//572 879//572
f 833//573 898//573 896//573
f 816//572 818//572 883//572
f 833//573 836//573 900//573
f 820//574 885//574 883//574
f 775//575 839//575 900//575
f 820//574 822//574 887//574
f 775//575 778//575 842//575
f 781//576 846//576 842//576
f 781//576 784//576 849//576
f 793//577 796//577 861//577
f 787//578 852//578 849//578
f 787//578 790//578 855//578
f 793//577 858//577 855//577
f 824//579 889//579 887//579
f 779//580 843//580 840//580
f 799//581 864//581 861//581
f 824//579 826//579 891//579
f 799//581 802//581 867//581
f 785//586 850//586 847//586
f 805//585 870//585 867//585
f 828//584 893//584 891//584
f 805//583 834//583 857//583
f 779//580 782//580 847//580
f 828//584 830//584 895//584
f 785//582 788//582 853//582
f 832//587 897//587 895//587
f 791//588 856//588 853//588
f 832//587 835//587 899//587
f 791//588 794//588 859//588
f 774//589 838//589 899//589
f 798//590 863//590 860//590
f 797//560 862//560 859//560
f 798//590 801//590 866//590
f 774//589 777//589 841//589
f 804//592 869//592 866//592
f 837//557 901//557 857//557
f 804//592 807//592 872//592
f 890//648 892//648 956//648
f 862//620 925//620 922//620
f 845//595 860//595 923//595
f 863//596 866//596 929//596
f 894//601 958//601 956//601
f 838//598 841//598 905//598
f 877//649 879//649 942//649
f 869//600 932//600 929//600
f 894//597 896//597 960//597
f 901//602 965//602 948//602
f 881//606 944//606 942//606
f 869//600 872//600 935//600
f 898//607 962//607 960//607
f 881//603 883//603 946//603
f 898//605 900//605 964//605
f 885//610 949//610 946//610
f 839//611 903//611 964//611
f 885//608 887//608 951//608
f 839//609 842//609 906//609
f 846//613 909//613 906//613
f 846//612 849//612 912//612
f 858//619 861//619 924//619
f 901//602 840//602 904//602
f 852//617 915//617 912//617
f 874//622 937//622 935//622
f 852//615 855//615 918//615
f 868//628 931//628 928//628
f 858//614 921//614 918//614
f 862//594 865//594 928//594
f 889//627 953//627 951//627
f 874//1018 876//1018 939//1018
f 843//623 907//623 904//623
f 844//643 848//643 911//643
f 864//629 927//629 924//629
f 878//626 941//626 939//626
f 889//621 891//621 955//621
f 868//618 871//618 934//618
f 864//625 867//625 930//625
f 878//626 880//626 943//626
f 850//1019 913//1019 910//1019
f 851//1020 914//1020 911//1020
f 870//1021 933//1021 930//1021
f 882//637 945//637 943//637
f 893//638 957//638 955//638
f 873//641 936//641 934//641
f 870//632 857//632 948//632
f 882//1022 884//1022 947//1022
f 843//623 847//623 910//623
f 851//631 854//631 917//631
f 893//634 895//634 959//634
f 886//645 950//645 947//645
f 850//630 853//630 916//630
f 873//635 875//635 938//635
f 897//1023 961//1023 959//1023
f 844//624 908//624 905//624
f 856//647 919//647 916//647
f 886//639 888//639 952//639
f 897//1024 899//1024 963//1024
f 845//595 920//595 917//595
f 856//644 859//644 922//644
f 890//593 954//593 952//593
f 838//598 902//598 963//598
f 877//599 940//599 938//599
f 863//596 926//596 923//596
f 776//708 837//708 996//708
f 776//709 1029//709 1028//709
f 782//709 779//709 1028//709
f 782//710 1027//710 1026//710
f 788//711 785//711 1026//711
f 788//712 1025//712 1024//712
f 794//712 791//712 1024//712
f 794//713 1023//713 1022//713
f 800//713 797//713 1022//713
f 800//714 1021//714 1020//714
f 806//714 803//714 1020//714
f 806//715 1019//715 1018//715
f 810//715 808//715 1018//715
f 810//716 1017//716 1016//716
f 814//716 812//716 1016//716
f 814//717 1015//717 1014//717
f 818//717 816//717 1014//717
f 818//718 1013//718 1012//718
f 822//718 820//718 1012//718
f 822//719 1011//719 1010//719
f 826//719 824//719 1010//719
f 826//720 1009//720 1008//720
f 830//720 828//720 1008//720
f 830//722 1007//722 1006//722
f 835//722 832//722 1006//722
f 835//723 1005//723 1004//723
f 777//723 774//723 1004//723
f 777//724 1003//724 1002//724
f 783//724 780//724 1002//724
f 783//726 1001//726 1000//726
f 789//726 786//726 1000//726
f 789//1025 999//1025 998//1025
f 795//1025 792//1025 998//1025
f 795//35 997//35 975//35
