# Blender 5.1.2
# www.blender.org
mtllib Interceptor_PAC.mtl
o パトリオット
v -0.000000 0.187500 -2.600000
v -0.000000 0.187500 1.501028
v 0.036579 0.183897 -2.600000
v 0.036579 0.183897 1.501028
v 0.071753 0.173227 -2.600000
v 0.071753 0.173227 1.501028
v 0.104169 0.155901 -2.600000
v 0.104169 0.155901 1.501028
v 0.132582 0.132583 -2.600000
v 0.132582 0.132583 1.501028
v 0.155900 0.104169 -2.600000
v 0.155900 0.104169 1.501028
v 0.173227 0.071753 -2.600000
v 0.173227 0.071753 1.501028
v 0.183897 0.036579 -2.600000
v 0.183897 0.036579 1.501028
v 0.187500 -0.000000 -2.600000
v 0.187500 -0.000000 1.501028
v 0.183897 -0.036579 -2.600000
v 0.183897 -0.036579 1.501028
v 0.173227 -0.071753 -2.600000
v 0.173227 -0.071753 1.501028
v 0.155900 -0.104169 -2.600000
v 0.155900 -0.104169 1.501028
v 0.132582 -0.132583 -2.600000
v 0.132582 -0.132583 1.501028
v 0.104169 -0.155901 -2.600000
v 0.104169 -0.155901 1.501028
v 0.071753 -0.173227 -2.600000
v 0.071753 -0.173227 1.501028
v 0.036579 -0.183897 -2.600000
v 0.036579 -0.183897 1.501028
v -0.000000 -0.187500 -2.600000
v -0.000000 -0.187500 1.501028
v -0.036580 -0.183897 -2.600000
v -0.036580 -0.183897 1.501028
v -0.071754 -0.173227 -2.600000
v -0.071754 -0.173227 1.501028
v -0.104170 -0.155901 -2.600000
v -0.104170 -0.155901 1.501028
v -0.132583 -0.132583 -2.600000
v -0.132583 -0.132583 1.501028
v -0.155901 -0.104169 -2.600000
v -0.155901 -0.104169 1.501028
v -0.173228 -0.071753 -2.600000
v -0.173228 -0.071753 1.501028
v -0.183898 -0.036579 -2.600000
v -0.183898 -0.036579 1.501028
v -0.187500 -0.000000 -2.600000
v -0.187500 -0.000000 1.501028
v -0.183898 0.036579 -2.600000
v -0.183898 0.036579 1.501028
v -0.173228 0.071753 -2.600000
v -0.173228 0.071753 1.501028
v -0.155901 0.104169 -2.600000
v -0.155901 0.104169 1.501028
v -0.132583 0.132583 -2.600000
v -0.132583 0.132583 1.501028
v -0.104170 0.155901 -2.600000
v -0.104170 0.155901 1.501028
v -0.071754 0.173227 -2.600000
v -0.071754 0.173227 1.501028
v -0.036580 0.183897 -2.600000
v -0.036580 0.183897 1.501028
v -0.000000 0.000000 2.600000
v -0.165685 0.000000 1.787921
v 0.137597 -0.091935 1.788958
v -0.162499 -0.032324 1.787932
v 0.152879 -0.063322 1.789010
v -0.153064 -0.063404 1.787964
v 0.162289 -0.032280 1.789043
v -0.137745 -0.092042 1.788017
v 0.165466 0.000000 1.789054
v 0.032304 0.162372 1.788598
v -0.117131 -0.117137 1.788087
v 0.162289 0.032280 1.789043
v 0.000006 0.165575 1.788488
v -0.092018 -0.137724 1.788173
v 0.152879 0.063322 1.789010
v -0.032300 0.162416 1.788377
v -0.063374 -0.153013 1.788271
v 0.137597 0.091935 1.788958
v -0.063374 0.153013 1.788271
v -0.032300 -0.162416 1.788377
v 0.117028 0.117022 1.788888
v -0.092018 0.137724 1.788173
v 0.000006 -0.165575 1.788488
v 0.091959 0.137618 1.788803
v -0.117131 0.117137 1.788087
v 0.032304 -0.162372 1.788598
v 0.063352 0.152931 1.788705
v -0.137745 0.092042 1.788017
v 0.063352 -0.152931 1.788704
v -0.153064 0.063404 1.787964
v 0.091959 -0.137618 1.788802
v -0.162499 0.032324 1.787932
v 0.117028 -0.117022 1.788888
v -0.130564 -0.000000 2.007292
v 0.108560 -0.072537 2.007292
v -0.128055 -0.025472 2.007292
v 0.120625 -0.049965 2.007292
v -0.120626 -0.049965 2.007292
v 0.128055 -0.025472 2.007292
v -0.108560 -0.072537 2.007292
v 0.130564 -0.000000 2.007292
v -0.092323 -0.092323 2.007292
v 0.128055 0.025472 2.007292
v -0.000000 0.130564 2.007292
v -0.072538 -0.108560 2.007292
v 0.120625 0.049965 2.007292
v 0.025471 0.128055 2.007292
v -0.025472 0.128055 2.007292
v -0.049965 -0.120625 2.007292
v 0.108560 0.072537 2.007292
v -0.049965 0.120625 2.007292
v -0.025472 -0.128055 2.007292
v 0.092322 0.092323 2.007292
v -0.072538 0.108560 2.007292
v -0.000000 -0.130564 2.007292
v 0.072537 0.108560 2.007292
v -0.092323 0.092323 2.007292
v 0.025471 -0.128055 2.007292
v 0.049964 0.120625 2.007292
v -0.108560 0.072537 2.007292
v 0.049964 -0.120625 2.007292
v -0.120626 0.049965 2.007292
v 0.072537 -0.108560 2.007292
v -0.128055 0.025472 2.007292
v 0.092322 -0.092323 2.007292
v -0.090683 -0.000000 2.222383
v 0.075400 -0.050381 2.222383
v -0.088941 -0.017691 2.222383
v 0.083780 -0.034703 2.222383
v -0.083780 -0.034703 2.222383
v 0.088940 -0.017691 2.222383
v -0.075400 -0.050381 2.222383
v 0.090682 -0.000000 2.222383
v -0.064123 -0.064122 2.222383
v 0.088940 0.017691 2.222383
v -0.000000 0.090683 2.222383
v -0.050381 -0.075400 2.222383
v 0.083780 0.034703 2.222383
v -0.017692 0.088940 2.222383
v -0.034703 -0.083780 2.222383
v 0.075400 0.050381 2.222383
v -0.034703 0.083780 2.222383
v -0.017692 -0.088940 2.222383
v 0.064122 0.064122 2.222383
v -0.050381 0.075400 2.222383
v -0.000000 -0.090683 2.222383
v 0.050380 0.075400 2.222383
v -0.064123 0.064122 2.222383
v 0.017691 -0.088940 2.222383
v 0.034702 0.083780 2.222383
v -0.075400 0.050381 2.222383
v 0.034702 -0.083780 2.222383
v 0.017691 0.088940 2.222383
v -0.083780 0.034703 2.222383
v 0.050380 -0.075400 2.222383
v -0.088941 0.017691 2.222383
v 0.064122 -0.064122 2.222383
v 0.018289 0.185699 -2.600000
v 0.018289 0.185699 1.501028
v -0.000000 0.187500 -0.549486
v 0.036579 0.183897 -0.549486
v 0.054166 0.178562 -2.600000
v 0.054166 0.178562 1.501028
v 0.071753 0.173227 -0.549486
v 0.087961 0.164564 -2.600000
v 0.087961 0.164564 1.501028
v 0.104169 0.155901 -0.549486
v 0.118376 0.144242 -2.600000
v 0.118376 0.144242 1.501028
v 0.132582 0.132583 -0.549486
v 0.144241 0.118376 -2.600000
v 0.144241 0.118376 1.501028
v 0.155900 0.104169 -0.549486
v 0.164564 0.087961 -2.600000
v 0.164564 0.087961 1.501028
v 0.173227 0.071753 -0.549486
v 0.178562 0.054166 -2.600000
v 0.178562 0.054166 1.501028
v 0.183897 0.036579 -0.549486
v 0.185698 0.018290 -2.600000
v 0.185698 0.018290 1.501028
v 0.187500 -0.000000 -0.549486
v 0.185698 -0.018290 -2.600000
v 0.185698 -0.018290 1.501028
v 0.183897 -0.036579 -0.549486
v 0.178562 -0.054166 -2.600000
v 0.178562 -0.054166 1.501028
v 0.173227 -0.071753 -0.549486
v 0.164564 -0.087961 -2.600000
v 0.164564 -0.087961 1.501028
v 0.155900 -0.104169 -0.549486
v 0.144241 -0.118376 -2.600000
v 0.144241 -0.118376 1.501028
v 0.132582 -0.132583 -0.549486
v 0.118376 -0.144242 -2.600000
v 0.118376 -0.144242 1.501028
v 0.104169 -0.155901 -0.549486
v 0.087961 -0.164564 -2.600000
v 0.087961 -0.164564 1.501028
v 0.071753 -0.173227 -0.549486
v 0.054166 -0.178562 -2.600000
v 0.054166 -0.178562 1.501028
v 0.036579 -0.183897 -0.549486
v 0.018289 -0.185699 -2.600000
v 0.018289 -0.185699 1.501028
v -0.000000 -0.187500 -0.549486
v -0.018290 -0.185699 -2.600000
v -0.018290 -0.185699 1.501028
v -0.036580 -0.183897 -0.549486
v -0.054167 -0.178562 -2.600000
v -0.054167 -0.178562 1.501028
v -0.071754 -0.173227 -0.549486
v -0.087962 -0.164564 -2.600000
v -0.087962 -0.164564 1.501028
v -0.104170 -0.155901 -0.549486
v -0.118376 -0.144242 -2.600000
v -0.118376 -0.144242 1.501028
v -0.132583 -0.132583 -0.549486
v -0.144242 -0.118376 -2.600000
v -0.144242 -0.118376 1.501028
v -0.155901 -0.104169 -0.549486
v -0.164564 -0.087961 -2.600000
v -0.164564 -0.087961 1.501028
v -0.173228 -0.071753 -0.549486
v -0.178563 -0.054166 -2.600000
v -0.178563 -0.054166 1.501028
v -0.183898 -0.036579 -0.549486
v -0.185699 -0.018290 -2.600000
v -0.185699 -0.018290 1.501028
v -0.187500 -0.000000 -0.549486
v -0.185699 0.018290 -2.600000
v -0.185699 0.018290 1.501028
v -0.183898 0.036579 -0.549486
v -0.178563 0.054166 -2.600000
v -0.178563 0.054166 1.501028
v -0.173228 0.071753 -0.549486
v -0.164564 0.087961 -2.600000
v -0.164564 0.087961 1.501028
v -0.155901 0.104169 -0.549486
v -0.144242 0.118376 -2.600000
v -0.144242 0.118376 1.501028
v -0.132583 0.132583 -0.549486
v -0.118376 0.144242 -2.600000
v -0.118376 0.144242 1.501028
v -0.104170 0.155901 -0.549486
v -0.087962 0.164564 -2.600000
v -0.087962 0.164564 1.501028
v -0.071754 0.173227 -0.549486
v -0.054167 0.178562 -2.600000
v -0.054167 0.178562 1.501028
v -0.036580 0.183897 -0.549486
v -0.018290 0.185699 -2.600000
v -0.018290 0.185699 1.501028
v -0.018290 0.185699 -0.549486
v -0.054167 0.178562 -0.549486
v -0.087962 0.164564 -0.549486
v -0.118376 0.144242 -0.549486
v -0.144242 0.118376 -0.549486
v -0.164564 0.087961 -0.549486
v -0.178563 0.054166 -0.549486
v -0.185699 0.018290 -0.549486
v -0.185699 -0.018290 -0.549486
v -0.178563 -0.054166 -0.549486
v -0.164564 -0.087961 -0.549486
v -0.144242 -0.118376 -0.549486
v -0.118376 -0.144242 -0.549486
v -0.087962 -0.164564 -0.549486
v -0.054167 -0.178562 -0.549486
v -0.018290 -0.185699 -0.549486
v 0.018289 -0.185699 -0.549486
v 0.054166 -0.178562 -0.549486
v 0.087961 -0.164564 -0.549486
v 0.118376 -0.144242 -0.549486
v 0.144241 -0.118376 -0.549486
v 0.164564 -0.087961 -0.549486
v 0.178562 -0.054166 -0.549486
v 0.185698 -0.018290 -0.549486
v 0.185698 0.018290 -0.549486
v 0.178562 0.054166 -0.549486
v 0.164564 0.087961 -0.549486
v 0.144241 0.118376 -0.549486
v 0.118376 0.144242 -0.549486
v 0.087961 0.164564 -0.549486
v 0.054166 0.178562 -0.549486
v 0.018289 0.185699 -0.549486
v 0.027434 0.184798 -2.600000
v 0.036579 0.183897 -1.574743
v 0.062959 0.175895 -2.600000
v 0.071753 0.173227 -1.574743
v 0.096065 0.160232 -2.600000
v 0.104169 0.155901 -1.574743
v 0.125479 0.138412 -2.600000
v 0.132582 0.132583 -1.574743
v 0.150071 0.111273 -2.600000
v 0.155900 0.104169 -1.574743
v 0.168895 0.079857 -2.600000
v 0.173227 0.071753 -1.574743
v 0.181229 0.045373 -2.600000
v 0.183897 0.036579 -1.574743
v 0.186599 0.009145 -2.600000
v 0.330000 0.000000 -1.824743
v 0.184798 -0.027435 -2.600000
v 0.183897 -0.036579 -1.574743
v 0.175895 -0.062960 -2.600000
v 0.173227 -0.071753 -1.574743
v 0.160232 -0.096065 -2.600000
v 0.155900 -0.104169 -1.574743
v 0.138412 -0.125479 -2.600000
v 0.132582 -0.132583 -1.574743
v 0.111272 -0.150071 -2.600000
v 0.104169 -0.155901 -1.574743
v 0.079857 -0.168896 -2.600000
v 0.071753 -0.173227 -1.574743
v 0.045373 -0.181230 -2.600000
v 0.036579 -0.183897 -1.574743
v 0.009145 -0.186599 -2.600000
v 0.000000 -0.330000 -1.824743
v -0.027435 -0.184798 -2.600000
v -0.036580 -0.183897 -1.574743
v -0.062960 -0.175895 -2.600000
v -0.071754 -0.173227 -1.574743
v -0.096066 -0.160232 -2.600000
v -0.104170 -0.155901 -1.574743
v -0.125480 -0.138412 -2.600000
v -0.132583 -0.132583 -1.574743
v -0.150071 -0.111273 -2.600000
v -0.155901 -0.104169 -1.574743
v -0.168896 -0.079857 -2.600000
v -0.173228 -0.071753 -1.574743
v -0.181230 -0.045373 -2.600000
v -0.183898 -0.036579 -1.574743
v -0.186600 -0.009145 -2.600000
v -0.330000 0.000000 -1.824743
v -0.184798 0.027435 -2.600000
v -0.183898 0.036579 -1.574743
v -0.175895 0.062960 -2.600000
v -0.173228 0.071753 -1.574743
v -0.160233 0.096065 -2.600000
v -0.155901 0.104169 -1.574743
v -0.138412 0.125479 -2.600000
v -0.132583 0.132583 -1.574743
v -0.111273 0.150071 -2.600000
v -0.104170 0.155901 -1.574743
v -0.079858 0.168896 -2.600000
v -0.071754 0.173227 -1.574743
v -0.045373 0.181230 -2.600000
v -0.036580 0.183897 -1.574743
v -0.009145 0.186599 -2.600000
v 0.009145 0.186599 -2.600000
v 0.000000 0.330000 -1.824743
v 0.045373 0.181230 -2.600000
v 0.079857 0.168896 -2.600000
v 0.111272 0.150071 -2.600000
v 0.138412 0.125479 -2.600000
v 0.160232 0.096065 -2.600000
v 0.175895 0.062960 -2.600000
v 0.184798 0.027435 -2.600000
v 0.186599 -0.009145 -2.600000
v 0.181229 -0.045373 -2.600000
v 0.168895 -0.079857 -2.600000
v 0.150071 -0.111273 -2.600000
v 0.125479 -0.138412 -2.600000
v 0.096065 -0.160232 -2.600000
v 0.062959 -0.175895 -2.600000
v 0.027434 -0.184798 -2.600000
v -0.009145 -0.186599 -2.600000
v -0.045373 -0.181230 -2.600000
v -0.079858 -0.168896 -2.600000
v -0.111273 -0.150071 -2.600000
v -0.138412 -0.125479 -2.600000
v -0.160233 -0.096065 -2.600000
v -0.175895 -0.062960 -2.600000
v -0.184798 -0.027435 -2.600000
v -0.186600 0.009145 -2.600000
v -0.181230 0.045373 -2.600000
v -0.168896 0.079857 -2.600000
v -0.150071 0.111273 -2.600000
v -0.125480 0.138412 -2.600000
v -0.096066 0.160232 -2.600000
v -0.062960 0.175895 -2.600000
v -0.027435 0.184798 -2.600000
v -0.009145 0.186599 -0.549486
v -0.027435 0.184798 -0.549486
v -0.018290 0.185699 -1.574743
v -0.045373 0.181230 -0.549486
v -0.062960 0.175895 -0.549486
v -0.054167 0.178562 -1.574743
v -0.079858 0.168896 -0.549486
v -0.096066 0.160232 -0.549486
v -0.087962 0.164564 -1.574743
v -0.111273 0.150071 -0.549486
v -0.125480 0.138412 -0.549486
v -0.118376 0.144242 -1.574743
v -0.138412 0.125479 -0.549486
v -0.150071 0.111273 -0.549486
v -0.144242 0.118376 -1.574743
v -0.160233 0.096065 -0.549486
v -0.168896 0.079857 -0.549486
v -0.164564 0.087961 -1.574743
v -0.175895 0.062960 -0.549486
v -0.181230 0.045373 -0.549486
v -0.178563 0.054166 -1.574743
v -0.184798 0.027435 -0.549486
v -0.186600 0.009145 -0.549486
v -0.185699 0.018290 -1.574743
v -0.186600 -0.009145 -0.549486
v -0.184798 -0.027435 -0.549486
v -0.185699 -0.018290 -1.574743
v -0.181230 -0.045373 -0.549486
v -0.175895 -0.062960 -0.549486
v -0.178563 -0.054166 -1.574743
v -0.168896 -0.079857 -0.549486
v -0.160233 -0.096065 -0.549486
v -0.164564 -0.087961 -1.574743
v -0.150071 -0.111273 -0.549486
v -0.138412 -0.125479 -0.549486
v -0.144242 -0.118376 -1.574743
v -0.125480 -0.138412 -0.549486
v -0.111273 -0.150071 -0.549486
v -0.118376 -0.144242 -1.574743
v -0.096066 -0.160232 -0.549486
v -0.079858 -0.168896 -0.549486
v -0.087962 -0.164564 -1.574743
v -0.062960 -0.175895 -0.549486
v -0.045373 -0.181230 -0.549486
v -0.054167 -0.178562 -1.574743
v -0.027435 -0.184798 -0.549486
v -0.009145 -0.186599 -0.549486
v -0.018290 -0.185699 -1.574743
v 0.009145 -0.186599 -0.549486
v 0.027434 -0.184798 -0.549486
v 0.018289 -0.185699 -1.574743
v 0.045373 -0.181230 -0.549486
v 0.062959 -0.175895 -0.549486
v 0.054166 -0.178562 -1.574743
v 0.079857 -0.168896 -0.549486
v 0.096065 -0.160232 -0.549486
v 0.087961 -0.164564 -1.574743
v 0.111272 -0.150071 -0.549486
v 0.125479 -0.138412 -0.549486
v 0.118376 -0.144242 -1.574743
v 0.138412 -0.125479 -0.549486
v 0.150071 -0.111273 -0.549486
v 0.144241 -0.118376 -1.574743
v 0.160232 -0.096065 -0.549486
v 0.168895 -0.079857 -0.549486
v 0.164564 -0.087961 -1.574743
v 0.175895 -0.062960 -0.549486
v 0.181229 -0.045373 -0.549486
v 0.178562 -0.054166 -1.574743
v 0.184798 -0.027435 -0.549486
v 0.186599 -0.009145 -0.549486
v 0.185698 -0.018290 -1.574743
v 0.186599 0.009145 -0.549486
v 0.184798 0.027435 -0.549486
v 0.185698 0.018290 -1.574743
v 0.181229 0.045373 -0.549486
v 0.175895 0.062960 -0.549486
v 0.178562 0.054166 -1.574743
v 0.168895 0.079857 -0.549486
v 0.160232 0.096065 -0.549486
v 0.164564 0.087961 -1.574743
v 0.150071 0.111273 -0.549486
v 0.138412 0.125479 -0.549486
v 0.144241 0.118376 -1.574743
v 0.125479 0.138412 -0.549486
v 0.111272 0.150071 -0.549486
v 0.118376 0.144242 -1.574743
v 0.096065 0.160232 -0.549486
v 0.079857 0.168896 -0.549486
v 0.087961 0.164564 -1.574743
v 0.062959 0.175895 -0.549486
v 0.045373 0.181230 -0.549486
v 0.054166 0.178562 -1.574743
v 0.027434 0.184798 -0.549486
v 0.009145 0.186599 -0.549486
v 0.018289 0.185699 -1.574743
v 0.009145 0.186599 -1.574743
v 0.027434 0.184798 -1.574743
v 0.045373 0.181230 -1.574743
v 0.062959 0.175895 -1.574743
v 0.079857 0.168896 -1.574743
v 0.096065 0.160232 -1.574743
v 0.111272 0.150071 -1.574743
v 0.125479 0.138412 -1.574743
v 0.138412 0.125479 -1.574743
v 0.150071 0.111273 -1.574743
v 0.160232 0.096065 -1.574743
v 0.168895 0.079857 -1.574743
v 0.175895 0.062960 -1.574743
v 0.181229 0.045373 -1.574743
v 0.184798 0.027435 -1.574743
v 0.186599 0.009145 -1.574743
v 0.186599 -0.009145 -1.574743
v 0.184798 -0.027435 -1.574743
v 0.181229 -0.045373 -1.574743
v 0.175895 -0.062960 -1.574743
v 0.168895 -0.079857 -1.574743
v 0.160232 -0.096065 -1.574743
v 0.150071 -0.111273 -1.574743
v 0.138412 -0.125479 -1.574743
v 0.125479 -0.138412 -1.574743
v 0.111272 -0.150071 -1.574743
v 0.096065 -0.160232 -1.574743
v 0.079857 -0.168896 -1.574743
v 0.062959 -0.175895 -1.574743
v 0.045373 -0.181230 -1.574743
v 0.027434 -0.184798 -1.574743
v 0.009145 -0.186599 -1.574743
v -0.009145 -0.186599 -1.574743
v -0.027435 -0.184798 -1.574743
v -0.045373 -0.181230 -1.574743
v -0.062960 -0.175895 -1.574743
v -0.079858 -0.168896 -1.574743
v -0.096066 -0.160232 -1.574743
v -0.111273 -0.150071 -1.574743
v -0.125480 -0.138412 -1.574743
v -0.138412 -0.125479 -1.574743
v -0.150071 -0.111273 -1.574743
v -0.160233 -0.096065 -1.574743
v -0.168896 -0.079857 -1.574743
v -0.175895 -0.062960 -1.574743
v -0.181230 -0.045373 -1.574743
v -0.184798 -0.027435 -1.574743
v -0.186600 -0.009145 -1.574743
v -0.186600 0.009145 -1.574743
v -0.184798 0.027435 -1.574743
v -0.181230 0.045373 -1.574743
v -0.175895 0.062960 -1.574743
v -0.168896 0.079857 -1.574743
v -0.160233 0.096065 -1.574743
v -0.150071 0.111273 -1.574743
v -0.138412 0.125479 -1.574743
v -0.125480 0.138412 -1.574743
v -0.111273 0.150071 -1.574743
v -0.096066 0.160232 -1.574743
v -0.079858 0.168896 -1.574743
v -0.062960 0.175895 -1.574743
v -0.045373 0.181230 -1.574743
v -0.027435 0.184798 -1.574743
v -0.009145 0.186599 -1.574743
v 0.027434 -0.184798 -1.104138
v -0.168896 -0.079857 -1.104138
v 0.155900 0.104169 -1.104138
v -0.173228 -0.071753 -1.104138
v -0.125480 0.138412 -1.104138
v -0.036580 0.183897 -1.104138
v -0.062960 0.175895 -1.104138
v 0.096065 0.160232 -1.104138
v 0.178562 -0.054166 -1.104138
v -0.164564 0.087961 -1.104138
v -0.186600 0.009145 -1.104138
v 0.181229 -0.045373 -1.104138
v 0.009145 -0.186599 -1.104138
v -0.175895 -0.062960 -1.104138
v -0.071754 0.173227 -1.104138
v 0.183897 0.036579 -1.104138
v 0.185698 -0.018290 -1.104138
v -0.178563 0.054166 -1.104138
v 0.111272 0.150071 -1.104138
v 0.330000 0.000000 -1.354138
v -0.009145 -0.186599 -1.104138
v 0.185698 0.018290 -1.104138
v -0.181230 -0.045373 -1.104138
v 0.183897 -0.036579 -1.104138
v -0.096066 0.160232 -1.104138
v 0.125479 0.138412 -1.104138
v 0.173227 -0.071753 -1.104138
v -0.009145 0.186599 -1.104138
v 0.178562 0.054166 -1.104138
v -0.185699 -0.018290 -1.104138
v -0.027435 -0.184798 -1.104138
v -0.184798 -0.027435 -1.104138
v 0.155900 -0.104169 -1.104138
v -0.185699 0.018290 -1.104138
v 0.138412 0.125479 -1.104138
v 0.111272 -0.150071 -1.104138
v -0.178563 -0.054166 -1.104138
v 0.160232 -0.096065 -1.104138
v -0.173228 0.071753 -1.104138
v -0.045373 -0.181230 -1.104138
v 0.168895 -0.079857 -1.104138
v -0.186600 -0.009145 -1.104138
v 0.132582 0.132583 -1.104138
v 0.104169 -0.155901 -1.104138
v 0.144241 0.118376 -1.104138
v -0.164564 -0.087961 -1.104138
v 0.150071 0.111273 -1.104138
v 0.071753 -0.173227 -1.104138
v 0.173227 0.071753 -1.104138
v 0.164564 0.087961 -1.104138
v -0.062960 -0.175895 -1.104138
v 0.118376 0.144242 -1.104138
v -0.144242 -0.118376 -1.104138
v 0.036579 -0.183897 -1.104138
v -0.045373 0.181230 -1.104138
v 0.160232 0.096065 -1.104138
v 0.000000 -0.330000 -1.354138
v 0.087961 0.164564 -1.104138
v -0.118376 -0.144242 -1.104138
v -0.079858 -0.168896 -1.104138
v -0.118376 0.144242 -1.104138
v -0.184798 0.027435 -1.104138
v -0.036580 -0.183897 -1.104138
v 0.138412 -0.125479 -1.104138
v -0.175895 0.062960 -1.104138
v 0.000000 0.330000 -1.354138
v 0.168895 0.079857 -1.104138
v 0.054166 0.178562 -1.104138
v -0.087962 -0.164564 -1.104138
v -0.071754 -0.173227 -1.104138
v -0.096066 -0.160232 -1.104138
v 0.132582 -0.132583 -1.104138
v -0.181230 0.045373 -1.104138
v 0.071753 0.173227 -1.104138
v -0.104170 -0.155901 -1.104138
v 0.018289 0.185699 -1.104138
v -0.054167 -0.178562 -1.104138
v 0.175895 0.062960 -1.104138
v -0.132583 -0.132583 -1.104138
v -0.111273 -0.150071 -1.104138
v -0.018290 -0.185699 -1.104138
v -0.155901 -0.104169 -1.104138
v -0.079858 0.168896 -1.104138
v 0.009145 0.186599 -1.104138
v 0.181229 0.045373 -1.104138
v 0.096065 -0.160232 -1.104138
v 0.018289 -0.185699 -1.104138
v -0.125480 -0.138412 -1.104138
v -0.168896 0.079857 -1.104138
v -0.183898 -0.036579 -1.104138
v 0.027434 0.184798 -1.104138
v 0.184798 0.027435 -1.104138
v 0.054166 -0.178562 -1.104138
v -0.018290 0.185699 -1.104138
v 0.079857 -0.168896 -1.104138
v -0.138412 -0.125479 -1.104138
v -0.160233 0.096065 -1.104138
v -0.183898 0.036579 -1.104138
v 0.045373 0.181230 -1.104138
v 0.087961 -0.164564 -1.104138
v -0.054167 0.178562 -1.104138
v 0.186599 0.009145 -1.104138
v -0.027435 0.184798 -1.104138
v 0.062959 -0.175895 -1.104138
v -0.150071 0.111273 -1.104138
v -0.150071 -0.111273 -1.104138
v -0.111273 0.150071 -1.104138
v 0.036579 0.183897 -1.104138
v 0.118376 -0.144242 -1.104138
v -0.087962 0.164564 -1.104138
v -0.155901 0.104169 -1.104138
v 0.062959 0.175895 -1.104138
v 0.125479 -0.138412 -1.104138
v -0.104170 0.155901 -1.104138
v 0.186599 -0.009145 -1.104138
v -0.330000 0.000000 -1.354138
v 0.045373 -0.181230 -1.104138
v -0.132583 0.132583 -1.104138
v 0.175895 -0.062960 -1.104138
v 0.144241 -0.118376 -1.104138
v -0.160233 -0.096065 -1.104138
v 0.104169 0.155901 -1.104138
v -0.138412 0.125479 -1.104138
v 0.150071 -0.111273 -1.104138
v 0.079857 0.168896 -1.104138
v 0.184798 -0.027435 -1.104138
v 0.164564 -0.087961 -1.104138
v -0.144242 0.118376 -1.104138
v -0.185699 -0.018290 -2.007904
v 0.096065 0.160232 -2.007904
v -0.036580 0.183897 -2.007904
v 0.184798 0.027435 -2.007904
v 0.009145 -0.186599 -2.007904
v -0.027435 0.184798 -2.007904
v -0.175895 -0.062960 -2.007904
v 0.175895 0.062960 -2.007904
v -0.178563 -0.054166 -2.007904
v -0.118376 0.144242 -2.007904
v -0.000000 0.187500 -2.007904
v 0.036579 -0.183897 -2.007904
v 0.111272 0.150071 -2.007904
v -0.045373 0.181230 -2.007904
v 0.175895 -0.062960 -2.007904
v -0.009145 0.186599 -2.007904
v -0.009145 -0.186599 -2.007904
v -0.181230 -0.045373 -2.007904
v -0.000000 -0.187500 -2.007904
v -0.164564 -0.087961 -2.007904
v 0.164564 -0.087961 -2.007904
v 0.125479 0.138412 -2.007904
v 0.168895 -0.079857 -2.007904
v -0.027435 -0.184798 -2.007904
v -0.036580 -0.183897 -2.007904
v -0.184798 -0.027435 -2.007904
v -0.144242 -0.118376 -2.007904
v 0.186599 0.009145 -2.007904
v 0.138412 0.125479 -2.007904
v -0.178563 0.054166 -2.007904
v -0.071754 -0.173227 -2.007904
v 0.036579 0.183897 -2.007904
v -0.045373 -0.181230 -2.007904
v 0.144241 -0.118376 -2.007904
v -0.186600 -0.009145 -2.007904
v -0.138412 0.125479 -2.007904
v -0.118376 -0.144242 -2.007904
v -0.104170 -0.155901 -2.007904
v 0.071753 0.173227 -2.007904
v 0.185698 0.018290 -2.007904
v 0.150071 -0.111273 -2.007904
v 0.009145 0.186599 -2.007904
v 0.062959 -0.175895 -2.007904
v -0.062960 -0.175895 -2.007904
v -0.125480 0.138412 -2.007904
v 0.118376 -0.144242 -2.007904
v -0.186600 0.009145 -2.007904
v -0.132583 -0.132583 -2.007904
v 0.104169 0.155901 -2.007904
v -0.087962 -0.164564 -2.007904
v 0.160232 0.096065 -2.007904
v 0.138412 -0.125479 -2.007904
v 0.181229 -0.045373 -2.007904
v -0.079858 -0.168896 -2.007904
v -0.155901 -0.104169 -2.007904
v 0.132582 0.132583 -2.007904
v -0.184798 0.027435 -2.007904
v 0.181229 0.045373 -2.007904
v -0.054167 -0.178562 -2.007904
v -0.096066 0.160232 -2.007904
v -0.144242 0.118376 -2.007904
v 0.144241 0.118376 -2.007904
v -0.173228 -0.071753 -2.007904
v 0.155900 0.104169 -2.007904
v -0.096066 -0.160232 -2.007904
v -0.181230 0.045373 -2.007904
v -0.079858 0.168896 -2.007904
v -0.018290 -0.185699 -2.007904
v 0.178562 -0.054166 -2.007904
v -0.183898 -0.036579 -2.007904
v 0.118376 0.144242 -2.007904
v 0.111272 -0.150071 -2.007904
v 0.054166 -0.178562 -2.007904
v -0.111273 -0.150071 -2.007904
v 0.173227 0.071753 -2.007904
v 0.160232 -0.096065 -2.007904
v -0.175895 0.062960 -2.007904
v -0.187500 -0.000000 -2.007904
v 0.183897 0.036579 -2.007904
v 0.018289 -0.185699 -2.007904
v 0.087961 0.164564 -2.007904
v 0.096065 -0.160232 -2.007904
v -0.125480 -0.138412 -2.007904
v -0.183898 0.036579 -2.007904
v 0.187500 -0.000000 -2.007904
v -0.168896 0.079857 -2.007904
v -0.087962 0.164564 -2.007904
v 0.027434 0.184798 -2.007904
v 0.054166 0.178562 -2.007904
v 0.178562 0.054166 -2.007904
v -0.173228 0.071753 -2.007904
v 0.183897 -0.036579 -2.007904
v -0.138412 -0.125479 -2.007904
v -0.111273 0.150071 -2.007904
v -0.160233 0.096065 -2.007904
v 0.173227 -0.071753 -2.007904
v 0.045373 0.181230 -2.007904
v 0.125479 -0.138412 -2.007904
v -0.155901 0.104169 -2.007904
v 0.018289 0.185699 -2.007904
v -0.071754 0.173227 -2.007904
v -0.054167 0.178562 -2.007904
v 0.168895 0.079857 -2.007904
v -0.150071 -0.111273 -2.007904
v -0.150071 0.111273 -2.007904
v 0.164564 0.087961 -2.007904
v -0.132583 0.132583 -2.007904
v 0.155900 -0.104169 -2.007904
v 0.062959 0.175895 -2.007904
v -0.164564 0.087961 -2.007904
v 0.186599 -0.009145 -2.007904
v -0.018290 0.185699 -2.007904
v 0.150071 0.111273 -2.007904
v 0.045373 -0.181230 -2.007904
v -0.160233 -0.096065 -2.007904
v -0.104170 0.155901 -2.007904
v 0.132582 -0.132583 -2.007904
v -0.185699 0.018290 -2.007904
v -0.062960 0.175895 -2.007904
v 0.079857 0.168896 -2.007904
v 0.185698 -0.018290 -2.007904
v 0.184798 -0.027435 -2.007904
v 0.071753 -0.173227 -2.007904
v 0.079857 -0.168896 -2.007904
v 0.027434 -0.184798 -2.007904
v 0.104169 -0.155901 -2.007904
v 0.087961 -0.164564 -2.007904
v -0.168896 -0.079857 -2.007904
v 0.150071 -0.111273 -0.808680
v -0.181230 0.045373 -0.807813
v 0.185698 0.018290 -0.807963
v 0.079857 0.168896 -0.807130
v 0.071753 0.173227 -0.807106
v -0.181230 -0.045373 -0.808315
v 0.184798 -0.027435 -0.808216
v -0.104170 -0.155901 -0.808927
v 0.183897 -0.036579 -0.808267
v 0.164564 -0.087961 -0.808551
v 0.018289 0.185699 -0.807037
v -0.096066 0.160232 -0.807178
v -0.144242 0.118376 -0.807409
v -0.054167 -0.178562 -0.809052
v 0.125479 0.138412 -0.807298
v 0.175895 0.062960 -0.807716
v 0.173227 -0.071753 -0.808461
v -0.132583 -0.132583 -0.808798
v -0.009145 0.186599 -0.807032
v -0.111273 -0.150071 -0.808894
v 0.178562 0.054166 -0.807764
v -0.018290 -0.185699 -0.809092
v -0.185699 -0.018290 -0.808165
v -0.155901 -0.104169 -0.808640
v -0.027435 -0.184798 -0.809087
v -0.079858 0.168896 -0.807130
v -0.184798 -0.027435 -0.808216
v 0.009145 0.186599 -0.807032
v 0.155900 -0.104169 -0.808640
v 0.181229 0.045373 -0.807813
v -0.185699 0.018290 -0.807963
v 0.096065 -0.160232 -0.808951
v 0.138412 0.125479 -0.807370
v 0.018289 -0.185699 -0.809092
v 0.111272 -0.150071 -0.808894
v -0.125480 -0.138412 -0.808830
v -0.178563 -0.054166 -0.808364
v -0.168896 0.079857 -0.807622
v 0.160232 -0.096065 -0.808596
v -0.183898 -0.036579 -0.808267
v -0.173228 0.071753 -0.807667
v 0.027434 0.184798 -0.807042
v -0.045373 -0.181230 -0.809067
v 0.184798 0.027435 -0.807912
v 0.168895 -0.079857 -0.808506
v 0.054166 -0.178562 -0.809052
v -0.186600 -0.009145 -0.808115
v -0.018290 0.185699 -0.807037
v 0.132582 0.132583 -0.807331
v 0.079857 -0.168896 -0.808999
v 0.104169 -0.155901 -0.808927
v -0.138412 -0.125479 -0.808758
v 0.144241 0.118376 -0.807409
v -0.160233 0.096065 -0.807533
v -0.164564 -0.087961 -0.808551
v -0.000000 0.187500 -0.807027
v -0.183898 0.036579 -0.807862
v 0.150071 0.111273 -0.807449
v 0.045373 0.181230 -0.807061
v 0.071753 -0.173227 -0.809022
v 0.087961 -0.164564 -0.808975
v 0.173227 0.071753 -0.807667
v -0.054167 0.178562 -0.807076
v 0.164564 0.087961 -0.807577
v 0.186599 0.009145 -0.808014
v -0.062960 -0.175895 -0.809037
v -0.027435 0.184798 -0.807042
v 0.118376 0.144242 -0.807266
v 0.027434 -0.184798 -0.809087
v 0.062959 -0.175895 -0.809037
v -0.144242 -0.118376 -0.808719
v -0.168896 -0.079857 -0.808506
v -0.150071 0.111273 -0.807449
v 0.036579 -0.183897 -0.809082
v 0.155900 0.104169 -0.807488
v -0.150071 -0.111273 -0.808680
v -0.045373 0.181230 -0.807061
v -0.173228 -0.071753 -0.808461
v -0.111273 0.150071 -0.807234
v 0.160232 0.096065 -0.807533
v -0.125480 0.138412 -0.807298
v 0.036579 0.183897 -0.807047
v -0.000000 -0.187500 -0.809101
v -0.036580 0.183897 -0.807047
v 0.118376 -0.144242 -0.808862
v 0.087961 0.164564 -0.807154
v -0.062960 0.175895 -0.807091
v -0.087962 0.164564 -0.807154
v -0.118376 -0.144242 -0.808862
v 0.096065 0.160232 -0.807178
v -0.155901 0.104169 -0.807488
v -0.079858 -0.168896 -0.808999
v 0.178562 -0.054166 -0.808364
v 0.062959 0.175895 -0.807091
v -0.118376 0.144242 -0.807266
v -0.164564 0.087961 -0.807577
v 0.125479 -0.138412 -0.808830
v -0.184798 0.027435 -0.807912
v -0.186600 0.009145 -0.808014
v -0.104170 0.155901 -0.807202
v -0.036580 -0.183897 -0.809082
v 0.181229 -0.045373 -0.808315
v 0.186599 -0.009145 -0.808115
v 0.138412 -0.125479 -0.808758
v 0.009145 -0.186599 -0.809097
v -0.187500 -0.000000 -0.808064
v -0.175895 0.062960 -0.807716
v -0.175895 -0.062960 -0.808412
v 0.045373 -0.181230 -0.809067
v -0.071754 0.173227 -0.807106
v -0.132583 0.132583 -0.807331
v 0.168895 0.079857 -0.807622
v 0.183897 0.036579 -0.807862
v 0.175895 -0.062960 -0.808412
v 0.054166 0.178562 -0.807076
v 0.185698 -0.018290 -0.808165
v 0.144241 -0.118376 -0.808719
v -0.087962 -0.164564 -0.808975
v -0.178563 0.054166 -0.807764
v -0.160233 -0.096065 -0.808596
v -0.071754 -0.173227 -0.809022
v 0.111272 0.150071 -0.807234
v 0.104169 0.155901 -0.807202
v -0.096066 -0.160232 -0.808951
v 0.187500 -0.000000 -0.808064
v -0.138412 0.125479 -0.807370
v 0.132582 -0.132583 -0.808798
v -0.009145 -0.186599 -0.809097
v 0.079857 -0.168896 -1.880237
v 0.054166 -0.178562 -1.880177
v 0.125479 0.138412 -1.882143
v 0.027434 -0.184798 -1.880138
v -0.111273 -0.150071 -1.880353
v 0.168895 -0.079857 -1.880789
v 0.104169 -0.155901 -1.880317
v 0.173227 0.071753 -1.881729
v -0.027435 -0.184798 -1.880138
v 0.087961 -0.164564 -1.880264
v 0.160232 -0.096065 -1.880688
v -0.036580 -0.183897 -1.880144
v -0.168896 -0.079857 -1.880789
v -0.175895 0.062960 -1.881675
v -0.184798 -0.027435 -1.881114
v -0.000000 0.187500 -1.882447
v -0.187500 -0.000000 -1.881284
v -0.144242 -0.118376 -1.880550
v 0.183897 0.036579 -1.881511
v 0.186599 0.009145 -1.881341
v 0.018289 -0.185699 -1.880132
v 0.138412 0.125479 -1.882062
v 0.087961 0.164564 -1.882304
v -0.178563 0.054166 -1.881620
v 0.096065 -0.160232 -1.880290
v -0.071754 -0.173227 -1.880210
v -0.125480 -0.138412 -1.880426
v 0.036579 0.183897 -1.882425
v -0.183898 0.036579 -1.881511
v -0.045373 -0.181230 -1.880160
v 0.187500 -0.000000 -1.881284
v 0.144241 -0.118376 -1.880550
v -0.168896 0.079857 -1.881779
v -0.186600 -0.009145 -1.881227
v -0.087962 0.164564 -1.882304
v -0.138412 0.125479 -1.882062
v 0.027434 0.184798 -1.882430
v -0.118376 -0.144242 -1.880390
v 0.054166 0.178562 -1.882391
v -0.104170 -0.155901 -1.880317
v 0.178562 0.054166 -1.881620
v 0.071753 0.173227 -1.882358
v -0.173228 0.071753 -1.881729
v 0.185698 0.018290 -1.881397
v 0.183897 -0.036579 -1.881057
v 0.150071 -0.111273 -1.880594
v -0.138412 -0.125479 -1.880506
v 0.009145 0.186599 -1.882441
v -0.111273 0.150071 -1.882215
v 0.062959 -0.175895 -1.880193
v -0.160233 0.096065 -1.881880
v -0.062960 -0.175895 -1.880193
v 0.173227 -0.071753 -1.880839
v -0.125480 0.138412 -1.882143
v 0.045373 0.181230 -1.882408
v 0.118376 -0.144242 -1.880390
v 0.125479 -0.138412 -1.880426
v -0.186600 0.009145 -1.881341
v -0.155901 0.104169 -1.881930
v -0.132583 -0.132583 -1.880462
v 0.018289 0.185699 -1.882436
v 0.104169 0.155901 -1.882251
v -0.071754 0.173227 -1.882358
v -0.087962 -0.164564 -1.880264
v -0.054167 0.178562 -1.882391
v 0.160232 0.096065 -1.881880
v 0.168895 0.079857 -1.881779
v 0.138412 -0.125479 -1.880506
v -0.185699 -0.018290 -1.881171
v -0.150071 -0.111273 -1.880594
v 0.181229 -0.045373 -1.881003
v 0.096065 0.160232 -1.882278
v -0.150071 0.111273 -1.881974
v -0.079858 -0.168896 -1.880237
v -0.036580 0.183897 -1.882425
v 0.164564 0.087961 -1.881830
v -0.155901 -0.104169 -1.880638
v 0.184798 0.027435 -1.881454
v -0.132583 0.132583 -1.882106
v 0.132582 0.132583 -1.882106
v 0.009145 -0.186599 -1.880127
v 0.155900 -0.104169 -1.880638
v -0.184798 0.027435 -1.881454
v -0.027435 0.184798 -1.882430
v 0.062959 0.175895 -1.882375
v 0.181229 0.045373 -1.881565
v -0.175895 -0.062960 -1.880894
v -0.164564 0.087961 -1.881830
v -0.054167 -0.178562 -1.880177
v 0.175895 0.062960 -1.881675
v 0.186599 -0.009145 -1.881227
v -0.096066 0.160232 -1.882278
v -0.178563 -0.054166 -1.880948
v -0.018290 0.185699 -1.882436
v -0.144242 0.118376 -1.882018
v -0.118376 0.144242 -1.882179
v 0.150071 0.111273 -1.881974
v 0.144241 0.118376 -1.882018
v 0.045373 -0.181230 -1.880160
v -0.173228 -0.071753 -1.880839
v 0.036579 -0.183897 -1.880144
v -0.160233 -0.096065 -1.880688
v 0.155900 0.104169 -1.881930
v 0.111272 0.150071 -1.882215
v -0.104170 0.155901 -1.882251
v -0.096066 -0.160232 -1.880290
v -0.045373 0.181230 -1.882408
v 0.132582 -0.132583 -1.880462
v -0.181230 0.045373 -1.881565
v 0.175895 -0.062960 -1.880894
v -0.185699 0.018290 -1.881397
v -0.079858 0.168896 -1.882331
v -0.009145 0.186599 -1.882441
v -0.062960 0.175895 -1.882375
v -0.018290 -0.185699 -1.880132
v -0.009145 -0.186599 -1.880127
v 0.079857 0.168896 -1.882331
v 0.178562 -0.054166 -1.880948
v -0.181230 -0.045373 -1.881003
v 0.185698 -0.018290 -1.881171
v -0.183898 -0.036579 -1.881057
v -0.000000 -0.187500 -1.880121
v 0.184798 -0.027435 -1.881114
v 0.118376 0.144242 -1.882179
v -0.164564 -0.087961 -1.880738
v 0.071753 -0.173227 -1.880210
v 0.111272 -0.150071 -1.880353
v 0.164564 -0.087961 -1.880738
v -0.185699 -0.018290 -2.283818
v 0.096065 0.160232 -2.285148
v -0.036580 0.183897 -2.285324
v 0.184798 0.027435 -2.284159
v 0.009145 -0.186599 -2.282564
v -0.027435 0.184798 -2.285330
v -0.175895 -0.062960 -2.283485
v 0.175895 0.062960 -2.284423
v -0.178563 -0.054166 -2.283551
v -0.118376 0.144242 -2.285028
v 0.036579 -0.183897 -2.282584
v 0.111272 0.150071 -2.285072
v -0.045373 0.181230 -2.285304
v 0.175895 -0.062960 -2.283485
v -0.009145 0.186599 -2.285344
v -0.009145 -0.186599 -2.282564
v -0.181230 -0.045373 -2.283616
v 0.000000 -0.350000 -2.282557
v -0.164564 -0.087961 -2.283299
v 0.164564 -0.087961 -2.283299
v 0.125479 0.138412 -2.284985
v 0.168895 -0.079857 -2.283359
v -0.027435 -0.184798 -2.282578
v -0.036580 -0.183897 -2.282584
v -0.184798 -0.027435 -2.283750
v -0.144242 -0.118376 -2.283072
v 0.186599 0.009145 -2.284022
v 0.138412 0.125479 -2.284889
v -0.178563 0.054166 -2.284358
v -0.071754 -0.173227 -2.282664
v 0.036579 0.183897 -2.285324
v -0.045373 -0.181230 -2.282604
v 0.144241 -0.118376 -2.283072
v -0.186600 -0.009145 -2.283886
v -0.138412 0.125479 -2.284889
v -0.118376 -0.144242 -2.282880
v -0.104170 -0.155901 -2.282793
v 0.071753 0.173227 -2.285244
v 0.185698 0.018290 -2.284090
v 0.150071 -0.111273 -2.283125
v 0.009145 0.186599 -2.285344
v 0.062959 -0.175895 -2.282644
v -0.062960 -0.175895 -2.282644
v -0.125480 0.138412 -2.284985
v 0.118376 -0.144242 -2.282880
v -0.186600 0.009145 -2.284022
v -0.132583 -0.132583 -2.282967
v 0.104169 0.155901 -2.285115
v -0.087962 -0.164564 -2.282729
v 0.160232 0.096065 -2.284670
v 0.138412 -0.125479 -2.283020
v 0.181229 -0.045373 -2.283616
v -0.079858 -0.168896 -2.282696
v -0.155901 -0.104169 -2.283178
v 0.132582 0.132583 -2.284942
v 0.000000 0.350000 -2.285351
v -0.184798 0.027435 -2.284159
v 0.181229 0.045373 -2.284292
v -0.054167 -0.178562 -2.282624
v -0.096066 0.160232 -2.285148
v -0.144242 0.118376 -2.284836
v 0.144241 0.118376 -2.284836
v -0.173228 -0.071753 -2.283420
v 0.155900 0.104169 -2.284730
v -0.096066 -0.160232 -2.282761
v -0.181230 0.045373 -2.284292
v -0.079858 0.168896 -2.285212
v -0.018290 -0.185699 -2.282571
v 0.178562 -0.054166 -2.283551
v -0.183898 -0.036579 -2.283682
v 0.118376 0.144242 -2.285028
v 0.111272 -0.150071 -2.282836
v 0.054166 -0.178562 -2.282624
v -0.111273 -0.150071 -2.282836
v 0.173227 0.071753 -2.284489
v 0.160232 -0.096065 -2.283239
v -0.175895 0.062960 -2.284423
v -0.350000 0.000000 -2.283954
v 0.183897 0.036579 -2.284227
v 0.018289 -0.185699 -2.282571
v 0.087961 0.164564 -2.285180
v 0.096065 -0.160232 -2.282761
v -0.125480 -0.138412 -2.282923
v -0.183898 0.036579 -2.284227
v 0.353992 0.000000 -2.283954
v -0.168896 0.079857 -2.284549
v -0.087962 0.164564 -2.285180
v 0.027434 0.184798 -2.285330
v 0.054166 0.178562 -2.285284
v 0.178562 0.054166 -2.284358
v -0.173228 0.071753 -2.284489
v 0.183897 -0.036579 -2.283682
v -0.138412 -0.125479 -2.283020
v -0.111273 0.150071 -2.285072
v -0.160233 0.096065 -2.284670
v 0.173227 -0.071753 -2.283420
v 0.045373 0.181230 -2.285304
v 0.125479 -0.138412 -2.282923
v -0.155901 0.104169 -2.284730
v 0.018289 0.185699 -2.285337
v -0.071754 0.173227 -2.285244
v -0.054167 0.178562 -2.285284
v 0.168895 0.079857 -2.284549
v -0.150071 -0.111273 -2.283125
v -0.150071 0.111273 -2.284783
v 0.164564 0.087961 -2.284609
v -0.132583 0.132583 -2.284942
v 0.155900 -0.104169 -2.283178
v 0.062959 0.175895 -2.285264
v -0.164564 0.087961 -2.284609
v 0.186599 -0.009145 -2.283886
v -0.018290 0.185699 -2.285337
v 0.150071 0.111273 -2.284783
v 0.045373 -0.181230 -2.282604
v -0.160233 -0.096065 -2.283239
v -0.104170 0.155901 -2.285115
v 0.132582 -0.132583 -2.282967
v -0.185699 0.018290 -2.284090
v -0.062960 0.175895 -2.285264
v 0.079857 0.168896 -2.285212
v 0.185698 -0.018290 -2.283818
v 0.184798 -0.027435 -2.283750
v 0.071753 -0.173227 -2.282664
v 0.079857 -0.168896 -2.282696
v 0.027434 -0.184798 -2.282578
v 0.104169 -0.155901 -2.282793
v 0.087961 -0.164564 -2.282729
v -0.168896 -0.079857 -2.283359
v -0.185699 -0.018290 -2.410882
v 0.096065 0.160232 -2.410882
v -0.036580 0.183897 -2.410882
v 0.184798 0.027435 -2.410882
v 0.009145 -0.186599 -2.410882
v -0.027435 0.184798 -2.410882
v -0.175895 -0.062960 -2.410882
v 0.175895 0.062960 -2.410882
v -0.178563 -0.054166 -2.410882
v -0.118376 0.144242 -2.410882
v 0.036579 -0.183897 -2.410882
v 0.111272 0.150071 -2.410882
v -0.045373 0.181230 -2.410882
v 0.175895 -0.062960 -2.410882
v -0.009145 0.186599 -2.410882
v -0.009145 -0.186599 -2.410882
v -0.181230 -0.045373 -2.410882
v 0.000000 -0.350000 -2.410882
v -0.164564 -0.087961 -2.410882
v 0.164564 -0.087961 -2.410882
v 0.125479 0.138412 -2.410882
v 0.168895 -0.079857 -2.410882
v -0.027435 -0.184798 -2.410882
v -0.036580 -0.183897 -2.410882
v -0.184798 -0.027435 -2.410882
v -0.144242 -0.118376 -2.410882
v 0.186599 0.009145 -2.410882
v 0.138412 0.125479 -2.410882
v -0.178563 0.054166 -2.410882
v -0.071754 -0.173227 -2.410882
v 0.036579 0.183897 -2.410882
v -0.045373 -0.181230 -2.410882
v 0.144241 -0.118376 -2.410882
v -0.186600 -0.009145 -2.410882
v -0.138412 0.125479 -2.410882
v -0.118376 -0.144242 -2.410882
v -0.104170 -0.155901 -2.410882
v 0.071753 0.173227 -2.410882
v 0.185698 0.018290 -2.410882
v 0.150071 -0.111273 -2.410882
v 0.009145 0.186599 -2.410882
v 0.062959 -0.175895 -2.410882
v -0.062960 -0.175895 -2.410882
v -0.125480 0.138412 -2.410882
v 0.118376 -0.144242 -2.410882
v -0.186600 0.009145 -2.410882
v -0.132583 -0.132583 -2.410882
v 0.104169 0.155901 -2.410882
v -0.087962 -0.164564 -2.410882
v 0.160232 0.096065 -2.410882
v 0.138412 -0.125479 -2.410882
v 0.181229 -0.045373 -2.410882
v -0.079858 -0.168896 -2.410882
v -0.155901 -0.104169 -2.410882
v 0.132582 0.132583 -2.410882
v -0.184798 0.027435 -2.410882
v 0.181229 0.045373 -2.410882
v -0.054167 -0.178562 -2.410882
v -0.096066 0.160232 -2.410882
v -0.144242 0.118376 -2.410882
v 0.144241 0.118376 -2.410882
v -0.173228 -0.071753 -2.410882
v 0.155900 0.104169 -2.410882
v -0.096066 -0.160232 -2.410882
v -0.181230 0.045373 -2.410882
v -0.079858 0.168896 -2.410882
v -0.018290 -0.185699 -2.410882
v 0.178562 -0.054166 -2.410882
v -0.183898 -0.036579 -2.410882
v 0.118376 0.144242 -2.410882
v 0.111272 -0.150071 -2.410882
v 0.054166 -0.178562 -2.410882
v -0.111273 -0.150071 -2.410882
v 0.173227 0.071753 -2.410882
v 0.160232 -0.096065 -2.410882
v -0.175895 0.062960 -2.410882
v -0.350000 0.000000 -2.410882
v 0.183897 0.036579 -2.410882
v 0.018289 -0.185699 -2.410882
v 0.087961 0.164564 -2.410882
v 0.096065 -0.160232 -2.410882
v -0.125480 -0.138412 -2.410882
v -0.183898 0.036579 -2.410882
v 0.353992 0.000000 -2.410882
v -0.168896 0.079857 -2.410882
v -0.087962 0.164564 -2.410882
v 0.027434 0.184798 -2.410882
v 0.054166 0.178562 -2.410882
v 0.178562 0.054166 -2.410882
v -0.173228 0.071753 -2.410882
v 0.183897 -0.036579 -2.410882
v -0.138412 -0.125479 -2.410882
v -0.111273 0.150071 -2.410882
v -0.160233 0.096065 -2.410882
v 0.173227 -0.071753 -2.410882
v 0.045373 0.181230 -2.410882
v 0.125479 -0.138412 -2.410882
v -0.155901 0.104169 -2.410882
v 0.018289 0.185699 -2.410882
v -0.071754 0.173227 -2.410882
v -0.054167 0.178562 -2.410882
v 0.168895 0.079857 -2.410882
v -0.150071 -0.111273 -2.410882
v -0.150071 0.111273 -2.410882
v 0.164564 0.087961 -2.410882
v -0.132583 0.132583 -2.410882
v 0.155900 -0.104169 -2.410882
v 0.062959 0.175895 -2.410882
v -0.164564 0.087961 -2.410882
v 0.186599 -0.009145 -2.410882
v -0.018290 0.185699 -2.410882
v 0.150071 0.111273 -2.410882
v 0.045373 -0.181230 -2.410882
v -0.160233 -0.096065 -2.410882
v -0.104170 0.155901 -2.410882
v 0.132582 -0.132583 -2.410882
v 0.000000 0.350000 -2.410882
v -0.185699 0.018290 -2.410882
v -0.062960 0.175895 -2.410882
v 0.079857 0.168896 -2.410882
v 0.185698 -0.018290 -2.410882
v 0.184798 -0.027435 -2.410882
v 0.071753 -0.173227 -2.410882
v 0.079857 -0.168896 -2.410882
v 0.027434 -0.184798 -2.410882
v 0.104169 -0.155901 -2.410882
v 0.087961 -0.164564 -2.410882
v -0.168896 -0.079857 -2.410882
v 0.186599 -0.009145 -2.171487
v -0.096066 0.160232 -2.170396
v -0.178563 -0.054166 -2.171777
v -0.018290 0.185699 -2.170232
v -0.144242 0.118376 -2.170666
v -0.118376 0.144242 -2.170499
v 0.150071 0.111273 -2.170711
v 0.144241 0.118376 -2.170666
v 0.036579 -0.183897 -2.172613
v 0.045373 -0.181230 -2.172596
v -0.173228 -0.071753 -2.171890
v 0.111272 0.150071 -2.170461
v -0.160233 -0.096065 -2.172047
v 0.155900 0.104169 -2.170757
v -0.045373 0.181230 -2.170261
v -0.104170 0.155901 -2.170424
v -0.096066 -0.160232 -2.172460
v 0.175895 -0.062960 -2.171834
v 0.132582 -0.132583 -2.172282
v -0.181230 0.045373 -2.171136
v -0.009145 0.186599 -2.170226
v -0.185699 0.018290 -2.171310
v -0.079858 0.168896 -2.170340
v -0.009145 -0.186599 -2.172630
v -0.062960 0.175895 -2.170295
v -0.018290 -0.185699 -2.172624
v -0.181230 -0.045373 -2.171721
v 0.079857 0.168896 -2.170340
v 0.178562 -0.054166 -2.171777
v -0.000000 -0.187500 -2.172636
v 0.185698 -0.018290 -2.171546
v -0.183898 -0.036579 -2.171664
v -0.164564 -0.087961 -2.171995
v 0.184798 -0.027435 -2.171605
v 0.118376 0.144242 -2.170499
v 0.164564 -0.087961 -2.171995
v 0.071753 -0.173227 -2.172544
v 0.111272 -0.150071 -2.172395
v 0.125479 0.138412 -2.170537
v 0.079857 -0.168896 -2.172516
v 0.054166 -0.178562 -2.172578
v 0.168895 -0.079857 -2.171942
v 0.027434 -0.184798 -2.172618
v -0.111273 -0.150071 -2.172395
v -0.027435 -0.184798 -2.172618
v 0.104169 -0.155901 -2.172432
v 0.173227 0.071753 -2.170966
v -0.036580 -0.183897 -2.172613
v 0.087961 -0.164564 -2.172488
v 0.160232 -0.096065 -2.172047
v -0.184798 -0.027435 -2.171605
v -0.168896 -0.079857 -2.171942
v -0.175895 0.062960 -2.171023
v -0.144242 -0.118376 -2.172191
v -0.187500 -0.000000 -2.171428
v 0.186599 0.009145 -2.171369
v 0.183897 0.036579 -2.171192
v 0.138412 0.125479 -2.170620
v 0.018289 -0.185699 -2.172624
v -0.178563 0.054166 -2.171079
v 0.087961 0.164564 -2.170368
v -0.071754 -0.173227 -2.172544
v 0.096065 -0.160232 -2.172460
v 0.036579 0.183897 -2.170244
v -0.125480 -0.138412 -2.172320
v -0.000000 0.187500 -2.170220
v -0.183898 0.036579 -2.171192
v 0.144241 -0.118376 -2.172191
v 0.187500 -0.000000 -2.171428
v -0.186600 -0.009145 -2.171487
v -0.168896 0.079857 -2.170914
v -0.138412 0.125479 -2.170620
v -0.087962 0.164564 -2.170368
v -0.118376 -0.144242 -2.172357
v 0.027434 0.184798 -2.170238
v -0.104170 -0.155901 -2.172432
v 0.054166 0.178562 -2.170278
v 0.071753 0.173227 -2.170312
v 0.178562 0.054166 -2.171079
v 0.185698 0.018290 -2.171310
v -0.173228 0.071753 -2.170966
v 0.150071 -0.111273 -2.172145
v 0.183897 -0.036579 -2.171664
v 0.009145 0.186599 -2.170226
v -0.138412 -0.125479 -2.172236
v 0.062959 -0.175895 -2.172561
v -0.111273 0.150071 -2.170461
v -0.062960 -0.175895 -2.172561
v -0.160233 0.096065 -2.170809
v -0.125480 0.138412 -2.170537
v -0.045373 -0.181230 -2.172596
v 0.173227 -0.071753 -2.171890
v 0.118376 -0.144242 -2.172357
v 0.045373 0.181230 -2.170261
v -0.186600 0.009145 -2.171369
v 0.125479 -0.138412 -2.172320
v -0.132583 -0.132583 -2.172282
v -0.155901 0.104169 -2.170757
v 0.104169 0.155901 -2.170424
v 0.018289 0.185699 -2.170232
v -0.087962 -0.164564 -2.172488
v -0.071754 0.173227 -2.170312
v 0.160232 0.096065 -2.170809
v -0.054167 0.178562 -2.170278
v 0.138412 -0.125479 -2.172236
v 0.168895 0.079857 -2.170914
v 0.181229 -0.045373 -2.171721
v -0.185699 -0.018290 -2.171546
v -0.150071 -0.111273 -2.172145
v -0.079858 -0.168896 -2.172516
v 0.096065 0.160232 -2.170396
v -0.150071 0.111273 -2.170711
v -0.155901 -0.104169 -2.172099
v -0.036580 0.183897 -2.170244
v 0.164564 0.087961 -2.170861
v 0.132582 0.132583 -2.170574
v 0.184798 0.027435 -2.171252
v -0.132583 0.132583 -2.170574
v 0.009145 -0.186599 -2.172630
v 0.155900 -0.104169 -2.172099
v -0.184798 0.027435 -2.171252
v -0.027435 0.184798 -2.170238
v 0.062959 0.175895 -2.170295
v 0.181229 0.045373 -2.171136
v -0.175895 -0.062960 -2.171834
v -0.164564 0.087961 -2.170861
v -0.054167 -0.178562 -2.172578
v 0.175895 0.062960 -2.171023
v -0.138412 -0.125479 -2.522072
v 0.118376 0.144242 -2.522072
v -0.173228 0.071753 -2.522072
v -0.087962 0.164564 -2.522072
v -0.144242 0.118376 -2.522072
v 0.155900 0.104169 -2.522072
v 0.125479 -0.138412 -2.522072
v 0.118376 -0.144242 -2.522072
v -0.183898 0.036579 -2.522072
v 0.144241 0.118376 -2.522072
v 0.009145 0.186599 -2.522072
v -0.125480 -0.138412 -2.522072
v 0.185698 0.018290 -2.522072
v -0.187500 -0.000000 -2.522072
v 0.132582 0.132583 -2.522072
v 0.173227 0.071753 -2.522072
v -0.175895 0.062960 -2.522072
v 0.138412 -0.125479 -2.522072
v -0.111273 -0.150071 -2.522072
v 0.164564 0.087961 -2.522072
v -0.150071 0.111273 -2.522072
v 0.104169 0.155901 -2.522072
v -0.183898 -0.036579 -2.522072
v 0.087961 -0.164564 -2.522072
v -0.018290 -0.185699 -2.522072
v 0.150071 -0.111273 -2.522072
v 0.173227 -0.071753 -2.522072
v -0.079858 0.168896 -2.522072
v 0.071753 0.173227 -2.522072
v -0.181230 0.045373 -2.522072
v -0.096066 -0.160232 -2.522072
v 0.144241 -0.118376 -2.522072
v 0.164564 -0.087961 -2.522072
v -0.173228 -0.071753 -2.522072
v 0.036579 0.183897 -2.522072
v 0.160232 -0.096065 -2.522072
v 0.045373 0.181230 -2.522072
v -0.096066 0.160232 -2.522072
v 0.138412 0.125479 -2.522072
v -0.027435 0.184798 -2.522072
v -0.184798 0.027435 -2.522072
v -0.178563 -0.054166 -2.522072
v 0.175895 0.062960 -2.522072
v 0.168895 -0.079857 -2.522072
v -0.079858 -0.168896 -2.522072
v 0.125479 0.138412 -2.522072
v -0.054167 -0.178562 -2.522072
v -0.087962 -0.164564 -2.522072
v -0.132583 -0.132583 -2.522072
v 0.175895 -0.062960 -2.522072
v 0.155900 -0.104169 -2.522072
v -0.186600 0.009145 -2.522072
v 0.111272 0.150071 -2.522072
v 0.036579 -0.183897 -2.522072
v 0.071753 -0.173227 -2.522072
v -0.062960 -0.175895 -2.522072
v 0.185698 -0.018290 -2.522072
v -0.045373 0.181230 -2.522072
v 0.009145 -0.186599 -2.522072
v -0.104170 -0.155901 -2.522072
v 0.181229 -0.045373 -2.522072
v -0.118376 -0.144242 -2.522072
v 0.096065 0.160232 -2.522072
v 0.150071 0.111273 -2.522072
v -0.138412 0.125479 -2.522072
v 0.111272 -0.150071 -2.522072
v -0.160233 0.096065 -2.522072
v -0.168896 0.079857 -2.522072
v -0.125480 0.138412 -2.522072
v 0.183897 0.036579 -2.522072
v 0.018289 -0.185699 -2.522072
v -0.155901 -0.104169 -2.522072
v -0.155901 0.104169 -2.522072
v 0.087961 0.164564 -2.522072
v -0.150071 -0.111273 -2.522072
v -0.036580 0.183897 -2.522072
v 0.096065 -0.160232 -2.522072
v -0.178563 0.054166 -2.522072
v -0.185699 -0.018290 -2.522072
v 0.178562 -0.054166 -2.522072
v 0.187500 -0.000000 -2.522072
v -0.132583 0.132583 -2.522072
v -0.175895 -0.062960 -2.522072
v 0.168895 0.079857 -2.522072
v 0.186599 0.009145 -2.522072
v -0.160233 -0.096065 -2.522072
v -0.111273 0.150071 -2.522072
v 0.054166 -0.178562 -2.522072
v 0.054166 0.178562 -2.522072
v -0.164564 0.087961 -2.522072
v -0.118376 0.144242 -2.522072
v 0.079857 -0.168896 -2.522072
v 0.183897 -0.036579 -2.522072
v -0.018290 0.185699 -2.522072
v -0.000000 0.187500 -2.522072
v -0.104170 0.155901 -2.522072
v -0.009145 0.186599 -2.522072
v 0.181229 0.045373 -2.522072
v -0.185699 0.018290 -2.522072
v -0.009145 -0.186599 -2.522072
v 0.018289 0.185699 -2.522072
v -0.062960 0.175895 -2.522072
v -0.181230 -0.045373 -2.522072
v -0.168896 -0.079857 -2.522072
v 0.062959 -0.175895 -2.522072
v -0.054167 0.178562 -2.522072
v -0.000000 -0.187500 -2.522072
v -0.071754 0.173227 -2.522072
v -0.164564 -0.087961 -2.522072
v 0.178562 0.054166 -2.522072
v 0.062959 0.175895 -2.522072
v -0.027435 -0.184798 -2.522072
v 0.027434 0.184798 -2.522072
v 0.160232 0.096065 -2.522072
v 0.186599 -0.009145 -2.522072
v -0.036580 -0.183897 -2.522072
v 0.045373 -0.181230 -2.522072
v -0.184798 -0.027435 -2.522072
v 0.132582 -0.132583 -2.522072
v -0.144242 -0.118376 -2.522072
v 0.079857 0.168896 -2.522072
v -0.071754 -0.173227 -2.522072
v 0.184798 -0.027435 -2.522072
v -0.045373 -0.181230 -2.522072
v 0.027434 -0.184798 -2.522072
v 0.104169 -0.155901 -2.522072
v 0.184798 0.027435 -2.522072
v -0.186600 -0.009145 -2.522072
vn 0.0980 0.9952 -0.0000
vn 0.2903 0.9569 -0.0000
vn 0.4714 0.8819 -0.0000
vn 0.6344 0.7730 -0.0000
vn 0.7730 0.6344 -0.0000
vn 0.8819 0.4714 -0.0000
vn 0.9569 0.2903 -0.0000
vn 0.9952 0.0980 -0.0000
vn 0.9952 -0.0980 -0.0000
vn 0.9569 -0.2903 -0.0000
vn 0.8819 -0.4714 -0.0000
vn 0.7730 -0.6344 -0.0000
vn 0.6344 -0.7730 -0.0000
vn 0.4714 -0.8819 -0.0000
vn 0.2903 -0.9569 -0.0000
vn 0.0980 -0.9952 -0.0000
vn -0.0980 -0.9952 -0.0000
vn -0.2903 -0.9569 -0.0000
vn -0.4714 -0.8819 -0.0000
vn -0.6344 -0.7730 -0.0000
vn -0.7730 -0.6344 -0.0000
vn -0.8819 -0.4714 -0.0000
vn -0.9569 -0.2903 -0.0000
vn -0.9952 -0.0980 -0.0000
vn -0.9952 0.0980 -0.0000
vn -0.9569 0.2903 -0.0000
vn -0.8819 0.4714 -0.0000
vn -0.7730 0.6344 -0.0000
vn -0.6344 0.7730 -0.0000
vn -0.4714 0.8819 -0.0000
vn -0.2903 0.9569 -0.0000
vn -0.0980 0.9952 -0.0000
vn -0.0001 -0.0000 -1.0000
vn 0.0982 0.9923 0.0757
vn -0.0973 0.9924 0.0757
vn -0.2891 0.9543 0.0756
vn -0.4697 0.8796 0.0756
vn -0.6323 0.7710 0.0755
vn -0.7706 0.6328 0.0755
vn -0.8793 0.4702 0.0755
vn -0.9542 0.2896 0.0755
vn -0.9923 0.0978 0.0755
vn -0.9923 -0.0978 0.0755
vn -0.9542 -0.2896 0.0755
vn -0.8793 -0.4702 0.0755
vn -0.7706 -0.6328 0.0755
vn -0.6323 -0.7710 0.0755
vn -0.4697 -0.8796 0.0756
vn -0.2891 -0.9543 0.0756
vn -0.0973 -0.9924 0.0757
vn 0.0982 -0.9923 0.0757
vn 0.2898 -0.9541 0.0758
vn 0.4704 -0.8792 0.0758
vn 0.6328 -0.7706 0.0758
vn 0.7710 -0.6324 0.0759
vn 0.8795 -0.4699 0.0759
vn 0.9542 -0.2893 0.0759
vn 0.9923 -0.0977 0.0759
vn 0.9923 0.0977 0.0759
vn 0.9542 0.2893 0.0759
vn 0.8795 0.4699 0.0759
vn 0.7710 0.6324 0.0759
vn 0.6328 0.7706 0.0758
vn 0.4704 0.8792 0.0758
vn 0.2898 0.9541 0.0758
vn 0.8710 -0.4655 0.1572
vn -0.6265 0.7634 0.1573
vn 0.9451 -0.2866 0.1572
vn -0.7634 0.6265 0.1573
vn 0.9828 -0.0968 0.1572
vn -0.8709 0.4655 0.1573
vn 0.9828 0.0968 0.1572
vn -0.9450 0.2867 0.1573
vn 0.9450 0.2867 0.1572
vn -0.9828 0.0968 0.1573
vn 0.8710 0.4655 0.1572
vn -0.9828 -0.0968 0.1573
vn 0.7634 0.6265 0.1572
vn -0.9450 -0.2867 0.1573
vn 0.6265 0.7634 0.1572
vn -0.8709 -0.4656 0.1573
vn 0.4655 0.8710 0.1572
vn -0.7633 -0.6266 0.1573
vn 0.2867 0.9450 0.1572
vn -0.6264 -0.7635 0.1573
vn -0.4654 -0.8710 0.1573
vn -0.2865 -0.9451 0.1573
vn -0.0967 -0.9828 0.1573
vn 0.0969 -0.9828 0.1573
vn 0.2868 -0.9450 0.1572
vn 0.0968 0.9828 0.1572
vn 0.4656 -0.8709 0.1572
vn -0.0968 0.9828 0.1573
vn 0.6266 -0.7633 0.1572
vn -0.2867 0.9450 0.1573
vn 0.7635 -0.6264 0.1572
vn -0.4655 0.8709 0.1573
vn 0.9411 0.2855 0.1815
vn -0.0964 0.9787 0.1815
vn -0.9787 0.0964 0.1815
vn 0.6239 -0.7602 0.1815
vn 0.8673 0.4636 0.1815
vn -0.2855 0.9411 0.1815
vn -0.9787 -0.0964 0.1815
vn 0.7602 -0.6239 0.1815
vn 0.7602 0.6239 0.1815
vn -0.4636 0.8673 0.1815
vn -0.9411 -0.2855 0.1815
vn 0.6239 0.7602 0.1815
vn -0.8673 -0.4636 0.1815
vn 0.4636 0.8673 0.1815
vn -0.7602 -0.6239 0.1815
vn 0.2855 0.9411 0.1815
vn 0.8673 -0.4636 0.1815
vn -0.6239 -0.7602 0.1815
vn -0.6239 0.7602 0.1815
vn -0.4636 -0.8673 0.1815
vn 0.9411 -0.2855 0.1815
vn -0.2855 -0.9411 0.1815
vn -0.7602 0.6239 0.1815
vn -0.0964 -0.9787 0.1815
vn 0.9787 -0.0964 0.1815
vn 0.0964 -0.9787 0.1815
vn -0.8673 0.4636 0.1815
vn 0.2855 -0.9411 0.1815
vn 0.9787 0.0964 0.1815
vn 0.0964 0.9787 0.1815
vn -0.9411 0.2855 0.1815
vn 0.4636 -0.8673 0.1815
vn 0.4585 -0.8578 0.2324
vn 0.4585 0.8578 0.2324
vn -0.7518 -0.6170 0.2324
vn 0.2823 0.9307 0.2324
vn 0.8578 -0.4585 0.2324
vn -0.6170 -0.7518 0.2324
vn -0.6170 0.7518 0.2324
vn 0.9307 0.2823 0.2324
vn -0.4585 -0.8578 0.2324
vn -0.0953 0.9679 0.2324
vn 0.9307 -0.2823 0.2324
vn -0.9679 0.0953 0.2324
vn -0.2823 -0.9307 0.2324
vn 0.6170 -0.7518 0.2324
vn -0.7518 0.6170 0.2324
vn 0.8578 0.4585 0.2324
vn -0.0953 -0.9679 0.2324
vn -0.2823 0.9307 0.2324
vn 0.9679 -0.0953 0.2324
vn -0.9679 -0.0953 0.2324
vn 0.0953 -0.9679 0.2324
vn 0.7518 -0.6170 0.2324
vn -0.8578 0.4585 0.2324
vn 0.7518 0.6170 0.2324
vn 0.2823 -0.9307 0.2324
vn -0.4585 0.8578 0.2324
vn 0.9679 0.0953 0.2324
vn -0.9307 -0.2823 0.2324
vn 0.0953 0.9679 0.2324
vn 0.6170 0.7518 0.2324
vn -0.9307 0.2823 0.2324
vn -0.8578 -0.4585 0.2324
vn -0.9980 0.0636 -0.0000
vn -0.0636 -0.9980 -0.0000
vn 0.9980 -0.0636 -0.0000
vn 0.0636 0.9980 -0.0000
vn 0.9980 0.0636 -0.0000
vn 0.0636 -0.9980 -0.0000
vn -0.9980 -0.0636 -0.0000
vn -0.0636 0.9980 -0.0000
vn 0.9927 -0.1163 0.0304
vn 0.1162 0.9928 0.0303
vn -0.1162 -0.9928 0.0303
vn -0.9928 0.1160 0.0302
vn -0.3685 -0.0420 -0.9287
vn -0.0375 0.3751 -0.9262
vn 0.0351 -0.3620 -0.9315
vn 0.0118 0.9995 -0.0298
vn 0.9950 -0.0557 0.0823
vn 0.0543 0.9953 0.0804
vn -0.0557 -0.9952 0.0805
vn -0.9953 0.0557 0.0786
vn 0.9984 -0.0559 -0.0000
vn -0.9984 -0.0559 -0.0000
vn 0.0545 0.9985 -0.0000
vn 0.0545 -0.9985 -0.0000
vn -0.0559 -0.9984 -0.0000
vn -0.0559 0.9984 -0.0000
vn 0.9984 0.0559 -0.0000
vn -0.9984 0.0559 -0.0000
vn 0.0544 0.9952 -0.0814
vn -0.9951 0.0557 -0.0814
vn -0.0557 -0.9951 -0.0814
vn 0.9951 -0.0557 -0.0814
vn -0.0000 -0.0000 -1.0000
vn 0.0001 -0.0000 -1.0000
vn -0.0000 -0.0000 1.0000
vn 0.9923 -0.0000 -0.1240
vn 0.0002 -0.0000 -1.0000
vn -1.0000 -0.0000 -0.0000
vn -0.0002 -0.0000 -1.0000
vn 0.9989 -0.0000 -0.0468
vn -0.0005 -0.0000 -1.0000
vn -0.0003 -0.0000 -1.0000
vn -0.9923 -0.0000 0.1240
vn -0.7071 -0.0000 0.7071
vn 0.7071 -0.0000 -0.7071
vn 0.0005 -0.0000 -1.0000
vn 0.9701 -0.0000 -0.2425
vn 0.0977 0.9923 0.0757
vn -0.0977 0.9923 0.0757
vn -0.0977 0.9923 0.0756
vn -0.2895 0.9542 0.0756
vn -0.4700 0.8794 0.0756
vn -0.6326 0.7708 0.0756
vn -0.6326 0.7708 0.0755
vn -0.7708 0.6326 0.0755
vn -0.8794 0.4701 0.0755
vn -0.9542 0.2895 0.0755
vn -0.9923 0.0977 0.0755
vn -0.9923 -0.0977 0.0755
vn -0.9542 -0.2895 0.0755
vn -0.8794 -0.4701 0.0755
vn -0.7708 -0.6326 0.0755
vn -0.6326 -0.7708 0.0755
vn -0.6326 -0.7708 0.0756
vn -0.4700 -0.8794 0.0756
vn -0.2895 -0.9542 0.0756
vn -0.0977 -0.9923 0.0756
vn -0.0977 -0.9923 0.0757
vn 0.0977 -0.9923 0.0757
vn 0.2895 -0.9542 0.0757
vn 0.2894 -0.9542 0.0758
vn 0.4700 -0.8794 0.0758
vn 0.6326 -0.7708 0.0758
vn 0.7708 -0.6326 0.0758
vn 0.7708 -0.6326 0.0759
vn 0.8794 -0.4700 0.0759
vn 0.9542 -0.2894 0.0759
vn 0.9542 0.2894 0.0759
vn 0.8794 0.4700 0.0759
vn 0.7708 0.6326 0.0759
vn 0.7708 0.6326 0.0758
vn 0.6326 0.7708 0.0758
vn 0.4700 0.8794 0.0758
vn 0.2895 0.9542 0.0758
vn 0.2894 0.9542 0.0757
vn -0.6264 0.7635 0.1573
vn 0.9450 -0.2867 0.1572
vn -0.7633 0.6266 0.1573
vn -0.8709 0.4656 0.1573
vn 0.9451 0.2866 0.1572
vn 0.7635 0.6264 0.1572
vn 0.6266 0.7633 0.1572
vn -0.8709 -0.4655 0.1573
vn 0.4656 0.8709 0.1572
vn -0.7634 -0.6265 0.1573
vn 0.2868 0.9450 0.1572
vn -0.6265 -0.7634 0.1573
vn -0.4655 -0.8709 0.1573
vn -0.2867 -0.9450 0.1573
vn -0.0968 -0.9828 0.1573
vn 0.0968 -0.9828 0.1572
vn 0.2867 -0.9450 0.1572
vn 0.0969 0.9828 0.1573
vn 0.4655 -0.8710 0.1572
vn -0.0967 0.9828 0.1573
vn 0.6265 -0.7634 0.1572
vn -0.2865 0.9451 0.1573
vn 0.7634 -0.6265 0.1572
vn -0.4654 0.8710 0.1573
vn -0.9927 -0.1163 0.0304
vn 0.1162 -0.9928 0.0303
vn -0.1162 0.9928 0.0303
vn 0.9928 0.1160 0.0302
vn 0.3685 -0.0420 -0.9287
vn -0.0351 -0.3620 -0.9315
vn -0.0118 0.9995 -0.0298
vn 0.0375 0.3751 -0.9262
vn -0.9950 -0.0557 0.0823
vn 0.0544 -0.9953 0.0805
vn -0.0557 0.9952 0.0804
vn 0.9953 0.0557 0.0786
vn -0.0557 0.9951 -0.0814
vn 0.0544 -0.9952 -0.0814
vn -0.9951 -0.0557 -0.0814
vn 0.9951 0.0557 -0.0814
s 0
usemtl Material.005
f 163//34 77//34 74//34
f 257//35 80//35 77//35
f 254//36 83//36 80//36
f 251//37 86//37 83//37
f 248//38 89//38 86//38
f 245//39 92//39 89//39
f 242//40 94//40 92//40
f 239//41 96//41 94//41
f 236//42 66//42 96//42
f 233//43 68//43 66//43
f 230//44 70//44 68//44
f 227//45 72//45 70//45
f 224//46 75//46 72//46
f 221//47 78//47 75//47
f 218//48 81//48 78//48
f 215//49 84//49 81//49
f 212//50 87//50 84//50
f 209//51 90//51 87//51
f 206//52 93//52 90//52
f 203//53 95//53 93//53
f 200//54 97//54 95//54
f 197//55 67//55 97//55
f 194//56 69//56 67//56
f 191//57 71//57 69//57
f 188//58 73//58 71//58
f 185//59 76//59 73//59
f 182//60 79//60 76//60
f 179//61 82//61 79//61
f 176//62 85//62 82//62
f 173//63 88//63 85//63
f 170//64 91//64 88//64
f 167//65 74//65 91//65
f 156//130 159//130 65//130
f 151//131 154//131 65//131
f 136//132 138//132 65//132
f 154//133 157//133 65//133
f 131//134 133//134 65//134
f 138//135 141//135 65//135
f 149//136 152//136 65//136
f 139//137 142//137 65//137
f 141//138 144//138 65//138
f 140//139 143//139 65//139
f 133//140 135//140 65//140
f 160//141 130//141 65//141
f 144//142 147//142 65//142
f 159//143 161//143 65//143
f 152//144 155//144 65//144
f 142//145 145//145 65//145
f 147//146 150//146 65//146
f 143//147 146//147 65//147
f 135//148 137//148 65//148
f 130//149 132//149 65//149
f 150//150 153//150 65//150
f 161//151 131//151 65//151
f 155//152 158//152 65//152
f 145//153 148//153 65//153
f 153//154 156//154 65//154
f 146//155 149//155 65//155
f 137//156 139//156 65//156
f 132//157 134//157 65//157
f 157//158 140//158 65//158
f 148//159 151//159 65//159
f 158//160 160//160 65//160
f 134//161 136//161 65//161
f 545//162 611//162 354//162
f 529//163 661//163 337//163
f 513//164 602//164 321//164
f 497//165 565//165 305//165
f 611//166 482//166 354//166
f 565//167 498//167 305//167
f 602//168 514//168 321//168
f 661//169 530//169 337//169
f 566//17 884//17 929//17
f 558//170 884//170 602//170
f 647//171 926//171 565//171
f 660//9 926//9 904//9
f 587//172 907//172 661//172
f 556//25 907//25 900//25
f 629//1 857//1 829//1
f 573//173 857//173 611//173
f 1020//167 305//167 498//167
f 1045//168 321//168 514//168
f 963//174 337//174 946//174
f 946//25 530//25 987//25
f 977//166 354//166 482//166
f 1042//175 354//175 945//175
f 1010//176 321//176 1051//176
f 960//177 497//177 305//177
f 74//209 4//209 163//209
f 163//209 2//209 77//209
f 77//210 2//210 257//210
f 257//211 64//211 80//211
f 80//212 64//212 254//212
f 254//212 62//212 83//212
f 83//213 62//213 251//213
f 251//213 60//213 86//213
f 86//214 60//214 248//214
f 248//215 58//215 89//215
f 89//216 58//216 245//216
f 245//216 56//216 92//216
f 92//217 56//217 242//217
f 242//217 54//217 94//217
f 94//218 54//218 239//218
f 239//218 52//218 96//218
f 96//219 52//219 236//219
f 236//219 50//219 66//219
f 66//220 50//220 233//220
f 233//220 48//220 68//220
f 68//221 48//221 230//221
f 230//221 46//221 70//221
f 70//222 46//222 227//222
f 227//222 44//222 72//222
f 72//223 44//223 224//223
f 224//223 42//223 75//223
f 75//224 42//224 221//224
f 221//225 40//225 78//225
f 78//226 40//226 218//226
f 218//226 38//226 81//226
f 81//227 38//227 215//227
f 215//227 36//227 84//227
f 84//228 36//228 212//228
f 212//229 34//229 87//229
f 87//230 34//230 209//230
f 209//230 32//230 90//230
f 90//231 32//231 206//231
f 206//232 30//232 93//232
f 93//233 30//233 203//233
f 203//233 28//233 95//233
f 95//234 28//234 200//234
f 200//234 26//234 97//234
f 97//235 26//235 197//235
f 197//236 24//236 67//236
f 67//237 24//237 194//237
f 194//237 22//237 69//237
f 69//238 22//238 191//238
f 191//238 20//238 71//238
f 71//58 20//58 188//58
f 188//58 18//58 73//58
f 73//59 18//59 185//59
f 185//59 16//59 76//59
f 76//239 16//239 182//239
f 182//239 14//239 79//239
f 79//240 14//240 179//240
f 179//240 12//240 82//240
f 82//241 12//241 176//241
f 176//242 10//242 85//242
f 85//243 10//243 173//243
f 173//243 8//243 88//243
f 88//244 8//244 170//244
f 170//244 6//244 91//244
f 91//245 6//245 167//245
f 167//246 4//246 74//246
f 545//162 573//162 611//162
f 529//163 587//163 661//163
f 513//164 558//164 602//164
f 497//165 647//165 565//165
f 611//166 629//166 482//166
f 565//167 660//167 498//167
f 602//168 566//168 514//168
f 661//169 556//169 530//169
f 566//271 602//271 884//271
f 558//16 906//16 884//16
f 647//8 866//8 926//8
f 660//272 565//272 926//272
f 587//24 848//24 907//24
f 556//273 661//273 907//273
f 629//274 611//274 857//274
f 573//32 820//32 857//32
f 1020//275 960//275 305//275
f 1045//276 1051//276 321//276
f 963//163 529//163 337//163
f 946//277 337//277 530//277
f 977//278 945//278 354//278
f 1042//162 545//162 354//162
f 1010//164 513//164 321//164
f 960//8 949//8 497//8
usemtl Material.006
f 326//33 220//33 374//33
f 69//66 99//66 67//66
f 86//67 121//67 118//67
f 71//68 101//68 69//68
f 89//69 124//69 121//69
f 73//70 103//70 71//70
f 92//71 126//71 124//71
f 73//72 107//72 105//72
f 94//73 128//73 126//73
f 76//74 110//74 107//74
f 96//75 98//75 128//75
f 79//76 114//76 110//76
f 68//77 98//77 66//77
f 82//78 117//78 114//78
f 70//79 100//79 68//79
f 85//80 120//80 117//80
f 72//81 102//81 70//81
f 88//82 123//82 120//82
f 75//83 104//83 72//83
f 91//84 111//84 123//84
f 78//85 106//85 75//85
f 81//86 109//86 78//86
f 84//87 113//87 81//87
f 87//88 116//88 84//88
f 90//89 119//89 87//89
f 93//90 122//90 90//90
f 74//91 108//91 111//91
f 95//92 125//92 93//92
f 77//93 112//93 108//93
f 97//94 127//94 95//94
f 80//95 115//95 112//95
f 67//96 129//96 97//96
f 83//97 118//97 115//97
f 110//98 139//98 107//98
f 112//99 140//99 108//99
f 98//100 160//100 128//100
f 127//101 161//101 159//101
f 114//102 142//102 110//102
f 115//103 143//103 112//103
f 100//104 130//104 98//104
f 99//105 161//105 129//105
f 117//106 145//106 114//106
f 118//107 146//107 115//107
f 102//108 132//108 100//108
f 120//109 148//109 117//109
f 104//110 134//110 102//110
f 123//111 151//111 120//111
f 106//112 136//112 104//112
f 111//113 154//113 123//113
f 101//114 131//114 99//114
f 109//115 138//115 106//115
f 121//116 149//116 118//116
f 113//117 141//117 109//117
f 103//118 133//118 101//118
f 116//119 144//119 113//119
f 124//120 152//120 121//120
f 119//121 147//121 116//121
f 103//122 137//122 135//122
f 122//123 150//123 119//123
f 126//124 155//124 124//124
f 125//125 153//125 122//125
f 107//126 137//126 105//126
f 108//127 157//127 111//127
f 128//128 158//128 126//128
f 127//129 156//129 125//129
f 1452//1 162//1 353//1
f 1536//1 353//1 1//1
f 1554//1 3//1 290//1
f 1542//1 290//1 162//1
f 1478//2 166//2 355//2
f 1476//2 355//2 3//2
f 1552//2 5//2 292//2
f 1530//2 292//2 166//2
f 1562//3 169//3 356//3
f 1470//3 356//3 5//3
f 1504//3 7//3 294//3
f 1515//3 294//3 169//3
f 1494//4 172//4 357//4
f 1463//4 357//4 7//4
f 1487//4 9//4 296//4
f 1443//4 296//4 172//4
f 1480//5 175//5 358//5
f 1456//5 358//5 9//5
f 1505//5 11//5 298//5
f 1451//5 298//5 175//5
f 1555//6 178//6 359//6
f 1447//6 359//6 11//6
f 1525//6 13//6 300//6
f 1461//6 300//6 178//6
f 1484//7 181//7 360//7
f 1457//7 360//7 13//7
f 1539//7 15//7 302//7
f 1551//7 302//7 181//7
f 1568//8 184//8 361//8
f 1511//8 361//8 15//8
f 1526//8 17//8 304//8
f 1454//8 304//8 184//8
f 1556//9 187//9 362//9
f 1522//9 362//9 17//9
f 1564//9 19//9 306//9
f 1498//9 306//9 187//9
f 1502//10 190//10 363//10
f 1534//10 363//10 19//10
f 1491//10 21//10 308//10
f 1521//10 308//10 190//10
f 1485//11 193//11 364//11
f 1468//11 364//11 21//11
f 1477//11 23//11 310//11
f 1474//11 310//11 193//11
f 1467//12 196//12 365//12
f 1492//12 365//12 23//12
f 1459//12 25//12 312//12
f 1473//12 312//12 196//12
f 1448//13 199//13 366//13
f 1560//13 366//13 25//13
f 1507//13 27//13 314//13
f 1449//13 314//13 199//13
f 1518//14 202//14 367//14
f 1567//14 367//14 27//14
f 1533//14 29//14 316//14
f 1465//14 316//14 202//14
f 1546//15 205//15 368//15
f 1496//15 368//15 29//15
f 1558//15 31//15 318//15
f 1529//15 318//15 205//15
f 1566//16 208//16 369//16
f 1495//16 369//16 31//16
f 1500//16 33//16 320//16
f 1512//16 320//16 208//16
f 1475//23 376//23 45//23
f 1528//29 59//29 346//29
f 1483//23 334//23 229//23
f 1479//30 250//30 383//30
f 1469//30 61//30 348//30
f 1520//24 336//24 232//24
f 1543//31 253//31 384//31
f 1455//25 378//25 49//25
f 1499//31 63//31 350//31
f 1540//25 338//25 235//25
f 1481//32 256//32 385//32
f 1450//26 379//26 51//26
f 1517//32 385//32 63//32
f 1538//32 1//32 352//32
f 1509//27 241//27 380//27
f 1444//27 380//27 53//27
f 1514//28 381//28 55//28
f 1531//27 342//27 241//27
f 1462//28 244//28 381//28
f 1565//18 214//18 371//18
f 1506//28 57//28 344//28
f 1446//28 344//28 244//28
f 1510//29 247//29 382//29
f 1523//29 382//29 57//29
f 1548//17 370//17 33//17
f 1532//29 346//29 247//29
f 1519//26 340//26 238//26
f 1537//30 383//30 59//30
f 1557//18 371//18 35//18
f 1445//30 348//30 250//30
f 1488//18 324//18 214//18
f 1486//19 217//19 372//19
f 1563//19 372//19 37//19
f 1547//31 350//31 253//31
f 1489//19 326//19 217//19
f 1460//20 220//20 373//20
f 1501//20 373//20 39//20
f 1535//32 352//32 256//32
f 1466//17 322//17 211//17
f 1442//21 223//21 374//21
f 1490//21 374//21 41//21
f 1516//21 43//21 330//21
f 1561//21 330//21 223//21
f 1527//22 226//22 375//22
f 1549//31 384//31 61//31
f 1545//22 45//22 332//22
f 1550//22 332//22 226//22
f 1524//23 229//23 376//23
f 1541//17 211//17 370//17
f 1544//23 47//23 334//23
f 1553//17 35//17 322//17
f 1559//24 232//24 377//24
f 1464//24 377//24 47//24
f 1569//24 49//24 336//24
f 1497//18 37//18 324//18
f 1493//25 235//25 378//25
f 1508//27 55//27 342//27
f 1482//25 51//25 338//25
f 1472//19 39//19 326//19
f 1471//26 238//26 379//26
f 1458//26 53//26 340//26
f 1503//20 328//20 220//20
f 1453//20 41//20 328//20
f 1182//16 1322//16 1356//16
f 1163//6 1416//6 1428//6
f 1092//28 1431//28 1164//28
f 1069//4 1412//4 1325//4
f 1118//28 1385//28 1092//28
f 1062//178 1343//178 1075//178
f 1062//16 1372//16 1432//16
f 1112//4 1352//4 1429//4
f 1101//29 1319//29 1067//29
f 1078//4 1348//4 1352//4
f 1073//17 1339//17 1125//17
f 1073//17 1343//17 1337//17
f 1151//29 1329//29 1173//29
f 1085//5 1429//5 1371//5
f 1164//29 1403//29 1101//29
f 1067//29 1400//29 1151//29
f 1080//17 1361//17 1081//17
f 1119//5 1371//5 1321//5
f 1125//17 1358//17 1080//17
f 1121//5 1320//5 1327//5
f 1117//30 1386//30 1144//30
f 1170//5 1321//5 1320//5
f 1089//18 1440//18 1116//18
f 1081//18 1404//18 1089//18
f 1124//30 1415//30 1158//30
f 1107//6 1327//6 1416//6
f 1126//10 1420//10 1342//10
f 1144//30 1336//30 1124//30
f 1100//18 1375//18 1087//18
f 1116//18 1401//18 1100//18
f 1132//6 1419//6 1360//6
f 1176//31 1417//31 1159//31
f 1160//6 1428//6 1419//6
f 1110//19 1414//19 1106//19
f 1087//19 1423//19 1110//19
f 1096//8 1430//8 1393//8
f 1070//31 1427//31 1060//31
f 1065//7 1360//7 1441//7
f 1159//31 1328//31 1070//31
f 1122//19 1389//19 1094//19
f 1106//19 1330//19 1122//19
f 1136//7 1437//7 1370//7
f 1063//32 1317//32 1169//32
f 1115//7 1392//7 1437//7
f 1131//20 1387//20 1093//20
f 1178//9 1314//9 1344//9
f 1094//20 1357//20 1131//20
f 1060//32 1435//32 1063//32
f 1061//8 1370//8 1430//8
f 1169//32 1334//32 1072//32
f 1140//20 1410//20 1104//20
f 1093//20 1378//20 1140//20
f 1084//179 1382//179 1142//179
f 1084//8 1393//8 1369//8
f 1150//21 1367//21 1083//21
f 1099//15 1350//15 1399//15
f 1104//21 1398//21 1150//21
f 1102//13 1409//13 1406//13
f 1168//9 1382//9 1314//9
f 1161//21 1426//21 1111//21
f 1083//21 1422//21 1161//21
f 1149//9 1347//9 1396//9
f 1068//15 1323//15 1322//15
f 1179//9 1344//9 1347//9
f 1172//22 1346//22 1076//22
f 1111//22 1326//22 1172//22
f 1155//13 1332//13 1409//13
f 1109//10 1396//10 1420//10
f 1173//30 1315//30 1117//30
f 1185//22 1324//22 1120//22
f 1076//22 1365//22 1185//22
f 1153//10 1331//10 1405//10
f 1071//10 1342//10 1331//10
f 1064//23 1316//23 1066//23
f 1120//23 1438//23 1064//23
f 1130//15 1399//15 1354//15
f 1079//11 1405//11 1355//11
f 1077//11 1355//11 1349//11
f 1074//23 1345//23 1127//23
f 1066//23 1340//23 1074//23
f 1165//11 1363//11 1433//11
f 1133//11 1349//11 1363//11
f 1082//24 1421//24 1058//24
f 1127//24 1364//24 1082//24
f 1097//12 1433//12 1395//12
f 1091//180 1368//180 1135//180
f 1058//24 1383//24 1091//24
f 1174//12 1418//12 1332//12
f 1128//4 1325//4 1348//4
f 1108//12 1381//12 1418//12
f 1103//25 1335//25 1175//25
f 1103//25 1368//25 1408//25
f 1157//1 1397//1 1413//1
f 1137//16 1356//16 1372//16
f 1114//25 1380//25 1141//25
f 1098//1 1379//1 1397//1
f 1175//25 1434//25 1114//25
f 1183//13 1351//13 1359//13
f 1129//13 1406//13 1351//13
f 1088//1 1388//1 1377//1
f 1072//181 1379//181 1113//181
f 1123//26 1373//26 1086//26
f 1145//1 1413//1 1388//1
f 1141//26 1333//26 1123//26
f 1184//14 1376//14 1362//14
f 1146//2 1407//2 1390//2
f 1134//26 1394//26 1148//26
f 1154//2 1377//2 1407//2
f 1086//26 1366//26 1134//26
f 1180//14 1353//14 1350//14
f 1181//14 1362//14 1353//14
f 1095//2 1436//2 1391//2
f 1143//27 1439//27 1167//27
f 1166//2 1390//2 1436//2
f 1148//27 1384//27 1143//27
f 1139//14 1359//14 1376//14
f 1138//3 1341//3 1374//3
f 1090//12 1395//12 1381//12
f 1158//31 1338//31 1176//31
f 1152//27 1411//27 1156//27
f 1177//3 1391//3 1341//3
f 1167//27 1402//27 1152//27
f 1147//7 1441//7 1392//7
f 1171//15 1354//15 1323//15
f 1105//3 1424//3 1412//3
f 1162//28 1318//28 1118//28
f 1059//3 1374//3 1424//3
f 1156//28 1425//28 1162//28
f 1310//16 1068//16 1182//16
f 1290//6 1107//6 1163//6
f 1220//28 1164//28 1291//28
f 1197//4 1105//4 1069//4
f 1245//28 1092//28 1220//28
f 1203//182 1062//182 1075//182
f 1190//16 1137//16 1062//16
f 1240//4 1078//4 1112//4
f 1229//29 1067//29 1195//29
f 1206//4 1128//4 1078//4
f 1201//17 1125//17 1252//17
f 1203//183 1073//183 1201//183
f 1278//29 1173//29 1300//29
f 1213//5 1112//5 1085//5
f 1291//29 1101//29 1229//29
f 1195//29 1151//29 1278//29
f 1208//17 1081//17 1209//17
f 1246//5 1085//5 1119//5
f 1252//17 1080//17 1208//17
f 1248//5 1170//5 1121//5
f 1244//30 1144//30 1271//30
f 1297//5 1119//5 1170//5
f 1217//18 1116//18 1243//18
f 1209//18 1089//18 1217//18
f 1251//30 1158//30 1285//30
f 1235//6 1121//6 1107//6
f 1253//10 1109//10 1126//10
f 1271//30 1124//30 1251//30
f 1228//18 1087//18 1215//18
f 1243//18 1100//18 1228//18
f 1259//6 1160//6 1132//6
f 1304//31 1159//31 1286//31
f 1287//6 1163//6 1160//6
f 1238//19 1106//19 1234//19
f 1215//19 1110//19 1238//19
f 1224//8 1061//8 1096//8
f 1198//31 1060//31 1188//31
f 1193//7 1132//7 1065//7
f 1286//31 1070//31 1198//31
f 1249//19 1094//19 1222//19
f 1234//19 1122//19 1249//19
f 1263//7 1115//7 1136//7
f 1191//32 1169//32 1296//32
f 1242//7 1147//7 1115//7
f 1258//20 1093//20 1221//20
f 1306//9 1168//9 1178//9
f 1222//20 1131//20 1258//20
f 1188//32 1063//32 1191//32
f 1189//8 1136//8 1061//8
f 1296//32 1072//32 1200//32
f 1267//20 1104//20 1232//20
f 1221//20 1140//20 1267//20
f 1269//184 1084//184 1142//184
f 1212//8 1096//8 1084//8
f 1277//21 1083//21 1211//21
f 1227//15 1180//15 1099//15
f 1232//21 1150//21 1277//21
f 1230//13 1155//13 1102//13
f 1295//185 1142//185 1168//185
f 1288//21 1111//21 1239//21
f 1211//21 1161//21 1288//21
f 1276//9 1179//9 1149//9
f 1196//15 1171//15 1068//15
f 1307//9 1178//9 1179//9
f 1299//22 1076//22 1204//22
f 1239//22 1172//22 1299//22
f 1282//13 1174//13 1155//13
f 1237//10 1149//10 1109//10
f 1300//30 1117//30 1244//30
f 1313//22 1120//22 1247//22
f 1204//22 1185//22 1313//22
f 1280//10 1071//10 1153//10
f 1199//10 1126//10 1071//10
f 1192//23 1066//23 1194//23
f 1247//23 1064//23 1192//23
f 1257//15 1099//15 1130//15
f 1207//11 1153//11 1079//11
f 1205//11 1079//11 1077//11
f 1202//23 1127//23 1254//23
f 1194//23 1074//23 1202//23
f 1292//11 1133//11 1165//11
f 1260//11 1077//11 1133//11
f 1210//24 1058//24 1186//24
f 1254//24 1082//24 1210//24
f 1225//12 1165//12 1097//12
f 1219//186 1135//186 1262//186
f 1186//24 1091//24 1219//24
f 1301//12 1108//12 1174//12
f 1255//4 1069//4 1128//4
f 1236//12 1090//12 1108//12
f 1231//25 1175//25 1303//25
f 1262//187 1103//187 1231//187
f 1284//1 1098//1 1157//1
f 1264//16 1182//16 1137//16
f 1241//25 1141//25 1268//25
f 1226//188 1113//188 1098//188
f 1303//25 1114//25 1241//25
f 1311//13 1129//13 1183//13
f 1256//13 1102//13 1129//13
f 1216//1 1145//1 1088//1
f 1200//189 1113//189 1302//189
f 1250//26 1086//26 1214//26
f 1272//1 1157//1 1145//1
f 1268//26 1123//26 1250//26
f 1312//14 1139//14 1184//14
f 1273//2 1154//2 1146//2
f 1261//26 1148//26 1275//26
f 1281//2 1088//2 1154//2
f 1214//26 1134//26 1261//26
f 1308//14 1181//14 1180//14
f 1309//14 1184//14 1181//14
f 1223//2 1166//2 1095//2
f 1270//27 1167//27 1294//27
f 1293//2 1146//2 1166//2
f 1275//27 1143//27 1270//27
f 1266//14 1183//14 1139//14
f 1265//3 1177//3 1138//3
f 1218//12 1097//12 1090//12
f 1285//31 1176//31 1304//31
f 1279//27 1156//27 1283//27
f 1305//3 1095//3 1177//3
f 1294//27 1152//27 1279//27
f 1274//7 1065//7 1147//7
f 1298//15 1130//15 1171//15
f 1233//3 1059//3 1105//3
f 1289//28 1118//28 1245//28
f 1187//3 1138//3 1059//3
f 1283//28 1162//28 1289//28
f 1454//8 1212//8 1526//8
f 1522//190 1212//190 1269//190
f 1509//27 1294//27 1531//27
f 1536//191 1200//191 1302//191
f 1453//20 1232//20 1490//20
f 1511//8 1189//8 1568//8
f 1503//20 1267//20 1453//20
f 1517//32 1191//32 1481//32
f 1450//26 1250//26 1471//26
f 1480//5 1246//5 1451//5
f 1551//7 1242//7 1539//7
f 1471//26 1214//26 1519//26
f 1541//17 1252//17 1466//17
f 1539//7 1263//7 1511//7
f 1481//32 1296//32 1535//32
f 1540//25 1241//25 1482//25
f 1472//19 1222//19 1501//19
f 1457//7 1193//7 1484//7
f 1482//25 1268//25 1450//25
f 1499//31 1188//31 1517//31
f 1455//25 1231//25 1493//25
f 1461//6 1287//6 1525//6
f 1493//25 1303//25 1540//25
f 1525//6 1259//6 1457//6
f 1543//31 1286//31 1547//31
f 1467//12 1218//12 1473//12
f 1520//24 1219//24 1569//24
f 1497//18 1215//18 1563//18
f 1447//6 1235//6 1555//6
f 1455//192 1219//192 1262//192
f 1469//30 1285//30 1549//30
f 1534//10 1237//10 1502//10
f 1464//24 1210//24 1559//24
f 1451//5 1297//5 1505//5
f 1559//24 1186//24 1520//24
f 1505//5 1248//5 1447//5
f 1479//30 1271//30 1445//30
f 1508//27 1283//27 1514//27
f 1483//23 1202//23 1544//23
f 1553//17 1209//17 1557//17
f 1567//14 1266//14 1518//14
f 1456//5 1213//5 1480//5
f 1544//23 1254//23 1464//23
f 1528//29 1300//29 1537//29
f 1475//23 1192//23 1524//23
f 1443//4 1206//4 1487//4
f 1524//23 1194//23 1483//23
f 1487//4 1240//4 1456//4
f 1512//16 1190//16 1500//16
f 1548//193 1190//193 1203//193
f 1550//22 1313//22 1545//22
f 1463//4 1197//4 1494//4
f 1545//22 1247//22 1475//22
f 1495//16 1310//16 1566//16
f 1566//16 1264//16 1512//16
f 1515//3 1187//3 1504//3
f 1527//22 1204//22 1550//22
f 1518//14 1312//14 1465//14
f 1504//3 1233//3 1463//3
f 1529//15 1298//15 1558//15
f 1558//15 1196//15 1495//15
f 1561//21 1288//21 1516//21
f 1470//3 1305//3 1562//3
f 1516//21 1239//21 1513//21
f 1513//22 375//22 43//22
f 1444//27 1270//27 1509//27
f 1496//15 1227//15 1546//15
f 1514//28 1289//28 1462//28
f 1522//9 1295//9 1556//9
f 1546//15 1257//15 1529//15
f 1531//27 1279//27 1508//27
f 1462//28 1245//28 1446//28
f 1564//9 1276//9 1534//9
f 1498//9 1307//9 1564//9
f 1565//18 1243//18 1488//18
f 1506//28 1291//28 1523//28
f 1458//26 1275//26 1444//26
f 1484//7 1274//7 1551//7
f 1446//28 1220//28 1506//28
f 1510//29 1195//29 1532//29
f 1491//10 1280//10 1468//10
f 1568//8 1224//8 1454//8
f 1523//29 1229//29 1510//29
f 1513//22 1299//22 1527//22
f 1548//17 1201//17 1541//17
f 1468//11 1207//11 1485//11
f 1532//29 1278//29 1528//29
f 1448//13 1230//13 1449//13
f 1519//26 1261//26 1458//26
f 1477//11 1292//11 1492//11
f 1474//11 1260//11 1477//11
f 1556//9 1306//9 1498//9
f 1537//30 1244//30 1479//30
f 1521//10 1199//10 1491//10
f 1557//18 1217//18 1565//18
f 1492//12 1225//12 1467//12
f 1445//30 1251//30 1469//30
f 1560//13 1282//13 1448//13
f 1488//18 1228//18 1497//18
f 1459//12 1301//12 1560//12
f 1502//10 1253//10 1521//10
f 1473//12 1236//12 1459//12
f 1555//6 1290//6 1461//6
f 1486//19 1234//19 1489//19
f 1563//19 1238//19 1486//19
f 1452//1 1284//1 1542//1
f 1547//31 1198//31 1499//31
f 1536//1 1226//1 1452//1
f 1489//19 1249//19 1472//19
f 1507//13 1311//13 1567//13
f 1485//11 1205//11 1474//11
f 1449//13 1256//13 1507//13
f 1554//1 1216//1 1476//1
f 1460//20 1221//20 1503//20
f 1542//1 1272//1 1554//1
f 1501//20 1258//20 1460//20
f 1478//2 1273//2 1530//2
f 1535//32 1200//32 1538//32
f 1476//2 1281//2 1478//2
f 1466//17 1208//17 1553//17
f 1533//14 1308//14 1496//14
f 1465//14 1309//14 1533//14
f 1552//2 1223//2 1470//2
f 1442//21 1211//21 1561//21
f 1530//2 1293//2 1552//2
f 1494//4 1255//4 1443//4
f 1490//21 1277//21 1442//21
f 1562//3 1265//3 1515//3
f 1549//31 1304//31 1543//31
f 352//194 1//194 353//194
f 352//194 353//194 162//194
f 256//194 352//194 162//194
f 290//195 3//195 355//195
f 256//194 162//194 290//194
f 350//194 63//194 385//194
f 385//194 256//194 290//194
f 290//195 355//195 166//195
f 292//33 5//33 356//33
f 290//195 166//195 292//195
f 350//194 385//194 290//194
f 61//196 384//196 253//196
f 253//194 350//194 290//194
f 290//194 292//194 356//194
f 356//194 169//194 294//194
f 294//194 7//194 357//194
f 172//194 296//194 9//194
f 294//33 357//33 172//33
f 290//194 356//194 294//194
f 61//194 253//194 290//194
f 250//196 348//196 61//196
f 346//194 59//194 383//194
f 383//197 250//197 61//197
f 61//194 290//194 294//194
f 294//33 172//33 9//33
f 294//195 9//195 358//195
f 383//194 61//194 294//194
f 247//198 346//198 383//198
f 344//33 57//33 382//33
f 382//194 247//194 383//194
f 383//194 294//194 358//194
f 175//194 298//194 11//194
f 383//194 358//194 175//194
f 344//194 382//194 383//194
f 55//194 381//194 244//194
f 244//194 344//194 383//194
f 383//194 175//194 11//194
f 11//199 359//199 178//199
f 178//194 300//194 13//194
f 302//194 15//194 361//194
f 361//194 184//194 304//194
f 304//194 17//194 362//194
f 362//194 187//194 306//194
f 306//194 19//194 363//194
f 190//194 308//194 21//194
f 306//200 363//200 190//200
f 304//194 362//194 306//194
f 302//198 361//198 304//198
f 13//194 360//194 181//194
f 181//194 302//194 304//194
f 304//33 306//33 190//33
f 190//194 21//194 364//194
f 193//199 310//199 23//199
f 190//194 364//194 193//194
f 181//194 304//194 190//194
f 178//194 13//194 181//194
f 383//194 11//194 178//194
f 55//194 244//194 383//194
f 380//201 241//201 342//201
f 342//194 55//194 383//194
f 383//194 178//194 181//194
f 181//194 190//194 193//194
f 193//194 23//194 365//194
f 193//194 365//194 196//194
f 383//194 181//194 193//194
f 380//194 342//194 383//194
f 340//198 53//198 380//198
f 238//202 340//202 380//202
f 380//194 383//194 193//194
f 193//194 196//194 312//194
f 312//195 25//195 366//195
f 199//196 314//196 27//196
f 312//203 366//203 199//203
f 380//194 193//194 312//194
f 379//194 238//194 380//194
f 338//194 51//194 379//194
f 49//194 378//194 235//194
f 235//194 338//194 379//194
f 379//194 380//194 312//194
f 312//198 199//198 27//198
f 367//194 202//194 316//194
f 312//194 27//194 367//194
f 235//194 379//194 312//194
f 336//198 49//198 235//198
f 232//194 336//194 235//194
f 235//194 312//194 367//194
f 367//204 316//204 29//204
f 368//194 205//194 318//194
f 367//194 29//194 368//194
f 232//194 235//194 367//194
f 334//194 47//194 377//194
f 377//194 232//194 367//194
f 367//194 368//194 318//194
f 318//194 31//194 369//194
f 208//205 320//205 33//205
f 318//194 369//194 208//194
f 377//194 367//194 318//194
f 229//194 334//194 377//194
f 45//194 376//194 229//194
f 375//201 226//201 332//201
f 332//194 45//194 229//194
f 229//194 377//194 318//194
f 318//194 208//194 33//194
f 33//206 370//206 211//206
f 322//33 35//33 371//33
f 33//194 211//194 322//194
f 229//194 318//194 33//194
f 375//194 332//194 229//194
f 330//194 43//194 375//194
f 223//207 330//207 375//207
f 375//194 229//194 33//194
f 33//194 322//194 371//194
f 214//196 324//196 37//196
f 33//194 371//194 214//194
f 223//194 375//194 33//194
f 328//194 41//194 374//194
f 374//194 223//194 33//194
f 33//194 214//194 37//194
f 37//196 372//196 217//196
f 326//194 39//194 373//194
f 37//208 217//208 326//208
f 374//194 33//194 37//194
f 220//207 328//207 374//207
f 326//195 373//195 220//195
f 374//194 37//194 326//194
f 69//66 101//66 99//66
f 86//247 89//247 121//247
f 71//248 103//248 101//248
f 89//249 92//249 124//249
f 73//70 105//70 103//70
f 92//250 94//250 126//250
f 73//72 76//72 107//72
f 94//73 96//73 128//73
f 76//251 79//251 110//251
f 96//75 66//75 98//75
f 79//76 82//76 114//76
f 68//77 100//77 98//77
f 82//252 85//252 117//252
f 70//79 102//79 100//79
f 85//253 88//253 120//253
f 72//254 104//254 102//254
f 88//255 91//255 123//255
f 75//256 106//256 104//256
f 91//257 74//257 111//257
f 78//258 109//258 106//258
f 81//259 113//259 109//259
f 84//260 116//260 113//260
f 87//261 119//261 116//261
f 90//262 122//262 119//262
f 93//263 125//263 122//263
f 74//264 77//264 108//264
f 95//265 127//265 125//265
f 77//266 80//266 112//266
f 97//267 129//267 127//267
f 80//268 83//268 115//268
f 67//269 99//269 129//269
f 83//270 86//270 118//270
f 110//98 142//98 139//98
f 112//99 143//99 140//99
f 98//100 130//100 160//100
f 127//101 129//101 161//101
f 114//102 145//102 142//102
f 115//103 146//103 143//103
f 100//104 132//104 130//104
f 99//105 131//105 161//105
f 117//106 148//106 145//106
f 118//107 149//107 146//107
f 102//108 134//108 132//108
f 120//109 151//109 148//109
f 104//110 136//110 134//110
f 123//111 154//111 151//111
f 106//112 138//112 136//112
f 111//113 157//113 154//113
f 101//114 133//114 131//114
f 109//115 141//115 138//115
f 121//116 152//116 149//116
f 113//117 144//117 141//117
f 103//118 135//118 133//118
f 116//119 147//119 144//119
f 124//120 155//120 152//120
f 119//121 150//121 147//121
f 103//122 105//122 137//122
f 122//123 153//123 150//123
f 126//124 158//124 155//124
f 125//125 156//125 153//125
f 107//126 139//126 137//126
f 108//127 140//127 157//127
f 128//128 160//128 158//128
f 127//129 159//129 156//129
f 1452//1 1542//1 162//1
f 1536//1 1452//1 353//1
f 1554//1 1476//1 3//1
f 1542//1 1554//1 290//1
f 1478//2 1530//2 166//2
f 1476//2 1478//2 355//2
f 1552//2 1470//2 5//2
f 1530//2 1552//2 292//2
f 1562//3 1515//3 169//3
f 1470//3 1562//3 356//3
f 1504//3 1463//3 7//3
f 1515//3 1504//3 294//3
f 1494//4 1443//4 172//4
f 1463//4 1494//4 357//4
f 1487//4 1456//4 9//4
f 1443//4 1487//4 296//4
f 1480//5 1451//5 175//5
f 1456//5 1480//5 358//5
f 1505//5 1447//5 11//5
f 1451//5 1505//5 298//5
f 1555//6 1461//6 178//6
f 1447//6 1555//6 359//6
f 1525//6 1457//6 13//6
f 1461//6 1525//6 300//6
f 1484//7 1551//7 181//7
f 1457//7 1484//7 360//7
f 1539//7 1511//7 15//7
f 1551//7 1539//7 302//7
f 1568//8 1454//8 184//8
f 1511//8 1568//8 361//8
f 1526//8 1522//8 17//8
f 1454//8 1526//8 304//8
f 1556//9 1498//9 187//9
f 1522//9 1556//9 362//9
f 1564//9 1534//9 19//9
f 1498//9 1564//9 306//9
f 1502//10 1521//10 190//10
f 1534//10 1502//10 363//10
f 1491//10 1468//10 21//10
f 1521//10 1491//10 308//10
f 1485//11 1474//11 193//11
f 1468//11 1485//11 364//11
f 1477//11 1492//11 23//11
f 1474//11 1477//11 310//11
f 1467//12 1473//12 196//12
f 1492//12 1467//12 365//12
f 1459//12 1560//12 25//12
f 1473//12 1459//12 312//12
f 1448//13 1449//13 199//13
f 1560//13 1448//13 366//13
f 1507//13 1567//13 27//13
f 1449//13 1507//13 314//13
f 1518//14 1465//14 202//14
f 1567//14 1518//14 367//14
f 1533//14 1496//14 29//14
f 1465//14 1533//14 316//14
f 1546//15 1529//15 205//15
f 1496//15 1546//15 368//15
f 1558//15 1495//15 31//15
f 1529//15 1558//15 318//15
f 1566//16 1512//16 208//16
f 1495//16 1566//16 369//16
f 1500//16 1548//16 33//16
f 1512//16 1500//16 320//16
f 1475//23 1524//23 376//23
f 1528//29 1537//29 59//29
f 1483//23 1544//23 334//23
f 1479//30 1445//30 250//30
f 1469//30 1549//30 61//30
f 1520//24 1569//24 336//24
f 1543//31 1547//31 253//31
f 1455//25 1493//25 378//25
f 1499//31 1517//31 63//31
f 1540//25 1482//25 338//25
f 1481//32 1535//32 256//32
f 1450//26 1471//26 379//26
f 1517//32 1481//32 385//32
f 1538//32 1536//32 1//32
f 1509//27 1531//27 241//27
f 1444//27 1509//27 380//27
f 1514//28 1462//28 381//28
f 1531//27 1508//27 342//27
f 1462//28 1446//28 244//28
f 1565//18 1488//18 214//18
f 1506//28 1523//28 57//28
f 1446//28 1506//28 344//28
f 1510//29 1532//29 247//29
f 1523//29 1510//29 382//29
f 1548//17 1541//17 370//17
f 1532//29 1528//29 346//29
f 1519//26 1458//26 340//26
f 1537//30 1479//30 383//30
f 1557//18 1565//18 371//18
f 1445//30 1469//30 348//30
f 1488//18 1497//18 324//18
f 1486//19 1489//19 217//19
f 1563//19 1486//19 372//19
f 1547//31 1499//31 350//31
f 1489//19 1472//19 326//19
f 1460//20 1503//20 220//20
f 1501//20 1460//20 373//20
f 1535//32 1538//32 352//32
f 1466//17 1553//17 322//17
f 1442//21 1561//21 223//21
f 1490//21 1442//21 374//21
f 1516//21 1513//21 43//21
f 1561//21 1516//21 330//21
f 1527//22 1550//22 226//22
f 1549//31 1543//31 384//31
f 1545//22 1475//22 45//22
f 1550//22 1545//22 332//22
f 1524//23 1483//23 229//23
f 1541//17 1466//17 211//17
f 1544//23 1464//23 47//23
f 1553//17 1557//17 35//17
f 1559//24 1520//24 232//24
f 1464//24 1559//24 377//24
f 1569//24 1455//24 49//24
f 1497//18 1563//18 37//18
f 1493//25 1540//25 235//25
f 1508//27 1514//27 55//27
f 1482//25 1450//25 51//25
f 1472//19 1501//19 39//19
f 1471//26 1519//26 238//26
f 1458//26 1444//26 53//26
f 1503//20 1453//20 328//20
f 1453//20 1490//20 41//20
f 1182//16 1068//16 1322//16
f 1163//6 1107//6 1416//6
f 1092//28 1385//28 1431//28
f 1069//4 1105//4 1412//4
f 1118//28 1318//28 1385//28
f 1062//16 1432//16 1343//16
f 1062//16 1137//16 1372//16
f 1112//4 1078//4 1352//4
f 1101//29 1403//29 1319//29
f 1078//4 1128//4 1348//4
f 1073//17 1337//17 1339//17
f 1073//279 1075//279 1343//279
f 1151//29 1400//29 1329//29
f 1085//5 1112//5 1429//5
f 1164//29 1431//29 1403//29
f 1067//29 1319//29 1400//29
f 1080//17 1358//17 1361//17
f 1119//5 1085//5 1371//5
f 1125//17 1339//17 1358//17
f 1121//5 1170//5 1320//5
f 1117//30 1315//30 1386//30
f 1170//5 1119//5 1321//5
f 1089//18 1404//18 1440//18
f 1081//18 1361//18 1404//18
f 1124//30 1336//30 1415//30
f 1107//6 1121//6 1327//6
f 1126//10 1109//10 1420//10
f 1144//30 1386//30 1336//30
f 1100//18 1401//18 1375//18
f 1116//18 1440//18 1401//18
f 1132//6 1160//6 1419//6
f 1176//31 1338//31 1417//31
f 1160//6 1163//6 1428//6
f 1110//19 1423//19 1414//19
f 1087//19 1375//19 1423//19
f 1096//8 1061//8 1430//8
f 1070//31 1328//31 1427//31
f 1065//7 1132//7 1360//7
f 1159//31 1417//31 1328//31
f 1122//19 1330//19 1389//19
f 1106//19 1414//19 1330//19
f 1136//7 1115//7 1437//7
f 1063//32 1435//32 1317//32
f 1115//7 1147//7 1392//7
f 1131//20 1357//20 1387//20
f 1178//9 1168//9 1314//9
f 1094//20 1389//20 1357//20
f 1060//32 1427//32 1435//32
f 1061//8 1136//8 1370//8
f 1169//32 1317//32 1334//32
f 1140//20 1378//20 1410//20
f 1093//20 1387//20 1378//20
f 1084//8 1369//8 1382//8
f 1084//8 1096//8 1393//8
f 1150//21 1398//21 1367//21
f 1099//15 1180//15 1350//15
f 1104//21 1410//21 1398//21
f 1102//13 1155//13 1409//13
f 1168//280 1142//280 1382//280
f 1161//21 1422//21 1426//21
f 1083//21 1367//21 1422//21
f 1149//9 1179//9 1347//9
f 1068//15 1171//15 1323//15
f 1179//9 1178//9 1344//9
f 1172//22 1326//22 1346//22
f 1111//22 1426//22 1326//22
f 1155//13 1174//13 1332//13
f 1109//10 1149//10 1396//10
f 1173//30 1329//30 1315//30
f 1185//22 1365//22 1324//22
f 1076//22 1346//22 1365//22
f 1153//10 1071//10 1331//10
f 1071//10 1126//10 1342//10
f 1064//23 1438//23 1316//23
f 1120//23 1324//23 1438//23
f 1130//15 1099//15 1399//15
f 1079//11 1153//11 1405//11
f 1077//11 1079//11 1355//11
f 1074//23 1340//23 1345//23
f 1066//23 1316//23 1340//23
f 1165//11 1133//11 1363//11
f 1133//11 1077//11 1349//11
f 1082//24 1364//24 1421//24
f 1127//24 1345//24 1364//24
f 1097//12 1165//12 1433//12
f 1091//24 1383//24 1368//24
f 1058//24 1421//24 1383//24
f 1174//12 1108//12 1418//12
f 1128//4 1069//4 1325//4
f 1108//12 1090//12 1381//12
f 1103//25 1408//25 1335//25
f 1103//281 1135//281 1368//281
f 1157//1 1098//1 1397//1
f 1137//16 1182//16 1356//16
f 1114//25 1434//25 1380//25
f 1098//282 1113//282 1379//282
f 1175//25 1335//25 1434//25
f 1183//13 1129//13 1351//13
f 1129//13 1102//13 1406//13
f 1088//1 1145//1 1388//1
f 1072//32 1334//32 1379//32
f 1123//26 1333//26 1373//26
f 1145//1 1157//1 1413//1
f 1141//26 1380//26 1333//26
f 1184//14 1139//14 1376//14
f 1146//2 1154//2 1407//2
f 1134//26 1366//26 1394//26
f 1154//2 1088//2 1377//2
f 1086//26 1373//26 1366//26
f 1180//14 1181//14 1353//14
f 1181//14 1184//14 1362//14
f 1095//2 1166//2 1436//2
f 1143//27 1384//27 1439//27
f 1166//2 1146//2 1390//2
f 1148//27 1394//27 1384//27
f 1139//14 1183//14 1359//14
f 1138//3 1177//3 1341//3
f 1090//12 1097//12 1395//12
f 1158//31 1415//31 1338//31
f 1152//27 1402//27 1411//27
f 1177//3 1095//3 1391//3
f 1167//27 1439//27 1402//27
f 1147//7 1065//7 1441//7
f 1171//15 1130//15 1354//15
f 1105//3 1059//3 1424//3
f 1162//28 1425//28 1318//28
f 1059//3 1138//3 1374//3
f 1156//28 1411//28 1425//28
f 1310//16 1196//16 1068//16
f 1290//6 1235//6 1107//6
f 1220//28 1092//28 1164//28
f 1197//4 1233//4 1105//4
f 1245//28 1118//28 1092//28
f 1203//182 1190//182 1062//182
f 1190//16 1264//16 1137//16
f 1240//4 1206//4 1078//4
f 1229//29 1101//29 1067//29
f 1206//4 1255//4 1128//4
f 1201//17 1073//17 1125//17
f 1203//183 1075//183 1073//183
f 1278//29 1151//29 1173//29
f 1213//5 1240//5 1112//5
f 1291//29 1164//29 1101//29
f 1195//29 1067//29 1151//29
f 1208//17 1080//17 1081//17
f 1246//5 1213//5 1085//5
f 1252//17 1125//17 1080//17
f 1248//5 1297//5 1170//5
f 1244//30 1117//30 1144//30
f 1297//5 1246//5 1119//5
f 1217//18 1089//18 1116//18
f 1209//18 1081//18 1089//18
f 1251//30 1124//30 1158//30
f 1235//6 1248//6 1121//6
f 1253//10 1237//10 1109//10
f 1271//30 1144//30 1124//30
f 1228//18 1100//18 1087//18
f 1243//18 1116//18 1100//18
f 1259//6 1287//6 1160//6
f 1304//31 1176//31 1159//31
f 1287//6 1290//6 1163//6
f 1238//19 1110//19 1106//19
f 1215//19 1087//19 1110//19
f 1224//8 1189//8 1061//8
f 1198//31 1070//31 1060//31
f 1193//7 1259//7 1132//7
f 1286//31 1159//31 1070//31
f 1249//19 1122//19 1094//19
f 1234//19 1106//19 1122//19
f 1263//7 1242//7 1115//7
f 1191//32 1063//32 1169//32
f 1242//7 1274//7 1147//7
f 1258//20 1131//20 1093//20
f 1306//9 1295//9 1168//9
f 1222//20 1094//20 1131//20
f 1188//32 1060//32 1063//32
f 1189//8 1263//8 1136//8
f 1296//32 1169//32 1072//32
f 1267//20 1140//20 1104//20
f 1221//20 1093//20 1140//20
f 1269//184 1212//184 1084//184
f 1212//8 1224//8 1096//8
f 1277//21 1150//21 1083//21
f 1227//15 1308//15 1180//15
f 1232//21 1104//21 1150//21
f 1230//13 1282//13 1155//13
f 1295//185 1269//185 1142//185
f 1288//21 1161//21 1111//21
f 1211//21 1083//21 1161//21
f 1276//9 1307//9 1179//9
f 1196//15 1298//15 1171//15
f 1307//9 1306//9 1178//9
f 1299//22 1172//22 1076//22
f 1239//22 1111//22 1172//22
f 1282//13 1301//13 1174//13
f 1237//10 1276//10 1149//10
f 1300//30 1173//30 1117//30
f 1313//22 1185//22 1120//22
f 1204//22 1076//22 1185//22
f 1280//10 1199//10 1071//10
f 1199//10 1253//10 1126//10
f 1192//23 1064//23 1066//23
f 1247//23 1120//23 1064//23
f 1257//15 1227//15 1099//15
f 1207//11 1280//11 1153//11
f 1205//11 1207//11 1079//11
f 1202//23 1074//23 1127//23
f 1194//23 1066//23 1074//23
f 1292//11 1260//11 1133//11
f 1260//11 1205//11 1077//11
f 1210//24 1082//24 1058//24
f 1254//24 1127//24 1082//24
f 1225//12 1292//12 1165//12
f 1219//186 1091//186 1135//186
f 1186//24 1058//24 1091//24
f 1301//12 1236//12 1108//12
f 1255//4 1197//4 1069//4
f 1236//12 1218//12 1090//12
f 1231//25 1103//25 1175//25
f 1262//187 1135//187 1103//187
f 1284//1 1226//1 1098//1
f 1264//16 1310//16 1182//16
f 1241//25 1114//25 1141//25
f 1226//188 1302//188 1113//188
f 1303//25 1175//25 1114//25
f 1311//13 1256//13 1129//13
f 1256//13 1230//13 1102//13
f 1216//1 1272//1 1145//1
f 1200//189 1072//189 1113//189
f 1250//26 1123//26 1086//26
f 1272//1 1284//1 1157//1
f 1268//26 1141//26 1123//26
f 1312//14 1266//14 1139//14
f 1273//2 1281//2 1154//2
f 1261//26 1134//26 1148//26
f 1281//2 1216//2 1088//2
f 1214//26 1086//26 1134//26
f 1308//14 1309//14 1181//14
f 1309//14 1312//14 1184//14
f 1223//2 1293//2 1166//2
f 1270//27 1143//27 1167//27
f 1293//2 1273//2 1146//2
f 1275//27 1148//27 1143//27
f 1266//14 1311//14 1183//14
f 1265//3 1305//3 1177//3
f 1218//12 1225//12 1097//12
f 1285//31 1158//31 1176//31
f 1279//27 1152//27 1156//27
f 1305//3 1223//3 1095//3
f 1294//27 1167//27 1152//27
f 1274//7 1193//7 1065//7
f 1298//15 1257//15 1130//15
f 1233//3 1187//3 1059//3
f 1289//28 1162//28 1118//28
f 1187//3 1265//3 1138//3
f 1283//28 1156//28 1162//28
f 1454//8 1224//8 1212//8
f 1522//8 1526//8 1212//8
f 1509//27 1270//27 1294//27
f 1536//32 1538//32 1200//32
f 1453//20 1267//20 1232//20
f 1511//8 1263//8 1189//8
f 1503//20 1221//20 1267//20
f 1517//32 1188//32 1191//32
f 1450//26 1268//26 1250//26
f 1480//5 1213//5 1246//5
f 1551//7 1274//7 1242//7
f 1471//26 1250//26 1214//26
f 1541//17 1201//17 1252//17
f 1539//7 1242//7 1263//7
f 1481//32 1191//32 1296//32
f 1540//25 1303//25 1241//25
f 1472//19 1249//19 1222//19
f 1457//7 1259//7 1193//7
f 1482//25 1241//25 1268//25
f 1499//31 1198//31 1188//31
f 1455//283 1262//283 1231//283
f 1461//6 1290//6 1287//6
f 1493//25 1231//25 1303//25
f 1525//6 1287//6 1259//6
f 1543//31 1304//31 1286//31
f 1467//12 1225//12 1218//12
f 1520//24 1186//24 1219//24
f 1497//18 1228//18 1215//18
f 1447//6 1248//6 1235//6
f 1455//24 1569//24 1219//24
f 1469//30 1251//30 1285//30
f 1534//10 1276//10 1237//10
f 1464//24 1254//24 1210//24
f 1451//5 1246//5 1297//5
f 1559//24 1210//24 1186//24
f 1505//5 1297//5 1248//5
f 1479//30 1244//30 1271//30
f 1508//27 1279//27 1283//27
f 1483//23 1194//23 1202//23
f 1553//17 1208//17 1209//17
f 1567//14 1311//14 1266//14
f 1456//5 1240//5 1213//5
f 1544//23 1202//23 1254//23
f 1528//29 1278//29 1300//29
f 1475//23 1247//23 1192//23
f 1443//4 1255//4 1206//4
f 1524//23 1192//23 1194//23
f 1487//4 1206//4 1240//4
f 1512//16 1264//16 1190//16
f 1548//16 1500//16 1190//16
f 1550//22 1204//22 1313//22
f 1463//4 1233//4 1197//4
f 1545//22 1313//22 1247//22
f 1495//16 1196//16 1310//16
f 1566//16 1310//16 1264//16
f 1515//3 1265//3 1187//3
f 1527//22 1299//22 1204//22
f 1518//14 1266//14 1312//14
f 1504//3 1187//3 1233//3
f 1529//15 1257//15 1298//15
f 1558//15 1298//15 1196//15
f 1561//21 1211//21 1288//21
f 1470//3 1223//3 1305//3
f 1516//21 1288//21 1239//21
f 1513//22 1527//22 375//22
f 1444//27 1275//27 1270//27
f 1496//15 1308//15 1227//15
f 1514//28 1283//28 1289//28
f 1522//284 1269//284 1295//284
f 1546//15 1227//15 1257//15
f 1531//27 1294//27 1279//27
f 1462//28 1289//28 1245//28
f 1564//9 1307//9 1276//9
f 1498//9 1306//9 1307//9
f 1565//18 1217//18 1243//18
f 1506//28 1220//28 1291//28
f 1458//26 1261//26 1275//26
f 1484//7 1193//7 1274//7
f 1446//28 1245//28 1220//28
f 1510//29 1229//29 1195//29
f 1491//10 1199//10 1280//10
f 1568//8 1189//8 1224//8
f 1523//29 1291//29 1229//29
f 1513//22 1239//22 1299//22
f 1548//285 1203//285 1201//285
f 1468//11 1280//11 1207//11
f 1532//29 1195//29 1278//29
f 1448//13 1282//13 1230//13
f 1519//26 1214//26 1261//26
f 1477//11 1260//11 1292//11
f 1474//11 1205//11 1260//11
f 1556//9 1295//9 1306//9
f 1537//30 1300//30 1244//30
f 1521//10 1253//10 1199//10
f 1557//18 1209//18 1217//18
f 1492//12 1292//12 1225//12
f 1445//30 1271//30 1251//30
f 1560//13 1301//13 1282//13
f 1488//18 1243//18 1228//18
f 1459//12 1236//12 1301//12
f 1502//10 1237//10 1253//10
f 1473//12 1218//12 1236//12
f 1555//6 1235//6 1290//6
f 1486//19 1238//19 1234//19
f 1563//19 1215//19 1238//19
f 1452//1 1226//1 1284//1
f 1547//31 1286//31 1198//31
f 1536//286 1302//286 1226//286
f 1489//19 1234//19 1249//19
f 1507//13 1256//13 1311//13
f 1485//11 1207//11 1205//11
f 1449//13 1230//13 1256//13
f 1554//1 1272//1 1216//1
f 1460//20 1258//20 1221//20
f 1542//1 1284//1 1272//1
f 1501//20 1222//20 1258//20
f 1478//2 1281//2 1273//2
f 1535//32 1296//32 1200//32
f 1476//2 1216//2 1281//2
f 1466//17 1252//17 1208//17
f 1533//14 1309//14 1308//14
f 1465//14 1312//14 1309//14
f 1552//2 1293//2 1223//2
f 1442//21 1277//21 1211//21
f 1530//2 1273//2 1293//2
f 1494//4 1197//4 1255//4
f 1490//21 1232//21 1277//21
f 1562//3 1305//3 1265//3
f 1549//31 1285//31 1304//31
usemtl Material.007
f 163//1 165//1 479//1
f 167//2 168//2 476//2
f 170//3 171//3 473//3
f 173//4 174//4 470//4
f 176//5 177//5 467//5
f 179//6 180//6 464//6
f 182//7 183//7 461//7
f 185//8 186//8 458//8
f 188//9 189//9 455//9
f 191//10 192//10 452//10
f 194//11 195//11 449//11
f 197//12 198//12 446//12
f 200//13 201//13 443//13
f 203//14 204//14 440//14
f 206//15 207//15 437//15
f 209//16 210//16 434//16
f 212//17 213//17 431//17
f 215//18 216//18 428//18
f 218//19 219//19 425//19
f 221//20 222//20 422//20
f 224//21 225//21 419//21
f 227//22 228//22 416//22
f 230//23 231//23 413//23
f 233//24 234//24 410//24
f 236//25 237//25 407//25
f 239//26 240//26 404//26
f 242//27 243//27 401//27
f 245//28 246//28 398//28
f 248//29 249//29 395//29
f 251//30 252//30 392//30
f 254//31 255//31 389//31
f 257//32 164//32 386//32
f 648//32 388//32 544//32
f 64//32 258//32 387//32
f 600//31 351//31 543//31
f 552//31 391//31 542//31
f 62//31 259//31 390//31
f 628//30 349//30 541//30
f 570//30 394//30 540//30
f 60//30 260//30 393//30
f 652//29 347//29 539//29
f 550//29 397//29 538//29
f 58//29 261//29 396//29
f 668//28 345//28 537//28
f 650//28 400//28 536//28
f 56//28 262//28 399//28
f 642//27 343//27 535//27
f 634//27 403//27 534//27
f 54//27 263//27 402//27
f 610//26 341//26 533//26
f 618//26 406//26 532//26
f 52//26 264//26 405//26
f 607//25 339//25 531//25
f 556//25 409//25 530//25
f 50//25 265//25 408//25
f 577//24 412//24 528//24
f 48//24 266//24 411//24
f 568//23 335//23 527//23
f 559//23 415//23 526//23
f 46//23 267//23 414//23
f 547//22 333//22 525//22
f 666//22 418//22 524//22
f 44//22 268//22 417//22
f 651//21 331//21 523//21
f 641//21 421//21 522//21
f 42//21 269//21 420//21
f 633//20 329//20 521//20
f 625//20 424//20 520//20
f 40//20 270//20 423//20
f 616//19 327//19 519//19
f 605//19 427//19 518//19
f 38//19 271//19 426//19
f 596//18 325//18 517//18
f 585//18 430//18 516//18
f 36//18 272//18 429//18
f 576//17 323//17 515//17
f 566//17 433//17 514//17
f 34//17 273//17 432//17
f 546//16 436//16 512//16
f 32//16 274//16 435//16
f 662//15 319//15 511//15
f 649//15 439//15 510//15
f 30//15 275//15 438//15
f 640//14 317//14 509//14
f 631//14 442//14 508//14
f 28//14 276//14 441//14
f 581//13 315//13 507//13
f 658//13 445//13 506//13
f 26//13 277//13 444//13
f 609//12 313//12 505//12
f 669//12 448//12 504//12
f 24//12 278//12 447//12
f 583//11 311//11 503//11
f 586//11 451//11 502//11
f 22//11 279//11 450//11
f 664//10 309//10 501//10
f 557//10 454//10 500//10
f 20//10 280//10 453//10
f 671//9 307//9 499//9
f 660//9 457//9 498//9
f 18//9 281//9 456//9
f 637//8 460//8 496//8
f 16//8 282//8 459//8
f 630//7 303//7 495//7
f 623//7 463//7 494//7
f 14//7 283//7 462//7
f 612//6 301//6 493//6
f 601//6 466//6 492//6
f 12//6 284//6 465//6
f 592//5 299//5 491//5
f 580//5 469//5 490//5
f 10//5 285//5 468//5
f 571//4 297//4 489//4
f 564//4 472//4 488//4
f 8//4 286//4 471//4
f 553//3 295//3 487//3
f 670//3 475//3 486//3
f 6//3 287//3 474//3
f 657//2 293//2 485//2
f 644//2 478//2 484//2
f 4//2 288//2 477//2
f 636//1 291//1 483//1
f 629//1 481//1 482//1
f 2//1 289//1 480//1
f 621//1 483//1 481//1
f 653//2 484//2 291//2
f 613//2 485//2 478//2
f 619//3 486//3 293//3
f 603//3 487//3 475//3
f 667//4 488//4 295//4
f 597//4 489//4 472//4
f 588//5 490//5 297//5
f 590//5 491//5 469//5
f 548//6 492//6 299//6
f 595//6 493//6 466//6
f 594//7 494//7 301//7
f 574//7 495//7 463//7
f 561//8 496//8 303//8
f 567//8 497//8 460//8
f 562//9 499//9 457//9
f 569//10 500//10 307//10
f 554//10 501//10 454//10
f 572//11 502//11 309//11
f 672//11 503//11 451//11
f 578//12 504//12 311//12
f 665//12 505//12 448//12
f 617//13 506//13 313//13
f 654//13 507//13 445//13
f 589//14 508//14 315//14
f 645//14 509//14 442//14
f 593//15 510//15 317//15
f 638//15 511//15 439//15
f 599//16 512//16 319//16
f 632//16 513//16 436//16
f 626//17 515//17 433//17
f 608//18 516//18 323//18
f 622//18 517//18 430//18
f 615//19 518//19 325//19
f 614//19 519//19 427//19
f 620//20 520//20 327//20
f 604//20 521//20 424//20
f 624//21 522//21 329//21
f 598//21 523//21 421//21
f 627//22 524//22 331//22
f 591//22 525//22 418//22
f 549//23 526//23 333//23
f 582//23 527//23 415//23
f 635//24 528//24 335//24
f 575//24 529//24 412//24
f 579//25 531//25 409//25
f 643//26 532//26 339//26
f 563//26 533//26 406//26
f 584//27 534//27 341//27
f 555//27 535//27 403//27
f 656//28 536//28 343//28
f 673//28 537//28 400//28
f 663//29 538//29 345//29
f 606//29 539//29 397//29
f 659//30 540//30 347//30
f 655//30 541//30 394//30
f 560//31 542//31 349//31
f 646//31 543//31 391//31
f 551//32 544//32 351//32
f 639//32 545//32 388//32
f 614//19 893//19 919//19
f 650//28 892//28 874//28
f 656//27 855//27 892//27
f 599//16 870//16 546//16
f 615//18 867//18 922//18
f 667//4 923//4 564//4
f 622//18 844//18 815//18
f 668//28 814//28 927//28
f 632//16 906//16 558//16
f 608//17 826//17 902//17
f 626//17 929//17 823//17
f 550//29 912//29 882//29
f 562//9 808//9 671//9
f 584//26 908//26 842//26
f 588//5 834//5 580//5
f 546//16 835//16 632//16
f 652//29 896//29 880//29
f 576//17 823//17 826//17
f 662//15 875//15 599//15
f 649//15 847//15 638//15
f 604//20 821//20 890//20
f 570//30 901//30 813//30
f 585//18 902//18 844//18
f 640//14 861//14 593//14
f 548//6 881//6 601//6
f 631//14 862//14 645//14
f 628//30 889//30 827//30
f 596//18 815//18 867//18
f 581//13 852//13 589//13
f 658//13 886//13 654//13
f 552//31 911//31 888//31
f 605//19 922//19 893//19
f 609//12 928//12 617//12
f 594//7 817//7 623//7
f 669//12 918//12 665//12
f 600//31 864//31 878//31
f 574//7 831//7 630//7
f 616//19 919//19 925//19
f 583//11 830//11 578//11
f 586//11 811//11 672//11
f 648//32 885//32 868//32
f 625//20 809//20 821//20
f 664//10 818//10 572//10
f 561//8 845//8 637//8
f 557//10 894//10 554//10
f 573//32 849//32 820//32
f 633//20 890//20 837//20
f 671//9 810//9 569//9
f 660//9 917//9 562//9
f 582//23 909//23 838//23
f 641//21 819//21 853//21
f 637//8 804//8 567//8
f 639//32 868//32 849//32
f 651//21 872//21 877//21
f 630//7 914//7 561//7
f 590//5 859//5 592//5
f 623//7 822//7 574//7
f 551//31 878//31 885//31
f 598//21 853//21 872//21
f 646//31 888//31 864//31
f 567//8 866//8 647//8
f 666//22 825//22 921//22
f 612//6 863//6 594//6
f 569//10 903//10 557//10
f 601//6 865//6 595//6
f 554//10 915//10 664//10
f 655//30 813//30 889//30
f 547//22 856//22 873//22
f 592//5 876//5 548//5
f 580//5 854//5 590//5
f 659//29 880//29 901//29
f 606//29 882//29 896//29
f 559//23 879//23 909//23
f 571//4 850//4 588//4
f 572//11 846//11 586//11
f 564//4 869//4 597//4
f 673//28 874//28 814//28
f 568//23 838//23 807//23
f 553//3 924//3 667//3
f 670//3 887//3 603//3
f 603//3 891//3 553//3
f 555//27 839//27 897//27
f 577//24 841//24 828//24
f 657//2 806//2 619//2
f 578//12 802//12 669//12
f 644//2 916//2 613//2
f 563//26 803//26 920//26
f 587//24 824//24 848//24
f 636//1 883//1 653//1
f 629//1 812//1 621//1
f 643//25 899//25 858//25
f 579//25 900//25 832//25
f 617//13 898//13 658//13
f 597//4 816//4 571//4
f 575//24 828//24 824//24
f 607//25 832//25 899//25
f 665//12 905//12 609//12
f 654//13 836//13 581//13
f 635//23 807//23 841//23
f 621//1 843//1 636//1
f 618//26 858//26 803//26
f 589//14 833//14 631//14
f 549//22 873//22 879//22
f 560//30 827//30 911//30
f 653//2 860//2 644//2
f 591//22 921//22 856//22
f 610//26 920//26 908//26
f 595//6 913//6 612//6
f 645//14 851//14 640//14
f 627//21 877//21 825//21
f 613//2 895//2 657//2
f 663//28 927//28 912//28
f 634//27 842//27 839//27
f 593//15 871//15 649//15
f 624//20 837//20 819//20
f 619//3 805//3 670//3
f 672//11 840//11 583//11
f 642//27 897//27 855//27
f 638//15 910//15 662//15
f 620//19 925//19 809//19
f 798//16 1030//16 933//16
f 779//6 995//6 1005//6
f 709//28 1008//28 780//28
f 686//4 991//4 1033//4
f 734//28 965//28 709//28
f 692//16 1010//16 1051//16
f 678//16 950//16 1010//16
f 729//4 932//4 1009//4
f 718//29 1025//29 683//29
f 695//4 1053//4 932//4
f 690//17 1044//17 741//17
f 692//17 1045//17 690//17
f 767//29 1034//29 789//29
f 702//5 1009//5 951//5
f 780//29 983//29 718//29
f 683//29 978//29 767//29
f 697//17 941//17 698//17
f 735//5 951//5 1027//5
f 741//17 938//17 697//17
f 737//5 1026//5 1032//5
f 733//30 964//30 760//30
f 786//5 1027//5 1026//5
f 706//18 1018//18 732//18
f 698//18 959//18 706//18
f 740//30 992//30 774//30
f 724//6 1032//6 995//6
f 742//10 1000//10 1047//10
f 760//30 1041//30 740//30
f 717//18 955//18 704//18
f 732//18 981//18 717//18
f 748//6 996//6 937//6
f 792//31 994//31 775//31
f 776//6 1005//6 996//6
f 727//19 993//19 723//19
f 704//19 1003//19 727//19
f 713//8 1007//8 973//8
f 687//31 1004//31 676//31
f 681//7 937//7 1019//7
f 775//31 1036//31 687//31
f 738//19 969//19 711//19
f 723//19 1035//19 738//19
f 752//7 1015//7 948//7
f 679//32 1023//32 785//32
f 731//7 970//7 1015//7
f 747//20 967//20 710//20
f 794//9 1020//9 1049//9
f 711//20 934//20 747//20
f 676//32 1013//32 679//32
f 677//8 948//8 1007//8
f 785//32 1042//32 689//32
f 756//20 989//20 721//20
f 710//20 956//20 756//20
f 758//8 949//8 960//8
f 701//8 973//8 949//8
f 766//21 947//21 700//21
f 716//15 1055//15 979//15
f 721//21 976//21 766//21
f 719//13 986//13 985//13
f 784//9 960//9 1020//9
f 777//21 1006//21 728//21
f 700//21 999//21 777//21
f 765//9 1052//9 974//9
f 685//15 1028//15 1030//15
f 795//9 1049//9 1052//9
f 788//22 1054//22 693//22
f 728//22 1031//22 788//22
f 771//13 1037//13 986//13
f 726//10 974//10 1000//10
f 789//30 1021//30 733//30
f 801//22 1029//22 736//22
f 693//22 942//22 801//22
f 769//10 1039//10 982//10
f 688//10 1047//10 1039//10
f 680//23 1022//23 682//23
f 736//23 1016//23 680//23
f 746//15 979//15 931//15
f 696//11 982//11 935//11
f 694//11 935//11 1057//11
f 691//23 1050//23 743//23
f 682//23 1048//23 691//23
f 781//11 940//11 1011//11
f 749//11 1057//11 940//11
f 699//24 998//24 674//24
f 743//24 944//24 699//24
f 714//12 1011//12 975//12
f 708//24 946//24 751//24
f 674//24 963//24 708//24
f 790//12 997//12 1037//12
f 744//4 1033//4 1053//4
f 725//12 961//12 997//12
f 720//25 1040//25 791//25
f 751//25 987//25 720//25
f 773//1 977//1 990//1
f 753//16 933//16 950//16
f 730//25 958//25 757//25
f 715//1 945//1 977//1
f 791//25 1012//25 730//25
f 799//13 1056//13 936//13
f 745//13 985//13 1056//13
f 705//1 966//1 957//1
f 689//32 945//32 684//32
f 739//26 953//26 703//26
f 761//1 990//1 966//1
f 757//26 1038//26 739//26
f 800//14 954//14 939//14
f 762//2 984//2 968//2
f 750//26 972//26 764//26
f 770//2 957//2 984//2
f 703//26 943//26 750//26
f 796//14 930//14 1055//14
f 797//14 939//14 930//14
f 712//2 1014//2 971//2
f 759//27 1017//27 783//27
f 782//2 968//2 1014//2
f 764//27 962//27 759//27
f 755//14 936//14 954//14
f 754//3 1046//3 952//3
f 707//12 975//12 961//12
f 774//31 1043//31 792//31
f 768//27 988//27 772//27
f 793//3 971//3 1046//3
f 783//27 980//27 768//27
f 763//7 1019//7 970//7
f 787//15 931//15 1028//15
f 722//3 1001//3 991//3
f 778//28 1024//28 734//28
f 675//3 952//3 1001//3
f 772//28 1002//28 778//28
f 825//21 419//21 225//21
f 915//10 192//10 818//10
f 914//8 459//8 845//8
f 893//19 216//19 426//19
f 912//28 398//28 246//28
f 903//10 280//10 894//10
f 820//32 258//32 386//32
f 861//15 438//15 871//15
f 837//20 270//20 422//20
f 808//9 189//9 810//9
f 806//3 474//3 805//3
f 904//9 281//9 917//9
f 924//4 471//4 923//4
f 838//23 414//23 267//23
f 813//30 249//30 393//30
f 855//27 263//27 401//27
f 853//21 222//21 420//21
f 866//8 186//8 926//8
f 809//19 425//19 219//19
f 926//9 456//9 904//9
f 845//8 282//8 804//8
f 863//7 462//7 817//7
f 849//32 387//32 258//32
f 877//21 269//21 419//21
f 831//7 183//7 914//7
f 854//5 467//5 859//5
f 819//20 422//20 222//20
f 817//7 283//7 822//7
f 885//31 389//31 255//31
f 802//12 278//12 918//12
f 872//21 420//21 269//21
f 864//31 390//31 259//31
f 804//8 458//8 866//8
f 921//22 225//22 417//22
f 878//31 259//31 389//31
f 902//17 431//17 213//17
f 913//6 180//6 863//6
f 907//24 410//24 234//24
f 810//10 453//10 903//10
f 881//6 284//6 865//6
f 842//26 404//26 240//26
f 894//10 452//10 915//10
f 889//30 393//30 260//30
f 822//7 461//7 831//7
f 873//22 268//22 416//22
f 859//5 177//5 876//5
f 919//19 426//19 271//19
f 834//5 285//5 854//5
f 871//15 275//15 847//15
f 901//29 395//29 249//29
f 847//15 437//15 910//15
f 925//19 271//19 425//19
f 896//29 396//29 261//29
f 909//23 228//23 414//23
f 922//18 428//18 216//18
f 816//4 174//4 850//4
f 818//11 450//11 846//11
f 815//18 429//18 272//18
f 923//4 286//4 869//4
f 814//28 399//28 262//28
f 835//16 434//16 906//16
f 807//23 267//23 413//23
f 839//27 240//27 402//27
f 891//3 171//3 924//3
f 823//17 432//17 273//17
f 805//3 287//3 887//3
f 887//3 473//3 891//3
f 917//9 455//9 808//9
f 846//11 279//11 811//11
f 897//27 402//27 263//27
f 828//24 231//24 411//24
f 906//16 210//16 884//16
f 895//2 168//2 806//2
f 833//14 276//14 862//14
f 830//12 447//12 802//12
f 850//5 468//5 834//5
f 860//2 288//2 916//2
f 920//26 405//26 264//26
f 880//29 261//29 395//29
f 848//24 266//24 410//24
f 929//17 210//17 432//17
f 843//1 165//1 883//1
f 910//15 207//15 875//15
f 829//1 289//1 812//1
f 858//25 407//25 237//25
f 890//20 423//20 270//20
f 821//20 219//20 423//20
f 832//25 408//25 265//25
f 900//25 234//25 408//25
f 844//18 213//18 429//18
f 826//17 273//17 431//17
f 928//13 444//13 898//13
f 867//18 272//18 428//18
f 869//4 470//4 816//4
f 876//6 465//6 881//6
f 857//1 480//1 829//1
f 824//24 411//24 266//24
f 827//30 260//30 392//30
f 851//14 204//14 861//14
f 857//32 386//32 164//32
f 899//25 265//25 407//25
f 836//13 201//13 852//13
f 874//28 243//28 399//28
f 918//12 446//12 905//12
f 886//13 443//13 836//13
f 888//31 252//31 390//31
f 916//2 476//2 895//2
f 841//23 413//23 231//23
f 812//1 479//1 843//1
f 905//12 198//12 928//12
f 803//26 237//26 405//26
f 898//13 277//13 886//13
f 852//14 441//14 833//14
f 811//11 449//11 840//11
f 892//27 401//27 243//27
f 879//22 416//22 228//22
f 911//30 392//30 252//30
f 870//16 274//16 835//16
f 883//2 477//2 860//2
f 856//22 417//22 268//22
f 840//11 195//11 830//11
f 875//16 435//16 870//16
f 908//26 264//26 404//26
f 927//28 262//28 398//28
f 865//6 464//6 913//6
f 868//32 255//32 387//32
f 882//29 246//29 396//29
f 862//14 440//14 851//14
f 988//28 536//28 1002//28
f 976//21 421//21 947//21
f 979//15 317//15 510//15
f 989//21 522//21 976//21
f 985//13 506//13 445//13
f 1012//25 339//25 958//25
f 999//21 331//21 1006//21
f 1053//4 488//4 472//4
f 947//21 523//21 999//21
f 974//9 499//9 307//9
f 1030//15 511//15 319//15
f 939//14 508//14 442//14
f 1052//9 457//9 499//9
f 1031//22 418//22 1054//22
f 1006//22 524//22 1031//22
f 933//16 319//16 512//16
f 1005//6 492//6 466//6
f 1000//10 307//10 500//10
f 965//28 345//28 1008//28
f 1034//30 540//30 1021//30
f 942//22 333//22 1029//22
f 1024//28 537//28 965//28
f 1046//3 293//3 486//3
f 1054//22 525//22 942//22
f 982//10 501//10 309//10
f 1039//10 454//10 501//10
f 943//26 341//26 972//26
f 1016//23 415//23 1022//23
f 1029//23 526//23 1016//23
f 931//15 510//15 439//15
f 998//24 529//24 963//24
f 935//11 309//11 502//11
f 992//31 542//31 1043//31
f 1057//11 502//11 451//11
f 1048//23 335//23 1050//23
f 1022//23 527//23 1048//23
f 1010//16 436//16 513//16
f 970//7 494//7 463//7
f 1009//4 489//4 297//4
f 990//1 482//1 481//1
f 940//11 451//11 503//11
f 983//29 397//29 1025//29
f 1056//13 445//13 507//13
f 932//4 472//4 489//4
f 953//26 533//26 943//26
f 1050//24 528//24 944//24
f 1045//17 433//17 1044//17
f 978//29 347//29 1034//29
f 951//5 297//5 490//5
f 1037//12 505//12 313//12
f 1008//29 538//29 983//29
f 1011//11 503//11 311//11
f 1025//29 539//29 978//29
f 997//12 448//12 505//12
f 938//17 323//17 941//17
f 991//3 487//3 295//3
f 1027//5 490//5 469//5
f 986//13 313//13 506//13
f 1044//17 515//17 938//17
f 1032//5 491//5 299//5
f 930//14 442//14 509//14
f 950//16 512//16 436//16
f 1021//30 394//30 964//30
f 1026//5 469//5 491//5
f 959//18 430//18 1018//18
f 941//18 516//18 959//18
f 936//13 507//13 315//13
f 1041//30 349//30 992//30
f 995//6 299//6 492//6
f 975//12 311//12 504//12
f 987//25 409//25 1040//25
f 957//1 483//1 291//1
f 1047//10 500//10 454//10
f 1001//3 475//3 487//3
f 964//30 541//30 1041//30
f 1038//26 406//26 953//26
f 981//18 325//18 955//18
f 1018//18 517//18 981//18
f 962//27 403//27 1017//27
f 958//26 532//26 1038//26
f 937//6 493//6 301//6
f 1043//31 391//31 994//31
f 968//2 484//2 478//2
f 996//6 466//6 493//6
f 1003//19 427//19 993//19
f 984//2 291//2 484//2
f 955//19 518//19 1003//19
f 973//8 496//8 460//8
f 1055//14 509//14 317//14
f 1036//31 351//31 1004//31
f 1033//4 295//4 488//4
f 1019//7 301//7 494//7
f 971//2 485//2 293//2
f 994//31 543//31 1036//31
f 1035//19 327//19 969//19
f 972//27 534//27 962//27
f 1014//2 478//2 485//2
f 993//19 519//19 1035//19
f 948//7 495//7 303//7
f 954//14 315//14 508//14
f 1013//32 388//32 1023//32
f 1015//7 463//7 495//7
f 961//12 504//12 448//12
f 934//20 424//20 967//20
f 1049//9 498//9 457//9
f 980//27 343//27 988//27
f 969//20 520//20 934//20
f 1004//32 544//32 1013//32
f 1017//27 535//27 980//27
f 1007//8 303//8 496//8
f 944//24 412//24 998//24
f 1023//32 545//32 1042//32
f 952//3 486//3 475//3
f 1028//15 439//15 511//15
f 956//20 329//20 989//20
f 967//20 521//20 956//20
f 1040//25 531//25 1012//25
f 1002//28 400//28 1024//28
f 966//1 481//1 483//1
f 949//8 460//8 497//8
f 1353//14 796//14 1350//14
f 1427//31 687//31 676//31
f 1360//7 681//7 1441//7
f 1436//2 712//2 1391//2
f 1328//31 775//31 687//31
f 1374//3 675//3 1424//3
f 1389//19 738//19 711//19
f 1390//2 782//2 1436//2
f 1330//19 723//19 738//19
f 1437//7 752//7 1370//7
f 1439//27 759//27 783//27
f 1359//14 755//14 1376//14
f 1317//32 679//32 785//32
f 1401//18 732//18 717//18
f 1392//7 731//7 1437//7
f 1395//12 707//12 1381//12
f 1387//20 747//20 710//20
f 1337//17 692//17 690//17
f 1314//9 794//9 1344//9
f 1321//5 786//5 1320//5
f 1411//27 768//27 772//27
f 1357//20 711//20 747//20
f 1435//32 676//32 679//32
f 1430//8 713//8 1393//8
f 1402//27 783//27 768//27
f 1370//8 677//8 1430//8
f 1334//32 785//32 689//32
f 1354//15 787//15 1323//15
f 1410//20 756//20 721//20
f 1378//20 710//20 756//20
f 1384//27 764//27 759//27
f 1318//28 778//28 734//28
f 1369//8 758//8 1382//8
f 1393//8 701//8 1369//8
f 1425//28 772//28 778//28
f 1367//21 766//21 700//21
f 1429//5 702//5 1371//5
f 1350//15 716//15 1399//15
f 1398//21 721//21 766//21
f 1409//13 719//13 1406//13
f 1382//9 784//9 1314//9
f 1426//21 777//21 728//21
f 1417//31 792//31 775//31
f 1327//6 724//6 1416//6
f 1422//21 700//21 777//21
f 1347//9 765//9 1396//9
f 1341//3 754//3 1374//3
f 1323//15 685//15 1322//15
f 1344//9 795//9 1347//9
f 1346//22 788//22 693//22
f 1400//29 683//29 767//29
f 1326//22 728//22 788//22
f 1332//13 771//13 1409//13
f 1396//10 726//10 1420//10
f 1416//6 779//6 1428//6
f 1315//30 789//30 733//30
f 1324//22 801//22 736//22
f 1365//22 693//22 801//22
f 1331//10 769//10 1405//10
f 1336//30 760//30 740//30
f 1338//31 774//31 792//31
f 1342//10 688//10 1331//10
f 1316//23 680//23 682//23
f 1322//16 798//16 1356//16
f 1438//23 736//23 680//23
f 1371//5 735//5 1321//5
f 1399//15 746//15 1354//15
f 1431//28 709//28 780//28
f 1405//11 696//11 1355//11
f 1355//11 694//11 1349//11
f 1385//28 734//28 709//28
f 1412//4 686//4 1325//4
f 1345//23 691//23 743//23
f 1340//23 682//23 691//23
f 1372//16 678//16 1432//16
f 1363//11 781//11 1433//11
f 1349//11 749//11 1363//11
f 1319//29 718//29 683//29
f 1391//3 793//3 1341//3
f 1421//24 699//24 674//24
f 1364//24 743//24 699//24
f 1339//17 690//17 741//17
f 1433//12 714//12 1395//12
f 1368//24 708//24 751//24
f 1329//29 767//29 789//29
f 1383//24 674//24 708//24
f 1320//5 737//5 1327//5
f 1418//12 790//12 1332//12
f 1403//29 780//29 718//29
f 1432//16 692//16 1343//16
f 1325//4 744//4 1348//4
f 1381//12 725//12 1418//12
f 1361//17 697//17 698//17
f 1414//19 727//19 723//19
f 1335//25 720//25 791//25
f 1408//25 751//25 720//25
f 1358//17 741//17 697//17
f 1441//7 763//7 1392//7
f 1397//1 773//1 1413//1
f 1356//16 753//16 1372//16
f 1386//30 733//30 760//30
f 1380//25 730//25 757//25
f 1379//1 715//1 1397//1
f 1440//18 706//18 732//18
f 1434//25 791//25 730//25
f 1351//13 799//13 1359//13
f 1415//30 740//30 774//30
f 1352//4 729//4 1429//4
f 1406//13 745//13 1351//13
f 1388//1 705//1 1377//1
f 1420//10 742//10 1342//10
f 1404//18 698//18 706//18
f 1379//32 689//32 684//32
f 1373//26 739//26 703//26
f 1375//18 717//18 704//18
f 1424//3 722//3 1412//3
f 1413//1 761//1 1388//1
f 1333//26 757//26 739//26
f 1419//6 748//6 1360//6
f 1376//14 800//14 1362//14
f 1362//14 797//14 1353//14
f 1407//2 762//2 1390//2
f 1428//6 776//6 1419//6
f 1394//26 750//26 764//26
f 1377//2 770//2 1407//2
f 1423//19 704//19 727//19
f 1348//4 695//4 1352//4
f 1366//26 703//26 750//26
f 479//1 289//1 163//1
f 163//1 4//1 165//1
f 476//2 288//2 167//2
f 167//2 6//2 168//2
f 473//3 287//3 170//3
f 170//3 8//3 171//3
f 470//4 286//4 173//4
f 173//4 10//4 174//4
f 467//5 285//5 176//5
f 176//5 12//5 177//5
f 464//6 284//6 179//6
f 179//6 14//6 180//6
f 461//7 283//7 182//7
f 182//7 16//7 183//7
f 458//8 282//8 185//8
f 185//8 18//8 186//8
f 455//9 281//9 188//9
f 188//9 20//9 189//9
f 452//10 280//10 191//10
f 191//10 22//10 192//10
f 449//11 279//11 194//11
f 194//11 24//11 195//11
f 446//12 278//12 197//12
f 197//12 26//12 198//12
f 443//13 277//13 200//13
f 200//13 28//13 201//13
f 440//14 276//14 203//14
f 203//14 30//14 204//14
f 437//15 275//15 206//15
f 206//15 32//15 207//15
f 434//16 274//16 209//16
f 209//16 34//16 210//16
f 431//17 273//17 212//17
f 212//17 36//17 213//17
f 428//18 272//18 215//18
f 215//18 38//18 216//18
f 425//19 271//19 218//19
f 218//19 40//19 219//19
f 422//20 270//20 221//20
f 221//20 42//20 222//20
f 419//21 269//21 224//21
f 224//21 44//21 225//21
f 416//22 268//22 227//22
f 227//22 46//22 228//22
f 413//23 267//23 230//23
f 230//23 48//23 231//23
f 410//24 266//24 233//24
f 233//24 50//24 234//24
f 407//25 265//25 236//25
f 236//25 52//25 237//25
f 404//26 264//26 239//26
f 239//26 54//26 240//26
f 401//27 263//27 242//27
f 242//27 56//27 243//27
f 398//28 262//28 245//28
f 245//28 58//28 246//28
f 395//29 261//29 248//29
f 248//29 60//29 249//29
f 392//30 260//30 251//30
f 251//30 62//30 252//30
f 389//31 259//31 254//31
f 254//31 64//31 255//31
f 386//32 258//32 257//32
f 257//32 2//32 164//32
f 648//32 639//32 388//32
f 387//32 255//32 64//32
f 64//32 257//32 258//32
f 600//31 551//31 351//31
f 552//31 646//31 391//31
f 390//31 252//31 62//31
f 62//31 254//31 259//31
f 628//30 560//30 349//30
f 570//30 655//30 394//30
f 393//30 249//30 60//30
f 60//30 251//30 260//30
f 652//29 659//29 347//29
f 550//29 606//29 397//29
f 396//29 246//29 58//29
f 58//29 248//29 261//29
f 668//28 663//28 345//28
f 650//28 673//28 400//28
f 399//28 243//28 56//28
f 56//28 245//28 262//28
f 642//27 656//27 343//27
f 634//27 555//27 403//27
f 402//27 240//27 54//27
f 54//27 242//27 263//27
f 610//26 584//26 341//26
f 618//26 563//26 406//26
f 405//26 237//26 52//26
f 52//26 239//26 264//26
f 607//25 643//25 339//25
f 556//25 579//25 409//25
f 408//25 234//25 50//25
f 50//25 236//25 265//25
f 577//24 575//24 412//24
f 411//24 231//24 48//24
f 48//24 233//24 266//24
f 568//23 635//23 335//23
f 559//23 582//23 415//23
f 414//23 228//23 46//23
f 46//23 230//23 267//23
f 547//22 549//22 333//22
f 666//22 591//22 418//22
f 417//22 225//22 44//22
f 44//22 227//22 268//22
f 651//21 627//21 331//21
f 641//21 598//21 421//21
f 420//21 222//21 42//21
f 42//21 224//21 269//21
f 633//20 624//20 329//20
f 625//20 604//20 424//20
f 423//20 219//20 40//20
f 40//20 221//20 270//20
f 616//19 620//19 327//19
f 605//19 614//19 427//19
f 426//19 216//19 38//19
f 38//19 218//19 271//19
f 596//18 615//18 325//18
f 585//18 622//18 430//18
f 429//18 213//18 36//18
f 36//18 215//18 272//18
f 576//17 608//17 323//17
f 566//17 626//17 433//17
f 432//17 210//17 34//17
f 34//17 212//17 273//17
f 546//16 632//16 436//16
f 435//16 207//16 32//16
f 32//16 209//16 274//16
f 662//15 599//15 319//15
f 649//15 638//15 439//15
f 438//15 204//15 30//15
f 30//15 206//15 275//15
f 640//14 593//14 317//14
f 631//14 645//14 442//14
f 441//14 201//14 28//14
f 28//14 203//14 276//14
f 581//13 589//13 315//13
f 658//13 654//13 445//13
f 444//13 198//13 26//13
f 26//13 200//13 277//13
f 609//12 617//12 313//12
f 669//12 665//12 448//12
f 447//12 195//12 24//12
f 24//12 197//12 278//12
f 583//11 578//11 311//11
f 586//11 672//11 451//11
f 450//11 192//11 22//11
f 22//11 194//11 279//11
f 664//10 572//10 309//10
f 557//10 554//10 454//10
f 453//10 189//10 20//10
f 20//10 191//10 280//10
f 671//9 569//9 307//9
f 660//9 562//9 457//9
f 456//9 186//9 18//9
f 18//9 188//9 281//9
f 637//8 567//8 460//8
f 459//8 183//8 16//8
f 16//8 185//8 282//8
f 630//7 561//7 303//7
f 623//7 574//7 463//7
f 462//7 180//7 14//7
f 14//7 182//7 283//7
f 612//6 594//6 301//6
f 601//6 595//6 466//6
f 465//6 177//6 12//6
f 12//6 179//6 284//6
f 592//5 548//5 299//5
f 580//5 590//5 469//5
f 468//5 174//5 10//5
f 10//5 176//5 285//5
f 571//4 588//4 297//4
f 564//4 597//4 472//4
f 471//4 171//4 8//4
f 8//4 173//4 286//4
f 553//3 667//3 295//3
f 670//3 603//3 475//3
f 474//3 168//3 6//3
f 6//3 170//3 287//3
f 657//2 619//2 293//2
f 644//2 613//2 478//2
f 477//2 165//2 4//2
f 4//2 167//2 288//2
f 636//1 653//1 291//1
f 629//1 621//1 481//1
f 480//1 164//1 2//1
f 2//1 163//1 289//1
f 621//1 636//1 483//1
f 653//2 644//2 484//2
f 613//2 657//2 485//2
f 619//3 670//3 486//3
f 603//3 553//3 487//3
f 667//4 564//4 488//4
f 597//4 571//4 489//4
f 588//5 580//5 490//5
f 590//5 592//5 491//5
f 548//6 601//6 492//6
f 595//6 612//6 493//6
f 594//7 623//7 494//7
f 574//7 630//7 495//7
f 561//8 637//8 496//8
f 567//8 647//8 497//8
f 562//9 671//9 499//9
f 569//10 557//10 500//10
f 554//10 664//10 501//10
f 572//11 586//11 502//11
f 672//11 583//11 503//11
f 578//12 669//12 504//12
f 665//12 609//12 505//12
f 617//13 658//13 506//13
f 654//13 581//13 507//13
f 589//14 631//14 508//14
f 645//14 640//14 509//14
f 593//15 649//15 510//15
f 638//15 662//15 511//15
f 599//16 546//16 512//16
f 632//16 558//16 513//16
f 626//17 576//17 515//17
f 608//18 585//18 516//18
f 622//18 596//18 517//18
f 615//19 605//19 518//19
f 614//19 616//19 519//19
f 620//20 625//20 520//20
f 604//20 633//20 521//20
f 624//21 641//21 522//21
f 598//21 651//21 523//21
f 627//22 666//22 524//22
f 591//22 547//22 525//22
f 549//23 559//23 526//23
f 582//23 568//23 527//23
f 635//24 577//24 528//24
f 575//24 587//24 529//24
f 579//25 607//25 531//25
f 643//26 618//26 532//26
f 563//26 610//26 533//26
f 584//27 634//27 534//27
f 555//27 642//27 535//27
f 656//28 650//28 536//28
f 673//28 668//28 537//28
f 663//29 550//29 538//29
f 606//29 652//29 539//29
f 659//30 570//30 540//30
f 655//30 628//30 541//30
f 560//31 552//31 542//31
f 646//31 600//31 543//31
f 551//32 648//32 544//32
f 639//32 573//32 545//32
f 614//19 605//19 893//19
f 650//28 656//28 892//28
f 656//27 642//27 855//27
f 599//16 875//16 870//16
f 615//18 596//18 867//18
f 667//4 924//4 923//4
f 622//18 585//18 844//18
f 668//28 673//28 814//28
f 632//16 835//16 906//16
f 608//17 576//17 826//17
f 626//17 566//17 929//17
f 550//29 663//29 912//29
f 562//9 917//9 808//9
f 584//26 610//26 908//26
f 588//5 850//5 834//5
f 546//16 870//16 835//16
f 652//29 606//29 896//29
f 576//17 626//17 823//17
f 662//15 910//15 875//15
f 649//15 871//15 847//15
f 604//20 625//20 821//20
f 570//30 659//30 901//30
f 585//18 608//18 902//18
f 640//14 851//14 861//14
f 548//6 876//6 881//6
f 631//14 833//14 862//14
f 628//30 655//30 889//30
f 596//18 622//18 815//18
f 581//13 836//13 852//13
f 658//13 898//13 886//13
f 552//31 560//31 911//31
f 605//19 615//19 922//19
f 609//12 905//12 928//12
f 594//7 863//7 817//7
f 669//12 802//12 918//12
f 600//31 646//31 864//31
f 574//7 822//7 831//7
f 616//19 614//19 919//19
f 583//11 840//11 830//11
f 586//11 846//11 811//11
f 648//32 551//32 885//32
f 625//20 620//20 809//20
f 664//10 915//10 818//10
f 561//8 914//8 845//8
f 557//10 903//10 894//10
f 573//32 639//32 849//32
f 633//20 604//20 890//20
f 671//9 808//9 810//9
f 660//9 904//9 917//9
f 582//23 559//23 909//23
f 641//21 624//21 819//21
f 637//8 845//8 804//8
f 639//32 648//32 868//32
f 651//21 598//21 872//21
f 630//7 831//7 914//7
f 590//5 854//5 859//5
f 623//7 817//7 822//7
f 551//31 600//31 878//31
f 598//21 641//21 853//21
f 646//31 552//31 888//31
f 567//8 804//8 866//8
f 666//22 627//22 825//22
f 612//6 913//6 863//6
f 569//10 810//10 903//10
f 601//6 881//6 865//6
f 554//10 894//10 915//10
f 655//30 570//30 813//30
f 547//22 591//22 856//22
f 592//5 859//5 876//5
f 580//5 834//5 854//5
f 659//29 652//29 880//29
f 606//29 550//29 882//29
f 559//23 549//23 879//23
f 571//4 816//4 850//4
f 572//11 818//11 846//11
f 564//4 923//4 869//4
f 673//28 650//28 874//28
f 568//23 582//23 838//23
f 553//3 891//3 924//3
f 670//3 805//3 887//3
f 603//3 887//3 891//3
f 555//27 634//27 839//27
f 577//24 635//24 841//24
f 657//2 895//2 806//2
f 578//12 830//12 802//12
f 644//2 860//2 916//2
f 563//26 618//26 803//26
f 587//24 575//24 824//24
f 636//1 843//1 883//1
f 629//1 829//1 812//1
f 643//25 607//25 899//25
f 579//25 556//25 900//25
f 617//13 928//13 898//13
f 597//4 869//4 816//4
f 575//24 577//24 828//24
f 607//25 579//25 832//25
f 665//12 918//12 905//12
f 654//13 886//13 836//13
f 635//23 568//23 807//23
f 621//1 812//1 843//1
f 618//26 643//26 858//26
f 589//14 852//14 833//14
f 549//22 547//22 873//22
f 560//30 628//30 827//30
f 653//2 883//2 860//2
f 591//22 666//22 921//22
f 610//26 563//26 920//26
f 595//6 865//6 913//6
f 645//14 862//14 851//14
f 627//21 651//21 877//21
f 613//2 916//2 895//2
f 663//28 668//28 927//28
f 634//27 584//27 842//27
f 593//15 861//15 871//15
f 624//20 633//20 837//20
f 619//3 806//3 805//3
f 672//11 811//11 840//11
f 642//27 555//27 897//27
f 638//15 847//15 910//15
f 620//19 616//19 925//19
f 798//16 685//16 1030//16
f 779//6 724//6 995//6
f 709//28 965//28 1008//28
f 686//4 722//4 991//4
f 734//28 1024//28 965//28
f 692//16 678//16 1010//16
f 678//16 753//16 950//16
f 729//4 695//4 932//4
f 718//29 983//29 1025//29
f 695//4 744//4 1053//4
f 690//17 1045//17 1044//17
f 692//17 1051//17 1045//17
f 767//29 978//29 1034//29
f 702//5 729//5 1009//5
f 780//29 1008//29 983//29
f 683//29 1025//29 978//29
f 697//17 938//17 941//17
f 735//5 702//5 951//5
f 741//17 1044//17 938//17
f 737//5 786//5 1026//5
f 733//30 1021//30 964//30
f 786//5 735//5 1027//5
f 706//18 959//18 1018//18
f 698//18 941//18 959//18
f 740//30 1041//30 992//30
f 724//6 737//6 1032//6
f 742//10 726//10 1000//10
f 760//30 964//30 1041//30
f 717//18 981//18 955//18
f 732//18 1018//18 981//18
f 748//6 776//6 996//6
f 792//31 1043//31 994//31
f 776//6 779//6 1005//6
f 727//19 1003//19 993//19
f 704//19 955//19 1003//19
f 713//8 677//8 1007//8
f 687//31 1036//31 1004//31
f 681//7 748//7 937//7
f 775//31 994//31 1036//31
f 738//19 1035//19 969//19
f 723//19 993//19 1035//19
f 752//7 731//7 1015//7
f 679//32 1013//32 1023//32
f 731//7 763//7 970//7
f 747//20 934//20 967//20
f 794//9 784//9 1020//9
f 711//20 969//20 934//20
f 676//32 1004//32 1013//32
f 677//8 752//8 948//8
f 785//32 1023//32 1042//32
f 756//20 956//20 989//20
f 710//20 967//20 956//20
f 758//8 701//8 949//8
f 701//8 713//8 973//8
f 766//21 976//21 947//21
f 716//15 796//15 1055//15
f 721//21 989//21 976//21
f 719//13 771//13 986//13
f 784//9 758//9 960//9
f 777//21 999//21 1006//21
f 700//21 947//21 999//21
f 765//9 795//9 1052//9
f 685//15 787//15 1028//15
f 795//9 794//9 1049//9
f 788//22 1031//22 1054//22
f 728//22 1006//22 1031//22
f 771//13 790//13 1037//13
f 726//10 765//10 974//10
f 789//30 1034//30 1021//30
f 801//22 942//22 1029//22
f 693//22 1054//22 942//22
f 769//10 688//10 1039//10
f 688//10 742//10 1047//10
f 680//23 1016//23 1022//23
f 736//23 1029//23 1016//23
f 746//15 716//15 979//15
f 696//11 769//11 982//11
f 694//11 696//11 935//11
f 691//23 1048//23 1050//23
f 682//23 1022//23 1048//23
f 781//11 749//11 940//11
f 749//11 694//11 1057//11
f 699//24 944//24 998//24
f 743//24 1050//24 944//24
f 714//12 781//12 1011//12
f 708//24 963//24 946//24
f 674//24 998//24 963//24
f 790//12 725//12 997//12
f 744//4 686//4 1033//4
f 725//12 707//12 961//12
f 720//25 987//25 1040//25
f 751//25 946//25 987//25
f 773//1 715//1 977//1
f 753//16 798//16 933//16
f 730//25 1012//25 958//25
f 715//1 684//1 945//1
f 791//25 1040//25 1012//25
f 799//13 745//13 1056//13
f 745//13 719//13 985//13
f 705//1 761//1 966//1
f 689//32 1042//32 945//32
f 739//26 1038//26 953//26
f 761//1 773//1 990//1
f 757//26 958//26 1038//26
f 800//14 755//14 954//14
f 762//2 770//2 984//2
f 750//26 943//26 972//26
f 770//2 705//2 957//2
f 703//26 953//26 943//26
f 796//14 797//14 930//14
f 797//14 800//14 939//14
f 712//2 782//2 1014//2
f 759//27 962//27 1017//27
f 782//2 762//2 968//2
f 764//27 972//27 962//27
f 755//14 799//14 936//14
f 754//3 793//3 1046//3
f 707//12 714//12 975//12
f 774//31 992//31 1043//31
f 768//27 980//27 988//27
f 793//3 712//3 971//3
f 783//27 1017//27 980//27
f 763//7 681//7 1019//7
f 787//15 746//15 931//15
f 722//3 675//3 1001//3
f 778//28 1002//28 1024//28
f 675//3 754//3 952//3
f 772//28 988//28 1002//28
f 825//21 877//21 419//21
f 915//10 452//10 192//10
f 914//8 183//8 459//8
f 893//19 922//19 216//19
f 912//28 927//28 398//28
f 903//10 453//10 280//10
f 820//32 849//32 258//32
f 861//15 204//15 438//15
f 837//20 890//20 270//20
f 808//9 455//9 189//9
f 806//3 168//3 474//3
f 904//9 456//9 281//9
f 924//4 171//4 471//4
f 838//23 909//23 414//23
f 813//30 901//30 249//30
f 855//27 897//27 263//27
f 853//21 819//21 222//21
f 866//8 458//8 186//8
f 809//19 925//19 425//19
f 926//9 186//9 456//9
f 845//8 459//8 282//8
f 863//7 180//7 462//7
f 849//32 868//32 387//32
f 877//21 872//21 269//21
f 831//7 461//7 183//7
f 854//5 285//5 467//5
f 819//20 837//20 422//20
f 817//7 462//7 283//7
f 885//31 878//31 389//31
f 802//12 447//12 278//12
f 872//21 853//21 420//21
f 864//31 888//31 390//31
f 804//8 282//8 458//8
f 921//22 825//22 225//22
f 878//31 864//31 259//31
f 902//17 826//17 431//17
f 913//6 464//6 180//6
f 907//24 848//24 410//24
f 810//10 189//10 453//10
f 881//6 465//6 284//6
f 842//26 908//26 404//26
f 894//10 280//10 452//10
f 889//30 813//30 393//30
f 822//7 283//7 461//7
f 873//22 856//22 268//22
f 859//5 467//5 177//5
f 919//19 893//19 426//19
f 834//5 468//5 285//5
f 871//15 438//15 275//15
f 901//29 880//29 395//29
f 847//15 275//15 437//15
f 925//19 919//19 271//19
f 896//29 882//29 396//29
f 909//23 879//23 228//23
f 922//18 867//18 428//18
f 816//4 470//4 174//4
f 818//11 192//11 450//11
f 815//18 844//18 429//18
f 923//4 471//4 286//4
f 814//28 874//28 399//28
f 835//16 274//16 434//16
f 807//23 838//23 267//23
f 839//27 842//27 240//27
f 891//3 473//3 171//3
f 823//17 929//17 432//17
f 805//3 474//3 287//3
f 887//3 287//3 473//3
f 917//9 281//9 455//9
f 846//11 450//11 279//11
f 897//27 839//27 402//27
f 828//24 841//24 231//24
f 906//16 434//16 210//16
f 895//2 476//2 168//2
f 833//14 441//14 276//14
f 830//12 195//12 447//12
f 850//5 174//5 468//5
f 860//2 477//2 288//2
f 920//26 803//26 405//26
f 880//29 896//29 261//29
f 848//24 824//24 266//24
f 929//17 884//17 210//17
f 843//1 479//1 165//1
f 910//15 437//15 207//15
f 829//1 480//1 289//1
f 858//25 899//25 407//25
f 890//20 821//20 423//20
f 821//20 809//20 219//20
f 832//25 900//25 408//25
f 900//25 907//25 234//25
f 844//18 902//18 213//18
f 826//17 823//17 273//17
f 928//13 198//13 444//13
f 867//18 815//18 272//18
f 869//4 286//4 470//4
f 876//6 177//6 465//6
f 857//1 164//1 480//1
f 824//24 828//24 411//24
f 827//30 889//30 260//30
f 851//14 440//14 204//14
f 857//32 820//32 386//32
f 899//25 832//25 265//25
f 836//13 443//13 201//13
f 874//28 892//28 243//28
f 918//12 278//12 446//12
f 886//13 277//13 443//13
f 888//31 911//31 252//31
f 916//2 288//2 476//2
f 841//23 807//23 413//23
f 812//1 289//1 479//1
f 905//12 446//12 198//12
f 803//26 858//26 237//26
f 898//13 444//13 277//13
f 852//14 201//14 441//14
f 811//11 279//11 449//11
f 892//27 855//27 401//27
f 879//22 873//22 416//22
f 911//30 827//30 392//30
f 870//16 435//16 274//16
f 883//2 165//2 477//2
f 856//22 921//22 417//22
f 840//11 449//11 195//11
f 875//16 207//16 435//16
f 908//26 920//26 264//26
f 927//28 814//28 262//28
f 865//6 284//6 464//6
f 868//32 885//32 255//32
f 882//29 912//29 246//29
f 862//14 276//14 440//14
f 988//28 343//28 536//28
f 976//21 522//21 421//21
f 979//15 1055//15 317//15
f 989//21 329//21 522//21
f 985//13 986//13 506//13
f 1012//25 531//25 339//25
f 999//21 523//21 331//21
f 1053//4 1033//4 488//4
f 947//21 421//21 523//21
f 974//9 1052//9 499//9
f 1030//15 1028//15 511//15
f 939//14 954//14 508//14
f 1052//9 1049//9 457//9
f 1031//22 524//22 418//22
f 1006//22 331//22 524//22
f 933//16 1030//16 319//16
f 1005//6 995//6 492//6
f 1000//10 974//10 307//10
f 965//28 537//28 345//28
f 1034//30 347//30 540//30
f 942//22 525//22 333//22
f 1024//28 400//28 537//28
f 1046//3 971//3 293//3
f 1054//22 418//22 525//22
f 982//10 1039//10 501//10
f 1039//10 1047//10 454//10
f 943//26 533//26 341//26
f 1016//23 526//23 415//23
f 1029//23 333//23 526//23
f 931//15 979//15 510//15
f 998//24 412//24 529//24
f 935//11 982//11 309//11
f 992//31 349//31 542//31
f 1057//11 935//11 502//11
f 1048//23 527//23 335//23
f 1022//23 415//23 527//23
f 1010//16 950//16 436//16
f 970//7 1019//7 494//7
f 1009//4 932//4 489//4
f 990//1 977//1 482//1
f 940//11 1057//11 451//11
f 983//29 538//29 397//29
f 1056//13 985//13 445//13
f 932//4 1053//4 472//4
f 953//26 406//26 533//26
f 1050//24 335//24 528//24
f 1045//17 514//17 433//17
f 978//29 539//29 347//29
f 951//5 1009//5 297//5
f 1037//12 997//12 505//12
f 1008//29 345//29 538//29
f 1011//11 940//11 503//11
f 1025//29 397//29 539//29
f 997//12 961//12 448//12
f 938//17 515//17 323//17
f 991//3 1001//3 487//3
f 1027//5 951//5 490//5
f 986//13 1037//13 313//13
f 1044//17 433//17 515//17
f 1032//5 1026//5 491//5
f 930//14 939//14 442//14
f 950//16 933//16 512//16
f 1021//30 540//30 394//30
f 1026//5 1027//5 469//5
f 959//18 516//18 430//18
f 941//18 323//18 516//18
f 936//13 1056//13 507//13
f 1041//30 541//30 349//30
f 995//6 1032//6 299//6
f 975//12 1011//12 311//12
f 987//25 530//25 409//25
f 957//1 966//1 483//1
f 1047//10 1000//10 500//10
f 1001//3 952//3 475//3
f 964//30 394//30 541//30
f 1038//26 532//26 406//26
f 981//18 517//18 325//18
f 1018//18 430//18 517//18
f 962//27 534//27 403//27
f 958//26 339//26 532//26
f 937//6 996//6 493//6
f 1043//31 542//31 391//31
f 968//2 984//2 484//2
f 996//6 1005//6 466//6
f 1003//19 518//19 427//19
f 984//2 957//2 291//2
f 955//19 325//19 518//19
f 973//8 1007//8 496//8
f 1055//14 930//14 509//14
f 1036//31 543//31 351//31
f 1033//4 991//4 295//4
f 1019//7 937//7 301//7
f 971//2 1014//2 485//2
f 994//31 391//31 543//31
f 1035//19 519//19 327//19
f 972//27 341//27 534//27
f 1014//2 968//2 478//2
f 993//19 427//19 519//19
f 948//7 1015//7 495//7
f 954//14 936//14 315//14
f 1013//32 544//32 388//32
f 1015//7 970//7 463//7
f 961//12 975//12 504//12
f 934//20 520//20 424//20
f 1049//9 1020//9 498//9
f 980//27 535//27 343//27
f 969//20 327//20 520//20
f 1004//32 351//32 544//32
f 1017//27 403//27 535//27
f 1007//8 948//8 303//8
f 944//24 528//24 412//24
f 1023//32 388//32 545//32
f 952//3 1046//3 486//3
f 1028//15 931//15 439//15
f 956//20 521//20 329//20
f 967//20 424//20 521//20
f 1040//25 409//25 531//25
f 1002//28 536//28 400//28
f 966//1 990//1 481//1
f 949//8 973//8 460//8
f 1353//14 797//14 796//14
f 1427//31 1328//31 687//31
f 1360//7 748//7 681//7
f 1436//2 782//2 712//2
f 1328//31 1417//31 775//31
f 1374//3 754//3 675//3
f 1389//19 1330//19 738//19
f 1390//2 762//2 782//2
f 1330//19 1414//19 723//19
f 1437//7 731//7 752//7
f 1439//27 1384//27 759//27
f 1359//14 799//14 755//14
f 1317//32 1435//32 679//32
f 1401//18 1440//18 732//18
f 1392//7 763//7 731//7
f 1395//12 714//12 707//12
f 1387//20 1357//20 747//20
f 1337//17 1343//17 692//17
f 1314//9 784//9 794//9
f 1321//5 735//5 786//5
f 1411//27 1402//27 768//27
f 1357//20 1389//20 711//20
f 1435//32 1427//32 676//32
f 1430//8 677//8 713//8
f 1402//27 1439//27 783//27
f 1370//8 752//8 677//8
f 1334//32 1317//32 785//32
f 1354//15 746//15 787//15
f 1410//20 1378//20 756//20
f 1378//20 1387//20 710//20
f 1384//27 1394//27 764//27
f 1318//28 1425//28 778//28
f 1369//8 701//8 758//8
f 1393//8 713//8 701//8
f 1425//28 1411//28 772//28
f 1367//21 1398//21 766//21
f 1429//5 729//5 702//5
f 1350//15 796//15 716//15
f 1398//21 1410//21 721//21
f 1409//13 771//13 719//13
f 1382//9 758//9 784//9
f 1426//21 1422//21 777//21
f 1417//31 1338//31 792//31
f 1327//6 737//6 724//6
f 1422//21 1367//21 700//21
f 1347//9 795//9 765//9
f 1341//3 793//3 754//3
f 1323//15 787//15 685//15
f 1344//9 794//9 795//9
f 1346//22 1326//22 788//22
f 1400//29 1319//29 683//29
f 1326//22 1426//22 728//22
f 1332//13 790//13 771//13
f 1396//10 765//10 726//10
f 1416//6 724//6 779//6
f 1315//30 1329//30 789//30
f 1324//22 1365//22 801//22
f 1365//22 1346//22 693//22
f 1331//10 688//10 769//10
f 1336//30 1386//30 760//30
f 1338//31 1415//31 774//31
f 1342//10 742//10 688//10
f 1316//23 1438//23 680//23
f 1322//16 685//16 798//16
f 1438//23 1324//23 736//23
f 1371//5 702//5 735//5
f 1399//15 716//15 746//15
f 1431//28 1385//28 709//28
f 1405//11 769//11 696//11
f 1355//11 696//11 694//11
f 1385//28 1318//28 734//28
f 1412//4 722//4 686//4
f 1345//23 1340//23 691//23
f 1340//23 1316//23 682//23
f 1372//16 753//16 678//16
f 1363//11 749//11 781//11
f 1349//11 694//11 749//11
f 1319//29 1403//29 718//29
f 1391//3 712//3 793//3
f 1421//24 1364//24 699//24
f 1364//24 1345//24 743//24
f 1339//17 1337//17 690//17
f 1433//12 781//12 714//12
f 1368//24 1383//24 708//24
f 1329//29 1400//29 767//29
f 1383//24 1421//24 674//24
f 1320//5 786//5 737//5
f 1418//12 725//12 790//12
f 1403//29 1431//29 780//29
f 1432//16 678//16 692//16
f 1325//4 686//4 744//4
f 1381//12 707//12 725//12
f 1361//17 1358//17 697//17
f 1414//19 1423//19 727//19
f 1335//25 1408//25 720//25
f 1408//25 1368//25 751//25
f 1358//17 1339//17 741//17
f 1441//7 681//7 763//7
f 1397//1 715//1 773//1
f 1356//16 798//16 753//16
f 1386//30 1315//30 733//30
f 1380//25 1434//25 730//25
f 1379//1 684//1 715//1
f 1440//18 1404//18 706//18
f 1434//25 1335//25 791//25
f 1351//13 745//13 799//13
f 1415//30 1336//30 740//30
f 1352//4 695//4 729//4
f 1406//13 719//13 745//13
f 1388//1 761//1 705//1
f 1420//10 726//10 742//10
f 1404//18 1361//18 698//18
f 1379//32 1334//32 689//32
f 1373//26 1333//26 739//26
f 1375//18 1401//18 717//18
f 1424//3 675//3 722//3
f 1413//1 773//1 761//1
f 1333//26 1380//26 757//26
f 1419//6 776//6 748//6
f 1376//14 755//14 800//14
f 1362//14 800//14 797//14
f 1407//2 770//2 762//2
f 1428//6 779//6 776//6
f 1394//26 1366//26 750//26
f 1377//2 705//2 770//2
f 1423//19 1375//19 704//19
f 1348//4 744//4 695//4
f 1366//26 1373//26 703//26
