# Blender 5.1.2
# www.blender.org
mtllib Interceptor_SM.mtl
o SM
v 0.000000 0.325000 -3.073833
v 0.000000 0.325000 2.198422
v 0.063404 0.318755 -3.073833
v 0.063404 0.318755 2.198422
v 0.124372 0.300261 -3.073833
v 0.124372 0.300261 2.198422
v 0.180560 0.270228 -3.073833
v 0.180560 0.270228 2.198422
v 0.229810 0.229810 -3.073833
v 0.229810 0.229810 2.198422
v 0.270228 0.180560 -3.073833
v 0.270228 0.180560 2.198422
v 0.300261 0.124372 -3.073833
v 0.300261 0.124372 2.198422
v 0.318755 0.063404 -3.073833
v 0.318755 0.063404 2.198422
v 0.325000 0.000000 -3.073833
v 0.325000 0.000000 2.198422
v 0.318755 -0.063404 -3.073833
v 0.318755 -0.063404 2.198422
v 0.300261 -0.124372 -3.073833
v 0.300261 -0.124372 2.198422
v 0.270228 -0.180560 -3.073833
v 0.270228 -0.180560 2.198422
v 0.229810 -0.229810 -3.073833
v 0.229810 -0.229810 2.198422
v 0.180560 -0.270228 -3.073833
v 0.180560 -0.270228 2.198422
v 0.124372 -0.300261 -3.073833
v 0.124372 -0.300261 2.198422
v 0.063404 -0.318755 -3.073833
v 0.063404 -0.318755 2.198422
v 0.000000 -0.325000 -3.073833
v 0.000000 -0.325000 2.198422
v -0.063404 -0.318755 -3.073833
v -0.063404 -0.318755 2.198422
v -0.124372 -0.300261 -3.073833
v -0.124372 -0.300261 2.198422
v -0.180560 -0.270228 -3.073833
v -0.180560 -0.270228 2.198422
v -0.229810 -0.229810 -3.073833
v -0.229810 -0.229810 2.198422
v -0.270228 -0.180560 -3.073833
v -0.270228 -0.180560 2.198422
v -0.300261 -0.124372 -3.073833
v -0.300261 -0.124372 2.198422
v -0.318755 -0.063404 -3.073833
v -0.318755 -0.063404 2.198422
v -0.325000 0.000000 -3.073833
v -0.325000 0.000000 2.198422
v -0.318755 0.063404 -3.073833
v -0.318755 0.063404 2.198422
v -0.300261 0.124372 -3.073833
v -0.300261 0.124372 2.198422
v -0.270228 0.180560 -3.073833
v -0.270228 0.180560 2.198422
v -0.229810 0.229810 -3.073833
v -0.229810 0.229810 2.198422
v -0.180560 0.270228 -3.073833
v -0.180560 0.270228 2.198422
v -0.124372 0.300261 -3.073833
v -0.124372 0.300261 2.198422
v -0.063404 0.318755 -3.073833
v -0.063404 0.318755 2.198422
v -0.000000 -0.000000 3.184003
v -0.194310 -0.039288 2.756002
v 0.183036 -0.077066 2.756002
v -0.183036 -0.077066 2.756002
v 0.194310 -0.039288 2.756002
v -0.164728 -0.111882 2.756002
v 0.198117 -0.000000 2.756002
v 0.038651 0.197513 2.756002
v -0.140090 -0.142399 2.756002
v 0.194310 0.039288 2.756002
v 0.000000 0.201383 2.756002
v -0.110068 -0.167444 2.756002
v 0.183036 0.077066 2.756002
v -0.038651 0.197513 2.756002
v -0.075816 -0.186053 2.756002
v 0.164728 0.111882 2.756002
v -0.075816 0.186053 2.756002
v -0.038651 -0.197513 2.756002
v 0.140090 0.142399 2.756002
v -0.110068 0.167444 2.756002
v 0.000000 -0.201383 2.756002
v 0.110068 0.167444 2.756002
v -0.140090 0.142399 2.756002
v 0.038651 -0.197513 2.756002
v 0.075816 0.186053 2.756002
v -0.164728 0.111882 2.756002
v 0.075816 -0.186053 2.756002
v -0.183036 0.077066 2.756002
v 0.110068 -0.167444 2.756002
v -0.194310 0.039288 2.756002
v 0.140090 -0.142399 2.756002
v -0.198117 -0.000000 2.756002
v 0.164728 -0.111882 2.756002
v 0.264749 -0.052412 2.506042
v -0.052662 -0.263492 2.506042
v 0.190873 -0.189967 2.506042
v -0.224443 -0.149256 2.506042
v 0.190873 0.189967 2.506042
v -0.269935 -0.000000 2.506042
v 0.269935 -0.000000 2.506042
v -0.149968 0.223378 2.506042
v 0.224443 -0.149256 2.506042
v 0.000000 -0.268654 2.506042
v 0.052662 0.263492 2.506042
v -0.190873 -0.189967 2.506042
v 0.149968 0.223378 2.506042
v 0.264749 0.052412 2.506042
v -0.190873 0.189967 2.506042
v 0.000000 0.268654 2.506042
v 0.052662 -0.263492 2.506042
v -0.149968 -0.223378 2.506042
v 0.103300 0.248204 2.506042
v 0.249388 0.102810 2.506042
v -0.224443 0.149256 2.506042
v -0.052662 0.263492 2.506042
v 0.103300 -0.248204 2.506042
v -0.264749 -0.052412 2.506042
v -0.103300 -0.248204 2.506042
v -0.249388 0.102810 2.506042
v 0.249388 -0.102810 2.506042
v 0.224443 0.149256 2.506042
v 0.149968 -0.223378 2.506042
v -0.249388 -0.102810 2.506042
v -0.103300 0.248204 2.506042
v -0.264749 0.052412 2.506042
v -0.102565 -0.020690 2.976074
v 0.096614 -0.040584 2.976075
v -0.096614 -0.040584 2.976075
v 0.102565 -0.020690 2.976074
v -0.086950 -0.058919 2.976075
v 0.104574 -0.000000 2.976074
v 0.020401 0.104014 2.976075
v -0.073945 -0.074990 2.976075
v 0.102565 0.020690 2.976074
v 0.000000 0.106051 2.976075
v -0.058098 -0.088178 2.976075
v 0.096614 0.040584 2.976075
v -0.020401 0.104014 2.976075
v -0.040019 -0.097979 2.976075
v 0.086950 0.058919 2.976075
v -0.040019 0.097979 2.976075
v -0.020401 -0.104014 2.976075
v 0.073945 0.074990 2.976075
v -0.058098 0.088178 2.976075
v 0.000000 -0.106051 2.976075
v 0.058098 0.088178 2.976075
v -0.073945 0.074990 2.976075
v 0.020401 -0.104014 2.976075
v 0.040019 0.097979 2.976075
v -0.086950 0.058919 2.976075
v 0.040019 -0.097979 2.976075
v -0.096614 0.040584 2.976075
v 0.058098 -0.088178 2.976075
v -0.102565 0.020690 2.976074
v 0.073945 -0.074990 2.976075
v -0.104574 -0.000000 2.976074
v 0.086950 -0.058919 2.976075
v 0.000000 0.479715 -0.291624
v 0.063404 0.318755 -0.291624
v 0.124372 0.300261 -0.291624
v 0.180560 0.270228 -0.291624
v 0.229810 0.229810 -0.291624
v 0.270228 0.180560 -0.291624
v 0.300261 0.124372 -0.291624
v 0.318755 0.063404 -0.291624
v 0.475428 0.000000 -0.291624
v 0.318755 -0.063404 -0.291624
v 0.300261 -0.124372 -0.291624
v 0.270228 -0.180560 -0.291624
v 0.229810 -0.229810 -0.291624
v 0.180560 -0.270228 -0.291624
v 0.124372 -0.300261 -0.291624
v 0.063404 -0.318755 -0.291624
v 0.000000 -0.483939 -0.291624
v -0.063404 -0.318755 -0.291624
v -0.124372 -0.300261 -0.291624
v -0.180560 -0.270228 -0.291624
v -0.229810 -0.229810 -0.291624
v -0.270228 -0.180560 -0.291624
v -0.300261 -0.124372 -0.291624
v -0.318755 -0.063404 -0.291624
v -0.463565 0.000000 -0.291624
v -0.318755 0.063404 -0.291624
v -0.300261 0.124372 -0.291624
v -0.270228 0.180560 -0.291624
v -0.229810 0.229810 -0.291624
v -0.180560 0.270228 -0.291624
v -0.124372 0.300261 -0.291624
v -0.063404 0.318755 -0.291624
v 0.031702 0.321878 -3.073833
v 0.031702 0.321878 2.198422
v 0.000000 0.325000 1.099480
v 0.063404 0.318755 -1.682729
v 0.093888 0.309508 -3.073833
v 0.093888 0.309508 2.198422
v 0.124372 0.300261 -1.682729
v 0.152466 0.285244 -3.073833
v 0.152466 0.285244 2.198422
v 0.180560 0.270228 -1.682729
v 0.205185 0.250019 -3.073833
v 0.205185 0.250019 2.198422
v 0.229810 0.229810 -1.682729
v 0.250019 0.205185 -3.073833
v 0.250019 0.205185 2.198422
v 0.270228 0.180560 -1.682729
v 0.285244 0.152466 -3.073833
v 0.285244 0.152466 2.198422
v 0.300261 0.124372 -1.682729
v 0.309508 0.093888 -3.073833
v 0.309508 0.093888 2.198422
v 0.318755 0.063404 -1.682729
v 0.321878 0.031702 -3.073833
v 0.321878 0.031702 2.198422
v 0.325000 0.000000 -1.682729
v 0.321878 -0.031702 -3.073833
v 0.321878 -0.031702 2.198422
v 0.318755 -0.063404 -1.682729
v 0.309508 -0.093888 -3.073833
v 0.309508 -0.093888 2.198422
v 0.300261 -0.124372 -1.682729
v 0.285244 -0.152466 -3.073833
v 0.285244 -0.152466 2.198422
v 0.270228 -0.180560 -1.682729
v 0.250019 -0.205185 -3.073833
v 0.250019 -0.205185 2.198422
v 0.229810 -0.229810 -1.682729
v 0.205185 -0.250019 -3.073833
v 0.205185 -0.250019 2.198422
v 0.180560 -0.270228 -1.682729
v 0.152466 -0.285244 -3.073833
v 0.152466 -0.285244 2.198422
v 0.124372 -0.300261 -1.682729
v 0.093888 -0.309508 -3.073833
v 0.093888 -0.309508 2.198422
v 0.063404 -0.318755 -1.682729
v 0.031702 -0.321878 -3.073833
v 0.031702 -0.321878 2.198422
v 0.000000 -0.325000 -1.682729
v -0.031702 -0.321878 -3.073833
v -0.031702 -0.321878 2.198422
v -0.063404 -0.318755 -1.682729
v -0.093888 -0.309508 -3.073833
v -0.093888 -0.309508 2.198422
v -0.124372 -0.300261 -1.682729
v -0.152466 -0.285244 -3.073833
v -0.152466 -0.285244 2.198422
v -0.180560 -0.270228 -1.682729
v -0.205185 -0.250019 -3.073833
v -0.205185 -0.250019 2.198422
v -0.229810 -0.229810 -1.682729
v -0.250019 -0.205185 -3.073833
v -0.250019 -0.205185 2.198422
v -0.270228 -0.180560 -1.682729
v -0.285244 -0.152466 -3.073833
v -0.285244 -0.152466 2.198422
v -0.300261 -0.124372 -1.682729
v -0.309508 -0.093888 -3.073833
v -0.309508 -0.093888 2.198422
v -0.318755 -0.063404 -1.682729
v -0.321878 -0.031702 -3.073833
v -0.321878 -0.031702 2.198422
v -0.325000 0.000000 -1.682729
v -0.321878 0.031702 -3.073833
v -0.321878 0.031702 2.198422
v -0.318755 0.063404 -1.682729
v -0.309508 0.093888 -3.073833
v -0.309508 0.093888 2.198422
v -0.300261 0.124372 -1.682729
v -0.285244 0.152466 -3.073833
v -0.285244 0.152466 2.198422
v -0.270228 0.180560 -1.682729
v -0.250019 0.205185 -3.073833
v -0.250019 0.205185 2.198422
v -0.229810 0.229810 -1.682729
v -0.205185 0.250019 -3.073833
v -0.205185 0.250019 2.198422
v -0.180560 0.270228 -1.682729
v -0.152466 0.285244 -3.073833
v -0.152466 0.285244 2.198422
v -0.124372 0.300261 -1.682729
v -0.093888 0.309508 -3.073833
v -0.093888 0.309508 2.198422
v -0.063404 0.318755 -1.682729
v -0.031702 0.321878 -3.073833
v -0.031702 0.321878 2.198422
v 0.000000 0.325000 -1.682729
v 0.063404 0.318755 1.099480
v 0.124372 0.300261 1.099480
v 0.180560 0.270228 1.099480
v 0.229810 0.229810 1.099480
v 0.270228 0.180560 1.099480
v 0.300261 0.124372 1.099480
v 0.318755 0.063404 1.099480
v 0.325000 0.000000 1.099480
v 0.318755 -0.063404 1.099480
v 0.300261 -0.124372 1.099480
v 0.270228 -0.180560 1.099480
v 0.229810 -0.229810 1.099480
v 0.180560 -0.270228 1.099480
v 0.124372 -0.300261 1.099480
v 0.063404 -0.318755 1.099480
v 0.000000 -0.325000 1.099480
v -0.063404 -0.318755 1.099480
v -0.124372 -0.300261 1.099480
v -0.180560 -0.270228 1.099480
v -0.229810 -0.229810 1.099480
v -0.270228 -0.180560 1.099480
v -0.300261 -0.124372 1.099480
v -0.318755 -0.063404 1.099480
v -0.325000 0.000000 1.099480
v -0.318755 0.063404 1.099480
v -0.300261 0.124372 1.099480
v -0.270228 0.180560 1.099480
v -0.229810 0.229810 1.099480
v -0.180560 0.270228 1.099480
v -0.124372 0.300261 1.099480
v -0.063404 0.318755 1.099480
v -0.031702 0.321878 -0.291624
v -0.093888 0.309508 -0.291624
v -0.152466 0.285244 -0.291624
v -0.205185 0.250019 -0.291624
v -0.250019 0.205185 -0.291624
v -0.285244 0.152466 -0.291624
v -0.309508 0.093888 -0.291624
v -0.321878 0.031702 -0.291624
v -0.321878 -0.031702 -0.291624
v -0.309508 -0.093888 -0.291624
v -0.285244 -0.152466 -0.291624
v -0.250019 -0.205185 -0.291624
v -0.205185 -0.250019 -0.291624
v -0.152466 -0.285244 -0.291624
v -0.093888 -0.309508 -0.291624
v -0.031702 -0.321878 -0.291624
v 0.031702 -0.321878 -0.291624
v 0.093888 -0.309508 -0.291624
v 0.152466 -0.285244 -0.291624
v 0.205185 -0.250019 -0.291624
v 0.250019 -0.205185 -0.291624
v 0.285244 -0.152466 -0.291624
v 0.309508 -0.093888 -0.291624
v 0.321878 -0.031702 -0.291624
v 0.321878 0.031702 -0.291624
v 0.309508 0.093888 -0.291624
v 0.285244 0.152466 -0.291624
v 0.250019 0.205185 -0.291624
v 0.205185 0.250019 -0.291624
v 0.152466 0.285244 -0.291624
v 0.093888 0.309508 -0.291624
v 0.031702 0.321878 -0.291624
v 0.031702 0.321878 -1.682729
v 0.093888 0.309508 -1.682729
v 0.152466 0.285244 -1.682729
v 0.205185 0.250019 -1.682729
v 0.250019 0.205185 -1.682729
v 0.285244 0.152466 -1.682729
v 0.309508 0.093888 -1.682729
v 0.321878 0.031702 -1.682729
v 0.321878 -0.031702 -1.682729
v 0.309508 -0.093888 -1.682729
v 0.285244 -0.152466 -1.682729
v 0.250019 -0.205185 -1.682729
v 0.205185 -0.250019 -1.682729
v 0.152466 -0.285244 -1.682729
v 0.093888 -0.309508 -1.682729
v 0.031702 -0.321878 -1.682729
v -0.031702 -0.321878 -1.682729
v -0.093888 -0.309508 -1.682729
v -0.152466 -0.285244 -1.682729
v -0.205185 -0.250019 -1.682729
v -0.250019 -0.205185 -1.682729
v -0.285244 -0.152466 -1.682729
v -0.309508 -0.093888 -1.682729
v -0.321878 -0.031702 -1.682729
v -0.321878 0.031702 -1.682729
v -0.309508 0.093888 -1.682729
v -0.285244 0.152466 -1.682729
v -0.250019 0.205185 -1.682729
v -0.205185 0.250019 -1.682729
v -0.152466 0.285244 -1.682729
v -0.093888 0.309508 -1.682729
v -0.031702 0.321878 -1.682729
v -0.031702 0.321878 1.099480
v -0.093888 0.309508 1.099480
v -0.152466 0.285244 1.099480
v -0.205185 0.250019 1.099480
v -0.250019 0.205185 1.099480
v -0.285244 0.152466 1.099480
v -0.309508 0.093888 1.099480
v -0.321878 0.031702 1.099480
v -0.321878 -0.031702 1.099480
v -0.309508 -0.093888 1.099480
v -0.285244 -0.152466 1.099480
v -0.250019 -0.205185 1.099480
v -0.205185 -0.250019 1.099480
v -0.152466 -0.285244 1.099480
v -0.093888 -0.309508 1.099480
v -0.031702 -0.321878 1.099480
v 0.031702 -0.321878 1.099480
v 0.093888 -0.309508 1.099480
v 0.152466 -0.285244 1.099480
v 0.205185 -0.250019 1.099480
v 0.250019 -0.205185 1.099480
v 0.285244 -0.152466 1.099480
v 0.309508 -0.093888 1.099480
v 0.321878 -0.031702 1.099480
v 0.321878 0.031702 1.099480
v 0.309508 0.093888 1.099480
v 0.285244 0.152466 1.099480
v 0.250019 0.205185 1.099480
v 0.205185 0.250019 1.099480
v 0.152466 0.285244 1.099480
v 0.093888 0.309508 1.099480
v 0.031702 0.321878 1.099480
v 0.000000 0.479715 -0.987176
v 0.063404 0.318755 0.403928
v 0.124372 0.300261 0.403928
v 0.180560 0.270228 0.403928
v 0.229810 0.229810 0.403928
v 0.270228 0.180560 0.403928
v 0.300261 0.124372 0.403928
v 0.318755 0.063404 0.403928
v 0.475428 0.000000 0.403928
v 0.318755 -0.063404 0.403928
v 0.300261 -0.124372 0.403928
v 0.270228 -0.180560 0.403928
v 0.229810 -0.229810 0.403928
v 0.180560 -0.270228 0.403928
v 0.124372 -0.300261 0.403928
v 0.063404 -0.318755 0.403928
v 0.000000 -0.483939 0.403928
v -0.063404 -0.318755 0.403928
v -0.124372 -0.300261 0.403928
v -0.180560 -0.270228 0.403928
v -0.229810 -0.229810 0.403928
v -0.270228 -0.180560 0.403928
v -0.300261 -0.124372 0.403928
v -0.318755 -0.063404 0.403928
v -0.463565 0.000000 0.403928
v -0.318755 0.063404 0.403928
v -0.300261 0.124372 0.403928
v -0.270228 0.180560 0.403928
v -0.229810 0.229810 0.403928
v -0.180560 0.270228 0.403928
v -0.124372 0.300261 0.403928
v -0.063404 0.318755 0.403928
v -0.015851 0.323439 -0.291624
v -0.078646 0.314132 -0.291624
v -0.138419 0.292753 -0.291624
v -0.192873 0.260123 -0.291624
v -0.239914 0.217497 -0.291624
v -0.277736 0.166513 -0.291624
v -0.304884 0.109130 -0.291624
v -0.320316 0.047553 -0.291624
v -0.323439 -0.015851 -0.291624
v -0.314132 -0.078646 -0.291624
v -0.292753 -0.138419 -0.291624
v -0.260123 -0.192873 -0.291624
v -0.217497 -0.239914 -0.291624
v -0.166513 -0.277736 -0.291624
v -0.109130 -0.304884 -0.291624
v -0.047553 -0.320316 -0.291624
v 0.015851 -0.323439 -0.291624
v 0.078646 -0.314132 -0.291624
v 0.138419 -0.292753 -0.291624
v 0.192873 -0.260123 -0.291624
v 0.239914 -0.217497 -0.291624
v 0.277736 -0.166513 -0.291624
v 0.304884 -0.109130 -0.291624
v 0.320316 -0.047553 -0.291624
v 0.323439 0.015851 -0.291624
v 0.314132 0.078646 -0.291624
v 0.292753 0.138419 -0.291624
v 0.260123 0.192873 -0.291624
v 0.217497 0.239914 -0.291624
v 0.166513 0.277736 -0.291624
v 0.109130 0.304884 -0.291624
v 0.047553 0.320316 -0.291624
v 0.000000 0.479715 0.403928
v 0.063404 0.318755 -0.987176
v 0.124372 0.300261 -0.987176
v 0.180560 0.270228 -0.987176
v 0.229810 0.229810 -0.987176
v 0.270228 0.180560 -0.987176
v 0.300261 0.124372 -0.987176
v 0.318755 0.063404 -0.987176
v 0.475428 0.000000 -0.987176
v 0.318755 -0.063404 -0.987176
v 0.300261 -0.124372 -0.987176
v 0.270228 -0.180560 -0.987176
v 0.229810 -0.229810 -0.987176
v 0.180560 -0.270228 -0.987176
v 0.124372 -0.300261 -0.987176
v 0.063404 -0.318755 -0.987176
v 0.000000 -0.483939 -0.987176
v -0.063404 -0.318755 -0.987176
v -0.124372 -0.300261 -0.987176
v -0.180560 -0.270228 -0.987176
v -0.229810 -0.229810 -0.987176
v -0.270228 -0.180560 -0.987176
v -0.300261 -0.124372 -0.987176
v -0.318755 -0.063404 -0.987176
v -0.463565 0.000000 -0.987176
v -0.318755 0.063404 -0.987176
v -0.300261 0.124372 -0.987176
v -0.270228 0.180560 -0.987176
v -0.229810 0.229810 -0.987176
v -0.180560 0.270228 -0.987176
v -0.124372 0.300261 -0.987176
v -0.063404 0.318755 -0.987176
v -0.047553 0.320316 -0.291624
v -0.109130 0.304884 -0.291624
v -0.166513 0.277736 -0.291624
v -0.217497 0.239914 -0.291624
v -0.260123 0.192873 -0.291624
v -0.292753 0.138419 -0.291624
v -0.314132 0.078646 -0.291624
v -0.323439 0.015851 -0.291624
v -0.320316 -0.047553 -0.291624
v -0.304884 -0.109130 -0.291624
v -0.277736 -0.166513 -0.291624
v -0.239914 -0.217497 -0.291624
v -0.192873 -0.260123 -0.291624
v -0.138419 -0.292753 -0.291624
v -0.078646 -0.314132 -0.291624
v -0.015851 -0.323439 -0.291624
v 0.047553 -0.320316 -0.291624
v 0.109130 -0.304884 -0.291624
v 0.166513 -0.277736 -0.291624
v 0.217497 -0.239914 -0.291624
v 0.260123 -0.192873 -0.291624
v 0.292753 -0.138419 -0.291624
v 0.314132 -0.078646 -0.291624
v 0.323439 -0.015851 -0.291624
v 0.320316 0.047553 -0.291624
v 0.304884 0.109130 -0.291624
v 0.277736 0.166513 -0.291624
v 0.239914 0.217497 -0.291624
v 0.192873 0.260123 -0.291624
v 0.138419 0.292753 -0.291624
v 0.078646 0.314132 -0.291624
v 0.015851 0.323439 -0.291624
v 0.047553 0.320316 -1.682729
v 0.015851 0.323439 -1.682729
v 0.031702 0.321878 -0.987176
v 0.109130 0.304884 -1.682729
v 0.078646 0.314132 -1.682729
v 0.093888 0.309508 -0.987176
v 0.166513 0.277736 -1.682729
v 0.138419 0.292753 -1.682729
v 0.152466 0.285244 -0.987176
v 0.217497 0.239914 -1.682729
v 0.192873 0.260123 -1.682729
v 0.205185 0.250019 -0.987176
v 0.260123 0.192873 -1.682729
v 0.239914 0.217497 -1.682729
v 0.250019 0.205185 -0.987176
v 0.292753 0.138419 -1.682729
v 0.277736 0.166513 -1.682729
v 0.285244 0.152466 -0.987176
v 0.314132 0.078646 -1.682729
v 0.304884 0.109130 -1.682729
v 0.309508 0.093888 -0.987176
v 0.323439 0.015851 -1.682729
v 0.320316 0.047553 -1.682729
v 0.321878 0.031702 -0.987176
v 0.320316 -0.047553 -1.682729
v 0.323439 -0.015851 -1.682729
v 0.321878 -0.031702 -0.987176
v 0.304884 -0.109130 -1.682729
v 0.314132 -0.078646 -1.682729
v 0.309508 -0.093888 -0.987176
v 0.277736 -0.166513 -1.682729
v 0.292753 -0.138419 -1.682729
v 0.285244 -0.152466 -0.987176
v 0.239914 -0.217497 -1.682729
v 0.260123 -0.192873 -1.682729
v 0.250019 -0.205185 -0.987176
v 0.192873 -0.260123 -1.682729
v 0.217497 -0.239914 -1.682729
v 0.205185 -0.250019 -0.987176
v 0.138419 -0.292753 -1.682729
v 0.166513 -0.277736 -1.682729
v 0.152466 -0.285244 -0.987176
v 0.078646 -0.314132 -1.682729
v 0.109130 -0.304884 -1.682729
v 0.093888 -0.309508 -0.987176
v 0.015851 -0.323439 -1.682729
v 0.047553 -0.320316 -1.682729
v 0.031702 -0.321878 -0.987176
v -0.047553 -0.320316 -1.682729
v -0.015851 -0.323439 -1.682729
v -0.031702 -0.321878 -0.987176
v -0.109130 -0.304884 -1.682729
v -0.078646 -0.314132 -1.682729
v -0.093888 -0.309508 -0.987176
v -0.166513 -0.277736 -1.682729
v -0.138419 -0.292753 -1.682729
v -0.152466 -0.285244 -0.987176
v -0.217497 -0.239914 -1.682729
v -0.192873 -0.260123 -1.682729
v -0.205185 -0.250019 -0.987176
v -0.260123 -0.192873 -1.682729
v -0.239914 -0.217497 -1.682729
v -0.250019 -0.205185 -0.987176
v -0.292753 -0.138419 -1.682729
v -0.277736 -0.166513 -1.682729
v -0.285244 -0.152466 -0.987176
v -0.314132 -0.078646 -1.682729
v -0.304884 -0.109130 -1.682729
v -0.309508 -0.093888 -0.987176
v -0.323439 -0.015851 -1.682729
v -0.320316 -0.047553 -1.682729
v -0.321878 -0.031702 -0.987176
v -0.320316 0.047553 -1.682729
v -0.323439 0.015851 -1.682729
v -0.321878 0.031702 -0.987176
v -0.304884 0.109130 -1.682729
v -0.314132 0.078646 -1.682729
v -0.309508 0.093888 -0.987176
v -0.277736 0.166513 -1.682729
v -0.292753 0.138419 -1.682729
v -0.285244 0.152466 -0.987176
v -0.239914 0.217497 -1.682729
v -0.260123 0.192873 -1.682729
v -0.250019 0.205185 -0.987176
v -0.192873 0.260123 -1.682729
v -0.217497 0.239914 -1.682729
v -0.205185 0.250019 -0.987176
v -0.138419 0.292753 -1.682729
v -0.166513 0.277736 -1.682729
v -0.152466 0.285244 -0.987176
v -0.078646 0.314132 -1.682729
v -0.109130 0.304884 -1.682729
v -0.093888 0.309508 -0.987176
v -0.015851 0.323439 -1.682729
v -0.047553 0.320316 -1.682729
v -0.031702 0.321878 -0.987176
v -0.015851 0.323439 1.099480
v -0.047553 0.320316 1.099480
v -0.031702 0.321878 0.403928
v -0.078646 0.314132 1.099480
v -0.109130 0.304884 1.099480
v -0.093888 0.309508 0.403928
v -0.138419 0.292753 1.099480
v -0.166513 0.277736 1.099480
v -0.152466 0.285244 0.403928
v -0.192873 0.260123 1.099480
v -0.217497 0.239914 1.099480
v -0.205185 0.250019 0.403928
v -0.239914 0.217497 1.099480
v -0.260123 0.192873 1.099480
v -0.250019 0.205185 0.403928
v -0.277736 0.166513 1.099480
v -0.292753 0.138419 1.099480
v -0.285244 0.152466 0.403928
v -0.304884 0.109130 1.099480
v -0.314132 0.078646 1.099480
v -0.309508 0.093888 0.403928
v -0.320316 0.047553 1.099480
v -0.323439 0.015851 1.099480
v -0.321878 0.031702 0.403928
v -0.323439 -0.015851 1.099480
v -0.320316 -0.047553 1.099480
v -0.321878 -0.031702 0.403928
v -0.314132 -0.078646 1.099480
v -0.304884 -0.109130 1.099480
v -0.309508 -0.093888 0.403928
v -0.292753 -0.138419 1.099480
v -0.277736 -0.166513 1.099480
v -0.285244 -0.152466 0.403928
v -0.260123 -0.192873 1.099480
v -0.239914 -0.217497 1.099480
v -0.250019 -0.205185 0.403928
v -0.217497 -0.239914 1.099480
v -0.192873 -0.260123 1.099480
v -0.205185 -0.250019 0.403928
v -0.166513 -0.277736 1.099480
v -0.138419 -0.292753 1.099480
v -0.152466 -0.285244 0.403928
v -0.109130 -0.304884 1.099480
v -0.078646 -0.314132 1.099480
v -0.093888 -0.309508 0.403928
v -0.047553 -0.320316 1.099480
v -0.015851 -0.323439 1.099480
v -0.031702 -0.321878 0.403928
v 0.015851 -0.323439 1.099480
v 0.047553 -0.320316 1.099480
v 0.031702 -0.321878 0.403928
v 0.078646 -0.314132 1.099480
v 0.109130 -0.304884 1.099480
v 0.093888 -0.309508 0.403928
v 0.138419 -0.292753 1.099480
v 0.166513 -0.277736 1.099480
v 0.152466 -0.285244 0.403928
v 0.192873 -0.260123 1.099480
v 0.217497 -0.239914 1.099480
v 0.205185 -0.250019 0.403928
v 0.239914 -0.217497 1.099480
v 0.260123 -0.192873 1.099480
v 0.250019 -0.205185 0.403928
v 0.277736 -0.166513 1.099480
v 0.292753 -0.138419 1.099480
v 0.285244 -0.152466 0.403928
v 0.304884 -0.109130 1.099480
v 0.314132 -0.078646 1.099480
v 0.309508 -0.093888 0.403928
v 0.320316 -0.047553 1.099480
v 0.323439 -0.015851 1.099480
v 0.321878 -0.031702 0.403928
v 0.323439 0.015851 1.099480
v 0.320316 0.047553 1.099480
v 0.321878 0.031702 0.403928
v 0.314132 0.078646 1.099480
v 0.304884 0.109130 1.099480
v 0.309508 0.093888 0.403928
v 0.292753 0.138419 1.099480
v 0.277736 0.166513 1.099480
v 0.285244 0.152466 0.403928
v 0.260123 0.192873 1.099480
v 0.239914 0.217497 1.099480
v 0.250019 0.205185 0.403928
v 0.217497 0.239914 1.099480
v 0.192873 0.260123 1.099480
v 0.205185 0.250019 0.403928
v 0.166513 0.277736 1.099480
v 0.138419 0.292753 1.099480
v 0.152466 0.285244 0.403928
v 0.109130 0.304884 1.099480
v 0.078646 0.314132 1.099480
v 0.093888 0.309508 0.403928
v 0.047553 0.320316 1.099480
v 0.015851 0.323439 1.099480
v 0.031702 0.321878 0.403928
v 0.015851 0.323439 0.403928
v 0.047553 0.320316 0.403928
v 0.078646 0.314132 0.403928
v 0.109130 0.304884 0.403928
v 0.138419 0.292753 0.403928
v 0.166513 0.277736 0.403928
v 0.192873 0.260123 0.403928
v 0.217497 0.239914 0.403928
v 0.239914 0.217497 0.403928
v 0.260123 0.192873 0.403928
v 0.277736 0.166513 0.403928
v 0.292753 0.138419 0.403928
v 0.304884 0.109130 0.403928
v 0.314132 0.078646 0.403928
v 0.320316 0.047553 0.403928
v 0.323439 0.015851 0.403928
v 0.323439 -0.015851 0.403928
v 0.320316 -0.047553 0.403928
v 0.314132 -0.078646 0.403928
v 0.304884 -0.109130 0.403928
v 0.292753 -0.138419 0.403928
v 0.277736 -0.166513 0.403928
v 0.260123 -0.192873 0.403928
v 0.239914 -0.217497 0.403928
v 0.217497 -0.239914 0.403928
v 0.192873 -0.260123 0.403928
v 0.166513 -0.277736 0.403928
v 0.138419 -0.292753 0.403928
v 0.109130 -0.304884 0.403928
v 0.078646 -0.314132 0.403928
v 0.047553 -0.320316 0.403928
v 0.015851 -0.323439 0.403928
v -0.015851 -0.323439 0.403928
v -0.047553 -0.320316 0.403928
v -0.078646 -0.314132 0.403928
v -0.109130 -0.304884 0.403928
v -0.138419 -0.292753 0.403928
v -0.166513 -0.277736 0.403928
v -0.192873 -0.260123 0.403928
v -0.217497 -0.239914 0.403928
v -0.239914 -0.217497 0.403928
v -0.260123 -0.192873 0.403928
v -0.277736 -0.166513 0.403928
v -0.292753 -0.138419 0.403928
v -0.304884 -0.109130 0.403928
v -0.314132 -0.078646 0.403928
v -0.320316 -0.047553 0.403928
v -0.323439 -0.015851 0.403928
v -0.323439 0.015851 0.403928
v -0.320316 0.047553 0.403928
v -0.314132 0.078646 0.403928
v -0.304884 0.109130 0.403928
v -0.292753 0.138419 0.403928
v -0.277736 0.166513 0.403928
v -0.260123 0.192873 0.403928
v -0.239914 0.217497 0.403928
v -0.217497 0.239914 0.403928
v -0.192873 0.260123 0.403928
v -0.166513 0.277736 0.403928
v -0.138419 0.292753 0.403928
v -0.109130 0.304884 0.403928
v -0.078646 0.314132 0.403928
v -0.047553 0.320316 0.403928
v -0.015851 0.323439 0.403928
v -0.047553 0.320316 -0.987176
v -0.109130 0.304884 -0.987176
v -0.166513 0.277736 -0.987176
v -0.217497 0.239914 -0.987176
v -0.260123 0.192873 -0.987176
v -0.292753 0.138419 -0.987176
v -0.314132 0.078646 -0.987176
v -0.323439 0.015851 -0.987176
v -0.320316 -0.047553 -0.987176
v -0.304884 -0.109130 -0.987176
v -0.277736 -0.166513 -0.987176
v -0.239914 -0.217497 -0.987176
v -0.192873 -0.260123 -0.987176
v -0.138419 -0.292753 -0.987176
v -0.078646 -0.314132 -0.987176
v -0.015851 -0.323439 -0.987176
v 0.047553 -0.320316 -0.987176
v 0.109130 -0.304884 -0.987176
v 0.166513 -0.277736 -0.987176
v 0.217497 -0.239914 -0.987176
v 0.260123 -0.192873 -0.987176
v 0.292753 -0.138419 -0.987176
v 0.314132 -0.078646 -0.987176
v 0.323439 -0.015851 -0.987176
v 0.320316 0.047553 -0.987176
v 0.304884 0.109130 -0.987176
v 0.277736 0.166513 -0.987176
v 0.239914 0.217497 -0.987176
v 0.192873 0.260123 -0.987176
v 0.138419 0.292753 -0.987176
v 0.078646 0.314132 -0.987176
v 0.015851 0.323439 -0.987176
v 0.047553 0.320316 -0.987176
v 0.109130 0.304884 -0.987176
v 0.166513 0.277736 -0.987176
v 0.217497 0.239914 -0.987176
v 0.260123 0.192873 -0.987176
v 0.292753 0.138419 -0.987176
v 0.314132 0.078646 -0.987176
v 0.323439 0.015851 -0.987176
v 0.320316 -0.047553 -0.987176
v 0.304884 -0.109130 -0.987176
v 0.277736 -0.166513 -0.987176
v 0.239914 -0.217497 -0.987176
v 0.192873 -0.260123 -0.987176
v 0.138419 -0.292753 -0.987176
v 0.078646 -0.314132 -0.987176
v 0.015851 -0.323439 -0.987176
v -0.047553 -0.320316 -0.987176
v -0.109130 -0.304884 -0.987176
v -0.166513 -0.277736 -0.987176
v -0.217497 -0.239914 -0.987176
v -0.260123 -0.192873 -0.987176
v -0.292753 -0.138419 -0.987176
v -0.314132 -0.078646 -0.987176
v -0.323439 -0.015851 -0.987176
v -0.320316 0.047553 -0.987176
v -0.304884 0.109130 -0.987176
v -0.277736 0.166513 -0.987176
v -0.239914 0.217497 -0.987176
v -0.192873 0.260123 -0.987176
v -0.138419 0.292753 -0.987176
v -0.078646 0.314132 -0.987176
v -0.015851 0.323439 -0.987176
v -0.093888 -0.309508 -2.670879
v 0.300261 0.124372 -2.669703
v -0.093888 0.309508 -2.669201
v -0.300261 0.124372 -2.669703
v 0.318755 -0.063404 -2.670212
v -0.321878 0.031702 -2.669955
v 0.285244 0.152466 -2.669627
v 0.063404 0.318755 -2.669176
v 0.250019 -0.205185 -2.670596
v -0.152466 -0.285244 -2.670813
v -0.270228 0.180560 -2.669551
v -0.031702 0.321878 -2.669168
v 0.205185 -0.250019 -2.670718
v -0.180560 -0.270228 -2.670773
v -0.309508 0.093888 -2.669786
v -0.124372 -0.300261 -2.670854
v 0.309508 0.093888 -2.669786
v -0.229810 0.229810 -2.669417
v 0.270228 -0.180560 -2.670530
v -0.205185 -0.250019 -2.670718
v 0.031702 0.321878 -2.669168
v -0.229810 -0.229810 -2.670663
v 0.180560 0.270228 -2.669308
v 0.152466 -0.285244 -2.670813
v -0.285244 0.152466 -2.669627
v -0.180560 0.270228 -2.669308
v 0.229810 -0.229810 -2.670663
v 0.321878 0.031702 -2.669955
v -0.250019 -0.205185 -2.670596
v -0.270228 -0.180560 -2.670530
v 0.229810 0.229810 -2.669417
v 0.093888 0.309508 -2.669201
v -0.124372 0.300261 -2.669227
v 0.300261 -0.124372 -2.670377
v -0.250019 0.205185 -2.669484
v -0.300261 -0.124372 -2.670377
v 0.270228 0.180560 -2.669551
v -0.285244 -0.152466 -2.670454
v -0.063404 0.318755 -2.669176
v 0.152466 0.285244 -2.669267
v -0.063404 -0.318755 -2.670904
v 0.180560 -0.270228 -2.670773
v 0.031702 -0.321878 -2.670913
v -0.318755 -0.063404 -2.670212
v -0.205185 0.250019 -2.669363
v 0.321878 -0.031702 -2.670126
v 0.309508 -0.093888 -2.670295
v 0.000000 0.525000 -2.669159
v 0.063404 -0.318755 -2.670904
v -0.309508 -0.093888 -2.670295
v -0.525000 0.000000 -2.670040
v 0.205185 0.250019 -2.669363
v 0.124372 0.300261 -2.669227
v 0.318755 0.063404 -2.669868
v -0.031702 -0.321878 -2.670913
v -0.152466 0.285244 -2.669267
v 0.000000 -0.525000 -2.670921
v 0.124372 -0.300261 -2.670854
v 0.285244 -0.152466 -2.670454
v -0.321878 -0.031702 -2.670126
v -0.318755 0.063404 -2.669868
v 0.525000 0.000000 -2.670040
v 0.093888 -0.309508 -2.670879
v 0.250019 0.205185 -2.669484
v -0.300261 0.124372 -2.456335
v 0.000000 0.325000 -2.456335
v 0.000000 -0.325000 -2.456335
v 0.093888 0.309508 -2.456335
v 0.124372 -0.300261 -2.456335
v 0.285244 0.152466 -2.456335
v -0.124372 0.300261 -2.456335
v 0.285244 -0.152466 -2.456335
v 0.063404 0.318755 -2.456335
v 0.300261 -0.124372 -2.456335
v -0.321878 -0.031702 -2.456335
v 0.250019 -0.205185 -2.456335
v -0.250019 0.205185 -2.456335
v -0.318755 0.063404 -2.456335
v -0.152466 -0.285244 -2.456335
v -0.300261 -0.124372 -2.456335
v 0.325000 0.000000 -2.456335
v -0.270228 0.180560 -2.456335
v 0.270228 0.180560 -2.456335
v 0.093888 -0.309508 -2.456335
v -0.031702 0.321878 -2.456335
v -0.285244 -0.152466 -2.456335
v 0.250019 0.205185 -2.456335
v 0.205185 -0.250019 -2.456335
v -0.063404 0.318755 -2.456335
v -0.180560 -0.270228 -2.456335
v 0.152466 0.285244 -2.456335
v -0.309508 0.093888 -2.456335
v -0.063404 -0.318755 -2.456335
v -0.093888 -0.309508 -2.456335
v -0.124372 -0.300261 -2.456335
v 0.180560 -0.270228 -2.456335
v 0.309508 0.093888 -2.456335
v 0.031702 -0.321878 -2.456335
v -0.229810 0.229810 -2.456335
v -0.031702 -0.321878 -2.456335
v -0.318755 -0.063404 -2.456335
v 0.270228 -0.180560 -2.456335
v -0.205185 0.250019 -2.456335
v -0.205185 -0.250019 -2.456335
v 0.321878 -0.031702 -2.456335
v 0.300261 0.124372 -2.456335
v 0.031702 0.321878 -2.456335
v 0.309508 -0.093888 -2.456335
v -0.229810 -0.229810 -2.456335
v 0.180560 0.270228 -2.456335
v -0.152466 0.285244 -2.456335
v 0.063404 -0.318755 -2.456335
v 0.152466 -0.285244 -2.456335
v -0.309508 -0.093888 -2.456335
v -0.285244 0.152466 -2.456335
v -0.325000 0.000000 -2.456335
v 0.229810 0.229810 -2.456335
v -0.093888 0.309508 -2.456335
v -0.180560 0.270228 -2.456335
v 0.205185 0.250019 -2.456335
v 0.229810 -0.229810 -2.456335
v 0.124372 0.300261 -2.456335
v 0.321878 0.031702 -2.456335
v 0.318755 0.063404 -2.456335
v -0.250019 -0.205185 -2.456335
v 0.318755 -0.063404 -2.456335
v -0.270228 -0.180560 -2.456335
v -0.321878 0.031702 -2.456335
v -0.093888 -0.309508 -2.871050
v 0.300261 0.124372 -2.871050
v -0.093888 0.309508 -2.871050
v -0.300261 0.124372 -2.871050
v 0.318755 -0.063404 -2.871050
v -0.321878 0.031702 -2.871050
v 0.285244 0.152466 -2.871050
v 0.063404 0.318755 -2.871050
v 0.250019 -0.205185 -2.871050
v -0.152466 -0.285244 -2.871050
v -0.270228 0.180560 -2.871050
v -0.031702 0.321878 -2.871050
v 0.205185 -0.250019 -2.871050
v -0.180560 -0.270228 -2.871050
v -0.309508 0.093888 -2.871050
v -0.124372 -0.300261 -2.871050
v 0.309508 0.093888 -2.871050
v -0.229810 0.229810 -2.871050
v 0.270228 -0.180560 -2.871050
v -0.205185 -0.250019 -2.871050
v 0.031702 0.321878 -2.871050
v -0.229810 -0.229810 -2.871050
v 0.180560 0.270228 -2.871050
v 0.152466 -0.285244 -2.871050
v -0.285244 0.152466 -2.871050
v -0.180560 0.270228 -2.871050
v 0.229810 -0.229810 -2.871050
v 0.321878 0.031702 -2.871050
v -0.250019 -0.205185 -2.871050
v -0.270228 -0.180560 -2.871050
v 0.229810 0.229810 -2.871050
v 0.093888 0.309508 -2.871050
v -0.124372 0.300261 -2.871050
v 0.300261 -0.124372 -2.871050
v -0.250019 0.205185 -2.871050
v -0.300261 -0.124372 -2.871050
v 0.270228 0.180560 -2.871050
v -0.285244 -0.152466 -2.871050
v 0.000000 0.475000 -2.871050
v 0.152466 0.285244 -2.871050
v -0.063404 -0.318755 -2.871050
v 0.180560 -0.270228 -2.871050
v 0.031702 -0.321878 -2.871050
v -0.318755 -0.063404 -2.871050
v -0.205185 0.250019 -2.871050
v 0.321878 -0.031702 -2.871050
v 0.309508 -0.093888 -2.871050
v 0.063404 -0.318755 -2.871050
v -0.309508 -0.093888 -2.871050
v -0.475000 0.000000 -2.871050
v 0.205185 0.250019 -2.871050
v 0.124372 0.300261 -2.871050
v 0.318755 0.063404 -2.871050
v -0.031702 -0.321878 -2.871050
v -0.152466 0.285244 -2.871050
v 0.000000 -0.475000 -2.871050
v 0.124372 -0.300261 -2.871050
v 0.285244 -0.152466 -2.871050
v -0.063404 0.318755 -2.871050
v -0.321878 -0.031702 -2.871050
v -0.318755 0.063404 -2.871050
v 0.475000 0.000000 -2.871050
v 0.093888 -0.309508 -2.871050
v 0.250019 0.205185 -2.871050
v -0.063404 0.318755 -3.031450
v 0.124372 -0.300261 -3.031450
v 0.031702 -0.321878 -3.031450
v -0.229810 0.229810 -3.031450
v -0.318755 -0.063404 -3.031450
v -0.205185 0.250019 -3.031450
v 0.300261 0.124372 -3.031450
v 0.309508 -0.093888 -3.031450
v 0.063404 -0.318755 -3.031450
v -0.309508 -0.093888 -3.031450
v -0.124372 -0.300261 -3.031450
v -0.300261 -0.124372 -3.031450
v 0.205185 0.250019 -3.031450
v -0.325000 0.000000 -3.031450
v 0.318755 0.063404 -3.031450
v -0.031702 -0.321878 -3.031450
v 0.124372 0.300261 -3.031450
v -0.152466 0.285244 -3.031450
v 0.000000 -0.325000 -3.031450
v 0.285244 -0.152466 -3.031450
v -0.321878 -0.031702 -3.031450
v -0.318755 0.063404 -3.031450
v 0.325000 0.000000 -3.031450
v 0.250019 0.205185 -3.031450
v -0.093888 -0.309508 -3.031450
v -0.063404 -0.318755 -3.031450
v -0.093888 0.309508 -3.031450
v 0.250019 -0.205185 -3.031450
v 0.318755 -0.063404 -3.031450
v 0.300261 -0.124372 -3.031450
v -0.321878 0.031702 -3.031450
v 0.285244 0.152466 -3.031450
v 0.063404 0.318755 -3.031450
v -0.152466 -0.285244 -3.031450
v -0.270228 0.180560 -3.031450
v -0.031702 0.321878 -3.031450
v 0.205185 -0.250019 -3.031450
v -0.180560 -0.270228 -3.031450
v -0.309508 0.093888 -3.031450
v 0.309508 0.093888 -3.031450
v 0.000000 0.325000 -3.031450
v 0.270228 -0.180560 -3.031450
v -0.205185 -0.250019 -3.031450
v 0.031702 0.321878 -3.031450
v -0.229810 -0.229810 -3.031450
v 0.180560 0.270228 -3.031450
v 0.152466 -0.285244 -3.031450
v 0.152466 0.285244 -3.031450
v -0.285244 0.152466 -3.031450
v -0.180560 0.270228 -3.031450
v 0.229810 -0.229810 -3.031450
v 0.321878 0.031702 -3.031450
v 0.093888 0.309508 -3.031450
v -0.250019 -0.205185 -3.031450
v -0.270228 -0.180560 -3.031450
v 0.229810 0.229810 -3.031450
v 0.093888 -0.309508 -3.031450
v -0.300261 0.124372 -3.031450
v -0.124372 0.300261 -3.031450
v 0.180560 -0.270228 -3.031450
v -0.250019 0.205185 -3.031450
v 0.321878 -0.031702 -3.031450
v 0.270228 0.180560 -3.031450
v -0.285244 -0.152466 -3.031450
vn 0.0980 0.9952 -0.0000
vn 0.2903 0.9569 -0.0000
vn 0.4714 0.8819 -0.0000
vn 0.6344 0.7730 -0.0000
vn 0.7730 0.6344 -0.0000
vn 0.8819 0.4714 -0.0000
vn 0.9569 0.2903 -0.0000
vn 0.9952 0.0980 -0.0000
vn 0.9952 -0.0980 -0.0000
vn 0.9569 -0.2903 -0.0000
vn 0.8819 -0.4714 -0.0000
vn 0.7730 -0.6344 -0.0000
vn 0.6344 -0.7730 -0.0000
vn 0.4714 -0.8819 -0.0000
vn 0.2903 -0.9569 -0.0000
vn 0.0980 -0.9952 -0.0000
vn -0.0980 -0.9952 -0.0000
vn -0.2903 -0.9569 -0.0000
vn -0.4714 -0.8819 -0.0000
vn -0.6344 -0.7730 -0.0000
vn -0.7730 -0.6344 -0.0000
vn -0.8819 -0.4714 -0.0000
vn -0.9569 -0.2903 -0.0000
vn -0.9952 -0.0980 -0.0000
vn -0.9952 0.0980 -0.0000
vn -0.9569 0.2903 -0.0000
vn -0.8819 0.4714 -0.0000
vn -0.7730 0.6344 -0.0000
vn -0.6344 0.7730 -0.0000
vn -0.4714 0.8819 -0.0000
vn -0.2903 0.9569 -0.0000
vn -0.0980 0.9952 -0.0000
vn -0.0000 -0.0000 -1.0000
vn 0.0960 0.9791 0.1793
vn -0.0960 0.9791 0.1793
vn -0.2844 0.9419 0.1790
vn -0.4621 0.8687 0.1785
vn -0.6225 0.7622 0.1777
vn -0.7593 0.6262 0.1770
vn -0.8672 0.4657 0.1763
vn -0.9417 0.2870 0.1757
vn -0.9797 0.0970 0.1754
vn -0.9797 -0.0970 0.1754
vn -0.9417 -0.2870 0.1757
vn -0.8672 -0.4657 0.1763
vn -0.7593 -0.6262 0.1770
vn -0.6225 -0.7622 0.1777
vn -0.4621 -0.8687 0.1785
vn -0.2844 -0.9419 0.1790
vn -0.0960 -0.9791 0.1793
vn 0.0960 -0.9791 0.1793
vn 0.2844 -0.9419 0.1790
vn 0.4621 -0.8687 0.1785
vn 0.6225 -0.7622 0.1777
vn 0.7593 -0.6262 0.1770
vn 0.8672 -0.4657 0.1763
vn 0.9417 -0.2870 0.1757
vn 0.9797 -0.0970 0.1754
vn 0.9797 0.0970 0.1754
vn 0.9417 0.2870 0.1757
vn 0.8672 0.4657 0.1763
vn 0.7593 0.6262 0.1770
vn 0.6225 0.7622 0.1777
vn 0.4621 0.8687 0.1785
vn 0.2844 0.9419 0.1790
vn 0.8823 -0.2633 0.3901
vn -0.7157 0.5779 0.3921
vn 0.9167 -0.0888 0.3897
vn -0.8146 0.4284 0.3910
vn 0.9167 0.0890 0.3896
vn -0.8823 0.2633 0.3901
vn 0.8822 0.2639 0.3901
vn -0.9167 0.0888 0.3897
vn 0.8143 0.4292 0.3909
vn -0.9167 -0.0890 0.3896
vn 0.7151 0.5787 0.3920
vn -0.8822 -0.2639 0.3901
vn 0.5882 0.7067 0.3932
vn -0.8143 -0.4292 0.3909
vn 0.4379 0.8079 0.3944
vn -0.7151 -0.5787 0.3920
vn 0.2701 0.8780 0.3953
vn -0.5882 -0.7067 0.3932
vn -0.4379 -0.8079 0.3944
vn -0.2701 -0.8779 0.3953
vn -0.0913 -0.9138 0.3958
vn 0.0915 -0.9138 0.3958
vn 0.2706 -0.8777 0.3954
vn 0.0913 0.9138 0.3958
vn 0.4387 -0.8074 0.3945
vn -0.0915 0.9138 0.3958
vn 0.5889 -0.7060 0.3934
vn -0.2707 0.8777 0.3954
vn 0.7157 -0.5779 0.3921
vn -0.4387 0.8074 0.3945
vn 0.8146 -0.4284 0.3910
vn -0.5889 0.7060 0.3934
vn 0.9218 -0.2751 0.2730
vn -0.7497 0.6053 0.2675
vn 0.9571 -0.0927 0.2746
vn -0.8521 0.4481 0.2706
vn 0.9568 0.0947 0.2749
vn -0.9218 0.2751 0.2730
vn 0.9200 0.2804 0.2740
vn -0.9571 0.0927 0.2746
vn 0.8478 0.4553 0.2719
vn -0.9568 -0.0947 0.2749
vn 0.7431 0.6127 0.2691
vn -0.9200 -0.2804 0.2740
vn 0.6098 0.7466 0.2660
vn -0.8478 -0.4553 0.2719
vn 0.4531 0.8518 0.2629
vn -0.7431 -0.6127 0.2691
vn 0.2790 0.9243 0.2605
vn -0.6098 -0.7466 0.2660
vn -0.4531 -0.8518 0.2629
vn -0.2790 -0.9243 0.2605
vn -0.0942 -0.9613 0.2590
vn 0.0962 -0.9612 0.2587
vn 0.2846 -0.9229 0.2595
vn 0.0942 0.9613 0.2590
vn 0.4608 -0.8481 0.2615
vn -0.0962 0.9612 0.2587
vn 0.6178 -0.7406 0.2643
vn -0.2846 0.9229 0.2595
vn 0.7497 -0.6053 0.2675
vn -0.4608 0.8481 0.2615
vn 0.8521 -0.4481 0.2706
vn -0.6178 0.7406 0.2643
vn 0.6944 -0.5619 0.4496
vn 0.6944 0.5619 0.4496
vn -0.4252 0.7844 0.4515
vn -0.8565 -0.2562 0.4480
vn 0.7906 -0.4167 0.4487
vn 0.5711 0.6862 0.4506
vn -0.5711 0.6862 0.4506
vn -0.7906 -0.4167 0.4487
vn 0.4252 0.7844 0.4515
vn -0.6944 -0.5619 0.4496
vn 0.2622 0.8525 0.4522
vn -0.5711 -0.6862 0.4506
vn -0.4252 -0.7844 0.4515
vn 0.8565 -0.2562 0.4480
vn -0.2622 -0.8525 0.4522
vn -0.6944 0.5619 0.4496
vn -0.0886 -0.8873 0.4526
vn 0.8900 -0.0864 0.4476
vn 0.0886 -0.8873 0.4526
vn -0.7906 0.4167 0.4487
vn 0.2622 -0.8525 0.4522
vn 0.8900 0.0864 0.4476
vn 0.0886 0.8873 0.4526
vn -0.8565 0.2562 0.4480
vn 0.4252 -0.7844 0.4515
vn 0.8565 0.2562 0.4480
vn -0.0886 0.8873 0.4526
vn -0.8900 0.0864 0.4476
vn 0.5711 -0.6862 0.4506
vn 0.7906 0.4167 0.4487
vn -0.2622 0.8525 0.4522
vn -0.8900 -0.0864 0.4476
vn -0.9949 0.1009 -0.0000
vn -0.1124 -0.9937 -0.0000
vn 0.9952 -0.0983 -0.0000
vn 0.1037 0.9946 -0.0000
vn -0.9946 0.1009 0.0224
vn -0.1124 -0.9934 0.0224
vn 0.9949 -0.0983 0.0225
vn 0.1037 0.9944 0.0224
vn 0.9949 0.1009 -0.0000
vn 0.9946 0.1009 0.0224
vn 0.1037 -0.9946 -0.0000
vn 0.1037 -0.9944 0.0224
vn -0.9952 -0.0983 -0.0000
vn -0.9949 -0.0983 0.0225
vn -0.1124 0.9937 -0.0000
vn -0.1124 0.9934 0.0224
vn 0.1527 0.9779 0.1429
vn -0.1526 -0.9779 0.1428
vn 0.9780 -0.1526 0.1423
vn -0.9778 0.1526 0.1434
vn 0.1541 0.9873 -0.0383
vn 0.2027 -0.9792 -0.0000
vn -0.1541 -0.9873 -0.0383
vn 0.9792 0.2027 -0.0000
vn -0.2027 0.9792 -0.0000
vn 0.9873 -0.1541 -0.0385
vn -0.9792 -0.2027 -0.0000
vn -0.9873 0.1541 -0.0382
vn 0.9621 -0.1992 -0.1863
vn -0.9621 0.1992 -0.1863
vn 0.1992 0.9621 -0.1863
vn -0.1992 -0.9621 -0.1863
vn -0.0001 -0.0000 -1.0000
vn 0.0001 -0.0000 -1.0000
vn 0.0964 0.9791 0.1793
vn -0.0964 0.9791 0.1793
vn -0.2856 0.9415 0.1791
vn -0.2856 0.9415 0.1789
vn -0.4638 0.8677 0.1786
vn -0.4638 0.8678 0.1783
vn -0.6243 0.7607 0.1779
vn -0.6243 0.7607 0.1775
vn -0.7608 0.6244 0.1772
vn -0.7608 0.6244 0.1768
vn -0.8681 0.4640 0.1764
vn -0.8681 0.4640 0.1761
vn -0.9420 0.2858 0.1758
vn -0.9421 0.2858 0.1756
vn -0.9797 0.0965 0.1755
vn -0.9798 0.0965 0.1754
vn -0.9798 -0.0965 0.1754
vn -0.9797 -0.0965 0.1755
vn -0.9421 -0.2858 0.1756
vn -0.9420 -0.2858 0.1758
vn -0.8681 -0.4640 0.1761
vn -0.8681 -0.4640 0.1764
vn -0.7608 -0.6244 0.1768
vn -0.7608 -0.6244 0.1772
vn -0.6243 -0.7607 0.1775
vn -0.6243 -0.7607 0.1779
vn -0.4638 -0.8678 0.1783
vn -0.4638 -0.8677 0.1786
vn -0.2856 -0.9415 0.1789
vn -0.2856 -0.9415 0.1791
vn -0.0964 -0.9791 0.1793
vn 0.0964 -0.9791 0.1793
vn 0.2856 -0.9415 0.1791
vn 0.2856 -0.9415 0.1789
vn 0.4638 -0.8677 0.1786
vn 0.4638 -0.8678 0.1783
vn 0.6243 -0.7607 0.1779
vn 0.6243 -0.7607 0.1775
vn 0.7608 -0.6244 0.1772
vn 0.7608 -0.6244 0.1768
vn 0.8681 -0.4640 0.1764
vn 0.8681 -0.4640 0.1761
vn 0.9420 -0.2858 0.1758
vn 0.9421 -0.2858 0.1756
vn 0.9797 -0.0965 0.1755
vn 0.9798 -0.0965 0.1754
vn 0.9798 0.0965 0.1754
vn 0.9797 0.0965 0.1755
vn 0.9421 0.2858 0.1756
vn 0.9420 0.2858 0.1758
vn 0.8681 0.4640 0.1761
vn 0.8681 0.4640 0.1764
vn 0.7608 0.6244 0.1768
vn 0.7608 0.6244 0.1772
vn 0.6243 0.7607 0.1775
vn 0.6243 0.7607 0.1779
vn 0.4638 0.8678 0.1783
vn 0.4638 0.8677 0.1786
vn 0.2856 0.9415 0.1789
vn 0.2856 0.9415 0.1791
vn 0.8822 -0.2639 0.3901
vn -0.7151 0.5787 0.3920
vn 0.9167 -0.0890 0.3896
vn -0.8143 0.4292 0.3909
vn 0.9167 0.0888 0.3897
vn -0.8822 0.2639 0.3901
vn 0.8823 0.2633 0.3901
vn -0.9167 0.0890 0.3896
vn 0.8146 0.4284 0.3910
vn -0.9167 -0.0888 0.3897
vn 0.7157 0.5779 0.3921
vn -0.8823 -0.2633 0.3901
vn 0.5889 0.7060 0.3934
vn -0.8146 -0.4284 0.3910
vn 0.4387 0.8074 0.3945
vn -0.7157 -0.5779 0.3921
vn 0.2707 0.8777 0.3954
vn -0.5889 -0.7060 0.3934
vn -0.4387 -0.8074 0.3945
vn -0.2706 -0.8777 0.3954
vn -0.0915 -0.9138 0.3958
vn 0.0913 -0.9138 0.3958
vn 0.2701 -0.8779 0.3953
vn 0.0915 0.9138 0.3958
vn 0.4379 -0.8079 0.3944
vn -0.0913 0.9138 0.3958
vn 0.5882 -0.7067 0.3932
vn -0.2701 0.8780 0.3953
vn 0.7151 -0.5787 0.3920
vn -0.4379 0.8079 0.3944
vn 0.8143 -0.4292 0.3909
vn -0.5882 0.7067 0.3932
vn 0.9200 -0.2804 0.2740
vn -0.7431 0.6127 0.2691
vn 0.9568 -0.0947 0.2749
vn -0.8478 0.4553 0.2719
vn 0.9571 0.0927 0.2746
vn -0.9200 0.2804 0.2740
vn 0.9218 0.2751 0.2730
vn -0.9568 0.0947 0.2749
vn 0.8521 0.4481 0.2706
vn -0.9571 -0.0927 0.2746
vn 0.7497 0.6053 0.2675
vn -0.9218 -0.2751 0.2730
vn 0.6178 0.7406 0.2643
vn -0.8521 -0.4481 0.2706
vn 0.4608 0.8481 0.2615
vn -0.7497 -0.6053 0.2675
vn 0.2846 0.9229 0.2595
vn -0.6178 -0.7406 0.2643
vn -0.4608 -0.8481 0.2615
vn -0.2846 -0.9229 0.2595
vn -0.0962 -0.9612 0.2587
vn 0.0942 -0.9613 0.2590
vn 0.2790 -0.9243 0.2605
vn 0.0962 0.9612 0.2587
vn 0.4531 -0.8518 0.2629
vn -0.0942 0.9613 0.2590
vn 0.6098 -0.7466 0.2660
vn -0.2790 0.9243 0.2605
vn 0.7431 -0.6127 0.2691
vn -0.4531 0.8518 0.2629
vn 0.8478 -0.4553 0.2719
vn -0.6098 0.7466 0.2660
vn -0.1124 0.9934 -0.0224
vn -0.9949 -0.0983 -0.0225
vn 0.1037 -0.9944 -0.0224
vn 0.9946 0.1009 -0.0224
vn 0.1037 0.9944 -0.0224
vn 0.9949 -0.0983 -0.0225
vn -0.1124 -0.9934 -0.0224
vn -0.9946 0.1009 -0.0224
vn 0.1526 -0.9779 0.1428
vn 0.9778 0.1526 0.1434
vn -0.1527 0.9779 0.1429
vn -0.9780 -0.1526 0.1423
vn 0.2027 0.9792 -0.0000
vn 0.1541 -0.9873 -0.0383
vn -0.2027 -0.9792 -0.0000
vn 0.9873 0.1541 -0.0382
vn -0.1541 0.9873 -0.0383
vn 0.9792 -0.2027 -0.0000
vn -0.9873 -0.1541 -0.0385
vn -0.9792 0.2027 -0.0000
vn -0.9621 -0.1992 -0.1863
vn 0.1992 -0.9621 -0.1863
vn -0.1992 0.9621 -0.1863
vn 0.9621 0.1992 -0.1863
s 0
usemtl Material.008
f 195//1 291//1 735//1
f 199//2 292//2 732//2
f 202//3 293//3 729//3
f 205//4 294//4 726//4
f 208//5 295//5 723//5
f 211//6 296//6 720//6
f 214//7 297//7 717//7
f 217//8 298//8 714//8
f 220//9 299//9 711//9
f 223//10 300//10 708//10
f 226//11 301//11 705//11
f 229//12 302//12 702//12
f 232//13 303//13 699//13
f 235//14 304//14 696//14
f 238//15 305//15 693//15
f 241//16 306//16 690//16
f 244//17 307//17 687//17
f 247//18 308//18 684//18
f 250//19 309//19 681//19
f 253//20 310//20 678//20
f 256//21 311//21 675//21
f 259//22 312//22 672//22
f 262//23 313//23 669//23
f 265//24 314//24 666//24
f 268//25 315//25 663//25
f 271//26 316//26 660//26
f 274//27 317//27 657//27
f 277//28 318//28 654//28
f 280//29 319//29 651//29
f 283//30 320//30 648//30
f 286//31 321//31 645//31
f 289//32 196//32 642//32
f 240//33 264//33 288//33
f 69//66 131//66 67//66
f 90//67 151//67 87//67
f 71//68 133//68 69//68
f 92//69 154//69 90//69
f 71//70 138//70 135//70
f 94//71 156//71 92//71
f 74//72 141//72 138//72
f 96//73 158//73 94//73
f 77//74 144//74 141//74
f 96//75 130//75 160//75
f 80//76 147//76 144//76
f 66//77 132//77 130//77
f 83//78 150//78 147//78
f 68//79 134//79 132//79
f 86//80 153//80 150//80
f 70//81 137//81 134//81
f 89//82 136//82 153//82
f 73//83 140//83 137//83
f 76//84 143//84 140//84
f 79//85 146//85 143//85
f 82//86 149//86 146//86
f 88//87 149//87 85//87
f 91//88 152//88 88//88
f 72//89 139//89 136//89
f 93//90 155//90 91//90
f 78//91 139//91 75//91
f 95//92 157//92 93//92
f 81//93 142//93 78//93
f 97//94 159//94 95//94
f 84//95 145//95 81//95
f 67//96 161//96 97//96
f 87//97 148//97 84//97
f 124//98 69//98 67//98
f 112//99 90//99 87//99
f 98//100 71//100 69//100
f 118//101 92//101 90//101
f 111//102 71//102 104//102
f 123//103 94//103 92//103
f 117//104 74//104 111//104
f 129//105 96//105 94//105
f 125//106 77//106 117//106
f 121//107 96//107 103//107
f 102//108 80//108 125//108
f 127//109 66//109 121//109
f 110//110 83//110 102//110
f 101//111 68//111 127//111
f 116//112 86//112 110//112
f 109//113 70//113 101//113
f 108//114 89//114 116//114
f 115//115 73//115 109//115
f 122//116 76//116 115//116
f 99//117 79//117 122//117
f 107//118 82//118 99//118
f 107//119 88//119 85//119
f 114//120 91//120 88//120
f 113//121 72//121 108//121
f 120//122 93//122 91//122
f 113//123 78//123 75//123
f 126//124 95//124 93//124
f 119//125 81//125 78//125
f 100//126 97//126 95//126
f 128//127 84//127 81//127
f 106//128 67//128 97//128
f 105//129 87//129 84//129
f 450//162 418//162 865//162
f 451//31 513//31 864//31
f 452//30 512//30 863//30
f 453//29 511//29 862//29
f 454//28 510//28 861//28
f 455//27 509//27 860//27
f 456//26 508//26 859//26
f 457//25 507//25 858//25
f 458//163 506//163 857//163
f 459//23 505//23 856//23
f 460//22 504//22 855//22
f 461//21 503//21 854//21
f 462//20 502//20 853//20
f 463//19 501//19 852//19
f 464//18 500//18 851//18
f 465//17 499//17 850//17
f 466//164 498//164 849//164
f 467//15 497//15 848//15
f 468//14 496//14 847//14
f 469//13 495//13 846//13
f 470//12 494//12 845//12
f 471//11 493//11 844//11
f 472//10 492//10 843//10
f 473//9 491//9 842//9
f 474//165 490//165 841//165
f 475//7 489//7 840//7
f 476//6 488//6 839//6
f 477//5 487//5 838//5
f 478//4 486//4 837//4
f 479//3 485//3 836//3
f 480//2 484//2 835//2
f 481//1 483//1 834//1
f 1101//1 3//1 194//1
f 1098//1 194//1 1//1
f 545//1 548//1 833//1
f 1110//2 5//2 198//2
f 1090//2 198//2 3//2
f 544//2 551//2 832//2
f 1105//3 7//3 201//3
f 1074//3 201//3 5//3
f 543//3 554//3 831//3
f 1070//4 9//4 204//4
f 1103//4 204//4 7//4
f 542//4 557//4 830//4
f 1081//5 11//5 207//5
f 1113//5 207//5 9//5
f 541//5 560//5 829//5
f 1089//6 13//6 210//6
f 1120//6 210//6 11//6
f 540//6 563//6 828//6
f 1097//7 15//7 213//7
f 1064//7 213//7 13//7
f 539//7 566//7 827//7
f 1109//8 17//8 216//8
f 1072//8 216//8 15//8
f 538//8 569//8 826//8
f 1119//9 19//9 219//9
f 1080//9 219//9 17//9
f 537//9 572//9 825//9
f 1065//10 21//10 222//10
f 1086//10 222//10 19//10
f 536//10 575//10 824//10
f 1077//11 23//11 225//11
f 1087//11 225//11 21//11
f 535//11 578//11 823//11
f 1085//12 25//12 228//12
f 1099//12 228//12 23//12
f 534//12 581//12 822//12
f 1094//13 27//13 231//13
f 1108//13 231//13 25//13
f 533//13 584//13 821//13
f 1104//14 29//14 234//14
f 1117//14 234//14 27//14
f 532//14 587//14 820//14
f 1114//15 31//15 237//15
f 1059//15 237//15 29//15
f 531//15 590//15 819//15
f 1060//16 33//16 240//16
f 1066//16 240//16 31//16
f 530//16 593//16 818//16
f 1073//17 35//17 243//17
f 1076//17 243//17 33//17
f 529//17 596//17 817//17
f 1082//18 37//18 246//18
f 1083//18 246//18 35//18
f 528//18 599//18 816//18
f 1091//19 39//19 249//19
f 1068//19 249//19 37//19
f 527//19 602//19 815//19
f 1100//20 41//20 252//20
f 1095//20 252//20 39//20
f 526//20 605//20 814//20
f 1111//21 43//21 255//21
f 1102//21 255//21 41//21
f 525//21 608//21 813//21
f 1121//22 45//22 258//22
f 1112//22 258//22 43//22
f 524//22 611//22 812//22
f 1067//23 47//23 261//23
f 1069//23 261//23 45//23
f 523//23 614//23 811//23
f 1078//24 49//24 264//24
f 1062//24 264//24 47//24
f 522//24 617//24 810//24
f 1088//25 51//25 267//25
f 1071//25 267//25 49//25
f 521//25 620//25 809//25
f 1096//26 53//26 270//26
f 1079//26 270//26 51//26
f 520//26 623//26 808//26
f 1106//27 55//27 273//27
f 1115//27 273//27 53//27
f 519//27 626//27 807//27
f 1118//28 57//28 276//28
f 1092//28 276//28 55//28
f 518//28 629//28 806//28
f 1063//29 59//29 279//29
f 1061//29 279//29 57//29
f 517//29 632//29 805//29
f 1075//30 61//30 282//30
f 1107//30 282//30 59//30
f 516//30 635//30 804//30
f 1084//31 63//31 285//31
f 1116//31 285//31 61//31
f 515//31 638//31 803//31
f 288//32 1098//32 1//32
f 1058//32 288//32 63//32
f 514//32 641//32 802//32
f 801//166 196//166 482//166
f 643//32 644//32 800//32
f 64//32 386//32 643//32
f 645//31 449//31 799//31
f 646//31 647//31 798//31
f 62//31 387//31 646//31
f 648//30 448//30 797//30
f 649//30 650//30 796//30
f 60//30 388//30 649//30
f 651//29 447//29 795//29
f 652//29 653//29 794//29
f 58//29 389//29 652//29
f 654//28 446//28 793//28
f 655//28 656//28 792//28
f 56//28 390//28 655//28
f 657//27 445//27 791//27
f 658//27 659//27 790//27
f 54//27 391//27 658//27
f 660//26 444//26 789//26
f 661//26 662//26 788//26
f 52//26 392//26 661//26
f 663//25 443//25 787//25
f 664//25 665//25 786//25
f 50//25 393//25 664//25
f 785//167 314//167 442//167
f 667//24 668//24 784//24
f 48//24 394//24 667//24
f 669//23 441//23 783//23
f 670//23 671//23 782//23
f 46//23 395//23 670//23
f 672//22 440//22 781//22
f 673//22 674//22 780//22
f 44//22 396//22 673//22
f 675//21 439//21 779//21
f 676//21 677//21 778//21
f 42//21 397//21 676//21
f 678//20 438//20 777//20
f 679//20 680//20 776//20
f 40//20 398//20 679//20
f 681//19 437//19 775//19
f 682//19 683//19 774//19
f 38//19 399//19 682//19
f 684//18 436//18 773//18
f 685//18 686//18 772//18
f 36//18 400//18 685//18
f 687//17 435//17 771//17
f 688//17 689//17 770//17
f 34//17 401//17 688//17
f 769//168 306//168 434//168
f 691//16 692//16 768//16
f 32//16 402//16 691//16
f 693//15 433//15 767//15
f 694//15 695//15 766//15
f 30//15 403//15 694//15
f 696//14 432//14 765//14
f 697//14 698//14 764//14
f 28//14 404//14 697//14
f 699//13 431//13 763//13
f 700//13 701//13 762//13
f 26//13 405//13 700//13
f 702//12 430//12 761//12
f 703//12 704//12 760//12
f 24//12 406//12 703//12
f 705//11 429//11 759//11
f 706//11 707//11 758//11
f 22//11 407//11 706//11
f 708//10 428//10 757//10
f 709//10 710//10 756//10
f 20//10 408//10 709//10
f 711//9 427//9 755//9
f 712//9 713//9 754//9
f 18//9 409//9 712//9
f 753//169 298//169 426//169
f 715//8 716//8 752//8
f 16//8 410//8 715//8
f 717//7 425//7 751//7
f 718//7 719//7 750//7
f 14//7 411//7 718//7
f 720//6 424//6 749//6
f 721//6 722//6 748//6
f 12//6 412//6 721//6
f 723//5 423//5 747//5
f 724//5 725//5 746//5
f 10//5 413//5 724//5
f 726//4 422//4 745//4
f 727//4 728//4 744//4
f 8//4 414//4 727//4
f 729//3 421//3 743//3
f 730//3 731//3 742//3
f 6//3 415//3 730//3
f 732//2 420//2 741//2
f 733//2 734//2 740//2
f 4//2 416//2 733//2
f 735//1 419//1 739//1
f 736//1 737//1 738//1
f 2//1 417//1 736//1
f 738//1 353//1 545//1
f 482//170 545//170 162//170
f 196//171 738//171 482//171
f 739//1 163//1 481//1
f 737//1 481//1 353//1
f 417//1 739//1 737//1
f 740//2 352//2 544//2
f 419//2 544//2 163//2
f 291//2 740//2 419//2
f 741//2 164//2 480//2
f 734//2 480//2 352//2
f 416//2 741//2 734//2
f 742//3 351//3 543//3
f 420//3 543//3 164//3
f 292//3 742//3 420//3
f 743//3 165//3 479//3
f 731//3 479//3 351//3
f 415//3 743//3 731//3
f 744//4 350//4 542//4
f 421//4 542//4 165//4
f 293//4 744//4 421//4
f 745//4 166//4 478//4
f 728//4 478//4 350//4
f 414//4 745//4 728//4
f 746//5 349//5 541//5
f 422//5 541//5 166//5
f 294//5 746//5 422//5
f 747//5 167//5 477//5
f 725//5 477//5 349//5
f 413//5 747//5 725//5
f 748//6 348//6 540//6
f 423//6 540//6 167//6
f 295//6 748//6 423//6
f 749//6 168//6 476//6
f 722//6 476//6 348//6
f 412//6 749//6 722//6
f 750//7 347//7 539//7
f 424//7 539//7 168//7
f 296//7 750//7 424//7
f 751//7 169//7 475//7
f 719//7 475//7 347//7
f 411//7 751//7 719//7
f 752//8 346//8 538//8
f 425//8 538//8 169//8
f 297//8 752//8 425//8
f 753//165 170//165 474//165
f 716//8 474//8 346//8
f 410//8 753//8 716//8
f 754//9 345//9 537//9
f 426//172 537//172 170//172
f 298//173 754//173 426//173
f 755//9 171//9 473//9
f 713//9 473//9 345//9
f 409//9 755//9 713//9
f 756//10 344//10 536//10
f 427//10 536//10 171//10
f 299//10 756//10 427//10
f 757//10 172//10 472//10
f 710//10 472//10 344//10
f 408//10 757//10 710//10
f 758//11 343//11 535//11
f 428//11 535//11 172//11
f 300//11 758//11 428//11
f 759//11 173//11 471//11
f 707//11 471//11 343//11
f 407//11 759//11 707//11
f 760//12 342//12 534//12
f 429//12 534//12 173//12
f 301//12 760//12 429//12
f 761//12 174//12 470//12
f 704//12 470//12 342//12
f 406//12 761//12 704//12
f 762//13 341//13 533//13
f 430//13 533//13 174//13
f 302//13 762//13 430//13
f 763//13 175//13 469//13
f 701//13 469//13 341//13
f 405//13 763//13 701//13
f 764//14 340//14 532//14
f 431//14 532//14 175//14
f 303//14 764//14 431//14
f 765//14 176//14 468//14
f 698//14 468//14 340//14
f 404//14 765//14 698//14
f 766//15 339//15 531//15
f 432//15 531//15 176//15
f 304//15 766//15 432//15
f 767//15 177//15 467//15
f 695//15 467//15 339//15
f 403//15 767//15 695//15
f 768//16 338//16 530//16
f 433//16 530//16 177//16
f 305//16 768//16 433//16
f 769//164 178//164 466//164
f 692//16 466//16 338//16
f 402//16 769//16 692//16
f 770//17 337//17 529//17
f 434//174 529//174 178//174
f 306//175 770//175 434//175
f 771//17 179//17 465//17
f 689//17 465//17 337//17
f 401//17 771//17 689//17
f 772//18 336//18 528//18
f 435//18 528//18 179//18
f 307//18 772//18 435//18
f 773//18 180//18 464//18
f 686//18 464//18 336//18
f 400//18 773//18 686//18
f 774//19 335//19 527//19
f 436//19 527//19 180//19
f 308//19 774//19 436//19
f 775//19 181//19 463//19
f 683//19 463//19 335//19
f 399//19 775//19 683//19
f 776//20 334//20 526//20
f 437//20 526//20 181//20
f 309//20 776//20 437//20
f 777//20 182//20 462//20
f 680//20 462//20 334//20
f 398//20 777//20 680//20
f 778//21 333//21 525//21
f 438//21 525//21 182//21
f 310//21 778//21 438//21
f 779//21 183//21 461//21
f 677//21 461//21 333//21
f 397//21 779//21 677//21
f 780//22 332//22 524//22
f 439//22 524//22 183//22
f 311//22 780//22 439//22
f 781//22 184//22 460//22
f 674//22 460//22 332//22
f 396//22 781//22 674//22
f 782//23 331//23 523//23
f 440//23 523//23 184//23
f 312//23 782//23 440//23
f 783//23 185//23 459//23
f 671//23 459//23 331//23
f 395//23 783//23 671//23
f 784//24 330//24 522//24
f 441//24 522//24 185//24
f 313//24 784//24 441//24
f 785//163 186//163 458//163
f 668//24 458//24 330//24
f 394//24 785//24 668//24
f 786//25 329//25 521//25
f 442//176 521//176 186//176
f 314//177 786//177 442//177
f 787//25 187//25 457//25
f 665//25 457//25 329//25
f 393//25 787//25 665//25
f 788//26 328//26 520//26
f 443//26 520//26 187//26
f 315//26 788//26 443//26
f 789//26 188//26 456//26
f 662//26 456//26 328//26
f 392//26 789//26 662//26
f 790//27 327//27 519//27
f 444//27 519//27 188//27
f 316//27 790//27 444//27
f 791//27 189//27 455//27
f 659//27 455//27 327//27
f 391//27 791//27 659//27
f 792//28 326//28 518//28
f 445//28 518//28 189//28
f 317//28 792//28 445//28
f 793//28 190//28 454//28
f 656//28 454//28 326//28
f 390//28 793//28 656//28
f 794//29 325//29 517//29
f 446//29 517//29 190//29
f 318//29 794//29 446//29
f 795//29 191//29 453//29
f 653//29 453//29 325//29
f 389//29 795//29 653//29
f 796//30 324//30 516//30
f 447//30 516//30 191//30
f 319//30 796//30 447//30
f 797//30 192//30 452//30
f 650//30 452//30 324//30
f 388//30 797//30 650//30
f 798//31 323//31 515//31
f 448//31 515//31 192//31
f 320//31 798//31 448//31
f 799//31 193//31 451//31
f 647//31 451//31 323//31
f 387//31 799//31 647//31
f 800//32 322//32 514//32
f 449//32 514//32 193//32
f 321//32 800//32 449//32
f 801//162 162//162 450//162
f 644//32 450//32 322//32
f 386//32 801//32 644//32
f 802//32 385//32 640//32
f 513//32 640//32 287//32
f 193//32 802//32 513//32
f 803//31 384//31 637//31
f 512//31 637//31 284//31
f 192//31 803//31 512//31
f 804//30 383//30 634//30
f 511//30 634//30 281//30
f 191//30 804//30 511//30
f 805//29 382//29 631//29
f 510//29 631//29 278//29
f 190//29 805//29 510//29
f 806//28 381//28 628//28
f 509//28 628//28 275//28
f 189//28 806//28 509//28
f 807//27 380//27 625//27
f 508//27 625//27 272//27
f 188//27 807//27 508//27
f 808//26 379//26 622//26
f 507//26 622//26 269//26
f 187//26 808//26 507//26
f 809//25 378//25 619//25
f 266//25 809//25 619//25
f 186//176 809//176 506//176
f 810//24 377//24 616//24
f 505//24 616//24 263//24
f 185//24 810//24 505//24
f 811//23 376//23 613//23
f 504//23 613//23 260//23
f 184//23 811//23 504//23
f 812//22 375//22 610//22
f 503//22 610//22 257//22
f 183//22 812//22 503//22
f 813//21 374//21 607//21
f 502//21 607//21 254//21
f 182//21 813//21 502//21
f 814//20 373//20 604//20
f 501//20 604//20 251//20
f 181//20 814//20 501//20
f 815//19 372//19 601//19
f 500//19 601//19 248//19
f 180//19 815//19 500//19
f 816//18 371//18 598//18
f 499//18 598//18 245//18
f 179//18 816//18 499//18
f 817//17 370//17 595//17
f 242//17 817//17 595//17
f 178//174 817//174 498//174
f 818//16 369//16 592//16
f 497//16 592//16 239//16
f 177//16 818//16 497//16
f 819//15 368//15 589//15
f 496//15 589//15 236//15
f 176//15 819//15 496//15
f 820//14 367//14 586//14
f 495//14 586//14 233//14
f 175//14 820//14 495//14
f 821//13 366//13 583//13
f 494//13 583//13 230//13
f 174//13 821//13 494//13
f 822//12 365//12 580//12
f 493//12 580//12 227//12
f 173//12 822//12 493//12
f 823//11 364//11 577//11
f 492//11 577//11 224//11
f 172//11 823//11 492//11
f 824//10 363//10 574//10
f 491//10 574//10 221//10
f 171//10 824//10 491//10
f 825//9 362//9 571//9
f 218//9 825//9 571//9
f 170//172 825//172 490//172
f 826//8 361//8 568//8
f 489//8 568//8 215//8
f 169//8 826//8 489//8
f 827//7 360//7 565//7
f 488//7 565//7 212//7
f 168//7 827//7 488//7
f 828//6 359//6 562//6
f 487//6 562//6 209//6
f 167//6 828//6 487//6
f 829//5 358//5 559//5
f 486//5 559//5 206//5
f 166//5 829//5 486//5
f 830//4 357//4 556//4
f 485//4 556//4 203//4
f 165//4 830//4 485//4
f 831//3 356//3 553//3
f 484//3 553//3 200//3
f 164//3 831//3 484//3
f 832//2 355//2 550//2
f 483//2 550//2 197//2
f 163//2 832//2 483//2
f 833//1 354//1 547//1
f 290//1 833//1 547//1
f 162//170 833//170 418//170
f 834//1 197//1 546//1
f 548//1 546//1 354//1
f 353//1 834//1 548//1
f 835//2 200//2 549//2
f 551//2 549//2 355//2
f 352//2 835//2 551//2
f 836//3 203//3 552//3
f 554//3 552//3 356//3
f 351//3 836//3 554//3
f 837//4 206//4 555//4
f 557//4 555//4 357//4
f 350//4 837//4 557//4
f 838//5 209//5 558//5
f 560//5 558//5 358//5
f 349//5 838//5 560//5
f 839//6 212//6 561//6
f 563//6 561//6 359//6
f 348//6 839//6 563//6
f 840//7 215//7 564//7
f 566//7 564//7 360//7
f 347//7 840//7 566//7
f 841//8 218//8 567//8
f 569//8 567//8 361//8
f 346//8 841//8 569//8
f 842//9 221//9 570//9
f 572//9 570//9 362//9
f 345//9 842//9 572//9
f 843//10 224//10 573//10
f 575//10 573//10 363//10
f 344//10 843//10 575//10
f 844//11 227//11 576//11
f 578//11 576//11 364//11
f 343//11 844//11 578//11
f 845//12 230//12 579//12
f 581//12 579//12 365//12
f 342//12 845//12 581//12
f 846//13 233//13 582//13
f 584//13 582//13 366//13
f 341//13 846//13 584//13
f 847//14 236//14 585//14
f 587//14 585//14 367//14
f 340//14 847//14 587//14
f 848//15 239//15 588//15
f 590//15 588//15 368//15
f 339//15 848//15 590//15
f 849//16 242//16 591//16
f 593//16 591//16 369//16
f 338//16 849//16 593//16
f 850//17 245//17 594//17
f 596//17 594//17 370//17
f 337//17 850//17 596//17
f 851//18 248//18 597//18
f 599//18 597//18 371//18
f 336//18 851//18 599//18
f 852//19 251//19 600//19
f 602//19 600//19 372//19
f 335//19 852//19 602//19
f 853//20 254//20 603//20
f 605//20 603//20 373//20
f 334//20 853//20 605//20
f 854//21 257//21 606//21
f 608//21 606//21 374//21
f 333//21 854//21 608//21
f 855//22 260//22 609//22
f 611//22 609//22 375//22
f 332//22 855//22 611//22
f 856//23 263//23 612//23
f 614//23 612//23 376//23
f 331//23 856//23 614//23
f 857//24 266//24 615//24
f 617//24 615//24 377//24
f 330//24 857//24 617//24
f 858//25 269//25 618//25
f 620//25 618//25 378//25
f 329//25 858//25 620//25
f 859//26 272//26 621//26
f 623//26 621//26 379//26
f 328//26 859//26 623//26
f 860//27 275//27 624//27
f 626//27 624//27 380//27
f 327//27 860//27 626//27
f 861//28 278//28 627//28
f 629//28 627//28 381//28
f 326//28 861//28 629//28
f 862//29 281//29 630//29
f 632//29 630//29 382//29
f 325//29 862//29 632//29
f 863//30 284//30 633//30
f 635//30 633//30 383//30
f 324//30 863//30 635//30
f 864//31 287//31 636//31
f 638//31 636//31 384//31
f 323//31 864//31 638//31
f 865//32 290//32 639//32
f 641//32 639//32 385//32
f 322//32 865//32 641//32
f 887//20 969//20 974//20
f 877//32 954//32 950//32
f 893//178 946//178 927//178
f 885//20 955//20 969//20
f 919//8 988//8 893//8
f 882//7 989//7 919//7
f 895//21 990//21 992//21
f 911//9 991//9 870//9
f 894//21 974//21 990//21
f 911//9 946//9 970//9
f 901//22 951//22 945//22
f 912//10 939//10 899//10
f 903//22 992//22 951//22
f 870//10 973//10 912//10
f 909//23 979//23 966//23
f 924//11 967//11 884//11
f 915//23 945//23 979//23
f 899//11 937//11 924//11
f 910//29 964//29 968//29
f 925//179 981//179 916//179
f 874//12 986//12 892//12
f 925//24 966//24 940//24
f 884//12 941//12 874//12
f 926//25 993//25 943//25
f 878//13 961//13 907//13
f 886//1 938//1 873//1
f 892//13 953//13 878//13
f 886//1 931//1 972//1
f 869//26 957//26 930//26
f 889//14 934//14 923//14
f 880//26 943//26 957//26
f 897//2 987//2 918//2
f 907//14 978//14 889//14
f 873//2 933//2 897//2
f 876//27 980//27 947//27
f 928//15 977//15 914//15
f 890//27 930//27 980//27
f 923//15 949//15 928//15
f 918//3 956//3 905//3
f 871//25 981//25 993//25
f 883//28 942//28 964//28
f 908//180 932//180 922//180
f 900//28 947//28 942//28
f 917//4 982//4 896//4
f 914//16 963//16 908//16
f 888//4 985//4 917//4
f 891//29 968//29 984//29
f 905//3 975//3 888//3
f 906//17 965//17 958//17
f 929//5 948//5 902//5
f 920//17 932//17 965//17
f 896//5 952//5 929//5
f 898//30 976//30 936//30
f 881//18 959//18 960//18
f 921//30 984//30 976//30
f 872//6 971//6 867//6
f 866//18 958//18 959//18
f 902//6 935//6 872//6
f 904//31 983//31 954//31
f 879//19 944//19 955//19
f 868//31 936//31 983//31
f 875//19 960//19 944//19
f 867//7 962//7 882//7
f 877//181 931//181 913//181
f 950//32 639//32 290//32
f 931//1 547//1 354//1
f 957//26 621//26 272//26
f 978//14 585//14 236//14
f 943//26 622//26 379//26
f 933//2 549//2 200//2
f 961//14 586//14 367//14
f 938//2 550//2 355//2
f 980//27 624//27 275//27
f 949//15 588//15 239//15
f 930//27 625//27 380//27
f 969//20 603//20 254//20
f 934//15 589//15 368//15
f 954//32 640//32 385//32
f 987//3 553//3 356//3
f 988//8 567//8 218//8
f 981//25 619//25 378//25
f 955//20 604//20 373//20
f 942//28 627//28 278//28
f 989//8 568//8 361//8
f 963//16 591//16 242//16
f 962//7 564//7 215//7
f 947//28 628//28 381//28
f 990//21 606//21 257//21
f 985//4 555//4 206//4
f 970//9 570//9 221//9
f 977//16 592//16 369//16
f 974//21 607//21 374//21
f 975//4 556//4 357//4
f 946//9 571//9 362//9
f 968//29 630//29 281//29
f 951//22 609//22 260//22
f 956//3 552//3 203//3
f 973//10 573//10 224//10
f 965//17 594//17 245//17
f 992//22 610//22 375//22
f 952//5 558//5 209//5
f 991//10 574//10 363//10
f 932//17 595//17 370//17
f 979//23 612//23 263//23
f 982//5 559//5 358//5
f 937//11 576//11 227//11
f 976//30 633//30 284//30
f 945//23 613//23 376//23
f 959//18 597//18 248//18
f 939//11 577//11 364//11
f 984//30 634//30 383//30
f 964//29 631//29 382//29
f 935//6 561//6 212//6
f 940//24 615//24 266//24
f 958//18 598//18 371//18
f 941//12 579//12 230//12
f 948//6 562//6 359//6
f 966//24 616//24 377//24
f 983//31 636//31 287//31
f 967//12 580//12 365//12
f 944//19 600//19 251//19
f 993//25 618//25 269//25
f 936//31 637//31 384//31
f 953//13 582//13 233//13
f 960//19 601//19 372//19
f 972//1 546//1 197//1
f 971//7 565//7 360//7
f 986//13 583//13 366//13
f 1015//20 885//20 887//20
f 1005//32 904//32 877//32
f 1055//182 893//182 927//182
f 1013//20 879//20 885//20
f 1046//8 893//8 1021//8
f 1010//7 919//7 1046//7
f 1023//21 894//21 895//21
f 1039//9 870//9 998//9
f 1022//21 887//21 894//21
f 1055//183 911//183 1039//183
f 1029//22 903//22 901//22
f 1040//10 899//10 1027//10
f 1031//22 895//22 903//22
f 998//10 912//10 1040//10
f 1037//23 915//23 909//23
f 1051//11 884//11 1012//11
f 1042//23 901//23 915//23
f 1027//11 924//11 1051//11
f 1038//29 883//29 910//29
f 1043//184 925//184 916//184
f 1002//12 892//12 1020//12
f 1053//24 909//24 925//24
f 1012//12 874//12 1002//12
f 1054//25 871//25 926//25
f 1006//13 907//13 1035//13
f 1014//1 873//1 1001//1
f 1020//13 878//13 1006//13
f 1032//185 886//185 1014//185
f 997//26 880//26 869//26
f 1017//14 923//14 1050//14
f 1008//26 926//26 880//26
f 1025//2 918//2 1045//2
f 1035//14 889//14 1017//14
f 1001//2 897//2 1025//2
f 1004//27 890//27 876//27
f 1056//15 914//15 1041//15
f 1018//27 869//27 890//27
f 1050//15 928//15 1056//15
f 1045//3 905//3 1033//3
f 1043//186 871//186 999//186
f 1011//28 900//28 883//28
f 1049//187 908//187 922//187
f 1028//28 876//28 900//28
f 1044//4 896//4 1024//4
f 1041//16 908//16 1036//16
f 1016//4 917//4 1044//4
f 1019//29 910//29 891//29
f 1033//3 888//3 1016//3
f 1034//17 920//17 906//17
f 1057//5 902//5 1030//5
f 1049//188 920//188 1047//188
f 1024//5 929//5 1057//5
f 1026//30 921//30 898//30
f 1009//18 866//18 881//18
f 1048//30 891//30 921//30
f 1000//6 867//6 995//6
f 994//18 906//18 866//18
f 1030//6 872//6 1000//6
f 1052//31 868//31 904//31
f 1007//19 875//19 879//19
f 996//31 898//31 868//31
f 1003//19 881//19 875//19
f 995//7 882//7 1010//7
f 1032//189 877//189 913//189
f 1118//28 1011//28 1061//28
f 1076//190 1036//190 1049//190
f 1092//28 1028//28 1118//28
f 1070//4 1024//4 1113//4
f 1066//16 1036//16 1060//16
f 1103//4 1044//4 1070//4
f 1063//29 1019//29 1107//29
f 1073//17 1034//17 1083//17
f 1081//5 1030//5 1120//5
f 1076//17 1047//17 1073//17
f 1113//5 1057//5 1081//5
f 1075//30 1026//30 1116//30
f 1082//18 1009//18 1068//18
f 1107//30 1048//30 1075//30
f 1089//6 995//6 1064//6
f 1083//18 994//18 1082//18
f 1120//6 1000//6 1089//6
f 1084//31 1052//31 1058//31
f 1091//19 1007//19 1095//19
f 1116//31 996//31 1084//31
f 1068//19 1003//19 1091//19
f 1064//7 1010//7 1097//7
f 1101//1 1001//1 1090//1
f 1098//191 1005//191 1032//191
f 1100//20 1015//20 1102//20
f 1058//32 1005//32 1093//32
f 1080//192 1021//192 1055//192
f 1095//20 1013//20 1100//20
f 1072//8 1021//8 1109//8
f 1111//21 1023//21 1112//21
f 1119//9 998//9 1086//9
f 1102//21 1022//21 1111//21
f 1080//9 1039//9 1119//9
f 1121//22 1029//22 1069//22
f 1065//10 1027//10 1087//10
f 1112//22 1031//22 1121//22
f 1086//10 1040//10 1065//10
f 1097//7 1046//7 1072//7
f 1067//23 1037//23 1062//23
f 1077//11 1012//11 1099//11
f 1069//23 1042//23 1067//23
f 1087//11 1051//11 1077//11
f 1071//193 1053//193 1043//193
f 1085//12 1020//12 1108//12
f 1062//24 1053//24 1078//24
f 1105//3 1016//3 1103//3
f 1099//12 1002//12 1085//12
f 1088//25 1054//25 1079//25
f 1094//13 1035//13 1117//13
f 1071//25 999//25 1088//25
f 1108//13 1006//13 1094//13
f 1061//29 1038//29 1063//29
f 1098//1 1014//1 1101//1
f 1096//26 997//26 1115//26
f 1104//14 1050//14 1059//14
f 1079//26 1008//26 1096//26
f 1110//2 1045//2 1074//2
f 1117//14 1017//14 1104//14
f 1090//2 1025//2 1110//2
f 1106//27 1004//27 1092//27
f 1114//15 1041//15 1066//15
f 1115//27 1018//27 1106//27
f 1059//15 1056//15 1114//15
f 1074//3 1033//3 1105//3
f 735//1 417//1 195//1
f 195//1 4//1 291//1
f 732//2 416//2 199//2
f 199//2 6//2 292//2
f 729//3 415//3 202//3
f 202//3 8//3 293//3
f 726//4 414//4 205//4
f 205//4 10//4 294//4
f 723//5 413//5 208//5
f 208//5 12//5 295//5
f 720//6 412//6 211//6
f 211//6 14//6 296//6
f 717//7 411//7 214//7
f 214//7 16//7 297//7
f 714//8 410//8 217//8
f 217//8 18//8 298//8
f 711//9 409//9 220//9
f 220//9 20//9 299//9
f 708//10 408//10 223//10
f 223//10 22//10 300//10
f 705//11 407//11 226//11
f 226//11 24//11 301//11
f 702//12 406//12 229//12
f 229//12 26//12 302//12
f 699//13 405//13 232//13
f 232//13 28//13 303//13
f 696//14 404//14 235//14
f 235//14 30//14 304//14
f 693//15 403//15 238//15
f 238//15 32//15 305//15
f 690//16 402//16 241//16
f 241//16 34//16 306//16
f 687//17 401//17 244//17
f 244//17 36//17 307//17
f 684//18 400//18 247//18
f 247//18 38//18 308//18
f 681//19 399//19 250//19
f 250//19 40//19 309//19
f 678//20 398//20 253//20
f 253//20 42//20 310//20
f 675//21 397//21 256//21
f 256//21 44//21 311//21
f 672//22 396//22 259//22
f 259//22 46//22 312//22
f 669//23 395//23 262//23
f 262//23 48//23 313//23
f 666//24 394//24 265//24
f 265//24 50//24 314//24
f 663//25 393//25 268//25
f 268//25 52//25 315//25
f 660//26 392//26 271//26
f 271//26 54//26 316//26
f 657//27 391//27 274//27
f 274//27 56//27 317//27
f 654//28 390//28 277//28
f 277//28 58//28 318//28
f 651//29 389//29 280//29
f 280//29 60//29 319//29
f 648//30 388//30 283//30
f 283//30 62//30 320//30
f 645//31 387//31 286//31
f 286//31 64//31 321//31
f 642//32 386//32 289//32
f 289//32 2//32 196//32
f 288//33 1//33 194//33
f 194//33 3//33 198//33
f 198//33 5//33 201//33
f 201//33 7//33 204//33
f 204//33 9//33 207//33
f 207//33 11//33 210//33
f 210//194 13//194 213//194
f 213//194 15//194 216//194
f 216//33 17//33 219//33
f 219//194 19//194 222//194
f 222//194 21//194 225//194
f 225//33 23//33 228//33
f 228//33 25//33 231//33
f 231//33 27//33 234//33
f 234//33 29//33 237//33
f 237//33 31//33 240//33
f 240//33 33//33 243//33
f 243//33 35//33 246//33
f 246//33 37//33 249//33
f 249//33 39//33 252//33
f 252//33 41//33 255//33
f 255//33 43//33 258//33
f 258//195 45//195 261//195
f 261//195 47//195 264//195
f 264//33 49//33 267//33
f 267//195 51//195 270//195
f 270//195 53//195 273//195
f 273//33 55//33 276//33
f 276//33 57//33 279//33
f 279//33 59//33 282//33
f 282//33 61//33 285//33
f 285//33 63//33 288//33
f 288//33 194//33 198//33
f 198//33 201//33 204//33
f 204//33 207//33 210//33
f 210//33 213//33 216//33
f 216//33 219//33 222//33
f 222//33 225//33 228//33
f 228//33 231//33 234//33
f 234//33 237//33 240//33
f 240//33 243//33 246//33
f 246//33 249//33 252//33
f 252//33 255//33 258//33
f 258//33 261//33 264//33
f 264//33 267//33 270//33
f 270//33 273//33 276//33
f 276//33 279//33 282//33
f 282//33 285//33 288//33
f 288//33 198//33 204//33
f 204//33 210//33 216//33
f 216//33 222//33 228//33
f 228//33 234//33 240//33
f 240//33 246//33 252//33
f 252//33 258//33 264//33
f 264//33 270//33 276//33
f 276//33 282//33 288//33
f 288//33 204//33 216//33
f 216//33 228//33 240//33
f 240//33 252//33 264//33
f 264//33 276//33 288//33
f 288//33 216//33 240//33
f 69//256 133//256 131//256
f 90//257 154//257 151//257
f 71//258 135//258 133//258
f 92//259 156//259 154//259
f 71//260 74//260 138//260
f 94//261 158//261 156//261
f 74//262 77//262 141//262
f 96//263 160//263 158//263
f 77//264 80//264 144//264
f 96//265 66//265 130//265
f 80//266 83//266 147//266
f 66//267 68//267 132//267
f 83//268 86//268 150//268
f 68//269 70//269 134//269
f 86//270 89//270 153//270
f 70//271 73//271 137//271
f 89//272 72//272 136//272
f 73//273 76//273 140//273
f 76//274 79//274 143//274
f 79//275 82//275 146//275
f 82//276 85//276 149//276
f 88//277 152//277 149//277
f 91//278 155//278 152//278
f 72//279 75//279 139//279
f 93//280 157//280 155//280
f 78//281 142//281 139//281
f 95//282 159//282 157//282
f 81//283 145//283 142//283
f 97//284 161//284 159//284
f 84//285 148//285 145//285
f 67//286 131//286 161//286
f 87//287 151//287 148//287
f 124//288 98//288 69//288
f 112//289 118//289 90//289
f 98//290 104//290 71//290
f 118//291 123//291 92//291
f 111//292 74//292 71//292
f 123//293 129//293 94//293
f 117//294 77//294 74//294
f 129//295 103//295 96//295
f 125//296 80//296 77//296
f 121//297 66//297 96//297
f 102//298 83//298 80//298
f 127//299 68//299 66//299
f 110//300 86//300 83//300
f 101//301 70//301 68//301
f 116//302 89//302 86//302
f 109//303 73//303 70//303
f 108//304 72//304 89//304
f 115//305 76//305 73//305
f 122//306 79//306 76//306
f 99//307 82//307 79//307
f 107//308 85//308 82//308
f 107//309 114//309 88//309
f 114//310 120//310 91//310
f 113//311 75//311 72//311
f 120//312 126//312 93//312
f 113//313 119//313 78//313
f 126//314 100//314 95//314
f 119//315 128//315 81//315
f 100//316 106//316 97//316
f 128//317 105//317 84//317
f 106//318 124//318 67//318
f 105//319 112//319 87//319
f 450//162 162//162 418//162
f 451//31 193//31 513//31
f 452//30 192//30 512//30
f 453//29 191//29 511//29
f 454//28 190//28 510//28
f 455//27 189//27 509//27
f 456//26 188//26 508//26
f 457//25 187//25 507//25
f 458//163 186//163 506//163
f 459//23 185//23 505//23
f 460//22 184//22 504//22
f 461//21 183//21 503//21
f 462//20 182//20 502//20
f 463//19 181//19 501//19
f 464//18 180//18 500//18
f 465//17 179//17 499//17
f 466//164 178//164 498//164
f 467//15 177//15 497//15
f 468//14 176//14 496//14
f 469//13 175//13 495//13
f 470//12 174//12 494//12
f 471//11 173//11 493//11
f 472//10 172//10 492//10
f 473//9 171//9 491//9
f 474//165 170//165 490//165
f 475//7 169//7 489//7
f 476//6 168//6 488//6
f 477//5 167//5 487//5
f 478//4 166//4 486//4
f 479//3 165//3 485//3
f 480//2 164//2 484//2
f 481//1 163//1 483//1
f 1101//1 1090//1 3//1
f 1098//1 1101//1 194//1
f 545//1 353//1 548//1
f 1110//2 1074//2 5//2
f 1090//2 1110//2 198//2
f 544//2 352//2 551//2
f 1105//3 1103//3 7//3
f 1074//3 1105//3 201//3
f 543//3 351//3 554//3
f 1070//4 1113//4 9//4
f 1103//4 1070//4 204//4
f 542//4 350//4 557//4
f 1081//5 1120//5 11//5
f 1113//5 1081//5 207//5
f 541//5 349//5 560//5
f 1089//6 1064//6 13//6
f 1120//6 1089//6 210//6
f 540//6 348//6 563//6
f 1097//7 1072//7 15//7
f 1064//7 1097//7 213//7
f 539//7 347//7 566//7
f 1109//8 1080//8 17//8
f 1072//8 1109//8 216//8
f 538//8 346//8 569//8
f 1119//9 1086//9 19//9
f 1080//9 1119//9 219//9
f 537//9 345//9 572//9
f 1065//10 1087//10 21//10
f 1086//10 1065//10 222//10
f 536//10 344//10 575//10
f 1077//11 1099//11 23//11
f 1087//11 1077//11 225//11
f 535//11 343//11 578//11
f 1085//12 1108//12 25//12
f 1099//12 1085//12 228//12
f 534//12 342//12 581//12
f 1094//13 1117//13 27//13
f 1108//13 1094//13 231//13
f 533//13 341//13 584//13
f 1104//14 1059//14 29//14
f 1117//14 1104//14 234//14
f 532//14 340//14 587//14
f 1114//15 1066//15 31//15
f 1059//15 1114//15 237//15
f 531//15 339//15 590//15
f 1060//16 1076//16 33//16
f 1066//16 1060//16 240//16
f 530//16 338//16 593//16
f 1073//17 1083//17 35//17
f 1076//17 1073//17 243//17
f 529//17 337//17 596//17
f 1082//18 1068//18 37//18
f 1083//18 1082//18 246//18
f 528//18 336//18 599//18
f 1091//19 1095//19 39//19
f 1068//19 1091//19 249//19
f 527//19 335//19 602//19
f 1100//20 1102//20 41//20
f 1095//20 1100//20 252//20
f 526//20 334//20 605//20
f 1111//21 1112//21 43//21
f 1102//21 1111//21 255//21
f 525//21 333//21 608//21
f 1121//22 1069//22 45//22
f 1112//22 1121//22 258//22
f 524//22 332//22 611//22
f 1067//23 1062//23 47//23
f 1069//23 1067//23 261//23
f 523//23 331//23 614//23
f 1078//24 1071//24 49//24
f 1062//24 1078//24 264//24
f 522//24 330//24 617//24
f 1088//25 1079//25 51//25
f 1071//25 1088//25 267//25
f 521//25 329//25 620//25
f 1096//26 1115//26 53//26
f 1079//26 1096//26 270//26
f 520//26 328//26 623//26
f 1106//27 1092//27 55//27
f 1115//27 1106//27 273//27
f 519//27 327//27 626//27
f 1118//28 1061//28 57//28
f 1092//28 1118//28 276//28
f 518//28 326//28 629//28
f 1063//29 1107//29 59//29
f 1061//29 1063//29 279//29
f 517//29 325//29 632//29
f 1075//30 1116//30 61//30
f 1107//30 1075//30 282//30
f 516//30 324//30 635//30
f 1084//31 1058//31 63//31
f 1116//31 1084//31 285//31
f 515//31 323//31 638//31
f 288//32 1093//32 1098//32
f 1058//32 1093//32 288//32
f 514//32 322//32 641//32
f 801//32 642//32 196//32
f 643//32 386//32 644//32
f 643//32 321//32 64//32
f 64//32 289//32 386//32
f 645//31 321//31 449//31
f 646//31 387//31 647//31
f 646//31 320//31 62//31
f 62//31 286//31 387//31
f 648//30 320//30 448//30
f 649//30 388//30 650//30
f 649//30 319//30 60//30
f 60//30 283//30 388//30
f 651//29 319//29 447//29
f 652//29 389//29 653//29
f 652//29 318//29 58//29
f 58//29 280//29 389//29
f 654//28 318//28 446//28
f 655//28 390//28 656//28
f 655//28 317//28 56//28
f 56//28 277//28 390//28
f 657//27 317//27 445//27
f 658//27 391//27 659//27
f 658//27 316//27 54//27
f 54//27 274//27 391//27
f 660//26 316//26 444//26
f 661//26 392//26 662//26
f 661//26 315//26 52//26
f 52//26 271//26 392//26
f 663//25 315//25 443//25
f 664//25 393//25 665//25
f 664//25 314//25 50//25
f 50//25 268//25 393//25
f 785//24 666//24 314//24
f 667//24 394//24 668//24
f 667//24 313//24 48//24
f 48//24 265//24 394//24
f 669//23 313//23 441//23
f 670//23 395//23 671//23
f 670//23 312//23 46//23
f 46//23 262//23 395//23
f 672//22 312//22 440//22
f 673//22 396//22 674//22
f 673//22 311//22 44//22
f 44//22 259//22 396//22
f 675//21 311//21 439//21
f 676//21 397//21 677//21
f 676//21 310//21 42//21
f 42//21 256//21 397//21
f 678//20 310//20 438//20
f 679//20 398//20 680//20
f 679//20 309//20 40//20
f 40//20 253//20 398//20
f 681//19 309//19 437//19
f 682//19 399//19 683//19
f 682//19 308//19 38//19
f 38//19 250//19 399//19
f 684//18 308//18 436//18
f 685//18 400//18 686//18
f 685//18 307//18 36//18
f 36//18 247//18 400//18
f 687//17 307//17 435//17
f 688//17 401//17 689//17
f 688//17 306//17 34//17
f 34//17 244//17 401//17
f 769//16 690//16 306//16
f 691//16 402//16 692//16
f 691//16 305//16 32//16
f 32//16 241//16 402//16
f 693//15 305//15 433//15
f 694//15 403//15 695//15
f 694//15 304//15 30//15
f 30//15 238//15 403//15
f 696//14 304//14 432//14
f 697//14 404//14 698//14
f 697//14 303//14 28//14
f 28//14 235//14 404//14
f 699//13 303//13 431//13
f 700//13 405//13 701//13
f 700//13 302//13 26//13
f 26//13 232//13 405//13
f 702//12 302//12 430//12
f 703//12 406//12 704//12
f 703//12 301//12 24//12
f 24//12 229//12 406//12
f 705//11 301//11 429//11
f 706//11 407//11 707//11
f 706//11 300//11 22//11
f 22//11 226//11 407//11
f 708//10 300//10 428//10
f 709//10 408//10 710//10
f 709//10 299//10 20//10
f 20//10 223//10 408//10
f 711//9 299//9 427//9
f 712//9 409//9 713//9
f 712//9 298//9 18//9
f 18//9 220//9 409//9
f 753//8 714//8 298//8
f 715//8 410//8 716//8
f 715//8 297//8 16//8
f 16//8 217//8 410//8
f 717//7 297//7 425//7
f 718//7 411//7 719//7
f 718//7 296//7 14//7
f 14//7 214//7 411//7
f 720//6 296//6 424//6
f 721//6 412//6 722//6
f 721//6 295//6 12//6
f 12//6 211//6 412//6
f 723//5 295//5 423//5
f 724//5 413//5 725//5
f 724//5 294//5 10//5
f 10//5 208//5 413//5
f 726//4 294//4 422//4
f 727//4 414//4 728//4
f 727//4 293//4 8//4
f 8//4 205//4 414//4
f 729//3 293//3 421//3
f 730//3 415//3 731//3
f 730//3 292//3 6//3
f 6//3 202//3 415//3
f 732//2 292//2 420//2
f 733//2 416//2 734//2
f 733//2 291//2 4//2
f 4//2 199//2 416//2
f 735//1 291//1 419//1
f 736//1 417//1 737//1
f 736//1 196//1 2//1
f 2//1 195//1 417//1
f 738//1 737//1 353//1
f 482//170 738//170 545//170
f 196//1 736//1 738//1
f 739//1 419//1 163//1
f 737//1 739//1 481//1
f 417//1 735//1 739//1
f 740//2 734//2 352//2
f 419//2 740//2 544//2
f 291//2 733//2 740//2
f 741//2 420//2 164//2
f 734//2 741//2 480//2
f 416//2 732//2 741//2
f 742//3 731//3 351//3
f 420//3 742//3 543//3
f 292//3 730//3 742//3
f 743//3 421//3 165//3
f 731//3 743//3 479//3
f 415//3 729//3 743//3
f 744//4 728//4 350//4
f 421//4 744//4 542//4
f 293//4 727//4 744//4
f 745//4 422//4 166//4
f 728//4 745//4 478//4
f 414//4 726//4 745//4
f 746//5 725//5 349//5
f 422//5 746//5 541//5
f 294//5 724//5 746//5
f 747//5 423//5 167//5
f 725//5 747//5 477//5
f 413//5 723//5 747//5
f 748//6 722//6 348//6
f 423//6 748//6 540//6
f 295//6 721//6 748//6
f 749//6 424//6 168//6
f 722//6 749//6 476//6
f 412//6 720//6 749//6
f 750//7 719//7 347//7
f 424//7 750//7 539//7
f 296//7 718//7 750//7
f 751//7 425//7 169//7
f 719//7 751//7 475//7
f 411//7 717//7 751//7
f 752//8 716//8 346//8
f 425//8 752//8 538//8
f 297//8 715//8 752//8
f 753//165 426//165 170//165
f 716//8 753//8 474//8
f 410//8 714//8 753//8
f 754//9 713//9 345//9
f 426//172 754//172 537//172
f 298//9 712//9 754//9
f 755//9 427//9 171//9
f 713//9 755//9 473//9
f 409//9 711//9 755//9
f 756//10 710//10 344//10
f 427//10 756//10 536//10
f 299//10 709//10 756//10
f 757//10 428//10 172//10
f 710//10 757//10 472//10
f 408//10 708//10 757//10
f 758//11 707//11 343//11
f 428//11 758//11 535//11
f 300//11 706//11 758//11
f 759//11 429//11 173//11
f 707//11 759//11 471//11
f 407//11 705//11 759//11
f 760//12 704//12 342//12
f 429//12 760//12 534//12
f 301//12 703//12 760//12
f 761//12 430//12 174//12
f 704//12 761//12 470//12
f 406//12 702//12 761//12
f 762//13 701//13 341//13
f 430//13 762//13 533//13
f 302//13 700//13 762//13
f 763//13 431//13 175//13
f 701//13 763//13 469//13
f 405//13 699//13 763//13
f 764//14 698//14 340//14
f 431//14 764//14 532//14
f 303//14 697//14 764//14
f 765//14 432//14 176//14
f 698//14 765//14 468//14
f 404//14 696//14 765//14
f 766//15 695//15 339//15
f 432//15 766//15 531//15
f 304//15 694//15 766//15
f 767//15 433//15 177//15
f 695//15 767//15 467//15
f 403//15 693//15 767//15
f 768//16 692//16 338//16
f 433//16 768//16 530//16
f 305//16 691//16 768//16
f 769//164 434//164 178//164
f 692//16 769//16 466//16
f 402//16 690//16 769//16
f 770//17 689//17 337//17
f 434//174 770//174 529//174
f 306//17 688//17 770//17
f 771//17 435//17 179//17
f 689//17 771//17 465//17
f 401//17 687//17 771//17
f 772//18 686//18 336//18
f 435//18 772//18 528//18
f 307//18 685//18 772//18
f 773//18 436//18 180//18
f 686//18 773//18 464//18
f 400//18 684//18 773//18
f 774//19 683//19 335//19
f 436//19 774//19 527//19
f 308//19 682//19 774//19
f 775//19 437//19 181//19
f 683//19 775//19 463//19
f 399//19 681//19 775//19
f 776//20 680//20 334//20
f 437//20 776//20 526//20
f 309//20 679//20 776//20
f 777//20 438//20 182//20
f 680//20 777//20 462//20
f 398//20 678//20 777//20
f 778//21 677//21 333//21
f 438//21 778//21 525//21
f 310//21 676//21 778//21
f 779//21 439//21 183//21
f 677//21 779//21 461//21
f 397//21 675//21 779//21
f 780//22 674//22 332//22
f 439//22 780//22 524//22
f 311//22 673//22 780//22
f 781//22 440//22 184//22
f 674//22 781//22 460//22
f 396//22 672//22 781//22
f 782//23 671//23 331//23
f 440//23 782//23 523//23
f 312//23 670//23 782//23
f 783//23 441//23 185//23
f 671//23 783//23 459//23
f 395//23 669//23 783//23
f 784//24 668//24 330//24
f 441//24 784//24 522//24
f 313//24 667//24 784//24
f 785//163 442//163 186//163
f 668//24 785//24 458//24
f 394//24 666//24 785//24
f 786//25 665//25 329//25
f 442//176 786//176 521//176
f 314//25 664//25 786//25
f 787//25 443//25 187//25
f 665//25 787//25 457//25
f 393//25 663//25 787//25
f 788//26 662//26 328//26
f 443//26 788//26 520//26
f 315//26 661//26 788//26
f 789//26 444//26 188//26
f 662//26 789//26 456//26
f 392//26 660//26 789//26
f 790//27 659//27 327//27
f 444//27 790//27 519//27
f 316//27 658//27 790//27
f 791//27 445//27 189//27
f 659//27 791//27 455//27
f 391//27 657//27 791//27
f 792//28 656//28 326//28
f 445//28 792//28 518//28
f 317//28 655//28 792//28
f 793//28 446//28 190//28
f 656//28 793//28 454//28
f 390//28 654//28 793//28
f 794//29 653//29 325//29
f 446//29 794//29 517//29
f 318//29 652//29 794//29
f 795//29 447//29 191//29
f 653//29 795//29 453//29
f 389//29 651//29 795//29
f 796//30 650//30 324//30
f 447//30 796//30 516//30
f 319//30 649//30 796//30
f 797//30 448//30 192//30
f 650//30 797//30 452//30
f 388//30 648//30 797//30
f 798//31 647//31 323//31
f 448//31 798//31 515//31
f 320//31 646//31 798//31
f 799//31 449//31 193//31
f 647//31 799//31 451//31
f 387//31 645//31 799//31
f 800//32 644//32 322//32
f 449//32 800//32 514//32
f 321//32 643//32 800//32
f 801//162 482//162 162//162
f 644//32 801//32 450//32
f 386//32 642//32 801//32
f 802//32 641//32 385//32
f 513//32 802//32 640//32
f 193//32 514//32 802//32
f 803//31 638//31 384//31
f 512//31 803//31 637//31
f 192//31 515//31 803//31
f 804//30 635//30 383//30
f 511//30 804//30 634//30
f 191//30 516//30 804//30
f 805//29 632//29 382//29
f 510//29 805//29 631//29
f 190//29 517//29 805//29
f 806//28 629//28 381//28
f 509//28 806//28 628//28
f 189//28 518//28 806//28
f 807//27 626//27 380//27
f 508//27 807//27 625//27
f 188//27 519//27 807//27
f 808//26 623//26 379//26
f 507//26 808//26 622//26
f 187//26 520//26 808//26
f 809//25 620//25 378//25
f 266//320 506//320 809//320
f 186//176 521//176 809//176
f 810//24 617//24 377//24
f 505//24 810//24 616//24
f 185//24 522//24 810//24
f 811//23 614//23 376//23
f 504//23 811//23 613//23
f 184//23 523//23 811//23
f 812//22 611//22 375//22
f 503//22 812//22 610//22
f 183//22 524//22 812//22
f 813//21 608//21 374//21
f 502//21 813//21 607//21
f 182//21 525//21 813//21
f 814//20 605//20 373//20
f 501//20 814//20 604//20
f 181//20 526//20 814//20
f 815//19 602//19 372//19
f 500//19 815//19 601//19
f 180//19 527//19 815//19
f 816//18 599//18 371//18
f 499//18 816//18 598//18
f 179//18 528//18 816//18
f 817//17 596//17 370//17
f 242//321 498//321 817//321
f 178//174 529//174 817//174
f 818//16 593//16 369//16
f 497//16 818//16 592//16
f 177//16 530//16 818//16
f 819//15 590//15 368//15
f 496//15 819//15 589//15
f 176//15 531//15 819//15
f 820//14 587//14 367//14
f 495//14 820//14 586//14
f 175//14 532//14 820//14
f 821//13 584//13 366//13
f 494//13 821//13 583//13
f 174//13 533//13 821//13
f 822//12 581//12 365//12
f 493//12 822//12 580//12
f 173//12 534//12 822//12
f 823//11 578//11 364//11
f 492//11 823//11 577//11
f 172//11 535//11 823//11
f 824//10 575//10 363//10
f 491//10 824//10 574//10
f 171//10 536//10 824//10
f 825//9 572//9 362//9
f 218//322 490//322 825//322
f 170//172 537//172 825//172
f 826//8 569//8 361//8
f 489//8 826//8 568//8
f 169//8 538//8 826//8
f 827//7 566//7 360//7
f 488//7 827//7 565//7
f 168//7 539//7 827//7
f 828//6 563//6 359//6
f 487//6 828//6 562//6
f 167//6 540//6 828//6
f 829//5 560//5 358//5
f 486//5 829//5 559//5
f 166//5 541//5 829//5
f 830//4 557//4 357//4
f 485//4 830//4 556//4
f 165//4 542//4 830//4
f 831//3 554//3 356//3
f 484//3 831//3 553//3
f 164//3 543//3 831//3
f 832//2 551//2 355//2
f 483//2 832//2 550//2
f 163//2 544//2 832//2
f 833//1 548//1 354//1
f 290//323 418//323 833//323
f 162//170 545//170 833//170
f 834//1 483//1 197//1
f 548//1 834//1 546//1
f 353//1 481//1 834//1
f 835//2 484//2 200//2
f 551//2 835//2 549//2
f 352//2 480//2 835//2
f 836//3 485//3 203//3
f 554//3 836//3 552//3
f 351//3 479//3 836//3
f 837//4 486//4 206//4
f 557//4 837//4 555//4
f 350//4 478//4 837//4
f 838//5 487//5 209//5
f 560//5 838//5 558//5
f 349//5 477//5 838//5
f 839//6 488//6 212//6
f 563//6 839//6 561//6
f 348//6 476//6 839//6
f 840//7 489//7 215//7
f 566//7 840//7 564//7
f 347//7 475//7 840//7
f 841//324 490//324 218//324
f 569//8 841//8 567//8
f 346//8 474//8 841//8
f 842//9 491//9 221//9
f 572//9 842//9 570//9
f 345//9 473//9 842//9
f 843//10 492//10 224//10
f 575//10 843//10 573//10
f 344//10 472//10 843//10
f 844//11 493//11 227//11
f 578//11 844//11 576//11
f 343//11 471//11 844//11
f 845//12 494//12 230//12
f 581//12 845//12 579//12
f 342//12 470//12 845//12
f 846//13 495//13 233//13
f 584//13 846//13 582//13
f 341//13 469//13 846//13
f 847//14 496//14 236//14
f 587//14 847//14 585//14
f 340//14 468//14 847//14
f 848//15 497//15 239//15
f 590//15 848//15 588//15
f 339//15 467//15 848//15
f 849//325 498//325 242//325
f 593//16 849//16 591//16
f 338//16 466//16 849//16
f 850//17 499//17 245//17
f 596//17 850//17 594//17
f 337//17 465//17 850//17
f 851//18 500//18 248//18
f 599//18 851//18 597//18
f 336//18 464//18 851//18
f 852//19 501//19 251//19
f 602//19 852//19 600//19
f 335//19 463//19 852//19
f 853//20 502//20 254//20
f 605//20 853//20 603//20
f 334//20 462//20 853//20
f 854//21 503//21 257//21
f 608//21 854//21 606//21
f 333//21 461//21 854//21
f 855//22 504//22 260//22
f 611//22 855//22 609//22
f 332//22 460//22 855//22
f 856//23 505//23 263//23
f 614//23 856//23 612//23
f 331//23 459//23 856//23
f 857//326 506//326 266//326
f 617//24 857//24 615//24
f 330//24 458//24 857//24
f 858//25 507//25 269//25
f 620//25 858//25 618//25
f 329//25 457//25 858//25
f 859//26 508//26 272//26
f 623//26 859//26 621//26
f 328//26 456//26 859//26
f 860//27 509//27 275//27
f 626//27 860//27 624//27
f 327//27 455//27 860//27
f 861//28 510//28 278//28
f 629//28 861//28 627//28
f 326//28 454//28 861//28
f 862//29 511//29 281//29
f 632//29 862//29 630//29
f 325//29 453//29 862//29
f 863//30 512//30 284//30
f 635//30 863//30 633//30
f 324//30 452//30 863//30
f 864//31 513//31 287//31
f 638//31 864//31 636//31
f 323//31 451//31 864//31
f 865//327 418//327 290//327
f 641//32 865//32 639//32
f 322//32 450//32 865//32
f 887//20 885//20 969//20
f 877//32 904//32 954//32
f 893//8 988//8 946//8
f 885//20 879//20 955//20
f 919//8 989//8 988//8
f 882//7 962//7 989//7
f 895//21 894//21 990//21
f 911//9 970//9 991//9
f 894//21 887//21 974//21
f 911//328 927//328 946//328
f 901//22 903//22 951//22
f 912//10 973//10 939//10
f 903//22 895//22 992//22
f 870//10 991//10 973//10
f 909//23 915//23 979//23
f 924//11 937//11 967//11
f 915//23 901//23 945//23
f 899//11 939//11 937//11
f 910//29 883//29 964//29
f 925//24 940//24 981//24
f 874//12 941//12 986//12
f 925//24 909//24 966//24
f 884//12 967//12 941//12
f 926//25 871//25 993//25
f 878//13 953//13 961//13
f 886//1 972//1 938//1
f 892//13 986//13 953//13
f 886//329 913//329 931//329
f 869//26 880//26 957//26
f 889//14 978//14 934//14
f 880//26 926//26 943//26
f 897//2 933//2 987//2
f 907//14 961//14 978//14
f 873//2 938//2 933//2
f 876//27 890//27 980//27
f 928//15 949//15 977//15
f 890//27 869//27 930//27
f 923//15 934//15 949//15
f 918//3 987//3 956//3
f 871//330 916//330 981//330
f 883//28 900//28 942//28
f 908//16 963//16 932//16
f 900//28 876//28 947//28
f 917//4 985//4 982//4
f 914//16 977//16 963//16
f 888//4 975//4 985//4
f 891//29 910//29 968//29
f 905//3 956//3 975//3
f 906//17 920//17 965//17
f 929//5 952//5 948//5
f 920//331 922//331 932//331
f 896//5 982//5 952//5
f 898//30 921//30 976//30
f 881//18 866//18 959//18
f 921//30 891//30 984//30
f 872//6 935//6 971//6
f 866//18 906//18 958//18
f 902//6 948//6 935//6
f 904//31 868//31 983//31
f 879//19 875//19 944//19
f 868//31 898//31 936//31
f 875//19 881//19 960//19
f 867//7 971//7 962//7
f 877//32 950//32 931//32
f 290//32 931//32 950//32
f 950//32 385//32 639//32
f 354//1 972//1 931//1
f 931//1 290//1 547//1
f 272//26 930//26 957//26
f 957//26 379//26 621//26
f 236//14 934//14 978//14
f 978//14 367//14 585//14
f 379//26 957//26 943//26
f 943//26 269//26 622//26
f 200//2 987//2 933//2
f 933//2 355//2 549//2
f 367//14 978//14 961//14
f 961//14 233//14 586//14
f 355//2 933//2 938//2
f 938//2 197//2 550//2
f 275//27 947//27 980//27
f 980//27 380//27 624//27
f 239//15 977//15 949//15
f 949//15 368//15 588//15
f 380//27 980//27 930//27
f 930//27 272//27 625//27
f 254//20 974//20 969//20
f 969//20 373//20 603//20
f 368//15 949//15 934//15
f 934//15 236//15 589//15
f 385//32 950//32 954//32
f 954//32 287//32 640//32
f 356//3 956//3 987//3
f 987//3 200//3 553//3
f 218//8 946//8 988//8
f 988//8 361//8 567//8
f 378//25 993//25 981//25
f 981//25 266//25 619//25
f 373//20 969//20 955//20
f 955//20 251//20 604//20
f 278//28 964//28 942//28
f 942//28 381//28 627//28
f 361//8 988//8 989//8
f 989//8 215//8 568//8
f 242//16 932//16 963//16
f 963//16 369//16 591//16
f 215//7 989//7 962//7
f 962//7 360//7 564//7
f 381//28 942//28 947//28
f 947//28 275//28 628//28
f 257//21 992//21 990//21
f 990//21 374//21 606//21
f 206//4 982//4 985//4
f 985//4 357//4 555//4
f 221//9 991//9 970//9
f 970//9 362//9 570//9
f 369//16 963//16 977//16
f 977//16 239//16 592//16
f 374//21 990//21 974//21
f 974//21 254//21 607//21
f 357//4 985//4 975//4
f 975//4 203//4 556//4
f 362//9 970//9 946//9
f 946//9 218//9 571//9
f 281//29 984//29 968//29
f 968//29 382//29 630//29
f 260//22 945//22 951//22
f 951//22 375//22 609//22
f 203//3 975//3 956//3
f 956//3 356//3 552//3
f 224//10 939//10 973//10
f 973//10 363//10 573//10
f 245//17 958//17 965//17
f 965//17 370//17 594//17
f 375//22 951//22 992//22
f 992//22 257//22 610//22
f 209//5 948//5 952//5
f 952//5 358//5 558//5
f 363//10 973//10 991//10
f 991//10 221//10 574//10
f 370//17 965//17 932//17
f 932//17 242//17 595//17
f 263//23 966//23 979//23
f 979//23 376//23 612//23
f 358//5 952//5 982//5
f 982//5 206//5 559//5
f 227//11 967//11 937//11
f 937//11 364//11 576//11
f 284//30 936//30 976//30
f 976//30 383//30 633//30
f 376//23 979//23 945//23
f 945//23 260//23 613//23
f 248//18 960//18 959//18
f 959//18 371//18 597//18
f 364//11 937//11 939//11
f 939//11 224//11 577//11
f 383//30 976//30 984//30
f 984//30 281//30 634//30
f 382//29 968//29 964//29
f 964//29 278//29 631//29
f 212//6 971//6 935//6
f 935//6 359//6 561//6
f 266//24 981//24 940//24
f 940//24 377//24 615//24
f 371//18 959//18 958//18
f 958//18 245//18 598//18
f 230//12 986//12 941//12
f 941//12 365//12 579//12
f 359//6 935//6 948//6
f 948//6 209//6 562//6
f 377//24 940//24 966//24
f 966//24 263//24 616//24
f 287//31 954//31 983//31
f 983//31 384//31 636//31
f 365//12 941//12 967//12
f 967//12 227//12 580//12
f 251//19 955//19 944//19
f 944//19 372//19 600//19
f 269//25 943//25 993//25
f 993//25 378//25 618//25
f 384//31 983//31 936//31
f 936//31 284//31 637//31
f 233//13 961//13 953//13
f 953//13 366//13 582//13
f 372//19 944//19 960//19
f 960//19 248//19 601//19
f 197//1 938//1 972//1
f 972//1 354//1 546//1
f 360//7 962//7 971//7
f 971//7 212//7 565//7
f 366//13 953//13 986//13
f 986//13 230//13 583//13
f 1015//20 1013//20 885//20
f 1005//32 1052//32 904//32
f 1055//332 1021//332 893//332
f 1013//20 1007//20 879//20
f 1046//8 919//8 893//8
f 1010//7 882//7 919//7
f 1023//21 1022//21 894//21
f 1039//9 911//9 870//9
f 1022//21 1015//21 887//21
f 1055//333 927//333 911//333
f 1029//22 1031//22 903//22
f 1040//10 912//10 899//10
f 1031//22 1023//22 895//22
f 998//10 870//10 912//10
f 1037//23 1042//23 915//23
f 1051//11 924//11 884//11
f 1042//23 1029//23 901//23
f 1027//11 899//11 924//11
f 1038//29 1011//29 883//29
f 1043//334 1053//334 925//334
f 1002//12 874//12 892//12
f 1053//24 1037//24 909//24
f 1012//12 884//12 874//12
f 1054//25 999//25 871//25
f 1006//13 878//13 907//13
f 1014//1 886//1 873//1
f 1020//13 892//13 878//13
f 1032//335 913//335 886//335
f 997//26 1008//26 880//26
f 1017//14 889//14 923//14
f 1008//26 1054//26 926//26
f 1025//2 897//2 918//2
f 1035//14 907//14 889//14
f 1001//2 873//2 897//2
f 1004//27 1018//27 890//27
f 1056//15 928//15 914//15
f 1018//27 997//27 869//27
f 1050//15 923//15 928//15
f 1045//3 918//3 905//3
f 1043//336 916//336 871//336
f 1011//28 1028//28 900//28
f 1049//337 1036//337 908//337
f 1028//28 1004//28 876//28
f 1044//4 917//4 896//4
f 1041//16 914//16 908//16
f 1016//4 888//4 917//4
f 1019//29 1038//29 910//29
f 1033//3 905//3 888//3
f 1034//17 1047//17 920//17
f 1057//5 929//5 902//5
f 1049//338 922//338 920//338
f 1024//5 896//5 929//5
f 1026//30 1048//30 921//30
f 1009//18 994//18 866//18
f 1048//30 1019//30 891//30
f 1000//6 872//6 867//6
f 994//18 1034//18 906//18
f 1030//6 902//6 872//6
f 1052//31 996//31 868//31
f 1007//19 1003//19 875//19
f 996//31 1026//31 898//31
f 1003//19 1009//19 881//19
f 995//7 867//7 882//7
f 1032//339 1005//339 877//339
f 1118//28 1028//28 1011//28
f 1076//16 1060//16 1036//16
f 1092//28 1004//28 1028//28
f 1070//4 1044//4 1024//4
f 1066//16 1041//16 1036//16
f 1103//4 1016//4 1044//4
f 1063//29 1038//29 1019//29
f 1073//17 1047//17 1034//17
f 1081//5 1057//5 1030//5
f 1076//340 1049//340 1047//340
f 1113//5 1024//5 1057//5
f 1075//30 1048//30 1026//30
f 1082//18 994//18 1009//18
f 1107//30 1019//30 1048//30
f 1089//6 1000//6 995//6
f 1083//18 1034//18 994//18
f 1120//6 1030//6 1000//6
f 1084//31 996//31 1052//31
f 1091//19 1003//19 1007//19
f 1116//31 1026//31 996//31
f 1068//19 1009//19 1003//19
f 1064//7 995//7 1010//7
f 1101//1 1014//1 1001//1
f 1098//32 1093//32 1005//32
f 1100//20 1013//20 1015//20
f 1058//32 1052//32 1005//32
f 1080//8 1109//8 1021//8
f 1095//20 1007//20 1013//20
f 1072//8 1046//8 1021//8
f 1111//21 1022//21 1023//21
f 1119//9 1039//9 998//9
f 1102//21 1015//21 1022//21
f 1080//341 1055//341 1039//341
f 1121//22 1031//22 1029//22
f 1065//10 1040//10 1027//10
f 1112//22 1023//22 1031//22
f 1086//10 998//10 1040//10
f 1097//7 1010//7 1046//7
f 1067//23 1042//23 1037//23
f 1077//11 1051//11 1012//11
f 1069//23 1029//23 1042//23
f 1087//11 1027//11 1051//11
f 1071//24 1078//24 1053//24
f 1085//12 1002//12 1020//12
f 1062//24 1037//24 1053//24
f 1105//3 1033//3 1016//3
f 1099//12 1012//12 1002//12
f 1088//25 999//25 1054//25
f 1094//13 1006//13 1035//13
f 1071//342 1043//342 999//342
f 1108//13 1020//13 1006//13
f 1061//29 1011//29 1038//29
f 1098//343 1032//343 1014//343
f 1096//26 1008//26 997//26
f 1104//14 1017//14 1050//14
f 1079//26 1054//26 1008//26
f 1110//2 1025//2 1045//2
f 1117//14 1035//14 1017//14
f 1090//2 1001//2 1025//2
f 1106//27 1018//27 1004//27
f 1114//15 1056//15 1041//15
f 1115//27 997//27 1018//27
f 1059//15 1050//15 1056//15
f 1074//3 1045//3 1033//3
usemtl Material.009
f 195//34 113//34 108//34
f 289//35 119//35 113//35
f 286//36 128//36 119//36
f 283//37 105//37 128//37
f 280//38 112//38 105//38
f 277//39 118//39 112//39
f 274//40 123//40 118//40
f 271//41 129//41 123//41
f 268//42 103//42 129//42
f 265//43 121//43 103//43
f 262//44 127//44 121//44
f 259//45 101//45 127//45
f 256//46 109//46 101//46
f 253//47 115//47 109//47
f 250//48 122//48 115//48
f 247//49 99//49 122//49
f 244//50 107//50 99//50
f 241//51 114//51 107//51
f 238//52 120//52 114//52
f 235//53 126//53 120//53
f 232//54 100//54 126//54
f 229//55 106//55 100//55
f 226//56 124//56 106//56
f 223//57 98//57 124//57
f 220//58 104//58 98//58
f 217//59 111//59 104//59
f 214//60 117//60 111//60
f 211//61 125//61 117//61
f 208//62 102//62 125//62
f 205//63 110//63 102//63
f 202//64 116//64 110//64
f 199//65 108//65 116//65
f 159//130 161//130 65//130
f 144//131 147//131 65//131
f 145//132 148//132 65//132
f 130//133 132//133 65//133
f 161//134 131//134 65//134
f 147//135 150//135 65//135
f 148//136 151//136 65//136
f 132//137 134//137 65//137
f 150//138 153//138 65//138
f 134//139 137//139 65//139
f 153//140 136//140 65//140
f 137//141 140//141 65//141
f 140//142 143//142 65//142
f 131//143 133//143 65//143
f 143//144 146//144 65//144
f 151//145 154//145 65//145
f 146//146 149//146 65//146
f 133//147 135//147 65//147
f 149//148 152//148 65//148
f 154//149 156//149 65//149
f 152//150 155//150 65//150
f 135//151 138//151 65//151
f 136//152 139//152 65//152
f 156//153 158//153 65//153
f 155//154 157//154 65//154
f 138//155 141//155 65//155
f 139//156 142//156 65//156
f 158//157 160//157 65//157
f 157//158 159//158 65//158
f 141//159 144//159 65//159
f 142//160 145//160 65//160
f 160//161 130//161 65//161
f 108//196 4//196 195//196
f 195//196 2//196 113//196
f 113//197 2//197 289//197
f 289//197 64//197 119//197
f 119//198 64//198 286//198
f 286//199 62//199 128//199
f 128//200 62//200 283//200
f 283//201 60//201 105//201
f 105//202 60//202 280//202
f 280//203 58//203 112//203
f 112//204 58//204 277//204
f 277//205 56//205 118//205
f 118//206 56//206 274//206
f 274//207 54//207 123//207
f 123//208 54//208 271//208
f 271//209 52//209 129//209
f 129//210 52//210 268//210
f 268//211 50//211 103//211
f 103//212 50//212 265//212
f 265//213 48//213 121//213
f 121//214 48//214 262//214
f 262//215 46//215 127//215
f 127//216 46//216 259//216
f 259//217 44//217 101//217
f 101//218 44//218 256//218
f 256//219 42//219 109//219
f 109//220 42//220 253//220
f 253//221 40//221 115//221
f 115//222 40//222 250//222
f 250//223 38//223 122//223
f 122//224 38//224 247//224
f 247//225 36//225 99//225
f 99//226 36//226 244//226
f 244//226 34//226 107//226
f 107//227 34//227 241//227
f 241//227 32//227 114//227
f 114//228 32//228 238//228
f 238//229 30//229 120//229
f 120//230 30//230 235//230
f 235//231 28//231 126//231
f 126//232 28//232 232//232
f 232//233 26//233 100//233
f 100//234 26//234 229//234
f 229//235 24//235 106//235
f 106//236 24//236 226//236
f 226//237 22//237 124//237
f 124//238 22//238 223//238
f 223//239 20//239 98//239
f 98//240 20//240 220//240
f 220//241 18//241 104//241
f 104//242 18//242 217//242
f 217//243 16//243 111//243
f 111//244 16//244 214//244
f 214//245 14//245 117//245
f 117//246 14//246 211//246
f 211//247 12//247 125//247
f 125//248 12//248 208//248
f 208//249 10//249 102//249
f 102//250 10//250 205//250
f 205//251 8//251 110//251
f 110//252 8//252 202//252
f 202//253 6//253 116//253
f 116//254 6//254 199//254
f 199//255 4//255 108//255
