# Based on "Mushroom cloud low poly" by PROMEIISTER (https://sketchfab.com/3d-models/mushroom-cloud-low-poly-7d37e0570a164eaba038594bf3d664f6), CC-BY-4.0.
# Generated by tools/cloud-model/convert.py - do not edit by hand.
mtllib MushroomCloud.mtl
usemtl MyClouds
v -0.024363 0.491675 -0.076419
v 0.053187 0.532230 -0.100951
v 0.058555 0.369979 -0.079176
v 0.105072 0.516740 -0.069091
v 0.097042 0.432954 -0.060083
v 0.109569 0.557098 0.017113
v 0.096478 0.396536 -0.018720
v 0.013720 0.405336 0.082155
v 0.044414 0.369754 0.061445
v 0.083768 0.467546 0.066070
v 0.013720 0.405336 0.082155
v -0.037139 0.475159 0.082316
v -0.018580 0.360081 0.089206
v -0.059394 0.357430 0.072863
v -0.123631 0.509126 0.034949
v -0.116603 0.530766 -0.019133
v -0.096760 0.437383 0.042737
v -0.098020 0.402250 -0.052268
v -0.114527 0.307298 0.016846
v -0.075596 0.490558 -0.062100
v -0.046550 0.570592 -0.099368
v 0.019293 0.547191 -0.104492
v -0.016188 0.324857 -0.095119
v 0.035883 0.187168 -0.078709
v -0.019964 0.083369 -0.106638
v -0.063498 0.313205 -0.070472
v -0.112050 0.215581 -0.033677
v -0.035165 0.083531 -0.102588
v -0.086082 0.081976 -0.064971
v -0.101348 0.319478 -0.035227
v -0.127484 0.097807 -0.004850
v -0.118241 0.187423 0.031187
v -0.082167 0.220140 0.081789
v -0.133480 0.112545 0.069171
v -0.133480 0.112545 0.069171
v -0.052328 0.087160 0.111904
v -0.082167 0.220140 0.081789
v -0.021281 0.248754 0.090690
v -0.018580 0.360081 0.089206
v -0.059394 0.357430 0.072863
v 0.007649 0.089657 0.127833
v 0.024832 0.168906 0.091590
v 0.035395 0.293159 0.078731
v 0.077551 0.084781 0.092793
v 0.062897 0.180942 0.071935
v 0.088227 0.304658 0.017797
v 0.089088 0.241759 0.048641
v 0.076663 0.397404 0.043483
v 0.116503 0.085094 0.021814
v 0.099977 0.206540 -0.008619
v 0.071743 0.281248 -0.050263
v 0.075882 0.081056 -0.076664
v 0.107575 0.084198 -0.038898
v 0.026707 0.079611 -0.100546
v 0.036168 0.295092 -0.074032
v 0.154429 0.530860 -0.388471
v 0.185995 0.565865 -0.467457
v 0.242865 0.485941 -0.387464
v 0.310175 0.507733 -0.423636
v 0.331106 0.494403 -0.375127
v 0.386599 0.530079 -0.393123
v 0.304789 0.558271 -0.475442
v 0.023065 0.521154 -0.376303
v -0.054653 0.522669 -0.409666
v 0.024281 0.535780 -0.436648
v 0.042310 0.559731 -0.507846
v 0.131883 0.576536 -0.475877
v -0.140198 0.576164 -0.403216
v -0.112310 0.542088 -0.478416
v -0.059514 0.548237 -0.513676
v -0.212043 0.532667 -0.408105
v -0.358482 0.532893 -0.306367
v -0.394401 0.585664 -0.370089
v -0.336992 0.607164 -0.448195
v -0.273657 0.529635 -0.395929
v -0.257218 0.552229 -0.513371
v 0.185454 0.610638 -0.538043
v 0.243017 0.611549 -0.508953
v 0.339183 0.679392 -0.476233
v 0.032029 0.579291 -0.575226
v 0.040323 0.662893 -0.593193
v 0.125152 0.556379 -0.557995
v 0.110245 0.705898 -0.593365
v -0.023618 0.559248 -0.578138
v -0.180413 0.559353 -0.520856
v -0.142286 0.636307 -0.549088
v -0.053352 0.678000 -0.595271
v -0.285830 0.631511 -0.529685
v -0.191463 0.691519 -0.550328
v 0.388600 0.632300 -0.440004
v 0.383170 0.751984 -0.410873
v 0.440408 0.665471 -0.388015
v 0.082218 0.798858 -0.551575
v 0.133157 0.792387 -0.520163
v -0.109739 0.809835 -0.533934
v -0.038357 0.785408 -0.572150
v 0.319376 0.791072 -0.336238
v 0.377652 0.806254 -0.327979
v 0.285953 0.748695 -0.422039
v 0.186677 0.750904 -0.423172
v 0.219102 0.775478 -0.367137
v 0.213207 0.723547 -0.488699
v 0.037269 0.822395 -0.443556
v 0.096550 0.823349 -0.397051
v -0.037533 0.850761 -0.452530
v -0.191384 0.816234 -0.504819
v -0.167966 0.846704 -0.437501
v -0.102635 0.877301 -0.363714
v 0.029270 0.789941 -0.508880
v -0.375744 0.659457 -0.419660
v -0.380639 0.712112 -0.393812
v -0.307219 0.782927 -0.429643
v -0.239589 0.833156 -0.388445
v -0.305262 0.825109 -0.378139
v -0.353930 0.883657 -0.311568
v -0.400095 0.523464 -0.269638
v -0.459161 0.586341 -0.342663
v -0.472672 0.543305 -0.184275
v -0.514126 0.580785 -0.258468
v -0.527866 0.525411 -0.053780
v -0.450809 0.558056 -0.111033
v -0.492685 0.517325 -0.005441
v -0.543222 0.592468 -0.143937
v -0.558781 0.540261 0.029623
v -0.589931 0.602571 -0.055589
v -0.466284 0.530445 0.134903
v -0.413817 0.520284 0.219076
v -0.527385 0.529017 0.228638
v -0.467312 0.564244 0.068894
v -0.397055 0.581110 0.102270
v -0.393642 0.523459 -0.015093
v -0.386729 0.547478 0.307421
v -0.443265 0.564409 0.286599
v -0.459534 0.683290 -0.360999
v -0.566420 0.676161 -0.112432
v -0.568278 0.565615 0.131442
v -0.579208 0.620584 0.166996
v -0.541407 0.573572 0.259837
v -0.585021 0.644429 0.095968
v -0.533448 0.644320 -0.218288
v -0.457457 0.794013 -0.303556
v -0.474999 0.774133 -0.240800
v -0.541167 0.690042 -0.184912
v -0.491819 0.791098 -0.123379
v -0.586988 0.708635 -0.046087
v -0.500585 0.784052 -0.041347
v -0.552388 0.706092 0.107021
v -0.549333 0.684305 0.204180
v -0.494776 0.740355 0.169660
v -0.515898 0.735504 0.101746
v -0.511508 0.734418 0.291002
v -0.481614 0.793148 0.234137
v -0.448598 0.684637 0.383171
v -0.390018 0.757697 0.416025
v -0.404999 0.821939 0.351691
v -0.480773 0.644883 0.337391
v -0.422477 0.801450 -0.212805
v -0.315363 0.852715 -0.238840
v -0.410205 0.818180 -0.138276
v -0.361624 0.853990 -0.172211
v -0.421476 0.838246 -0.055751
v -0.454628 0.856627 0.004903
v -0.302851 0.890940 0.325045
v -0.382294 0.880739 0.232216
v -0.168929 0.557095 0.462896
v -0.261572 0.531879 0.473436
v -0.309487 0.504068 0.411633
v -0.312542 0.537181 0.336702
v -0.412747 0.563392 0.394188
v -0.195786 0.574183 0.549526
v -0.278264 0.562247 0.520503
v -0.124693 0.601117 0.492315
v -0.084303 0.579999 0.426226
v -0.053515 0.564234 0.526214
v 0.046724 0.614220 0.567273
v -0.005447 0.624001 0.581155
v 0.019417 0.517153 0.441000
v 0.121851 0.511862 0.480463
v 0.036548 0.530122 0.518818
v 0.198597 0.569223 0.533893
v 0.146179 0.634247 0.558978
v 0.154790 0.492017 0.367527
v 0.302103 0.554707 0.385864
v 0.198191 0.551852 0.450285
v 0.358536 0.547009 0.345621
v 0.348173 0.590115 0.424225
v 0.281583 0.553737 0.473688
v 0.262792 0.625720 0.526325
v 0.424175 0.569741 0.368849
v -0.214323 0.607459 0.570936
v -0.273894 0.659771 0.543232
v -0.333019 0.664953 0.495522
v -0.112752 0.576275 0.590444
v -0.146117 0.658017 0.592390
v -0.054773 0.703396 0.595271
v 0.085536 0.617593 0.570234
v 0.367743 0.627784 0.454182
v -0.330136 0.789587 0.453765
v -0.168217 0.730155 0.569918
v -0.153823 0.789858 0.526671
v -0.277105 0.734077 0.525832
v 0.056743 0.730713 0.573796
v 0.003498 0.768425 0.566353
v -0.077383 0.809400 0.547227
v 0.253495 0.672876 0.523371
v 0.189795 0.711241 0.533157
v 0.042439 0.842204 0.533474
v 0.407138 0.652350 0.427630
v 0.358426 0.707723 0.426271
v 0.439020 0.676215 0.386064
v 0.199527 0.781051 0.457884
v 0.296293 0.702180 0.490037
v -0.295069 0.804199 0.404218
v -0.013844 0.863438 0.482002
v -0.139022 0.805316 0.449422
v -0.241225 0.790245 0.477857
v -0.065897 0.843859 0.387628
v -0.181035 0.840583 0.344159
v -0.239817 0.846521 0.399238
v 0.103448 0.859212 0.496496
v 0.141134 0.847420 0.450098
v 0.467092 0.547606 0.306397
v 0.503030 0.639442 0.249126
v 0.407237 0.499841 0.282458
v 0.405893 0.487375 0.198696
v 0.490711 0.532021 0.163905
v 0.354057 0.496905 0.163738
v 0.464837 0.497250 0.042651
v 0.540290 0.530145 0.077603
v 0.450666 0.510150 0.098818
v 0.545775 0.567483 0.150619
v 0.364900 0.538871 0.015082
v 0.428021 0.512720 -0.067034
v 0.495832 0.525109 -0.110464
v 0.506563 0.549664 -0.051449
v 0.554222 0.574395 -0.054212
v 0.330909 0.475713 -0.286648
v 0.405508 0.510845 -0.335678
v 0.437093 0.510954 -0.243467
v 0.466340 0.528170 -0.304773
v 0.489236 0.545685 -0.193258
v 0.484496 0.628109 0.332096
v 0.566035 0.638440 0.137952
v 0.522457 0.688890 0.205843
v 0.552255 0.609712 -0.161384
v 0.585455 0.657031 -0.022223
v 0.581032 0.615533 0.007082
v 0.574477 0.681550 -0.087892
v 0.482263 0.662791 -0.345989
v 0.457454 0.758075 0.267588
v 0.423386 0.776774 0.342772
v 0.547631 0.775523 0.037749
v 0.589931 0.618056 0.084187
v 0.549113 0.766609 0.095388
v 0.542856 0.759870 -0.025677
v 0.549301 0.738057 -0.105831
v 0.502338 0.614292 -0.242787
v 0.546063 0.690747 -0.179478
v 0.434919 0.741606 -0.354399
v 0.372955 0.815120 0.352399
v 0.528371 0.754003 0.159718
v 0.449271 0.883639 0.178595
v 0.416097 0.898522 0.095329
v 0.447473 0.800580 -0.022143
v 0.347212 0.898442 0.010225
v 0.469171 0.789195 -0.220478
v 0.455422 0.748565 -0.138817
v 0.508192 0.741078 -0.208615
v 0.498869 0.703555 -0.278625
v 0.460894 0.791276 -0.299329
v 0.374745 0.819948 -0.203475
v 0.239303 0.518228 0.314012
v 0.257965 0.508366 0.216850
v 0.315394 0.486182 0.265736
v 0.154790 0.492017 0.367527
v 0.103203 0.523043 0.251299
v 0.181796 0.492181 0.283503
v 0.169208 0.493114 0.209213
v -0.196089 0.561208 0.404265
v -0.142901 0.542400 0.367743
v -0.044120 0.517449 0.392582
v -0.142901 0.542400 0.367743
v -0.086112 0.518942 0.299685
v -0.174302 0.534789 0.207368
v -0.268169 0.544243 0.226013
v -0.204909 0.524666 0.315991
v -0.356971 0.554397 0.237384
v -0.282131 0.523341 0.157165
v -0.268169 0.544243 0.226013
v -0.361975 0.555422 0.166358
v 0.201980 0.579594 0.106884
v 0.263691 0.564364 0.044612
v 0.295248 0.550307 0.080688
v 0.364900 0.538871 0.015082
v 0.362476 0.470295 0.091321
v -0.018113 0.525508 0.191658
v 0.018245 0.540232 0.121764
v 0.074976 0.521609 0.221774
v 0.152501 0.584648 0.072965
v 0.092350 0.553772 0.102611
v 0.109569 0.557098 0.017113
v 0.166643 0.550519 -0.016674
v -0.016851 0.520022 0.325092
v -0.107782 0.567982 0.156444
v -0.049795 0.556747 0.115241
v -0.209504 0.495166 0.104766
v -0.199859 0.498699 -0.001381
v -0.123631 0.509126 0.034949
v -0.282131 0.523341 0.157165
v -0.289831 0.476602 0.041829
v 0.192162 0.521237 -0.060985
v 0.318204 0.564604 -0.082251
v 0.273593 0.558357 -0.121448
v 0.318204 0.564604 -0.082251
v 0.184304 0.501596 -0.139417
v 0.419503 0.515330 -0.137370
v 0.273593 0.558357 -0.121448
v 0.230072 0.573094 -0.225378
v 0.105072 0.516740 -0.069091
v 0.053187 0.532230 -0.100951
v 0.112252 0.522221 -0.188519
v 0.019293 0.547191 -0.104492
v 0.138335 0.543205 -0.237972
v -0.116603 0.530766 -0.019133
v -0.186502 0.522167 -0.056465
v -0.095829 0.534515 -0.127361
v -0.046550 0.570592 -0.099368
v -0.011595 0.510433 -0.178299
v -0.233916 0.483736 -0.109082
v -0.110536 0.508949 -0.217432
v -0.218250 0.493885 -0.233145
v -0.350262 0.525358 -0.029996
v -0.304991 0.525259 -0.138876
v -0.304991 0.525259 -0.138876
v -0.349216 0.524093 -0.136078
v -0.342016 0.558888 -0.223406
v 0.230072 0.573094 -0.225378
v 0.254917 0.512215 -0.338629
v 0.303683 0.557804 -0.187086
v 0.360973 0.474803 -0.238284
v 0.043131 0.552895 -0.252753
v -0.094586 0.545273 -0.268978
v 0.169423 0.516014 -0.310506
v 0.102993 0.496941 -0.341996
v -0.035295 0.541404 -0.318914
v -0.094586 0.545273 -0.268978
v -0.218250 0.493885 -0.233145
v -0.175532 0.572692 -0.342021
v -0.280240 0.506625 -0.343535
v 0.345028 0.836815 -0.274132
v 0.215828 0.902369 -0.262343
v 0.299194 0.863011 -0.249844
v 0.167920 0.943078 -0.220482
v 0.250977 0.882054 -0.163341
v 0.156686 0.860835 -0.339839
v 0.073537 0.913695 -0.311575
v -0.000604 0.978650 -0.235962
v 0.079759 0.940425 -0.222187
v -0.011910 0.889170 -0.358429
v -0.154584 0.894327 -0.329787
v -0.119787 0.929114 -0.251415
v -0.039426 0.943151 -0.312576
v -0.233214 0.832675 -0.295890
v -0.178131 0.930586 -0.187093
v -0.276707 0.883553 -0.166796
v 0.320817 0.871316 -0.149116
v 0.309504 0.894644 -0.060427
v 0.377866 0.823712 -0.095282
v 0.238722 0.886914 -0.047006
v 0.266022 0.893730 0.005318
v 0.163219 0.919433 -0.138816
v 0.120387 0.954420 -0.113601
v 0.137669 0.895853 0.000036
v -0.042462 0.948020 -0.074396
v 0.004296 0.914038 -0.000848
v 0.078700 0.925406 -0.023589
v -0.121985 0.974354 -0.146321
v -0.009418 1.000000 -0.180446
v -0.208745 0.899957 -0.121585
v -0.151179 0.943962 -0.053742
v -0.088860 0.921803 0.009852
v -0.239200 0.967692 -0.009751
v -0.129256 0.893695 0.027402
v -0.330827 0.865713 -0.085639
v -0.271395 0.927161 -0.084413
v -0.323963 0.902116 -0.021544
v 0.211926 0.932680 0.037963
v 0.341260 0.891589 0.076892
v 0.279529 0.880316 0.112357
v 0.184029 0.914852 0.088747
v 0.218510 0.862461 0.213633
v 0.354690 0.877488 0.215750
v 0.290149 0.869290 0.204208
v 0.045549 0.932036 0.064696
v 0.114698 0.972679 0.140920
v 0.194799 0.895511 0.188099
v 0.082138 0.961520 0.220030
v -0.048825 0.932857 0.084089
v -0.290445 0.944876 0.033450
v -0.209614 0.912100 0.103737
v 0.022455 0.926417 0.114458
v -0.128654 0.966154 0.131039
v -0.180379 0.951175 0.187587
v -0.079459 0.955711 0.180513
v -0.368439 0.912620 0.066341
v -0.427773 0.869519 0.072333
v -0.363779 0.847254 0.137276
v -0.329511 0.880138 0.186268
v -0.249651 0.888657 0.161150
v -0.214934 0.957917 0.239581
v 0.253631 0.892641 0.290641
v 0.292475 0.885183 0.332257
v 0.380998 0.805919 0.300207
v 0.102863 0.880636 0.298126
v 0.163469 0.826125 0.364819
v 0.083100 0.832137 0.413222
v -0.101175 0.945661 0.284163
v -0.014122 0.975940 0.227195
v -0.021719 0.905041 0.327326
v -0.216275 0.889480 0.293746
v -0.308924 0.907803 0.273538
v 0.092350 0.553772 0.102611
v 0.018245 0.540232 0.121764
v 0.018245 0.540232 0.121764
v -0.049795 0.556747 0.115241
v -0.021281 0.248754 0.090690
v -0.287129 0.730339 -0.510518
v -0.398549 0.553390 -0.172528
v -0.350262 0.525358 -0.029996
v -0.575592 0.661229 0.017296
v -0.347355 0.594129 0.458954
v -0.467667 0.796017 0.121012
v -0.204909 0.524666 0.315991
v -0.044120 0.517449 0.392582
v 0.101916 0.503997 0.394600
v 0.032755 0.868119 0.380022
v 0.306572 0.786270 0.405538
v 0.380409 0.505159 -0.188390
v 0.239303 0.518228 0.314012
v 0.257965 0.508366 0.216850
v 0.042030 0.501664 0.355262
v 0.042030 0.501664 0.355262
v 0.261220 0.552520 0.162308
v 0.261220 0.552520 0.162308
v 0.295248 0.550307 0.080688
v -0.289831 0.476602 0.041829
v 0.303683 0.557804 -0.187086
v -0.035295 0.541404 -0.318914
v 0.102993 0.496941 -0.341996
v 0.169423 0.516014 -0.310506
v 0.076965 0.980936 -0.158756
v 0.018211 0.956383 0.268734
v 0.402241 0.116667 0.044867
v 0.421124 0.108177 -0.053158
v 0.356071 0.143632 -0.063356
v 0.278037 0.017454 0.004895
v 0.345063 0.020340 -0.053190
v 0.365288 0.046405 0.032118
v 0.428636 0.061269 -0.112608
v 0.397875 0.138102 -0.120971
v 0.242078 0.126875 -0.054952
v 0.307973 0.128666 0.002022
v 0.303147 0.142434 -0.148524
v 0.252913 0.037481 -0.130944
v 0.227799 0.023718 -0.040074
v 0.210165 0.042147 -0.104692
v 0.252913 0.037481 -0.130944
v 0.360730 0.008986 -0.127488
v 0.379192 0.046048 -0.178529
v 0.372349 0.093955 -0.205061
v 0.213745 0.100363 -0.135421
v 0.124517 0.129468 -0.056527
v 0.032318 0.097099 0.009982
v 0.015856 0.084469 -0.027275
v 0.011102 0.063365 0.026095
v 0.146754 0.062853 -0.100160
v 0.283111 0.028412 -0.200174
v 0.317366 0.113642 -0.260095
v 0.287103 0.155014 -0.210620
v 0.337929 0.059013 -0.257666
v 0.125792 0.103669 -0.117236
v 0.029912 0.082577 -0.129103
v 0.083723 0.108678 -0.007759
v 0.147018 0.030763 -0.190927
v 0.210930 0.035237 -0.242204
v 0.283331 0.052097 -0.302781
v 0.250432 0.123207 -0.340357
v 0.246262 0.146445 -0.263844
v 0.186233 0.120776 -0.192052
v 0.052835 0.097113 -0.179562
v 0.230271 0.061076 -0.333342
v 0.156700 0.089656 -0.384608
v 0.116793 0.134789 -0.383492
v 0.158959 0.141362 -0.306341
v 0.015856 0.084469 -0.027275
v 0.005663 0.074347 -0.085982
v 0.068968 0.062197 -0.038492
v 0.094122 0.012714 -0.228889
v 0.082234 0.054274 -0.139211
v 0.142184 0.026460 -0.329299
v 0.032234 0.138493 -0.271333
v 0.135134 0.145691 -0.234908
v 0.087665 0.161874 -0.325667
v 0.108546 0.060241 -0.388290
v 0.038746 0.075544 -0.411007
v 0.094122 0.012714 -0.228889
v 0.049625 0.010642 -0.293017
v 0.042158 0.030281 -0.351889
v 0.015153 0.154537 -0.351290
v -0.019922 0.133584 -0.214650
v -0.037098 0.069638 -0.040919
v 0.011590 0.077565 -0.152164
v 0.013331 0.029300 -0.218286
v -0.060045 0.047290 -0.302760
v 0.049625 0.010642 -0.293017
v -0.060045 0.047290 -0.302760
v -0.096061 0.050236 -0.370313
v -0.018935 0.048024 -0.397723
v -0.031637 0.095995 -0.400144
v -0.076854 0.110254 -0.363720
v -0.147684 0.084966 -0.397837
v -0.097601 0.141694 -0.171248
v -0.033106 0.105136 -0.118975
v -0.070274 0.130045 -0.251034
v -0.123874 0.030033 -0.212265
v -0.136650 0.046680 -0.290006
v -0.065154 0.038247 -0.213498
v -0.136650 0.046680 -0.290006
v -0.214845 0.081007 -0.359674
v -0.185801 0.110236 -0.321458
v -0.131568 0.105938 -0.302831
v -0.206999 0.055169 -0.325193
v -0.166507 0.133261 -0.168779
v -0.100616 0.119954 -0.104174
v -0.026436 0.106795 -0.034823
v -0.112046 0.122243 -0.047980
v -0.087818 0.060941 -0.145595
v -0.211288 0.056296 -0.258581
v -0.292298 0.101677 -0.317824
v -0.274439 0.147013 -0.284210
v -0.198376 0.119018 -0.249089
v -0.138851 0.075384 -0.082188
v -0.148212 0.064320 -0.154782
v -0.216177 0.053392 -0.191898
v -0.292593 0.055253 -0.296155
v -0.211288 0.056296 -0.258581
v -0.227324 0.041909 -0.113925
v -0.289609 0.042513 -0.200028
v -0.237800 0.137619 -0.179946
v -0.190189 0.134803 -0.095321
v -0.366371 0.048537 -0.160278
v -0.387830 0.098220 -0.115668
v -0.376151 0.074075 -0.211489
v -0.289185 0.166941 -0.102600
v -0.311433 0.139346 -0.196599
v -0.099430 0.045388 -0.010017
v -0.223167 0.043417 -0.029839
v -0.296784 0.027665 -0.113690
v -0.289609 0.042513 -0.200028
v -0.296784 0.027665 -0.113690
v -0.211066 0.146656 -0.040305
v -0.023977 0.107417 0.022587
v -0.381790 0.040289 -0.080769
v -0.302398 0.140967 -0.022844
v -0.014741 0.073802 0.003803
v -0.436184 0.108951 -0.013095
v -0.358224 0.129751 -0.085709
v -0.388352 0.138344 0.022240
v -0.014741 0.073802 0.003803
v -0.171748 0.023521 0.032297
v -0.330278 0.139818 0.030651
v -0.238849 0.153200 0.072765
v -0.241773 0.029474 0.074211
v -0.335401 0.040891 0.048446
v -0.431007 0.062825 0.031267
v -0.393160 0.097298 0.106548
v -0.352902 0.118078 0.172531
v -0.337888 0.114337 0.102384
v -0.334124 0.048387 0.147036
v -0.335401 0.040891 0.048446
v -0.334124 0.048387 0.147036
v -0.372166 0.053971 0.096035
v -0.385841 0.086011 0.159211
v -0.266087 0.148748 0.130405
v -0.095758 0.041286 0.043703
v -0.173050 0.024119 0.111522
v -0.257787 0.155133 0.175661
v -0.158137 0.136436 0.101359
v 0.011102 0.063365 0.026095
v -0.266184 0.133279 0.260996
v -0.134669 0.117736 0.203223
v -0.275602 0.025119 0.140309
v -0.225262 0.040863 0.198758
v -0.288188 0.049087 0.210999
v -0.307453 0.066373 0.255903
v -0.341426 0.092204 0.228072
v -0.274288 0.105142 0.323837
v -0.086494 0.128891 0.136230
v -0.093620 0.121772 0.064214
v -0.042297 0.063703 0.087112
v -0.181178 0.045061 0.242841
v -0.225262 0.040863 0.198758
v -0.258375 0.053338 0.303747
v -0.191606 0.133449 0.248081
v -0.181178 0.045061 0.242841
v -0.246705 0.084007 0.344160
v -0.188653 0.139317 0.328769
v -0.172851 0.083534 0.381423
v -0.187351 0.045057 0.314077
v -0.126713 0.157262 0.323008
v -0.107567 0.070476 0.416388
v -0.034679 0.134740 0.223610
v -0.003437 0.129196 0.157900
v -0.027222 0.099590 0.078962
v -0.013430 0.161151 0.368624
v -0.105295 0.031140 0.358272
v -0.015834 0.045083 0.408850
v -0.055077 0.176341 0.288667
v 0.022940 0.147600 0.274376
v 0.041574 0.020782 0.180618
v -0.066464 0.042034 0.188580
v 0.017796 0.020908 0.252258
v 0.011464 0.028065 0.347774
v -0.061349 0.029816 0.314470
v -0.061349 0.029816 0.314470
v -0.044427 0.108793 0.435719
v 0.034788 0.071443 0.119113
v 0.090680 0.019762 0.280972
v 0.050633 0.104041 0.444226
v 0.073428 0.042543 0.402078
v 0.101464 0.125756 0.348853
v 0.061426 0.110357 0.120657
v 0.011464 0.028065 0.347774
v 0.115374 0.034577 0.343041
v 0.131641 0.150388 0.275233
v 0.138197 0.085890 0.411411
v 0.169159 0.118090 0.344667
v 0.207845 0.088521 0.386622
v 0.066653 0.154832 0.196466
v 0.114425 0.138286 0.125250
v 0.115165 0.031444 0.119421
v 0.128915 0.009841 0.204424
v 0.240631 0.000000 0.204213
v 0.217973 0.013778 0.272277
v 0.168364 0.051673 0.372366
v 0.245532 0.058386 0.334713
v 0.315363 0.099649 0.280122
v 0.235433 0.109558 0.313246
v 0.257424 0.147584 0.258360
v 0.163234 0.144138 0.205935
v 0.076463 0.070529 0.050418
v 0.200591 0.021192 0.142256
v 0.263661 0.138742 0.158803
v 0.217973 0.013778 0.272277
v 0.324387 0.043708 0.273762
v 0.308544 0.131408 0.224595
v 0.240631 0.000000 0.204213
v 0.366940 0.111357 0.194291
v 0.352304 0.055563 0.203131
v 0.336412 0.126022 0.147346
v 0.149587 0.109837 0.044574
v 0.046165 0.101697 0.066355
v 0.168259 0.039459 0.054242
v 0.411458 0.095657 0.123866
v 0.338838 0.140754 0.073930
v 0.275584 0.041437 0.128353
v 0.268811 0.034137 0.071972
v 0.349535 0.038243 0.123973
v 0.401097 0.066407 0.073829
v 0.251128 0.131922 0.063702
v 0.209925 0.116696 -0.006219
v 0.198493 0.039108 -0.006072
v 0.268811 0.034137 0.071972
v 0.131332 0.041610 0.002937
v 0.278037 0.017454 0.004895
v 0.406007 0.072387 -0.006496
v 0.147018 0.030763 -0.190927
v -0.336101 0.090062 -0.249322
v -0.141380 0.141844 0.017812
v -0.312394 0.051887 -0.007245
v -0.312394 0.051887 -0.007245
v -0.275602 0.025119 0.140309
v -0.126964 0.049141 0.153501
v -0.100478 0.055647 0.252402
v -0.100478 0.055647 0.252402
v 0.115374 0.034577 0.343041
v 0.196961 0.124064 0.121666
v 0.275584 0.041437 0.128353
vt 0.790126 0.961519
vt 0.820141 0.979261
vt 0.826617 0.914039
vt 0.842441 0.973791
vt 0.843003 0.939689
vt 0.875552 0.988025
vt 0.857629 0.923364
vt 0.913692 0.921577
vt 0.897534 0.909643
vt 0.893581 0.951235
vt 0.670821 0.925844
vt 0.688442 0.954963
vt 0.684565 0.909470
vt 0.701451 0.910600
vt 0.725532 0.972707
vt 0.746366 0.977639
vt 0.719517 0.942228
vt 0.758685 0.926845
vt 0.731175 0.889516
vt 0.769041 0.961547
vt 0.784094 0.994718
vt 0.808154 0.985570
vt 0.796301 0.894795
vt 0.817065 0.839873
vt 0.791271 0.798858
vt 0.774153 0.890915
vt 0.748250 0.852722
vt 0.785229 0.799077
vt 0.761081 0.799157
vt 0.752900 0.893893
vt 0.733460 0.806307
vt 0.721662 0.842400
vt 0.699310 0.857733
vt 0.705319 0.812769
vt 0.985857 0.820836
vt 0.953025 0.802864
vt 0.955793 0.857664
vt 0.929439 0.863742
vt 0.926608 0.905575
vt 0.944047 0.905480
vt 0.928984 0.798975
vt 0.914683 0.831228
vt 0.904945 0.879542
vt 0.899658 0.795779
vt 0.897191 0.835133
vt 0.871159 0.885085
vt 0.881119 0.858596
vt 0.884448 0.922671
vt 0.869016 0.796117
vt 0.857324 0.845656
vt 0.837851 0.876918
vt 0.828117 0.795779
vt 0.846672 0.796202
vt 0.808283 0.796185
vt 0.819739 0.882890
vt 0.661548 0.473713
vt 0.626731 0.496861
vt 0.674549 0.540466
vt 0.658251 0.568619
vt 0.674339 0.589254
vt 0.655137 0.606642
vt 0.633310 0.557611
vt 0.589732 0.377626
vt 0.536795 0.354509
vt 0.581917 0.396436
vt 0.573859 0.422410
vt 0.615742 0.468228
vt 0.475326 0.334657
vt 0.496060 0.368204
vt 0.522609 0.389657
vt 0.431411 0.336070
vt 0.313530 0.345257
vt 0.329553 0.375079
vt 0.377666 0.378998
vt 0.390491 0.338968
vt 0.427064 0.370807
vt 0.592838 0.502111
vt 0.606436 0.526667
vt 0.597020 0.577671
vt 0.552570 0.438164
vt 0.534281 0.460540
vt 0.585579 0.466428
vt 0.546544 0.490309
vt 0.535562 0.419657
vt 0.461324 0.377863
vt 0.474059 0.409071
vt 0.501961 0.440478
vt 0.413356 0.394544
vt 0.448690 0.420938
vt 0.617337 0.598381
vt 0.579642 0.611830
vt 0.611537 0.628429
vt 0.519756 0.506285
vt 0.528488 0.523821
vt 0.457856 0.469299
vt 0.485845 0.473083
vt 0.545167 0.616655
vt 0.554363 0.635213
vt 0.562244 0.582562
vt 0.538299 0.559719
vt 0.531600 0.583145
vt 0.563231 0.542452
vt 0.486052 0.525171
vt 0.495865 0.551089
vt 0.461622 0.509502
vt 0.429397 0.461726
vt 0.421247 0.485488
vt 0.424587 0.519839
vt 0.497125 0.502407
vt 0.357424 0.398324
vt 0.349496 0.418001
vt 0.380040 0.445369
vt 0.390288 0.478312
vt 0.369290 0.464783
vt 0.341123 0.480239
vt 0.280643 0.354103
vt 0.300733 0.386612
vt 0.225314 0.388309
vt 0.259258 0.400631
vt 0.159634 0.445900
vt 0.183002 0.400322
vt 0.132873 0.451637
vt 0.208849 0.429738
vt 0.141130 0.482741
vt 0.182696 0.467743
vt 0.087553 0.527714
vt 0.060388 0.575923
vt 0.098386 0.568450
vt 0.100853 0.492152
vt 0.067435 0.502000
vt 0.110709 0.422036
vt 0.059955 0.636383
vt 0.079483 0.614153
vt 0.313256 0.415463
vt 0.217889 0.464818
vt 0.125466 0.528596
vt 0.137787 0.549865
vt 0.109363 0.583761
vt 0.156812 0.528112
vt 0.247611 0.428357
vt 0.308234 0.454828
vt 0.285456 0.463169
vt 0.243985 0.449656
vt 0.255412 0.494558
vt 0.205541 0.491737
vt 0.233741 0.516812
vt 0.174224 0.544869
vt 0.150976 0.575326
vt 0.180088 0.577915
vt 0.188307 0.552199
vt 0.151101 0.616394
vt 0.179748 0.608791
vt 0.128769 0.656531
vt 0.156584 0.682324
vt 0.179152 0.659829
vt 0.115964 0.631108
vt 0.294323 0.485297
vt 0.334603 0.506499
vt 0.282735 0.508941
vt 0.307141 0.514130
vt 0.263378 0.531668
vt 0.244865 0.547539
vt 0.218834 0.675474
vt 0.216600 0.633033
vt 0.092953 0.809487
vt 0.089460 0.758007
vt 0.063186 0.720106
vt 0.044367 0.679501
vt 0.087177 0.670190
vt 0.125519 0.801070
vt 0.109478 0.759188
vt 0.123370 0.839113
vt 0.111993 0.867398
vt 0.161844 0.869954
vt 0.223087 0.880785
vt 0.202724 0.862112
vt 0.180622 0.930973
vt 0.251383 0.943034
vt 0.204580 0.909900
vt 0.293507 0.923006
vt 0.272019 0.893825
vt 0.293776 0.995120
vt 0.395783 0.961647
vt 0.309492 0.954691
vt 0.434143 0.944336
vt 0.393684 0.931433
vt 0.350454 0.938515
vt 0.327742 0.910502
vt 0.438747 0.919416
vt 0.137001 0.788906
vt 0.142207 0.756097
vt 0.131910 0.725053
vt 0.160005 0.833136
vt 0.169758 0.805507
vt 0.205733 0.826286
vt 0.241471 0.887969
vt 0.387541 0.912635
vt 0.171462 0.707743
vt 0.184034 0.783647
vt 0.206057 0.770823
vt 0.163460 0.743109
vt 0.248628 0.850046
vt 0.238587 0.826043
vt 0.226471 0.793276
vt 0.326315 0.893206
vt 0.302618 0.873824
vt 0.265773 0.814143
vt 0.405602 0.899014
vt 0.386405 0.880442
vt 0.424807 0.886159
vt 0.327060 0.842938
vt 0.350057 0.885221
vt 0.190494 0.701856
vt 0.261132 0.788299
vt 0.226459 0.753010
vt 0.190829 0.736100
vt 0.263712 0.751756
vt 0.239272 0.716256
vt 0.212512 0.711901
vt 0.290398 0.816628
vt 0.310159 0.815555
vt 0.474434 0.912586
vt 0.492716 0.871875
vt 0.490604 0.934700
vt 0.532951 0.926047
vt 0.548272 0.885013
vt 0.555264 0.939292
vt 0.613975 0.855628
vt 0.581121 0.849764
vt 0.584427 0.882477
vt 0.547468 0.860630
vt 0.656228 0.868186
vt 0.662521 0.795840
vt 0.646827 0.765116
vt 0.627108 0.795442
vt 0.611253 0.785368
vt 0.696507 0.629758
vt 0.665963 0.633832
vt 0.673557 0.684554
vt 0.656071 0.664765
vt 0.652030 0.719765
vt 0.458764 0.889737
vt 0.536766 0.837851
vt 0.499397 0.846641
vt 0.616900 0.736657
vt 0.576623 0.784575
vt 0.581605 0.802409
vt 0.581974 0.758133
vt 0.611809 0.651723
vt 0.456728 0.841609
vt 0.424464 0.849768
vt 0.527996 0.779936
vt 0.558603 0.825793
vt 0.516779 0.798458
vt 0.544356 0.762749
vt 0.566514 0.742413
vt 0.626256 0.696868
vt 0.591155 0.720942
vt 0.584989 0.638330
vt 0.405418 0.838850
vt 0.500565 0.818673
vt 0.460440 0.790944
vt 0.467112 0.761778
vt 0.515748 0.740559
vt 0.467953 0.725865
vt 0.561945 0.684674
vt 0.549693 0.712545
vt 0.578322 0.699499
vt 0.597839 0.678106
vt 0.570568 0.660201
vt 0.528681 0.672177
vt 0.410792 0.995121
vt 0.504099 0.994340
vt 0.488901 0.967458
vt 0.303500 0.187230
vt 0.251141 0.184003
vt 0.276872 0.209565
vt 0.248739 0.216171
vt 0.062911 0.791828
vt 0.055058 0.827012
vt 0.282739 0.110152
vt 0.260284 0.075871
vt 0.242454 0.107389
vt 0.195488 0.085738
vt 0.191031 0.047491
vt 0.232399 0.059172
vt 0.038827 0.598586
vt 0.010865 0.538231
vt 0.004903 0.617172
vt 0.044195 0.544120
vt 0.205235 0.246112
vt 0.189278 0.277537
vt 0.207787 0.285580
vt 0.192390 0.320755
vt 0.597855 0.912847
vt 0.211892 0.147905
vt 0.188066 0.170985
vt 0.235277 0.178770
vt 0.187284 0.230740
vt 0.190814 0.202021
vt 0.160170 0.220295
vt 0.154419 0.246808
vt 0.261521 0.129653
vt 0.183889 0.119335
vt 0.174872 0.145897
vt 0.147105 0.083528
vt 0.108104 0.101057
vt 0.131266 0.127161
vt 0.162017 0.049440
vt 0.036230 0.447084
vt 0.138351 0.263081
vt 0.721100 0.770542
vt 0.126407 0.305377
vt 0.148199 0.315631
vt 0.108757 0.268528
vt 0.679821 0.743875
vt 0.743678 0.732501
vt 0.078201 0.302747
vt 0.123904 0.230767
vt 0.104742 0.215415
vt 0.080262 0.250770
vt 0.098001 0.202471
vt 0.061000 0.265486
vt 0.112346 0.138692
vt 0.089655 0.117968
vt 0.073894 0.160757
vt 0.093848 0.176763
vt 0.062951 0.199224
vt 0.061456 0.104032
vt 0.036414 0.165919
vt 0.016914 0.126491
vt 0.074271 0.048009
vt 0.038537 0.078182
vt 0.218626 0.313901
vt 0.203090 0.343492
vt 0.267908 0.330089
vt 0.749176 0.608282
vt 0.699283 0.560302
vt 0.740497 0.676851
vt 0.698178 0.663168
vt 0.040477 0.231928
vt 0.015787 0.181925
vt 0.035571 0.287332
vt 0.659400 0.425085
vt 0.543170 0.312402
vt 0.479094 0.277455
vt 0.351803 0.275940
vt 0.443335 0.309335
vt 0.366059 0.324376
vt 0.531863 0.643469
vt 0.488474 0.620010
vt 0.512326 0.640840
vt 0.463653 0.622312
vt 0.480448 0.657714
vt 0.494718 0.582896
vt 0.461508 0.574936
vt 0.421782 0.582160
vt 0.444110 0.600850
vt 0.450132 0.541934
vt 0.402492 0.519161
vt 0.393943 0.548894
vt 0.427829 0.553229
vt 0.371308 0.503606
vt 0.364805 0.554086
vt 0.331014 0.535065
vt 0.497156 0.675582
vt 0.473641 0.698736
vt 0.509618 0.705083
vt 0.451142 0.687778
vt 0.447184 0.708660
vt 0.448549 0.646607
vt 0.428751 0.640371
vt 0.412169 0.679033
vt 0.375901 0.618139
vt 0.373488 0.649060
vt 0.399378 0.658265
vt 0.372567 0.580081
vt 0.407997 0.595654
vt 0.340556 0.562094
vt 0.343606 0.597552
vt 0.346273 0.631087
vt 0.310829 0.589260
vt 0.329852 0.627509
vt 0.295029 0.542169
vt 0.315948 0.561511
vt 0.286823 0.565299
vt 0.422902 0.706340
vt 0.450864 0.743397
vt 0.425906 0.742962
vt 0.404108 0.714543
vt 0.387156 0.762740
vt 0.427070 0.788045
vt 0.410858 0.772360
vt 0.372265 0.675221
vt 0.369895 0.711671
vt 0.384621 0.746713
vt 0.345999 0.726477
vt 0.340608 0.659946
vt 0.288231 0.592111
vt 0.291512 0.629527
vt 0.354602 0.681627
vt 0.307910 0.660069
vt 0.283750 0.663736
vt 0.312304 0.682425
vt 0.259991 0.584436
vt 0.239305 0.572459
vt 0.236264 0.605152
vt 0.239348 0.628362
vt 0.267313 0.636810
vt 0.265017 0.671464
vt 0.384668 0.792284
vt 0.388223 0.810099
vt 0.423278 0.828502
vt 0.336259 0.763752
vt 0.337716 0.801537
vt 0.304534 0.791216
vt 0.285768 0.706531
vt 0.320664 0.708072
vt 0.294297 0.739207
vt 0.245444 0.690914
vt 0.230115 0.660389
vt 0.908421 0.985898
vt 0.934156 0.970896
vt 0.659035 0.978126
vt 0.682883 0.989792
vt 0.677511 0.872818
vt 0.408458 0.426098
vt 0.224652 0.358048
vt 0.108331 0.401086
vt 0.179303 0.504954
vt 0.102774 0.713902
vt 0.206824 0.574118
vt 0.015574 0.736583
vt 0.127473 0.917348
vt 0.242669 0.972482
vt 0.298513 0.767508
vt 0.372135 0.848701
vt 0.699226 0.700661
vt 0.297030 0.228828
vt 0.261740 0.248868
vt 0.190527 0.973765
vt 0.282318 0.147199
vt 0.561179 0.982120
vt 0.235460 0.261253
vt 0.614007 0.948479
vt 0.114053 0.060191
vt 0.104686 0.325466
vt 0.004979 0.211245
vt 0.011406 0.269478
vt 0.708467 0.509052
vt 0.426332 0.618186
vt 0.320230 0.726783
vt 0.727693 0.362544
vt 0.761262 0.374276
vt 0.769359 0.347453
vt 0.731056 0.445171
vt 0.764474 0.421724
vt 0.722702 0.401844
vt 0.783720 0.389904
vt 0.786091 0.363975
vt 0.776017 0.307390
vt 0.749523 0.326965
vt 0.804986 0.337329
vt 0.499639 0.045595
vt 0.461917 0.047196
vt 0.486254 0.060513
vt 0.836234 0.447099
vt 0.801108 0.412346
vt 0.813719 0.391867
vt 0.819286 0.372995
vt 0.808374 0.303014
vt 0.787907 0.266761
vt 0.773377 0.226866
vt 0.794678 0.225322
vt 0.782453 0.217321
vt 0.479036 0.085894
vt 0.849723 0.412002
vt 0.843472 0.358564
vt 0.828283 0.338122
vt 0.844601 0.379496
vt 0.811595 0.271972
vt 0.826408 0.239550
vt 0.775380 0.246791
vt 0.516555 0.091587
vt 0.895187 0.397795
vt 0.870782 0.372580
vt 0.875621 0.342494
vt 0.850255 0.330660
vt 0.831916 0.300552
vt 0.841762 0.252715
vt 0.891729 0.358848
vt 0.910090 0.326649
vt 0.906327 0.305342
vt 0.875589 0.307293
vt 0.441196 0.132983
vt 0.462782 0.140492
vt 0.449217 0.111296
vt 0.530072 0.115231
vt 0.490240 0.113727
vt 0.930364 0.351325
vt 0.878823 0.257957
vt 0.855006 0.289782
vt 0.891244 0.284886
vt 0.929461 0.317856
vt 0.937777 0.288284
vt 0.953265 0.387823
vt 0.974345 0.335671
vt 0.960933 0.309181
vt 0.908907 0.264125
vt 0.866936 0.231968
vt 0.442319 0.154661
vt 0.488344 0.143110
vt 0.519661 0.146925
vt 0.545907 0.183581
vt 0.552047 0.137563
vt 0.995009 0.256192
vt 0.970626 0.234026
vt 0.953565 0.269974
vt 0.940195 0.256568
vt 0.929287 0.233895
vt 0.950384 0.212818
vt 0.860421 0.197909
vt 0.832466 0.215187
vt 0.886413 0.218829
vt 0.505490 0.200679
vt 0.534646 0.212494
vt 0.510634 0.177702
vt 0.995006 0.201565
vt 0.951688 0.179481
vt 0.928813 0.186217
vt 0.914522 0.204367
vt 0.968379 0.173097
vt 0.866834 0.173416
vt 0.835089 0.188919
vt 0.802622 0.205823
vt 0.815253 0.178034
vt 0.480218 0.181469
vt 0.515318 0.239345
vt 0.937631 0.145727
vt 0.917225 0.149969
vt 0.900382 0.173953
vt 0.451320 0.196626
vt 0.478448 0.206012
vt 0.488683 0.235478
vt 0.950023 0.134303
vt 0.986096 0.145626
vt 0.456516 0.235116
vt 0.948704 0.087303
vt 0.878555 0.149078
vt 0.841629 0.156122
vt 0.905733 0.073787
vt 0.875962 0.078636
vt 0.912258 0.095713
vt 0.855434 0.121096
vt 0.893901 0.122995
vt 0.423461 0.176967
vt 0.423334 0.227033
vt 0.451271 0.262550
vt 0.486074 0.264986
vt 0.914975 0.039016
vt 0.823126 0.141296
vt 0.776904 0.201023
vt 0.877118 0.049982
vt 0.826563 0.106652
vt 0.426957 0.141969
vt 0.836628 0.061376
vt 0.858590 0.091890
vt 0.817466 0.073254
vt 0.788604 0.211738
vt 0.401111 0.202240
vt 0.807693 0.090716
vt 0.783068 0.117984
vt 0.380110 0.226432
vt 0.825871 0.005981
vt 0.823443 0.041984
vt 0.787335 0.049279
vt 0.755662 0.062051
vt 0.781995 0.073565
vt 0.345325 0.258457
vt 0.383930 0.265038
vt 0.750695 0.021482
vt 0.792587 0.027138
vt 0.763901 0.045156
vt 0.764252 0.101806
vt 0.402777 0.171162
vt 0.370459 0.196573
vt 0.746551 0.100562
vt 0.763860 0.145058
vt 0.419141 0.130067
vt 0.715242 0.090264
vt 0.723759 0.144878
vt 0.720046 0.007411
vt 0.682398 0.024175
vt 0.709968 0.036438
vt 0.708500 0.056555
vt 0.730331 0.056704
vt 0.690866 0.083044
vt 0.742835 0.168588
vt 0.770079 0.172405
vt 0.389952 0.145596
vt 0.318541 0.188671
vt 0.331971 0.209574
vt 0.679445 0.066000
vt 0.712490 0.119428
vt 0.648524 0.044748
vt 0.676058 0.085783
vt 0.681346 0.114550
vt 0.651999 0.107514
vt 0.648554 0.075219
vt 0.677784 0.137871
vt 0.630142 0.127643
vt 0.705789 0.180498
vt 0.724910 0.197733
vt 0.757151 0.196681
vt 0.650429 0.174989
vt 0.615217 0.106252
vt 0.596277 0.154116
vt 0.680825 0.168097
vt 0.678797 0.198613
vt 0.357892 0.103491
vt 0.347636 0.146538
vt 0.328621 0.107624
vt 0.290968 0.103100
vt 0.298666 0.133977
vt 0.590835 0.102612
vt 0.624442 0.156475
vt 0.387112 0.113264
vt 0.322910 0.076863
vt 0.612977 0.189945
vt 0.587088 0.198020
vt 0.640540 0.220369
vt 0.732768 0.225026
vt 0.569334 0.155289
vt 0.567877 0.231801
vt 0.665794 0.238890
vt 0.607046 0.226627
vt 0.634480 0.246012
vt 0.613750 0.255680
vt 0.701390 0.221465
vt 0.722398 0.245301
vt 0.388874 0.079097
vt 0.355852 0.067166
vt 0.364166 0.023545
vt 0.335493 0.027715
vt 0.593351 0.248490
vt 0.614328 0.286823
vt 0.646722 0.310519
vt 0.636445 0.276812
vt 0.661762 0.286889
vt 0.688626 0.256478
vt 0.415105 0.102449
vt 0.386727 0.044070
vt 0.697131 0.298211
vt 0.590620 0.315207
vt 0.633921 0.326054
vt 0.670036 0.309836
vt 0.607278 0.360827
vt 0.675577 0.336506
vt 0.657751 0.350795
vt 0.695314 0.327223
vt 0.749411 0.265257
vt 0.753225 0.225556
vt 0.419515 0.064440
vt 0.698294 0.359331
vt 0.722050 0.333619
vt 0.653794 0.397185
vt 0.685566 0.424821
vt 0.679097 0.382800
vt 0.711502 0.378056
vt 0.732170 0.301471
vt 0.761265 0.291816
vt 0.445934 0.057214
vt 0.420688 0.023947
vt 0.437493 0.082457
vt 0.448379 0.024055
vt 0.742529 0.387060
vt 0.921748 0.416223
vt 0.924063 0.115681
vt 0.793656 0.159072
vt 0.407712 0.260332
vt 0.859288 0.009862
vt 0.351573 0.234170
vt 0.357161 0.173309
vt 0.320071 0.156322
vt 0.606293 0.061997
vt 0.299738 0.062745
vt 0.716908 0.276327
vt 0.399799 0.015455
vn -0.201783 -0.146159 -0.968463
vn -0.164636 -0.753029 -0.637058
vn 0.511551 -0.097356 -0.853720
vn 0.484250 -0.860792 -0.156651
vn 0.863027 -0.169086 -0.476019
vn 0.660294 -0.696935 0.279810
vn 0.990077 -0.130925 -0.051044
vn 0.243671 -0.082434 0.966348
vn 0.602993 -0.038550 0.796815
vn 0.762680 -0.245256 0.598471
vn 0.243671 -0.082434 0.966348
vn -0.325897 -0.245140 0.913070
vn -0.083841 0.017897 0.996318
vn -0.534848 0.028991 0.844451
vn -0.547559 -0.761450 0.346948
vn -0.349024 -0.844551 -0.406099
vn -0.861171 -0.104359 0.497488
vn -0.827692 0.006588 -0.561144
vn -0.972366 0.089393 0.215669
vn -0.538914 -0.023228 -0.842041
vn -0.059499 -0.983028 -0.173537
vn -0.174990 -0.895657 -0.408873
vn -0.094157 0.006775 -0.995534
vn 0.390007 0.089775 -0.916425
vn -0.013404 0.099586 -0.994939
vn -0.534893 -0.054012 -0.843192
vn -0.870371 0.055462 -0.489263
vn -0.440131 0.062538 -0.895753
vn -0.689343 0.035499 -0.723565
vn -0.869273 0.001560 -0.494329
vn -0.943584 0.058082 -0.326000
vn -0.969801 0.176111 0.168731
vn -0.555944 0.169136 0.813830
vn -0.856515 0.197965 0.476646
vn -0.856515 0.197965 0.476646
vn -0.319326 0.149050 0.935850
vn -0.555944 0.169136 0.813830
vn -0.026151 0.107954 0.993812
vn -0.083841 0.017897 0.996318
vn -0.534848 0.028991 0.844451
vn 0.140513 0.254367 0.956846
vn 0.414392 0.217359 0.883761
vn 0.397683 0.072014 0.914692
vn 0.641507 0.196773 0.741450
vn 0.372773 0.179265 0.910442
vn 0.916990 0.094820 0.387477
vn 0.836321 0.130148 0.532569
vn 0.813745 -0.180926 0.552345
vn 0.981156 0.098158 0.166424
vn 0.982299 0.123127 -0.141167
vn 0.714477 -0.011158 -0.699570
vn 0.590182 0.125004 -0.797534
vn 0.901965 0.107676 -0.418169
vn 0.277975 0.168293 -0.945731
vn 0.436661 -0.067504 -0.897090
vn -0.026299 -0.939759 -0.340825
vn 0.028135 -0.870506 -0.491354
vn -0.211014 -0.975276 -0.065644
vn 0.179433 -0.798314 -0.574890
vn 0.180480 -0.953904 -0.239779
vn 0.639035 -0.559159 -0.528181
vn 0.233217 -0.500539 -0.833709
vn -0.163941 -0.984143 -0.067720
vn -0.215974 -0.975766 0.035152
vn 0.063010 -0.956082 -0.286245
vn 0.097924 -0.971247 -0.217001
vn 0.047398 -0.987738 -0.148750
vn 0.017720 -0.970638 0.239892
vn -0.098615 -0.990508 -0.095753
vn -0.120233 -0.873748 -0.471283
vn 0.174743 -0.972724 0.152556
vn -0.199735 -0.967105 -0.157525
vn -0.463983 -0.572051 -0.676371
vn -0.709595 -0.477018 -0.518583
vn -0.172117 -0.948210 -0.266972
vn -0.315616 -0.711304 -0.628039
vn 0.579054 -0.279654 -0.765826
vn 0.265517 -0.267921 -0.926131
vn 0.421692 0.267416 -0.866409
vn 0.117413 -0.590528 -0.798430
vn 0.037863 0.017299 -0.999133
vn 0.258118 -0.797402 -0.545459
vn 0.278650 0.195849 -0.940211
vn -0.216991 -0.680299 -0.700078
vn -0.030173 -0.714337 -0.699151
vn -0.159745 -0.212022 -0.964120
vn -0.253491 -0.023103 -0.967062
vn -0.527408 -0.104884 -0.843114
vn -0.134997 0.088341 -0.986900
vn 0.665138 -0.104209 -0.739413
vn 0.405104 0.630651 -0.661944
vn 0.718829 0.031738 -0.694462
vn -0.064569 0.837108 -0.543213
vn 0.479800 0.785700 -0.390470
vn -0.176195 0.660982 -0.729423
vn 0.091303 0.571826 -0.815278
vn -0.015183 0.835042 -0.549977
vn 0.186091 0.870970 -0.454732
vn 0.093505 0.836606 -0.539766
vn 0.392997 0.851432 -0.347299
vn 0.276587 0.769201 -0.576046
vn 0.479764 0.603314 -0.637055
vn 0.249788 0.881520 -0.400660
vn 0.315819 0.812913 -0.489317
vn 0.136378 0.896804 -0.420885
vn -0.311868 0.719257 -0.620812
vn -0.163319 0.910218 -0.380565
vn -0.093272 0.888774 -0.448754
vn 0.110613 0.830160 -0.546442
vn -0.835308 0.054669 -0.547058
vn -0.603288 0.278197 -0.747429
vn -0.615504 0.595600 -0.516154
vn -0.356805 0.900715 -0.247794
vn -0.250069 0.786564 -0.564608
vn -0.203551 0.954235 -0.219095
vn -0.048319 -0.994590 -0.091957
vn -0.556022 -0.490554 -0.670967
vn -0.376660 -0.923332 0.074732
vn -0.836735 -0.496149 -0.231754
vn -0.339117 -0.894168 -0.292340
vn -0.117432 -0.980099 -0.160047
vn -0.031933 -0.990682 0.132401
vn -0.755206 -0.533921 -0.380253
vn -0.621143 -0.764971 0.170297
vn -0.955098 -0.263116 -0.136229
vn 0.041286 -0.942449 -0.331790
vn 0.180330 -0.981875 0.058323
vn -0.480669 -0.826485 0.293053
vn 0.033881 -0.985237 0.167809
vn -0.064854 -0.997674 0.020975
vn -0.081699 -0.985473 0.148887
vn -0.195408 -0.980120 0.034355
vn -0.379800 -0.792613 0.476987
vn -0.652488 0.090515 -0.752374
vn -0.910191 0.176886 -0.374518
vn -0.757774 -0.652470 0.007873
vn -0.975505 0.012024 0.219650
vn -0.737258 -0.353592 0.575693
vn -0.988914 0.146315 0.025323
vn -0.947930 -0.064638 -0.311851
vn -0.724744 0.587485 -0.360010
vn -0.739345 0.662407 -0.120774
vn -0.907268 0.260700 -0.329999
vn -0.615278 0.770190 -0.168049
vn -0.914927 0.402101 -0.034978
vn -0.692323 0.721574 -0.004530
vn -0.756694 0.652987 0.031974
vn -0.900242 0.387872 0.197787
vn -0.762309 0.646906 -0.019942
vn -0.744308 0.652332 0.143068
vn -0.839175 0.360888 0.406873
vn -0.730922 0.679011 -0.068536
vn -0.711447 0.083939 0.697709
vn -0.623231 0.409964 0.665967
vn -0.541582 0.651767 0.530932
vn -0.768580 -0.205826 0.605739
vn -0.485284 0.874276 -0.011859
vn -0.193636 0.980033 -0.045174
vn -0.445690 0.883678 -0.143087
vn -0.503179 0.850356 -0.153964
vn -0.435007 0.832335 -0.343492
vn -0.633140 0.761319 -0.139740
vn -0.148605 0.865166 0.478962
vn -0.482939 0.874608 -0.042789
vn 0.371186 -0.918134 0.138746
vn -0.084986 -0.912722 0.399646
vn -0.179292 -0.959147 0.218839
vn -0.085188 -0.955345 -0.282946
vn -0.661670 -0.585463 0.468429
vn -0.005233 -0.815868 0.578215
vn -0.469665 -0.602106 0.645665
vn 0.067251 -0.997724 0.004989
vn -0.245823 -0.891177 0.381280
vn -0.152049 -0.942048 0.299042
vn 0.026589 -0.345561 0.938019
vn 0.193047 -0.347809 0.917476
vn -0.243915 -0.947991 0.204496
vn 0.169906 -0.887947 0.427413
vn -0.087120 -0.802917 0.589690
vn 0.347365 -0.617492 0.705720
vn 0.229935 -0.152630 0.961163
vn 0.121644 -0.985069 0.121824
vn 0.249036 -0.912055 0.325785
vn 0.357222 -0.872402 0.333628
vn 0.307545 -0.714089 0.628882
vn 0.429967 -0.776056 0.461374
vn 0.236831 -0.828571 0.507327
vn 0.356313 -0.195128 0.913765
vn 0.465272 -0.639928 0.611567
vn -0.241512 -0.275204 0.930556
vn -0.482407 0.051091 0.874456
vn -0.730416 0.001913 0.683000
vn -0.043234 -0.648740 0.759781
vn -0.224957 0.032701 0.973820
vn 0.094293 0.165617 0.981672
vn 0.127078 -0.303388 0.944355
vn 0.596764 -0.198040 0.777594
vn -0.462810 0.761100 0.454460
vn -0.279091 0.378511 0.882518
vn -0.313836 0.808171 0.498364
vn -0.451595 0.409714 0.792589
vn 0.161976 0.197830 0.966761
vn 0.042881 0.380767 0.923676
vn -0.140760 0.688594 0.711355
vn 0.369081 0.277682 0.886945
vn 0.401134 0.387951 0.829811
vn 0.008045 0.649971 0.759916
vn 0.653808 0.082537 0.752146
vn 0.545340 0.437149 0.715196
vn 0.756772 0.206494 0.620206
vn 0.481483 0.713381 0.509177
vn 0.469187 0.433832 0.769190
vn -0.327788 0.792991 0.513537
vn -0.134996 0.972769 0.188405
vn -0.170319 0.951692 0.255487
vn -0.200746 0.823790 0.530162
vn -0.200377 0.888598 0.412605
vn 0.016121 0.853594 0.520689
vn -0.037637 0.874092 0.484300
vn 0.318708 0.878172 0.356707
vn 0.412813 0.910710 0.013897
vn 0.731304 -0.664633 0.153159
vn 0.922207 -0.104944 0.372183
vn 0.430900 -0.843298 0.321207
vn 0.349419 -0.931563 -0.100482
vn 0.463314 -0.794524 0.392520
vn -0.135185 -0.990358 -0.030261
vn 0.267409 -0.957460 -0.108457
vn 0.629256 -0.775666 -0.048780
vn 0.298687 -0.922418 0.244810
vn 0.750725 -0.475087 0.459025
vn -0.373627 -0.887221 -0.270631
vn -0.071730 -0.997072 -0.026515
vn 0.472268 -0.880197 -0.047076
vn 0.519679 -0.849092 0.094741
vn 0.761338 -0.646088 0.054173
vn -0.195656 -0.978177 0.069912
vn 0.506111 -0.773215 -0.382087
vn 0.421287 -0.904387 0.067840
vn 0.695162 -0.614190 -0.373524
vn 0.656917 -0.732608 -0.178175
vn 0.888354 -0.034077 0.457893
vn 0.888659 0.028876 0.457658
vn 0.851255 0.159220 0.500013
vn 0.898785 -0.293774 -0.325396
vn 0.999086 0.042143 -0.007145
vn 0.950561 -0.297026 -0.090604
vn 0.964810 0.141736 -0.221477
vn 0.859487 -0.002074 -0.511154
vn 0.782081 0.434423 0.446796
vn 0.689822 0.586997 0.423769
vn 0.795499 0.589044 -0.142160
vn 0.985650 -0.118389 0.120324
vn 0.895494 0.408699 0.176225
vn 0.669192 0.711496 -0.214375
vn 0.653909 0.690427 -0.309375
vn 0.906570 -0.175873 -0.383666
vn 0.876541 0.314224 -0.364609
vn 0.635154 0.464670 -0.616978
vn 0.570258 0.693470 0.440347
vn 0.847156 0.331977 0.414872
vn 0.497418 0.807771 0.316357
vn 0.303095 0.945605 -0.118173
vn 0.490649 0.783995 -0.380284
vn 0.254278 0.952444 -0.167910
vn 0.612531 0.779360 0.131922
vn 0.513367 0.857526 -0.033216
vn 0.842635 0.536858 -0.041838
vn 0.955167 0.150095 -0.255202
vn 0.620983 0.704734 -0.343118
vn 0.523438 0.852035 -0.007025
vn 0.344483 -0.930530 0.124279
vn -0.088324 -0.968078 -0.234572
vn -0.232024 -0.947355 0.220644
vn 0.121644 -0.985069 0.121824
vn -0.182378 -0.983046 0.018943
vn 0.093960 -0.995245 -0.025687
vn -0.055479 -0.962275 -0.266363
vn 0.275438 -0.954779 0.111939
vn -0.103287 -0.930558 0.351273
vn -0.290238 -0.898818 0.328464
vn -0.103287 -0.930558 0.351273
vn -0.127801 -0.991737 0.011163
vn 0.067411 -0.997538 0.019335
vn -0.099818 -0.990118 0.098501
vn 0.099895 -0.994824 0.018615
vn 0.121473 -0.992591 0.002628
vn -0.256794 -0.928719 0.267466
vn -0.099818 -0.990118 0.098501
vn -0.098288 -0.974852 -0.200010
vn 0.000821 -0.956033 -0.293259
vn -0.151507 -0.987079 0.052165
vn -0.488415 -0.838807 -0.240527
vn -0.373627 -0.887221 -0.270631
vn -0.197091 -0.972207 -0.126369
vn -0.086824 -0.975646 -0.201437
vn 0.022002 -0.904597 0.425699
vn -0.058450 -0.991972 -0.112143
vn 0.142137 -0.989652 -0.019634
vn 0.533250 -0.833540 0.144415
vn 0.660294 -0.696935 0.279810
vn -0.017931 -0.897405 0.440843
vn -0.069965 -0.992751 -0.097729
vn 0.103553 -0.993766 -0.041293
vn -0.215387 -0.894206 0.392433
vn 0.181405 -0.960247 0.212176
vn 0.212607 -0.971251 -0.107096
vn -0.547559 -0.761450 0.346948
vn -0.256794 -0.928719 0.267466
vn -0.191789 -0.981251 -0.019073
vn 0.157558 -0.943323 0.292090
vn -0.119057 -0.987631 0.102032
vn 0.125718 -0.990652 -0.052957
vn -0.119057 -0.987631 0.102032
vn 0.213470 -0.965161 -0.151311
vn 0.009346 -0.999725 0.021496
vn 0.125718 -0.990652 -0.052957
vn 0.056654 -0.994446 0.088697
vn 0.484250 -0.860792 -0.156651
vn -0.164636 -0.753029 -0.637058
vn -0.309707 -0.849536 -0.427047
vn -0.174990 -0.895657 -0.408873
vn 0.096669 -0.993925 0.052613
vn -0.349024 -0.844551 -0.406099
vn 0.429350 -0.902719 -0.027530
vn 0.271885 -0.920593 0.280333
vn -0.059499 -0.983028 -0.173537
vn 0.101586 -0.992044 0.074362
vn -0.041639 -0.998514 0.035157
vn 0.187738 -0.957000 -0.221144
vn -0.038166 -0.978795 -0.201258
vn -0.168229 -0.949332 -0.265459
vn -0.290450 -0.941081 -0.173219
vn -0.290450 -0.941081 -0.173219
vn -0.219378 -0.964770 -0.145228
vn -0.096761 -0.994369 0.043216
vn 0.056654 -0.994446 0.088697
vn -0.228515 -0.922379 0.311446
vn -0.458136 -0.884310 0.090044
vn -0.050797 -0.971752 0.230474
vn -0.051044 -0.996966 -0.058761
vn 0.064732 -0.937028 -0.343204
vn 0.084907 -0.972655 0.216180
vn 0.036104 -0.999062 0.023912
vn -0.175187 -0.974945 0.137081
vn 0.064732 -0.937028 -0.343204
vn -0.038166 -0.978795 -0.201258
vn 0.227859 -0.960127 -0.161977
vn -0.043076 -0.970272 -0.238151
vn 0.367337 0.878605 -0.305151
vn 0.418302 0.807234 -0.416408
vn 0.374532 0.864735 -0.334604
vn 0.321268 0.899739 -0.295391
vn 0.316017 0.948360 -0.027311
vn 0.346000 0.662233 -0.664628
vn 0.214278 0.813395 -0.540808
vn 0.069210 0.908865 -0.411307
vn 0.251037 0.864429 -0.435594
vn 0.130108 0.798393 -0.587912
vn -0.318258 0.912086 -0.258479
vn -0.396952 0.845341 -0.357531
vn -0.024271 0.839466 -0.542870
vn -0.230167 0.944961 -0.232535
vn -0.479267 0.852496 -0.208698
vn -0.303909 0.920140 -0.246944
vn 0.458775 0.876716 -0.144548
vn 0.242710 0.956417 -0.162355
vn 0.638143 0.743952 -0.198263
vn 0.075394 0.992034 -0.100918
vn 0.190881 0.978815 -0.074070
vn 0.531748 0.821525 0.205768
vn 0.418971 0.859541 0.292665
vn 0.157349 0.987305 -0.021700
vn 0.055773 0.914058 0.401731
vn -0.019180 0.992997 0.116572
vn 0.159032 0.957138 0.242066
vn -0.373062 0.927384 -0.027992
vn -0.013283 0.999451 -0.030357
vn -0.282811 0.941174 -0.184957
vn -0.054087 0.986111 0.157036
vn -0.176742 0.950227 0.256576
vn -0.041766 0.993409 0.106745
vn -0.088356 0.982575 0.163525
vn -0.584905 0.797780 -0.146401
vn -0.324756 0.873514 -0.362640
vn -0.521621 0.796743 -0.305143
vn 0.070022 0.996283 -0.050161
vn -0.105857 0.988526 0.107753
vn 0.072376 0.979578 0.187585
vn 0.238484 0.970101 0.045056
vn 0.148797 0.975834 0.160024
vn 0.108862 0.960381 0.256550
vn -0.088516 0.995941 -0.016296
vn -0.138860 0.976225 -0.166443
vn 0.255983 0.956162 -0.142219
vn 0.678460 0.701374 0.218556
vn 0.360557 0.844212 0.396617
vn 0.025688 0.965837 -0.257874
vn -0.242387 0.958397 0.150743
vn -0.197643 0.979773 -0.031352
vn -0.121279 0.958455 -0.258179
vn -0.099958 0.950623 -0.293810
vn -0.324586 0.925196 -0.196611
vn -0.032221 0.997813 -0.057713
vn -0.448910 0.871731 0.196379
vn -0.574989 0.765090 0.289871
vn -0.399366 0.907759 0.128377
vn -0.335379 0.895077 -0.293869
vn -0.279188 0.956603 -0.083454
vn -0.282601 0.943882 0.170949
vn -0.176415 0.984042 0.023234
vn 0.195086 0.876921 0.439261
vn 0.605998 0.752403 0.258178
vn 0.422914 0.770754 0.476532
vn 0.175783 0.929248 0.324958
vn 0.108845 0.993446 0.034911
vn -0.102353 0.852758 0.512179
vn -0.064040 0.991530 0.112996
vn -0.054870 0.762482 0.644678
vn -0.033540 0.714789 0.698535
vn -0.312342 0.926560 0.209593
vn 0.533250 -0.833540 0.144415
vn 0.022002 -0.904597 0.425699
vn 0.022002 -0.904597 0.425699
vn -0.215387 -0.894206 0.392433
vn -0.026151 0.107954 0.993812
vn -0.689105 0.292129 -0.663170
vn -0.064007 -0.997546 0.028366
vn -0.168229 -0.949332 -0.265459
vn -0.978759 0.138255 0.151385
vn -0.653743 -0.330895 0.680535
vn -0.739816 0.638383 0.212463
vn 0.099895 -0.994824 0.018615
vn -0.290238 -0.898818 0.328464
vn -0.112181 -0.980614 0.160657
vn 0.094464 0.755751 0.648010
vn 0.299306 0.630535 0.716130
vn -0.041991 -0.943349 0.329133
vn 0.344483 -0.930530 0.124279
vn -0.088324 -0.968078 -0.234572
vn -0.122257 -0.990367 -0.065017
vn -0.122257 -0.990367 -0.065017
vn -0.236176 -0.871194 -0.430398
vn -0.236176 -0.871194 -0.430398
vn -0.488415 -0.838807 -0.240527
vn -0.191789 -0.981251 -0.019073
vn -0.458136 -0.884310 0.090044
vn -0.175187 -0.974945 0.137081
vn 0.036104 -0.999062 0.023912
vn 0.084907 -0.972655 0.216180
vn 0.242924 0.969515 0.032067
vn 0.106934 0.841934 0.528878
vn 0.774553 0.629391 0.062726
vn 0.895985 0.428188 0.117752
vn 0.129273 0.985838 0.106823
vn -0.018640 -0.991521 0.128602
vn 0.237474 -0.964495 0.115566
vn 0.397884 -0.914891 0.068288
vn 0.938339 -0.316826 -0.138349
vn 0.577090 0.785650 -0.222985
vn -0.130910 0.991389 0.003312
vn -0.043633 0.998921 0.015881
vn -0.022420 0.999479 -0.023211
vn -0.125265 -0.992109 -0.005290
vn -0.228518 -0.972921 -0.034705
vn -0.214826 -0.976450 -0.019884
vn -0.125265 -0.992109 -0.005290
vn 0.254086 -0.963686 -0.082162
vn 0.640435 -0.590962 -0.490517
vn 0.778661 0.373120 -0.504449
vn -0.161018 0.985733 0.049022
vn -0.161444 0.984291 -0.071457
vn -0.356242 0.904074 -0.236097
vn -0.887168 0.315182 0.337036
vn -0.054097 -0.931378 -0.360012
vn -0.159685 -0.983848 0.080893
vn 0.018472 -0.990049 -0.139506
vn 0.640977 0.546600 -0.538866
vn 0.162520 0.986302 -0.028216
vn 0.662023 -0.431222 -0.613003
vn -0.110198 0.982302 -0.151457
vn 0.077957 0.987462 0.137262
vn -0.250327 0.967229 0.042484
vn 0.034479 -0.971743 0.233511
vn 0.107119 -0.990503 -0.086189
vn 0.466806 -0.628557 -0.622100
vn 0.501995 0.492995 -0.710603
vn 0.121746 0.983653 -0.132686
vn -0.076723 0.932124 0.353918
vn 0.010949 0.945086 0.326639
vn 0.361637 -0.654469 -0.663994
vn 0.311612 -0.170878 -0.934719
vn 0.069351 0.663170 -0.745249
vn 0.152823 0.980281 -0.125279
vn -0.887168 0.315182 0.337036
vn -0.038193 -0.998256 0.045009
vn -0.206820 -0.978334 -0.009389
vn 0.002836 -0.978762 0.204983
vn -0.160411 -0.960932 0.225561
vn 0.225816 -0.900558 -0.371486
vn -0.013951 0.961438 0.274668
vn -0.030625 0.944677 0.326569
vn 0.017910 0.986801 -0.160943
vn 0.230806 -0.507852 -0.829949
vn 0.088818 -0.094071 -0.991596
vn 0.002836 -0.978762 0.204983
vn -0.116559 -0.988157 -0.099796
vn -0.028272 -0.917422 -0.396911
vn -0.079862 0.919667 -0.384492
vn 0.018455 0.966789 0.254909
vn 0.194526 -0.979616 -0.050119
vn -0.087513 -0.968511 0.233084
vn -0.151557 -0.928027 0.340288
vn -0.119272 -0.991653 -0.048972
vn -0.116559 -0.988157 -0.099796
vn -0.119272 -0.991653 -0.048972
vn -0.111481 -0.874882 -0.471332
vn -0.136686 -0.648098 -0.749191
vn -0.177965 0.355754 -0.917479
vn -0.249126 0.910599 -0.329765
vn -0.321149 0.146919 -0.935563
vn 0.123375 0.989686 0.072799
vn 0.277969 0.952984 0.120643
vn -0.150380 0.987331 -0.050625
vn -0.033595 -0.993532 0.108473
vn -0.068540 -0.992436 -0.101844
vn 0.042671 -0.986862 0.155831
vn -0.068540 -0.992436 -0.101844
vn -0.471011 -0.024532 -0.881786
vn 0.051562 0.943767 -0.326567
vn -0.080074 0.979766 -0.183432
vn -0.215890 -0.924696 -0.313573
vn 0.016803 0.998349 -0.054918
vn 0.174733 0.979177 0.103345
vn 0.379419 0.922230 0.074382
vn 0.221319 0.972029 -0.078600
vn 0.027953 -0.969612 0.243046
vn -0.063760 -0.996235 -0.058734
vn -0.577485 0.208673 -0.789282
vn -0.233534 0.902526 -0.361814
vn 0.202163 0.971935 -0.120304
vn 0.111515 -0.989956 -0.086899
vn 0.031168 -0.966863 0.253385
vn 0.050455 -0.998660 -0.011479
vn -0.453410 -0.752736 -0.477293
vn -0.063760 -0.996235 -0.058734
vn 0.243160 -0.969148 -0.040327
vn -0.096384 -0.974245 -0.203855
vn 0.154181 0.981063 -0.117235
vn 0.211659 0.974966 -0.068128
vn -0.600476 -0.774182 -0.200176
vn -0.898366 0.321517 -0.299275
vn -0.827629 -0.167913 -0.535571
vn -0.110241 0.993811 -0.013636
vn -0.400187 0.892477 -0.208172
vn 0.201566 -0.944298 -0.260139
vn 0.047077 -0.993118 -0.107236
vn -0.000644 -0.999783 -0.020828
vn -0.096384 -0.974245 -0.203855
vn -0.000644 -0.999783 -0.020828
vn 0.124905 0.991524 -0.035753
vn 0.381451 0.908997 -0.167985
vn -0.561960 -0.815444 -0.138751
vn -0.156333 0.986518 0.048404
vn 0.813154 -0.479151 -0.330446
vn -0.904610 0.397515 -0.153825
vn -0.460636 0.882800 -0.092076
vn -0.339485 0.937670 0.074325
vn 0.813154 -0.479151 -0.330446
vn 0.044501 -0.988786 -0.142558
vn -0.133683 0.978874 0.154707
vn -0.032336 0.998017 0.054010
vn -0.120962 -0.988372 -0.092139
vn -0.121089 -0.992611 -0.007794
vn -0.839285 -0.507745 0.194409
vn -0.857370 0.391504 0.334127
vn -0.554263 0.810050 0.191342
vn -0.319431 0.944529 0.076345
vn -0.394844 -0.893358 0.214500
vn -0.121089 -0.992611 -0.007794
vn -0.394844 -0.893358 0.214500
vn -0.503859 -0.833978 0.224958
vn -0.911570 -0.126786 0.391109
vn -0.146735 0.987758 -0.052952
vn 0.269018 -0.963129 -0.003312
vn 0.137219 -0.986022 0.094505
vn -0.029790 0.999513 0.009306
vn 0.157132 0.982870 0.096318
vn -0.054097 -0.931378 -0.360012
vn -0.225959 0.916209 0.330914
vn 0.028240 0.997287 -0.067987
vn -0.208956 -0.977224 0.037017
vn -0.054836 -0.980876 0.186751
vn -0.271061 -0.914615 0.300009
vn -0.624819 -0.669621 0.401509
vn -0.845822 -0.027413 0.532761
vn -0.676045 0.366964 0.638984
vn 0.065361 0.995842 -0.063460
vn 0.272398 0.961597 0.033617
vn 0.146109 -0.988985 -0.023683
vn 0.056373 -0.996083 0.068121
vn -0.054836 -0.980876 0.186751
vn -0.414880 -0.818772 0.396846
vn 0.009351 0.999945 -0.004821
vn 0.056373 -0.996083 0.068121
vn -0.497118 -0.308292 0.811067
vn -0.304180 0.874686 0.377358
vn -0.452979 -0.085835 0.887380
vn -0.162806 -0.961614 0.220891
vn -0.226492 0.949072 0.219006
vn -0.402247 -0.163743 0.900769
vn -0.069431 0.968606 -0.238710
vn -0.026953 0.961335 -0.274061
vn 0.137581 0.986721 -0.086331
vn 0.037945 0.934221 0.354671
vn -0.194129 -0.954971 0.224374
vn -0.053158 -0.778477 0.625418
vn -0.096521 0.964325 -0.246496
vn 0.095771 0.993873 -0.055172
vn -0.128171 -0.960953 -0.245239
vn -0.180923 -0.979159 -0.092269
vn -0.097065 -0.995247 -0.007855
vn -0.032671 -0.984080 0.174698
vn -0.151279 -0.988188 -0.024466
vn -0.151279 -0.988188 -0.024466
vn -0.304223 0.350814 0.885651
vn -0.028373 -0.924137 -0.381006
vn -0.032821 -0.990760 0.131598
vn 0.204511 0.260961 0.943438
vn 0.179821 -0.808115 0.560905
vn 0.189075 0.925951 0.326904
vn -0.241792 0.931032 -0.273342
vn -0.032671 -0.984080 0.174698
vn 0.096586 -0.936995 0.335726
vn 0.068443 0.979819 0.187805
vn 0.368699 0.098521 0.924313
vn 0.196269 0.900990 0.386904
vn 0.536358 0.201635 0.819551
vn -0.097735 0.981048 -0.167312
vn -0.073730 0.958802 -0.274341
vn -0.204924 -0.931199 -0.301453
vn -0.088573 -0.993344 -0.073638
vn 0.179859 -0.980869 -0.074481
vn 0.129324 -0.937656 0.322610
vn 0.161703 -0.784604 0.598539
vn 0.576022 -0.372454 0.727651
vn 0.659024 0.406763 0.632639
vn 0.388810 0.704214 0.594061
vn 0.227492 0.930168 0.288157
vn 0.060615 0.991071 -0.118760
vn -0.191820 -0.981023 -0.028267
vn 0.019919 -0.971282 -0.237098
vn 0.061005 0.993763 -0.093347
vn 0.129324 -0.937656 0.322610
vn 0.706306 -0.512480 0.488360
vn 0.379061 0.907027 0.183342
vn 0.179859 -0.980869 -0.074481
vn 0.753280 0.529653 0.389920
vn 0.729263 -0.625029 0.278414
vn 0.257563 0.963787 0.069105
vn -0.081631 0.994861 -0.059903
vn -0.100429 0.990763 -0.091115
vn -0.125962 -0.987442 -0.095355
vn 0.952550 0.155372 0.261740
vn 0.152013 0.988022 0.026562
vn 0.178367 -0.983414 -0.032905
vn 0.041679 -0.997171 0.062550
vn 0.312149 -0.941598 0.126317
vn 0.822609 -0.567662 0.032764
vn -0.116414 0.990844 -0.068381
vn -0.070400 0.995246 0.067295
vn -0.198606 -0.980044 0.008384
vn 0.041679 -0.997171 0.062550
vn -0.208450 -0.977892 -0.016636
vn -0.018640 -0.991521 0.128602
vn 0.852168 -0.500599 0.152349
vn 0.034479 -0.971743 0.233511
vn -0.853198 0.011018 -0.521470
vn 0.221541 0.974915 -0.021442
vn 0.030795 -0.999292 -0.021633
vn 0.030795 -0.999292 -0.021633
vn -0.208956 -0.977224 0.037017
vn 0.184374 -0.979254 0.084069
vn -0.173027 -0.983223 -0.057736
vn -0.173027 -0.983223 -0.057736
vn 0.096586 -0.936995 0.335726
vn -0.043131 0.986307 -0.159180
vn 0.178367 -0.983414 -0.032905
f 1/1/1 2/2/2 3/3/3
f 2/2/2 4/4/4 5/5/5
f 6/6/6 7/7/7 5/5/5
f 4/4/4 6/6/6 5/5/5
f 8/8/8 9/9/9 10/10/10
f 11/11/11 12/12/12 13/13/13
f 12/12/12 14/14/14 13/13/13
f 15/15/15 16/16/16 17/17/17
f 17/17/17 18/18/18 19/19/19
f 16/16/16 20/20/20 18/18/18
f 20/20/20 16/16/16 21/21/21
f 1/1/1 21/21/21 22/22/22
f 23/23/23 24/24/24 25/25/25
f 26/26/26 23/23/23 27/27/27
f 23/23/23 25/25/25 28/28/28
f 29/29/29 27/27/27 28/28/28
f 30/30/30 26/26/26 27/27/27
f 31/31/31 27/27/27 29/29/29
f 32/32/32 19/19/19 27/27/27
f 33/33/33 19/19/19 32/32/32
f 33/33/33 32/32/32 34/34/34
f 14/14/14 17/17/17 19/19/19
f 35/35/35 36/36/36 37/37/37
f 38/38/38 39/39/39 40/40/40
f 38/38/38 41/41/41 42/42/42
f 43/43/43 38/38/38 42/42/42
f 8/8/8 39/39/39 43/43/43
f 42/42/42 44/44/44 45/45/45
f 46/46/46 9/9/9 47/47/47
f 9/9/9 43/43/43 47/47/47
f 46/46/46 48/48/48 9/9/9
f 47/47/47 44/44/44 49/49/49
f 47/47/47 50/50/50 46/46/46
f 7/7/7 46/46/46 50/50/50
f 51/51/51 7/7/7 50/50/50
f 52/52/52 51/51/51 53/53/53
f 54/54/54 24/24/24 52/52/52
f 3/3/3 51/51/51 55/55/55
f 24/24/24 23/23/23 55/55/55
f 23/23/23 3/3/3 55/55/55
f 56/56/56 57/57/57 58/58/58
f 58/58/58 59/59/59 60/60/60
f 60/60/60 59/59/59 61/61/61
f 58/58/58 62/62/62 59/59/59
f 63/63/63 64/64/64 65/65/65
f 56/56/56 66/66/66 67/67/67
f 68/68/68 69/69/69 64/64/64
f 65/65/65 64/64/64 70/70/70
f 68/68/68 71/71/71 69/69/69
f 72/72/72 73/73/73 74/74/74
f 71/71/71 75/75/75 76/76/76
f 77/77/77 78/78/78 57/57/57
f 62/62/62 78/78/78 79/79/79
f 80/80/80 81/81/81 82/82/82
f 81/81/81 83/83/83 82/82/82
f 84/84/84 80/80/80 66/66/66
f 85/85/85 76/76/76 86/86/86
f 84/84/84 87/87/87 80/80/80
f 88/88/88 89/89/89 76/76/76
f 75/75/75 74/74/74 76/76/76
f 90/90/90 91/91/91 92/92/92
f 80/80/80 87/87/87 81/81/81
f 83/83/83 93/93/93 94/94/94
f 89/89/89 86/86/86 76/76/76
f 95/95/95 96/96/96 87/87/87
f 91/91/91 97/97/97 98/98/98
f 99/99/99 100/100/100 101/101/101
f 94/94/94 100/100/100 102/102/102
f 94/94/94 103/103/103 104/104/104
f 95/95/95 105/105/105 96/96/96
f 106/106/106 105/105/105 95/95/95
f 107/107/107 108/108/108 106/106/106
f 106/106/106 108/108/108 105/105/105
f 105/105/105 103/103/103 109/109/109
f 110/110/110 111/111/111 112/112/112
f 112/112/112 107/107/107 106/106/106
f 113/113/113 107/107/107 112/112/112
f 114/114/114 113/113/113 112/112/112
f 111/111/111 115/115/115 114/114/114
f 116/116/116 73/73/73 72/72/72
f 117/117/117 73/73/73 116/116/116
f 118/118/118 119/119/119 116/116/116
f 120/120/120 121/121/121 122/122/122
f 121/121/121 123/123/123 118/118/118
f 124/124/124 125/125/125 120/120/120
f 126/126/126 127/127/127 128/128/128
f 129/129/129 124/124/124 122/122/122
f 130/130/130 122/122/122 131/131/131
f 132/132/132 133/133/133 127/127/127
f 117/117/117 119/119/119 134/134/134
f 117/117/117 111/111/111 73/73/73
f 125/125/125 135/135/135 123/123/123
f 136/136/136 128/128/128 137/137/137
f 128/128/128 138/138/138 137/137/137
f 124/124/124 136/136/136 139/139/139
f 119/119/119 140/140/140 134/134/134
f 134/134/134 141/141/141 111/111/111
f 140/140/140 142/142/142 141/141/141
f 143/143/143 144/144/144 142/142/142
f 143/143/143 135/135/135 144/144/144
f 145/145/145 146/146/146 144/144/144
f 147/147/147 137/137/137 148/148/148
f 148/148/148 149/149/149 150/150/150
f 151/151/151 152/152/152 148/148/148
f 153/153/153 154/154/154 155/155/155
f 156/156/156 151/151/151 138/138/138
f 141/141/141 115/115/115 111/111/111
f 142/142/142 157/157/157 141/141/141
f 157/157/157 158/158/158 115/115/115
f 157/157/157 159/159/159 160/160/160
f 144/144/144 161/161/161 159/159/159
f 150/150/150 162/162/162 146/146/146
f 153/153/153 155/155/155 151/151/151
f 154/154/154 163/163/163 155/155/155
f 155/155/155 152/152/152 151/151/151
f 152/152/152 164/164/164 149/149/149
f 165/165/165 166/166/166 167/167/167
f 132/132/132 168/168/168 167/167/167
f 132/132/132 167/167/167 169/169/169
f 166/166/166 170/170/170 171/171/171
f 172/172/172 165/165/165 173/173/173
f 174/174/174 175/175/175 176/176/176
f 177/177/177 178/178/178 179/179/179
f 178/178/178 180/180/180 181/181/181
f 182/182/182 183/183/183 184/184/184
f 183/183/183 185/185/185 186/186/186
f 183/183/183 186/186/186 187/187/187
f 184/184/184 187/187/187 188/188/188
f 189/189/189 186/186/186 185/185/185
f 170/170/170 190/190/190 171/171/171
f 190/190/190 191/191/191 171/171/171
f 171/171/171 191/191/191 192/192/192
f 174/174/174 170/170/170 172/172/172
f 174/174/174 176/176/176 193/193/193
f 170/170/170 194/194/194 190/190/190
f 176/176/176 195/195/195 193/193/193
f 193/193/193 195/195/195 194/194/194
f 178/178/178 181/181/181 196/196/196
f 187/187/187 186/186/186 197/197/197
f 192/192/192 198/198/198 154/154/154
f 199/199/199 200/200/200 201/201/201
f 202/202/202 203/203/203 176/176/176
f 195/195/195 203/203/203 204/204/204
f 181/181/181 202/202/202 196/196/196
f 175/175/175 202/202/202 176/176/176
f 205/205/205 206/206/206 181/181/181
f 203/203/203 202/202/202 207/207/207
f 197/197/197 208/208/208 209/209/209
f 209/209/209 208/208/208 210/210/210
f 205/205/205 211/211/211 206/206/206
f 205/205/205 212/212/212 211/211/211
f 154/154/154 213/213/213 163/163/163
f 203/203/203 214/214/214 204/204/204
f 200/200/200 215/215/215 216/216/216
f 200/200/200 214/214/214 217/217/217
f 215/215/215 218/218/218 219/219/219
f 207/207/207 214/214/214 203/203/203
f 202/202/202 220/220/220 207/207/207
f 202/202/202 206/206/206 220/220/220
f 211/211/211 221/221/221 220/220/220
f 222/222/222 189/189/189 185/185/185
f 223/223/223 224/224/224 225/225/225
f 224/224/224 223/223/223 222/222/222
f 225/225/225 226/226/226 223/223/223
f 227/227/227 226/226/226 225/225/225
f 228/228/228 229/229/229 230/230/230
f 229/229/229 231/231/231 226/226/226
f 232/232/232 233/233/233 228/228/228
f 233/233/233 234/234/234 235/235/235
f 234/234/234 236/236/236 235/235/235
f 237/237/237 238/238/238 239/239/239
f 239/239/239 238/238/238 240/240/240
f 239/239/239 240/240/240 241/241/241
f 223/223/223 242/242/242 222/222/222
f 242/242/242 210/210/210 189/189/189
f 231/231/231 243/243/243 244/244/244
f 245/245/245 234/234/234 241/241/241
f 236/236/236 246/246/246 247/247/247
f 236/236/236 248/248/248 246/246/246
f 240/240/240 238/238/238 92/92/92
f 240/240/240 92/92/92 249/249/249
f 210/210/210 250/250/250 251/251/251
f 247/247/247 252/252/252 253/253/253
f 253/253/253 252/252/252 254/254/254
f 247/247/247 246/246/246 252/252/252
f 246/246/246 255/255/255 252/252/252
f 245/245/245 256/256/256 248/248/248
f 256/256/256 255/255/255 248/248/248
f 245/245/245 257/257/257 258/258/258
f 92/92/92 259/259/259 249/249/249
f 244/244/244 250/250/250 223/223/223
f 210/210/210 251/251/251 260/260/260
f 261/261/261 250/250/250 244/244/244
f 262/262/262 252/252/252 263/263/263
f 264/264/264 265/265/265 263/263/263
f 266/266/266 267/267/267 268/268/268
f 269/269/269 266/266/266 268/268/268
f 270/270/270 271/271/271 266/266/266
f 183/183/183 272/272/272 273/273/273
f 183/183/183 273/273/273 274/274/274
f 224/224/224 274/274/274 225/225/225
f 274/274/274 227/227/227 225/225/225
f 275/275/275 276/276/276 277/277/277
f 276/276/276 278/278/278 277/277/277
f 173/173/173 279/279/279 280/280/280
f 281/281/281 282/282/282 283/283/283
f 284/284/284 283/283/283 282/282/282
f 285/285/285 284/284/284 286/286/286
f 287/287/287 288/288/288 289/289/289
f 127/127/127 290/290/290 287/287/287
f 291/291/291 292/292/292 293/293/293
f 293/293/293 292/292/292 294/294/294
f 295/295/295 232/232/232 228/228/228
f 296/296/296 297/297/297 298/298/298
f 278/278/278 299/299/299 291/291/291
f 298/298/298 297/297/297 300/300/300
f 301/301/301 302/302/302 299/299/299
f 299/299/299 302/302/302 292/292/292
f 303/303/303 296/296/296 298/298/298
f 284/284/284 304/304/304 296/296/296
f 296/296/296 305/305/305 297/297/297
f 284/284/284 306/306/306 304/304/304
f 306/306/306 307/307/307 305/305/305
f 307/307/307 308/308/308 305/305/305
f 287/287/287 290/290/290 288/288/288
f 309/309/309 306/306/306 285/285/285
f 290/290/290 130/130/130 288/288/288
f 130/130/130 310/310/310 288/288/288
f 130/130/130 131/131/131 310/310/310
f 302/302/302 311/311/311 292/292/292
f 312/312/312 233/233/233 232/232/232
f 311/311/311 313/313/313 314/314/314
f 315/315/315 313/313/313 311/311/311
f 233/233/233 312/312/312 316/316/316
f 316/316/316 312/312/312 317/317/317
f 313/313/313 315/315/315 318/318/318
f 319/319/319 315/315/315 311/311/311
f 320/320/320 321/321/321 319/319/319
f 320/320/320 322/322/322 321/321/321
f 321/321/321 318/318/318 315/315/315
f 322/322/322 323/323/323 321/321/321
f 324/324/324 307/307/307 325/325/325
f 324/324/324 325/325/325 326/326/326
f 327/327/327 328/328/328 322/322/322
f 327/327/327 326/326/326 328/328/328
f 329/329/329 330/330/330 326/326/326
f 326/326/326 330/330/330 328/328/328
f 329/329/329 331/331/331 330/330/330
f 307/307/307 332/332/332 329/329/329
f 329/329/329 333/333/333 331/331/331
f 334/334/334 335/335/335 336/336/336
f 337/337/337 338/338/338 339/339/339
f 339/339/339 237/237/237 340/340/340
f 338/338/338 60/60/60 237/237/237
f 58/58/58 60/60/60 338/338/338
f 328/328/328 341/341/341 323/323/323
f 342/342/342 341/341/341 328/328/328
f 323/323/323 343/343/343 318/318/318
f 341/341/341 343/343/343 323/323/323
f 344/344/344 345/345/345 63/63/63
f 321/321/321 323/323/323 318/318/318
f 330/330/330 331/331/331 342/342/342
f 346/346/346 347/347/347 348/348/348
f 345/345/345 348/348/348 68/68/68
f 345/345/345 64/64/64 63/63/63
f 348/348/348 349/349/349 75/75/75
f 98/98/98 97/97/97 350/350/350
f 101/101/101 351/351/351 352/352/352
f 351/351/351 353/353/353 354/354/354
f 100/100/100 355/355/355 101/101/101
f 104/104/104 356/356/356 355/355/355
f 356/356/356 357/357/357 358/358/358
f 351/351/351 358/358/358 353/353/353
f 103/103/103 359/359/359 104/104/104
f 360/360/360 108/108/108 107/107/107
f 108/108/108 361/361/361 362/362/362
f 363/363/363 364/364/364 361/361/361
f 115/115/115 158/158/158 363/363/363
f 158/158/158 160/160/160 365/365/365
f 366/366/366 367/367/367 368/368/368
f 354/354/354 367/367/367 366/366/366
f 354/354/354 369/369/369 367/367/367
f 369/369/369 370/370/370 367/367/367
f 368/368/368 367/367/367 265/265/265
f 352/352/352 354/354/354 366/366/366
f 371/371/371 372/372/372 373/373/373
f 374/374/374 375/375/375 376/376/376
f 377/377/377 378/378/378 357/357/357
f 364/364/364 377/377/377 361/361/361
f 379/379/379 377/377/377 364/364/364
f 377/377/377 380/380/380 378/378/378
f 378/378/378 380/380/380 374/374/374
f 374/374/374 380/380/380 381/381/381
f 380/380/380 382/382/382 383/383/383
f 380/380/380 383/383/383 381/381/381
f 374/374/374 381/381/381 375/375/375
f 160/160/160 384/384/384 385/385/385
f 159/159/159 384/384/384 160/160/160
f 379/379/379 385/385/385 380/380/380
f 384/384/384 386/386/386 385/385/385
f 384/384/384 161/161/161 386/386/386
f 385/385/385 382/382/382 380/380/380
f 387/387/387 370/370/370 369/369/369
f 370/370/370 388/388/388 265/265/265
f 387/387/387 389/389/389 370/370/370
f 370/370/370 389/389/389 388/388/388
f 390/390/390 391/391/391 389/389/389
f 389/389/389 392/392/392 263/263/263
f 389/389/389 393/393/393 392/392/392
f 391/391/391 393/393/393 389/389/389
f 376/376/376 394/394/394 373/373/373
f 394/394/394 395/395/395 390/390/390
f 395/395/395 396/396/396 390/390/390
f 395/395/395 397/397/397 396/396/396
f 381/381/381 398/398/398 375/375/375
f 383/383/383 399/399/399 400/400/400
f 398/398/398 401/401/401 375/375/375
f 383/383/383 400/400/400 398/398/398
f 398/398/398 400/400/400 402/402/402
f 400/400/400 403/403/403 402/402/402
f 402/402/402 403/403/403 404/404/404
f 399/399/399 386/386/386 405/405/405
f 386/386/386 406/406/406 405/405/405
f 405/405/405 407/407/407 400/400/400
f 400/400/400 407/407/407 408/408/408
f 400/400/400 408/408/408 409/409/409
f 400/400/400 409/409/409 403/403/403
f 409/409/409 408/408/408 410/410/410
f 403/403/403 409/409/409 410/410/410
f 391/391/391 411/411/411 393/393/393
f 411/411/411 412/412/412 393/393/393
f 393/393/393 412/412/412 392/392/392
f 412/412/412 260/260/260 413/413/413
f 414/414/414 415/415/415 391/391/391
f 415/415/415 411/411/411 391/391/391
f 416/416/416 221/221/221 415/415/415
f 404/404/404 417/417/417 418/418/418
f 418/418/418 417/417/417 419/419/419
f 417/417/417 420/420/420 218/218/218
f 417/417/417 217/217/217 419/419/419
f 417/417/417 218/218/218 217/217/217
f 217/217/217 218/218/218 215/215/215
f 404/404/404 403/403/403 410/410/410
f 408/408/408 407/407/407 164/164/164
f 164/164/164 155/155/155 421/421/421
f 22/22/22 2/2/2 1/1/1
f 3/3/3 2/2/2 5/5/5
f 7/7/7 48/48/48 46/46/46
f 7/7/7 6/6/6 10/10/10
f 7/7/7 10/10/10 48/48/48
f 6/6/6 422/422/422 10/10/10
f 10/10/10 9/9/9 48/48/48
f 8/8/8 10/10/10 423/423/423
f 11/11/11 424/424/424 12/12/12
f 425/425/425 17/17/17 12/12/12
f 12/12/12 17/17/17 14/14/14
f 425/425/425 15/15/15 17/17/17
f 18/18/18 17/17/17 16/16/16
f 1/1/1 20/20/20 21/21/21
f 26/26/26 18/18/18 23/23/23
f 20/20/20 23/23/23 18/18/18
f 23/23/23 20/20/20 1/1/1
f 28/28/28 27/27/27 23/23/23
f 30/30/30 18/18/18 26/26/26
f 27/27/27 31/31/31 32/32/32
f 19/19/19 18/18/18 30/30/30
f 27/27/27 19/19/19 30/30/30
f 31/31/31 34/34/34 32/32/32
f 33/33/33 14/14/14 19/19/19
f 426/426/426 14/14/14 33/33/33
f 41/41/41 38/38/38 36/36/36
f 38/38/38 37/37/37 36/36/36
f 38/38/38 43/43/43 39/39/39
f 44/44/44 42/42/42 41/41/41
f 43/43/43 9/9/9 8/8/8
f 45/45/45 43/43/43 42/42/42
f 45/45/45 47/47/47 43/43/43
f 47/47/47 45/45/45 44/44/44
f 47/47/47 49/49/49 50/50/50
f 51/51/51 50/50/50 53/53/53
f 53/53/53 50/50/50 49/49/49
f 3/3/3 5/5/5 7/7/7
f 51/51/51 3/3/3 7/7/7
f 55/55/55 51/51/51 24/24/24
f 24/24/24 51/51/51 52/52/52
f 25/25/25 24/24/24 54/54/54
f 23/23/23 1/1/1 3/3/3
f 60/60/60 61/61/61 238/238/238
f 58/58/58 78/78/78 62/62/62
f 58/58/58 57/57/57 78/78/78
f 56/56/56 65/65/65 66/66/66
f 57/57/57 56/56/56 67/67/67
f 66/66/66 82/82/82 67/67/67
f 67/67/67 82/82/82 57/57/57
f 66/66/66 80/80/80 82/82/82
f 68/68/68 348/348/348 71/71/71
f 70/70/70 64/64/64 69/69/69
f 66/66/66 65/65/65 70/70/70
f 70/70/70 69/69/69 85/85/85
f 69/69/69 71/71/71 85/85/85
f 70/70/70 84/84/84 66/66/66
f 75/75/75 349/349/349 72/72/72
f 75/75/75 72/72/72 74/74/74
f 85/85/85 71/71/71 76/76/76
f 74/74/74 73/73/73 110/110/110
f 59/59/59 62/62/62 61/61/61
f 62/62/62 90/90/90 61/61/61
f 62/62/62 79/79/79 90/90/90
f 78/78/78 77/77/77 102/102/102
f 57/57/57 82/82/82 77/77/77
f 77/77/77 82/82/82 83/83/83
f 70/70/70 85/85/85 86/86/86
f 70/70/70 86/86/86 87/87/87
f 84/84/84 70/70/70 87/87/87
f 88/88/88 76/76/76 74/74/74
f 74/74/74 110/110/110 88/88/88
f 91/91/91 90/90/90 79/79/79
f 102/102/102 79/79/79 78/78/78
f 79/79/79 102/102/102 99/99/99
f 102/102/102 77/77/77 83/83/83
f 83/83/83 94/94/94 102/102/102
f 83/83/83 81/81/81 93/93/93
f 81/81/81 96/96/96 109/109/109
f 81/81/81 109/109/109 93/93/93
f 87/87/87 96/96/96 81/81/81
f 89/89/89 95/95/95 86/86/86
f 87/87/87 86/86/86 95/95/95
f 427/427/427 88/88/88 112/112/112
f 110/110/110 112/112/112 88/88/88
f 427/427/427 106/106/106 89/89/89
f 91/91/91 79/79/79 99/99/99
f 259/259/259 91/91/91 98/98/98
f 99/99/99 102/102/102 100/100/100
f 97/97/97 91/91/91 99/99/99
f 101/101/101 97/97/97 99/99/99
f 94/94/94 109/109/109 103/103/103
f 100/100/100 94/94/94 104/104/104
f 100/100/100 104/104/104 355/355/355
f 96/96/96 105/105/105 109/109/109
f 107/107/107 113/113/113 360/360/360
f 103/103/103 105/105/105 359/359/359
f 111/111/111 114/114/114 112/112/112
f 114/114/114 363/363/363 113/113/113
f 336/336/336 428/428/428 116/116/116
f 116/116/116 428/428/428 118/118/118
f 116/116/116 119/119/119 117/117/117
f 121/121/121 118/118/118 428/428/428
f 429/429/429 131/131/131 122/122/122
f 429/429/429 122/122/122 121/121/121
f 123/123/123 121/121/121 120/120/120
f 120/120/120 122/122/122 124/124/124
f 130/130/130 129/129/129 122/122/122
f 129/129/129 130/130/130 126/126/126
f 126/126/126 130/130/130 127/127/127
f 124/124/124 129/129/129 136/136/136
f 129/129/129 126/126/126 136/136/136
f 126/126/126 128/128/128 136/136/136
f 127/127/127 287/287/287 132/132/132
f 132/132/132 169/169/169 133/133/133
f 128/128/128 127/127/127 133/133/133
f 118/118/118 140/140/140 119/119/119
f 118/118/118 123/123/123 140/140/140
f 120/120/120 125/125/125 123/123/123
f 125/125/125 124/124/124 430/430/430
f 430/430/430 145/145/145 125/125/125
f 430/430/430 124/124/124 139/139/139
f 136/136/136 137/137/137 139/139/139
f 138/138/138 148/148/148 137/137/137
f 137/137/137 147/147/147 139/139/139
f 128/128/128 133/133/133 138/138/138
f 169/169/169 156/156/156 133/133/133
f 156/156/156 169/169/169 153/153/153
f 138/138/138 133/133/133 156/156/156
f 153/153/153 169/169/169 431/431/431
f 111/111/111 117/117/117 134/134/134
f 73/73/73 111/111/111 110/110/110
f 140/140/140 141/141/141 134/134/134
f 125/125/125 145/145/145 135/135/135
f 140/140/140 123/123/123 143/143/143
f 135/135/135 143/143/143 123/123/123
f 135/135/135 145/145/145 144/144/144
f 430/430/430 139/139/139 147/147/147
f 148/148/148 150/150/150 147/147/147
f 145/145/145 430/430/430 150/150/150
f 150/150/150 430/430/430 147/147/147
f 138/138/138 151/151/151 148/148/148
f 153/153/153 151/151/151 156/156/156
f 148/148/148 152/152/152 149/149/149
f 141/141/141 157/157/157 115/115/115
f 158/158/158 157/157/157 160/160/160
f 142/142/142 144/144/144 157/157/157
f 144/144/144 146/146/146 161/161/161
f 144/144/144 159/159/159 157/157/157
f 146/146/146 162/162/162 161/161/161
f 145/145/145 150/150/150 146/146/146
f 150/150/150 149/149/149 432/432/432
f 162/162/162 150/150/150 406/406/406
f 149/149/149 164/164/164 432/432/432
f 406/406/406 432/432/432 407/407/407
f 432/432/432 164/164/164 407/407/407
f 152/152/152 155/155/155 164/164/164
f 433/433/433 279/279/279 167/167/167
f 279/279/279 165/165/165 167/167/167
f 166/166/166 165/165/165 170/170/170
f 167/167/167 431/431/431 169/169/169
f 166/166/166 431/431/431 167/167/167
f 166/166/166 171/171/171 431/431/431
f 173/173/173 165/165/165 279/279/279
f 434/434/434 177/177/177 173/173/173
f 177/177/177 174/174/174 173/173/173
f 173/173/173 174/174/174 172/172/172
f 174/174/174 177/177/177 179/179/179
f 165/165/165 172/172/172 170/170/170
f 178/178/178 177/177/177 435/435/435
f 182/182/182 184/184/184 178/178/178
f 435/435/435 182/182/182 178/178/178
f 179/179/179 178/178/178 196/196/196
f 178/178/178 184/184/184 180/180/180
f 175/175/175 179/179/179 196/196/196
f 180/180/180 184/184/184 188/188/188
f 174/174/174 179/179/179 175/175/175
f 184/184/184 183/183/183 187/187/187
f 186/186/186 189/189/189 197/197/197
f 431/431/431 171/171/171 192/192/192
f 431/431/431 154/154/154 153/153/153
f 174/174/174 193/193/193 170/170/170
f 193/193/193 194/194/194 170/170/170
f 181/181/181 180/180/180 205/205/205
f 196/196/196 202/202/202 175/175/175
f 180/180/180 188/188/188 205/205/205
f 187/187/187 197/197/197 188/188/188
f 431/431/431 192/192/192 154/154/154
f 190/190/190 201/201/201 191/191/191
f 192/192/192 191/191/191 201/201/201
f 190/190/190 199/199/199 201/201/201
f 198/198/198 192/192/192 201/201/201
f 216/216/216 201/201/201 200/200/200
f 190/190/190 194/194/194 199/199/199
f 199/199/199 194/194/194 195/195/195
f 199/199/199 195/195/195 204/204/204
f 195/195/195 176/176/176 203/203/203
f 181/181/181 206/206/206 202/202/202
f 197/197/197 212/212/212 188/188/188
f 209/209/209 212/212/212 197/197/197
f 188/188/188 212/212/212 205/205/205
f 154/154/154 198/198/198 213/213/213
f 198/198/198 216/216/216 213/213/213
f 216/216/216 215/215/215 219/219/219
f 213/213/213 216/216/216 219/219/219
f 198/198/198 201/201/201 216/216/216
f 163/163/163 213/213/213 219/219/219
f 200/200/200 199/199/199 204/204/204
f 200/200/200 204/204/204 214/214/214
f 215/215/215 200/200/200 217/217/217
f 220/220/220 206/206/206 211/211/211
f 214/214/214 220/220/220 416/416/416
f 221/221/221 416/416/416 220/220/220
f 211/211/211 415/415/415 221/221/221
f 217/217/217 416/416/416 436/436/436
f 214/214/214 416/416/416 217/217/217
f 212/212/212 437/437/437 211/211/211
f 260/260/260 437/437/437 209/209/209
f 437/437/437 415/415/415 211/211/211
f 437/437/437 412/412/412 415/415/415
f 224/224/224 222/222/222 185/185/185
f 230/230/230 229/229/229 226/226/226
f 228/228/228 247/247/247 229/229/229
f 228/228/228 235/235/235 247/247/247
f 226/226/226 231/231/231 223/223/223
f 316/316/316 438/438/438 241/241/241
f 233/233/233 235/235/235 228/228/228
f 316/316/316 241/241/241 234/234/234
f 247/247/247 235/235/235 236/236/236
f 340/340/340 237/237/237 239/239/239
f 237/237/237 60/60/60 238/238/238
f 438/438/438 340/340/340 239/239/239
f 438/438/438 239/239/239 241/241/241
f 241/241/241 240/240/240 257/257/257
f 197/197/197 189/189/189 208/208/208
f 222/222/222 242/242/242 189/189/189
f 231/231/231 244/244/244 223/223/223
f 208/208/208 189/189/189 210/210/210
f 229/229/229 253/253/253 231/231/231
f 229/229/229 247/247/247 253/253/253
f 231/231/231 253/253/253 243/243/243
f 245/245/245 241/241/241 257/257/257
f 234/234/234 245/245/245 236/236/236
f 236/236/236 245/245/245 248/248/248
f 238/238/238 61/61/61 92/92/92
f 92/92/92 61/61/61 90/90/90
f 240/240/240 269/269/269 257/257/257
f 240/240/240 249/249/249 269/269/269
f 242/242/242 223/223/223 250/250/250
f 210/210/210 242/242/242 250/250/250
f 253/253/253 254/254/254 243/243/243
f 244/244/244 243/243/243 261/261/261
f 261/261/261 243/243/243 254/254/254
f 248/248/248 255/255/255 246/246/246
f 256/256/256 245/245/245 258/258/258
f 258/258/258 257/257/257 268/268/268
f 257/257/257 269/269/269 268/268/268
f 249/249/249 270/270/270 269/269/269
f 259/259/259 92/92/92 91/91/91
f 249/249/249 259/259/259 270/270/270
f 261/261/261 262/262/262 250/250/250
f 260/260/260 251/251/251 413/413/413
f 251/251/251 250/250/250 413/413/413
f 262/262/262 413/413/413 250/250/250
f 209/209/209 210/210/210 260/260/260
f 252/252/252 255/255/255 264/264/264
f 261/261/261 254/254/254 262/262/262
f 262/262/262 254/254/254 252/252/252
f 252/252/252 264/264/264 263/263/263
f 258/258/258 268/268/268 267/267/267
f 258/258/258 267/267/267 256/256/256
f 256/256/256 267/267/267 255/255/255
f 255/255/255 267/267/267 264/264/264
f 267/267/267 368/368/368 264/264/264
f 270/270/270 259/259/259 98/98/98
f 270/270/270 98/98/98 271/271/271
f 267/267/267 266/266/266 271/271/271
f 98/98/98 350/350/350 271/271/271
f 183/183/183 182/182/182 272/272/272
f 224/224/224 183/183/183 274/274/274
f 278/278/278 439/439/439 277/277/277
f 440/440/440 439/439/439 278/278/278
f 274/274/274 273/273/273 227/227/227
f 435/435/435 177/177/177 441/441/441
f 439/439/439 275/275/275 277/277/277
f 435/435/435 441/441/441 182/182/182
f 276/276/276 442/442/442 303/303/303
f 275/275/275 442/442/442 276/276/276
f 298/298/298 278/278/278 276/276/276
f 434/434/434 441/441/441 177/177/177
f 173/173/173 280/280/280 434/434/434
f 442/442/442 281/281/281 303/303/303
f 281/281/281 283/283/283 303/303/303
f 279/279/279 433/433/433 280/280/280
f 282/282/282 286/286/286 284/284/284
f 283/283/283 284/284/284 296/296/296
f 303/303/303 283/283/283 296/296/296
f 132/132/132 289/289/289 168/168/168
f 168/168/168 289/289/289 433/433/433
f 132/132/132 287/287/287 289/289/289
f 227/227/227 273/273/273 443/443/443
f 440/440/440 278/278/278 444/444/444
f 227/227/227 295/295/295 230/230/230
f 227/227/227 443/443/443 295/295/295
f 295/295/295 443/443/443 445/445/445
f 295/295/295 445/445/445 232/232/232
f 230/230/230 295/295/295 228/228/228
f 278/278/278 298/298/298 299/299/299
f 299/299/299 298/298/298 300/300/300
f 444/444/444 278/278/278 291/291/291
f 292/292/292 291/291/291 299/299/299
f 300/300/300 301/301/301 299/299/299
f 296/296/296 304/304/304 305/305/305
f 284/284/284 285/285/285 306/306/306
f 304/304/304 306/306/306 305/305/305
f 127/127/127 130/130/130 290/290/290
f 309/309/309 446/446/446 306/306/306
f 310/310/310 131/131/131 429/429/429
f 306/306/306 446/446/446 307/307/307
f 446/446/446 332/332/332 307/307/307
f 292/292/292 311/311/311 314/314/314
f 292/292/292 314/314/314 294/294/294
f 313/313/313 318/318/318 447/447/447
f 317/317/317 339/339/339 438/438/438
f 317/317/317 438/438/438 316/316/316
f 311/311/311 302/302/302 319/319/319
f 301/301/301 319/319/319 302/302/302
f 319/319/319 321/321/321 315/315/315
f 322/322/322 328/328/328 323/323/323
f 308/308/308 307/307/307 324/324/324
f 327/327/327 324/324/324 326/326/326
f 325/325/325 329/329/329 326/326/326
f 307/307/307 329/329/329 325/325/325
f 329/329/329 332/332/332 333/333/333
f 334/334/334 429/429/429 335/335/335
f 428/428/428 335/335/335 429/429/429
f 428/428/428 429/429/429 121/121/121
f 335/335/335 428/428/428 336/336/336
f 339/339/339 340/340/340 438/438/438
f 339/339/339 338/338/338 237/237/237
f 338/338/338 56/56/56 58/58/58
f 341/341/341 448/448/448 449/449/449
f 450/450/450 344/344/344 56/56/56
f 344/344/344 63/63/63 65/65/65
f 450/450/450 56/56/56 338/338/338
f 344/344/344 65/65/65 56/56/56
f 342/342/342 448/448/448 341/341/341
f 328/328/328 330/330/330 342/342/342
f 345/345/345 346/346/346 348/348/348
f 64/64/64 345/345/345 68/68/68
f 334/334/334 336/336/336 347/347/347
f 72/72/72 336/336/336 116/116/116
f 336/336/336 72/72/72 349/349/349
f 347/347/347 336/336/336 349/349/349
f 349/349/349 348/348/348 347/347/347
f 71/71/71 348/348/348 75/75/75
f 101/101/101 355/355/355 351/351/351
f 97/97/97 101/101/101 352/352/352
f 350/350/350 97/97/97 352/352/352
f 271/271/271 350/350/350 352/352/352
f 352/352/352 351/351/351 354/354/354
f 271/271/271 352/352/352 366/366/366
f 104/104/104 359/359/359 356/356/356
f 351/351/351 355/355/355 356/356/356
f 356/356/356 359/359/359 357/357/357
f 351/351/351 356/356/356 358/358/358
f 357/357/357 451/451/451 358/358/358
f 357/357/357 378/378/378 451/451/451
f 359/359/359 105/105/105 108/108/108
f 359/359/359 108/108/108 362/362/362
f 360/360/360 361/361/361 108/108/108
f 359/359/359 362/362/362 357/357/357
f 360/360/360 363/363/363 361/361/361
f 363/363/363 114/114/114 115/115/115
f 113/113/113 363/363/363 360/360/360
f 158/158/158 365/365/365 364/364/364
f 363/363/363 158/158/158 364/364/364
f 264/264/264 368/368/368 265/265/265
f 265/265/265 367/367/367 370/370/370
f 267/267/267 271/271/271 368/368/368
f 354/354/354 353/353/353 371/371/371
f 353/353/353 358/358/358 451/451/451
f 353/353/353 451/451/451 372/372/372
f 371/371/371 353/353/353 372/372/372
f 373/373/373 372/372/372 376/376/376
f 371/371/371 373/373/373 369/369/369
f 387/387/387 369/369/369 373/373/373
f 376/376/376 372/372/372 374/374/374
f 354/354/354 371/371/371 369/369/369
f 378/378/378 372/372/372 451/451/451
f 379/379/379 380/380/380 377/377/377
f 372/372/372 378/378/378 374/374/374
f 365/365/365 160/160/160 385/385/385
f 365/365/365 379/379/379 364/364/364
f 365/365/365 385/385/385 379/379/379
f 159/159/159 161/161/161 384/384/384
f 382/382/382 385/385/385 386/386/386
f 161/161/161 162/162/162 386/386/386
f 386/386/386 399/399/399 382/382/382
f 265/265/265 388/388/388 263/263/263
f 387/387/387 390/390/390 389/389/389
f 388/388/388 389/389/389 263/263/263
f 391/391/391 390/390/390 396/396/396
f 394/394/394 376/376/376 375/375/375
f 387/387/387 373/373/373 390/390/390
f 394/394/394 375/375/375 401/401/401
f 373/373/373 394/394/394 390/390/390
f 395/395/395 394/394/394 401/401/401
f 395/395/395 401/401/401 418/418/418
f 395/395/395 418/418/418 397/397/397
f 382/382/382 399/399/399 383/383/383
f 381/381/381 383/383/383 398/398/398
f 398/398/398 402/402/402 404/404/404
f 418/418/418 398/398/398 404/404/404
f 386/386/386 162/162/162 406/406/406
f 400/400/400 399/399/399 405/405/405
f 407/407/407 405/405/405 406/406/406
f 262/262/262 392/392/392 413/413/413
f 392/392/392 412/412/412 413/413/413
f 411/411/411 415/415/415 412/412/412
f 260/260/260 412/412/412 437/437/437
f 263/263/263 392/392/392 262/262/262
f 397/397/397 418/418/418 452/452/452
f 414/414/414 397/397/397 452/452/452
f 396/396/396 397/397/397 391/391/391
f 391/391/391 397/397/397 414/414/414
f 414/414/414 452/452/452 436/436/436
f 419/419/419 436/436/436 452/452/452
f 414/414/414 416/416/416 415/415/415
f 414/414/414 436/436/436 416/416/416
f 404/404/404 410/410/410 417/417/417
f 410/410/410 420/420/420 417/417/417
f 436/436/436 419/419/419 217/217/217
f 418/418/418 419/419/419 452/452/452
f 421/421/421 410/410/410 408/408/408
f 420/420/420 421/421/421 163/163/163
f 218/218/218 420/420/420 163/163/163
f 218/218/218 163/163/163 219/219/219
f 163/163/163 421/421/421 155/155/155
f 423/423/423 10/10/10 422/422/422
f 425/425/425 12/12/12 424/424/424
f 95/95/95 89/89/89 106/106/106
f 89/89/89 88/88/88 427/427/427
f 106/106/106 427/427/427 112/112/112
f 94/94/94 93/93/93 109/109/109
f 432/432/432 406/406/406 150/150/150
f 142/142/142 140/140/140 143/143/143
f 207/207/207 220/220/220 214/214/214
f 212/212/212 209/209/209 437/437/437
f 226/226/226 227/227/227 230/230/230
f 316/316/316 234/234/234 233/233/233
f 183/183/183 224/224/224 185/185/185
f 303/303/303 298/298/298 276/276/276
f 433/433/433 167/167/167 168/168/168
f 293/293/293 444/444/444 291/291/291
f 338/338/338 337/337/337 450/450/450
f 343/343/343 341/341/341 449/449/449
f 357/357/357 362/362/362 361/361/361
f 368/368/368 271/271/271 366/366/366
f 357/357/357 361/361/361 377/377/377
f 401/401/401 398/398/398 418/418/418
f 421/421/421 420/420/420 410/410/410
f 421/421/421 408/408/408 164/164/164
f 270/270/270 266/266/266 269/269/269
f 453/453/453 454/454/454 455/455/455
f 456/456/456 457/457/457 458/458/458
f 459/459/459 460/460/460 454/454/454
f 454/454/454 460/460/460 455/455/455
f 455/455/455 461/461/461 462/462/462
f 463/463/463 455/455/455 460/460/460
f 464/464/464 465/465/465 466/466/466
f 467/467/467 468/468/468 457/457/457
f 469/469/469 459/459/459 468/468/468
f 469/469/469 470/470/470 459/459/459
f 470/470/470 460/460/460 459/459/459
f 470/470/470 463/463/463 460/460/460
f 455/455/455 463/463/463 461/461/461
f 471/471/471 472/472/472 461/461/461
f 473/473/473 474/474/474 475/475/475
f 476/476/476 466/466/466 465/465/465
f 467/467/467 477/477/477 468/468/468
f 478/478/478 479/479/479 470/470/470
f 479/479/479 471/471/471 463/463/463
f 480/480/480 478/478/478 470/470/470
f 471/471/471 481/481/481 472/472/472
f 472/472/472 482/482/482 483/483/483
f 466/466/466 484/484/484 464/464/464
f 485/485/485 477/477/477 467/467/467
f 477/477/477 480/480/480 469/469/469
f 486/486/486 480/480/480 477/477/477
f 487/487/487 488/488/488 478/478/478
f 480/480/480 486/486/486 478/478/478
f 479/479/479 478/478/478 488/488/488
f 489/489/489 481/481/481 471/471/471
f 476/476/476 484/484/484 466/466/466
f 490/490/490 481/481/481 489/489/489
f 485/485/485 491/491/491 486/486/486
f 492/492/492 487/487/487 491/491/491
f 493/493/493 494/494/494 487/487/487
f 490/490/490 482/482/482 481/481/481
f 495/495/495 496/496/496 497/497/497
f 498/498/498 484/484/484 499/499/499
f 500/500/500 491/491/491 485/485/485
f 500/500/500 492/492/492 491/491/491
f 501/501/501 502/502/502 503/503/503
f 504/504/504 505/505/505 493/493/493
f 506/506/506 507/507/507 500/500/500
f 508/508/508 500/500/500 507/507/507
f 500/500/500 508/508/508 504/504/504
f 505/505/505 509/509/509 503/503/503
f 503/503/503 509/509/509 501/501/501
f 501/501/501 510/510/510 490/490/490
f 511/511/511 496/496/496 495/495/495
f 512/512/512 513/513/513 498/498/498
f 513/513/513 514/514/514 515/515/515
f 516/516/516 508/508/508 507/507/507
f 508/508/508 517/517/517 518/518/518
f 519/519/519 505/505/505 518/518/518
f 520/520/520 509/509/509 519/519/519
f 517/517/517 521/521/521 519/519/519
f 522/522/522 523/523/523 524/524/524
f 525/525/525 526/526/526 527/527/527
f 528/528/528 517/517/517 516/516/516
f 529/529/529 530/530/530 521/521/521
f 521/521/521 530/530/530 531/531/531
f 517/517/517 532/532/532 529/529/529
f 533/533/533 524/524/524 531/531/531
f 533/533/533 522/522/522 524/524/524
f 522/522/522 534/534/534 523/523/523
f 534/534/534 535/535/535 523/523/523
f 536/536/536 535/535/535 534/534/534
f 496/496/496 511/511/511 537/537/537
f 525/525/525 538/538/538 526/526/526
f 532/532/532 539/539/539 529/529/529
f 539/539/539 540/540/540 530/530/530
f 530/530/530 540/540/540 541/541/541
f 511/511/511 542/542/542 537/537/537
f 542/542/542 543/543/543 537/537/537
f 544/544/544 538/538/538 525/525/525
f 545/545/545 532/532/532 546/546/546
f 533/533/533 534/534/534 522/522/522
f 543/543/543 547/547/547 544/544/544
f 548/548/548 545/545/545 546/546/546
f 549/549/549 550/550/550 533/533/533
f 551/551/551 552/552/552 553/553/553
f 554/554/554 549/549/549 555/555/555
f 511/511/511 556/556/556 542/542/542
f 557/557/557 547/547/547 542/542/542
f 558/558/558 559/559/559 547/547/547
f 560/560/560 551/551/551 548/548/548
f 554/554/554 561/561/561 550/550/550
f 536/536/536 562/562/562 535/535/535
f 563/563/563 552/552/552 551/551/551
f 564/564/564 561/561/561 554/554/554
f 565/565/565 556/556/556 511/511/511
f 542/542/542 556/556/556 557/557/557
f 547/547/547 557/557/557 558/558/558
f 566/566/566 567/567/567 552/552/552
f 566/566/566 568/568/568 564/564/564
f 562/562/562 569/569/569 535/535/535
f 570/570/570 557/557/557 556/556/556
f 571/571/571 572/572/572 564/564/564
f 570/570/570 573/573/573 557/557/557
f 563/563/563 574/574/574 575/575/575
f 576/576/576 577/577/577 578/578/578
f 573/573/573 579/579/579 580/580/580
f 581/581/581 582/582/582 574/574/574
f 583/583/583 576/576/576 582/582/582
f 577/577/577 584/584/584 578/578/578
f 585/585/585 586/586/586 570/570/570
f 587/587/587 584/584/584 577/577/577
f 584/584/584 588/588/588 572/572/572
f 589/589/589 585/585/585 565/565/565
f 570/570/570 586/586/586 573/573/573
f 577/577/577 590/590/590 587/587/587
f 591/591/591 588/588/588 584/584/584
f 592/592/592 593/593/593 594/594/594
f 594/594/594 595/595/595 596/596/596
f 597/597/597 590/590/590 596/596/596
f 591/591/591 598/598/598 588/588/588
f 598/598/598 599/599/599 588/588/588
f 600/600/600 586/586/586 585/585/585
f 601/601/601 602/602/602 586/586/586
f 593/593/593 603/603/603 595/595/595
f 603/603/603 596/596/596 595/595/595
f 604/604/604 591/591/591 587/587/587
f 605/605/605 603/603/603 593/593/593
f 603/603/603 606/606/606 597/597/597
f 607/607/607 597/597/597 608/608/608
f 607/607/607 604/604/604 597/597/597
f 609/609/609 608/608/608 606/606/606
f 610/610/610 607/607/607 611/611/611
f 608/608/608 611/611/611 607/607/607
f 598/598/598 612/612/612 613/613/613
f 613/613/613 614/614/614 598/598/598
f 611/611/611 615/615/615 610/610/610
f 616/616/616 617/617/617 611/611/611
f 618/618/618 619/619/619 612/612/612
f 620/620/620 621/621/621 600/600/600
f 622/622/622 623/623/623 624/624/624
f 617/617/617 616/616/616 625/625/625
f 611/611/611 617/617/617 626/626/626
f 589/589/589 627/627/627 600/600/600
f 622/622/622 628/628/628 623/623/623
f 629/629/629 617/617/617 630/630/630
f 629/629/629 631/631/631 615/615/615
f 631/631/631 619/619/619 615/615/615
f 632/632/632 614/614/614 613/613/613
f 633/633/633 634/634/634 630/630/630
f 633/633/633 630/630/630 617/617/617
f 619/619/619 631/631/631 635/635/635
f 620/620/620 628/628/628 622/622/622
f 636/636/636 629/629/629 630/630/630
f 637/637/637 635/635/635 631/631/631
f 638/638/638 637/637/637 636/636/636
f 639/639/639 640/640/640 632/632/632
f 641/641/641 642/642/642 620/620/620
f 643/643/643 644/644/644 628/628/628
f 645/645/645 646/646/646 638/638/638
f 647/647/647 648/648/648 646/646/646
f 649/649/649 635/635/635 648/648/648
f 635/635/635 649/649/649 650/650/650
f 651/651/651 641/641/641 627/627/627
f 652/652/652 643/643/643 642/642/642
f 653/653/653 650/650/650 649/649/649
f 654/654/654 655/655/655 646/646/646
f 656/656/656 649/649/649 647/647/647
f 562/562/562 473/473/473 475/475/475
f 655/655/655 654/654/654 657/657/657
f 658/658/658 647/647/647 659/659/659
f 647/647/647 658/658/658 656/656/656
f 660/660/660 653/653/653 656/656/656
f 640/640/640 661/661/661 662/662/662
f 651/651/651 663/663/663 641/641/641
f 663/663/663 652/652/652 641/641/641
f 664/664/664 660/660/660 658/658/658
f 664/664/664 665/665/665 660/660/660
f 666/666/666 667/667/667 668/668/668
f 669/669/669 664/664/664 668/668/668
f 462/462/462 670/670/670 665/665/665
f 670/670/670 671/671/671 661/661/661
f 672/672/672 673/673/673 663/663/663
f 456/456/456 458/458/458 667/667/667
f 453/453/453 462/462/462 665/665/665
f 462/462/462 671/671/671 670/670/670
f 589/589/589 497/497/497 651/651/651
f 497/497/497 674/674/674 651/651/651
f 674/674/674 672/672/672 663/663/663
f 675/675/675 673/673/673 672/672/672
f 676/676/676 454/454/454 453/453/453
f 462/462/462 461/461/461 671/671/671
f 671/671/671 472/472/472 661/661/661
f 661/661/661 472/472/472 483/483/483
f 672/672/672 465/465/465 675/675/675
f 672/672/672 674/674/674 476/476/476
f 464/464/464 675/675/675 465/465/465
f 456/456/456 467/467/467 457/457/457
f 457/457/457 459/459/459 676/676/676
f 676/676/676 459/459/459 454/454/454
f 468/468/468 459/459/459 457/457/457
f 461/461/461 472/472/472 671/671/671
f 463/463/463 471/471/471 461/461/461
f 483/483/483 474/474/474 473/473/473
f 495/495/495 497/497/497 589/589/589
f 674/674/674 497/497/497 476/476/476
f 672/672/672 476/476/476 465/465/465
f 470/470/470 479/479/479 463/463/463
f 479/479/479 489/489/489 471/471/471
f 479/479/479 488/488/488 489/489/489
f 477/477/477 485/485/485 486/486/486
f 486/486/486 487/487/487 478/478/478
f 488/488/488 502/502/502 489/489/489
f 472/472/472 481/481/481 482/482/482
f 467/467/467 677/677/677 485/485/485
f 488/488/488 487/487/487 494/494/494
f 488/488/488 494/494/494 502/502/502
f 489/489/489 502/502/502 490/490/490
f 476/476/476 497/497/497 499/499/499
f 476/476/476 499/499/499 484/484/484
f 491/491/491 487/487/487 486/486/486
f 496/496/496 499/499/499 497/497/497
f 492/492/492 493/493/493 487/487/487
f 494/494/494 503/503/503 502/502/502
f 482/482/482 535/535/535 474/474/474
f 492/492/492 500/500/500 504/504/504
f 493/493/493 503/503/503 494/494/494
f 501/501/501 490/490/490 502/502/502
f 499/499/499 496/496/496 512/512/512
f 499/499/499 512/512/512 498/498/498
f 519/519/519 509/509/509 505/505/505
f 493/493/493 505/505/505 503/503/503
f 535/535/535 482/482/482 523/523/523
f 498/498/498 513/513/513 515/515/515
f 508/508/508 505/505/505 504/504/504
f 490/490/490 510/510/510 523/523/523
f 508/508/508 518/518/518 505/505/505
f 501/501/501 509/509/509 510/510/510
f 512/512/512 527/527/527 513/513/513
f 514/514/514 513/513/513 527/527/527
f 516/516/516 517/517/517 508/508/508
f 519/519/519 521/521/521 520/520/520
f 520/520/520 531/531/531 524/524/524
f 509/509/509 520/520/520 524/524/524
f 524/524/524 523/523/523 510/510/510
f 517/517/517 519/519/519 518/518/518
f 520/520/520 521/521/521 531/531/531
f 512/512/512 537/537/537 527/527/527
f 496/496/496 537/537/537 512/512/512
f 537/537/537 525/525/525 527/527/527
f 528/528/528 532/532/532 517/517/517
f 517/517/517 529/529/529 521/521/521
f 529/529/529 539/539/539 530/530/530
f 541/541/541 533/533/533 531/531/531
f 537/537/537 543/543/543 525/525/525
f 528/528/528 546/546/546 532/532/532
f 535/535/535 569/569/569 474/474/474
f 495/495/495 565/565/565 511/511/511
f 543/543/543 544/544/544 525/525/525
f 545/545/545 539/539/539 532/532/532
f 678/678/678 555/555/555 539/539/539
f 539/539/539 555/555/555 540/540/540
f 541/541/541 540/540/540 549/549/549
f 555/555/555 549/549/549 540/540/540
f 541/541/541 549/549/549 533/533/533
f 533/533/533 536/536/536 534/534/534
f 544/544/544 559/559/559 538/538/538
f 548/548/548 678/678/678 545/545/545
f 539/539/539 545/545/545 678/678/678
f 553/553/553 555/555/555 678/678/678
f 533/533/533 550/550/550 536/536/536
f 542/542/542 547/547/547 543/543/543
f 548/548/548 553/553/553 678/678/678
f 547/547/547 559/559/559 544/544/544
f 553/553/553 552/552/552 555/555/555
f 555/555/555 567/567/567 554/554/554
f 549/549/549 554/554/554 550/550/550
f 548/548/548 551/551/551 553/553/553
f 552/552/552 567/567/567 555/555/555
f 560/560/560 563/563/563 551/551/551
f 567/567/567 564/564/564 554/554/554
f 550/550/550 561/561/561 679/679/679
f 550/550/550 679/679/679 536/536/536
f 557/557/557 680/680/680 558/558/558
f 560/560/560 681/681/681 563/563/563
f 566/566/566 564/564/564 567/567/567
f 536/536/536 679/679/679 562/562/562
f 681/681/681 574/574/574 563/563/563
f 563/563/563 566/566/566 552/552/552
f 561/561/561 572/572/572 679/679/679
f 556/556/556 585/585/585 570/570/570
f 575/575/575 576/576/576 566/566/566
f 568/568/568 576/576/576 571/571/571
f 576/576/576 578/578/578 571/571/571
f 571/571/571 578/578/578 572/572/572
f 556/556/556 565/565/565 585/585/585
f 680/680/680 557/557/557 573/573/573
f 573/573/573 580/580/580 680/680/680
f 574/574/574 582/582/582 575/575/575
f 576/576/576 583/583/583 577/577/577
f 578/578/578 584/584/584 572/572/572
f 572/572/572 588/588/588 679/679/679
f 679/679/679 599/599/599 562/562/562
f 582/582/582 576/576/576 575/575/575
f 588/588/588 599/599/599 679/679/679
f 579/579/579 573/573/573 682/682/682
f 582/582/582 581/581/581 583/583/583
f 581/581/581 596/596/596 583/583/583
f 583/583/583 596/596/596 577/577/577
f 599/599/599 614/614/614 562/562/562
f 589/589/589 600/600/600 585/585/585
f 573/573/573 586/586/586 682/682/682
f 592/592/592 594/594/594 581/581/581
f 594/594/594 596/596/596 581/581/581
f 596/596/596 590/590/590 577/577/577
f 587/587/587 591/591/591 584/584/584
f 586/586/586 602/602/602 682/682/682
f 587/587/587 590/590/590 604/604/604
f 600/600/600 683/683/683 586/586/586
f 594/594/594 593/593/593 595/595/595
f 603/603/603 597/597/597 596/596/596
f 590/590/590 597/597/597 604/604/604
f 683/683/683 601/601/601 586/586/586
f 683/683/683 684/684/684 601/601/601
f 605/605/605 609/609/609 603/603/603
f 603/603/603 609/609/609 606/606/606
f 606/606/606 608/608/608 597/597/597
f 604/604/604 607/607/607 610/610/610
f 604/604/604 610/610/610 591/591/591
f 598/598/598 614/614/614 599/599/599
f 683/683/683 600/600/600 621/621/621
f 605/605/605 685/685/685 609/609/609
f 683/683/683 621/621/621 684/684/684
f 685/685/685 616/616/616 609/609/609
f 609/609/609 616/616/616 608/608/608
f 610/610/610 618/618/618 612/612/612
f 591/591/591 610/610/610 612/612/612
f 612/612/612 598/598/598 591/591/591
f 616/616/616 685/685/685 625/625/625
f 608/608/608 616/616/616 611/611/611
f 626/626/626 615/615/615 611/611/611
f 615/615/615 618/618/618 610/610/610
f 562/562/562 475/475/475 569/569/569
f 684/684/684 621/621/621 624/624/624
f 617/617/617 629/629/629 626/626/626
f 562/562/562 614/614/614 662/662/662
f 621/621/621 620/620/620 622/622/622
f 621/621/621 622/622/622 624/624/624
f 625/625/625 633/633/633 617/617/617
f 615/615/615 626/626/626 629/629/629
f 619/619/619 618/618/618 615/615/615
f 600/600/600 627/627/627 620/620/620
f 635/635/635 639/639/639 619/619/619
f 619/619/619 613/613/613 612/612/612
f 628/628/628 686/686/686 623/623/623
f 636/636/636 631/631/631 629/629/629
f 619/619/619 639/639/639 613/613/613
f 613/613/613 639/639/639 632/632/632
f 662/662/662 614/614/614 632/632/632
f 562/562/562 662/662/662 473/473/473
f 642/642/642 628/628/628 620/620/620
f 630/630/630 634/634/634 636/636/636
f 638/638/638 636/636/636 645/645/645
f 636/636/636 637/637/637 631/631/631
f 639/639/639 635/635/635 650/650/650
f 634/634/634 645/645/645 636/636/636
f 646/646/646 648/648/648 638/638/638
f 638/638/638 648/648/648 637/637/637
f 648/648/648 635/635/635 637/637/637
f 589/589/589 651/651/651 627/627/627
f 641/641/641 620/620/620 627/627/627
f 642/642/642 643/643/643 628/628/628
f 686/686/686 628/628/628 644/644/644
f 634/634/634 654/654/654 645/645/645
f 645/645/645 654/654/654 646/646/646
f 650/650/650 687/687/687 640/640/640
f 650/650/650 640/640/640 639/639/639
f 647/647/647 649/649/649 648/648/648
f 640/640/640 662/662/662 632/632/632
f 641/641/641 652/652/652 642/642/642
f 646/646/646 655/655/655 647/647/647
f 649/649/649 656/656/656 653/653/653
f 650/650/650 653/653/653 687/687/687
f 658/658/658 660/660/660 656/656/656
f 687/687/687 661/661/661 640/640/640
f 657/657/657 666/666/666 659/659/659
f 657/657/657 659/659/659 655/655/655
f 655/655/655 659/659/659 647/647/647
f 653/653/653 670/670/670 687/687/687
f 662/662/662 661/661/661 483/483/483
f 662/662/662 483/483/483 473/473/473
f 673/673/673 688/688/688 652/652/652
f 652/652/652 688/688/688 643/643/643
f 659/659/659 666/666/666 668/668/668
f 659/659/659 664/664/664 658/658/658
f 660/660/660 670/670/670 653/653/653
f 660/660/660 665/665/665 670/670/670
f 670/670/670 661/661/661 687/687/687
f 651/651/651 674/674/674 663/663/663
f 453/453/453 664/664/664 669/669/669
f 664/664/664 453/453/453 665/665/665
f 676/676/676 453/453/453 669/669/669
f 462/462/462 453/453/453 455/455/455
f 669/669/669 458/458/458 676/676/676
f 676/676/676 458/458/458 457/457/457
f 469/469/469 468/468/468 477/477/477
f 480/480/480 470/470/470 469/469/469
f 474/474/474 483/483/483 482/482/482
f 485/485/485 677/677/677 506/506/506
f 500/500/500 485/485/485 506/506/506
f 493/493/493 492/492/492 504/504/504
f 523/523/523 482/482/482 490/490/490
f 509/509/509 524/524/524 510/510/510
f 526/526/526 514/514/514 527/527/527
f 530/530/530 541/541/541 531/531/531
f 566/566/566 563/563/563 575/575/575
f 564/564/564 568/568/568 571/571/571
f 561/561/561 564/564/564 572/572/572
f 568/568/568 566/566/566 576/576/576
f 663/663/663 673/673/673 652/652/652
f 664/664/664 659/659/659 668/668/668
f 669/669/669 668/668/668 458/458/458
f 458/458/458 668/668/668 667/667/667
